/*******************************************************************************
 * Size: 16 px
 * Bpp: 4
 * Opts: --no-compress --no-prefilter --bpp 4 --size 16 --font /tmp/Roboto-Regular.ttf -r 0x20-0x7F,0xA0-0xFF,0x0100-0x017F,0x0180-0x024F,0x1E00-0x1EFF --font /home/ubuntu/lvgl_project/lvgl/scripts/built_in_font/FontAwesome5-Solid+Brands+Regular.woff -r 0xF000-0xF300,0xF55A,0xF6A9 --format lvgl -o lv_font_roboto_16.c
 ******************************************************************************/

#ifdef LV_LVGL_H_INCLUDE_SIMPLE
#include "lvgl.h"
#else
#include "lvgl/lvgl.h"
#endif

#ifndef LV_FONT_ROBOTO_16
#define LV_FONT_ROBOTO_16 1
#endif

#if LV_FONT_ROBOTO_16

/*-----------------
 *    BITMAPS
 *----------------*/

/*Store the image of the glyphs*/
static LV_ATTRIBUTE_LARGE_CONST const uint8_t glyph_bitmap[] = {
    /* U+0020 " " */

    /* U+0021 "!" */
    0xad, 0xac, 0xac, 0xac, 0xac, 0xac, 0x9b, 0x9b,
    0x56, 0x0, 0x57, 0x8c,

    /* U+0022 "\"" */
    0xe2, 0xd4, 0xe2, 0xd3, 0xe0, 0xd2, 0xe0, 0xd1,
    0x0, 0x0,

    /* U+0023 "#" */
    0x0, 0x0, 0xb6, 0x8, 0x90, 0x0, 0x0, 0xe3,
    0xb, 0x60, 0x0, 0x2, 0xf0, 0xf, 0x20, 0x7,
    0xff, 0xff, 0xff, 0xfa, 0x1, 0x29, 0xa2, 0x7c,
    0x21, 0x0, 0xb, 0x60, 0x89, 0x0, 0x0, 0xe,
    0x30, 0xb6, 0x0, 0xf, 0xff, 0xff, 0xff, 0xf0,
    0x2, 0x6d, 0x23, 0xf3, 0x20, 0x0, 0x6b, 0x3,
    0xe0, 0x0, 0x0, 0x98, 0x6, 0xb0, 0x0, 0x0,
    0xb6, 0x8, 0x90, 0x0,

    /* U+0024 "$" */
    0x0, 0x0, 0x10, 0x0, 0x0, 0x0, 0xe, 0x40,
    0x0, 0x0, 0x2, 0xe6, 0x0, 0x0, 0xa, 0xff,
    0xfc, 0x10, 0x6, 0xf5, 0x4, 0xfa, 0x0, 0xac,
    0x0, 0x8, 0xe0, 0x9, 0xe0, 0x0, 0x26, 0x0,
    0x2f, 0xc3, 0x0, 0x0, 0x0, 0x3c, 0xfd, 0x50,
    0x0, 0x0, 0x3, 0xaf, 0x80, 0x1, 0x0, 0x0,
    0x9f, 0x0, 0xf6, 0x0, 0x5, 0xf1, 0xc, 0xd1,
    0x1, 0xce, 0x0, 0x3e, 0xfe, 0xff, 0x40, 0x0,
    0x5, 0xf6, 0x10, 0x0, 0x0, 0xf, 0x20, 0x0,

    /* U+0025 "%" */
    0x5, 0xee, 0x90, 0x0, 0x0, 0x0, 0xf, 0x31,
    0xd5, 0x0, 0x70, 0x0, 0x2e, 0x0, 0x97, 0x8,
    0x90, 0x0, 0xf, 0x31, 0xd5, 0x2e, 0x10, 0x0,
    0x5, 0xde, 0x90, 0xb5, 0x0, 0x0, 0x0, 0x0,
    0x5, 0xc0, 0x0, 0x0, 0x0, 0x0, 0x1e, 0x29,
    0xec, 0x20, 0x0, 0x0, 0x98, 0x6c, 0x17, 0xc0,
    0x0, 0x3, 0xe0, 0x97, 0x1, 0xf0, 0x0, 0xd,
    0x50, 0x97, 0x1, 0xf0, 0x0, 0x19, 0x0, 0x6c,
    0x7, 0xc0, 0x0, 0x0, 0x0, 0x9, 0xfc, 0x20,

    /* U+0026 "&" */
    0x0, 0x3c, 0xfd, 0x40, 0x0, 0x0, 0xec, 0x4a,
    0xf1, 0x0, 0x3, 0xf3, 0x1, 0xf3, 0x0, 0x2,
    0xf5, 0x6, 0xf1, 0x0, 0x0, 0xbd, 0x8f, 0x50,
    0x0, 0x0, 0x3f, 0xf3, 0x0, 0x0, 0x2, 0xec,
    0xf8, 0x0, 0x71, 0xd, 0xc0, 0x7f, 0x42, 0xf1,
    0x2f, 0x40, 0xa, 0xf9, 0xe0, 0x1f, 0x60, 0x0,
    0xcf, 0x70, 0xa, 0xe4, 0x15, 0xef, 0xb0, 0x0,
    0x8d, 0xfd, 0x85, 0xf8,

    /* U+0027 "'" */
    0x3f, 0x3f, 0x3e, 0x2c,

    /* U+0028 "(" */
    0x0, 0x2, 0x0, 0x3, 0xe1, 0x1, 0xe5, 0x0,
    0x9b, 0x0, 0x1f, 0x40, 0x6, 0xf0, 0x0, 0xab,
    0x0, 0xd, 0x90, 0x0, 0xe8, 0x0, 0xe, 0x70,
    0x0, 0xe8, 0x0, 0xb, 0xa0, 0x0, 0x8d, 0x0,
    0x3, 0xf1, 0x0, 0xd, 0x70, 0x0, 0x4f, 0x10,
    0x0, 0x9c, 0x0, 0x0, 0x80,

    /* U+0029 ")" */
    0x20, 0x0, 0x8, 0xa0, 0x0, 0xd, 0x70, 0x0,
    0x4f, 0x10, 0x0, 0xd8, 0x0, 0x7, 0xe0, 0x0,
    0x4f, 0x20, 0x1, 0xf5, 0x0, 0xf, 0x60, 0x0,
    0xf6, 0x0, 0x1f, 0x50, 0x3, 0xf3, 0x0, 0x6f,
    0x0, 0xa, 0xb0, 0x0, 0xf4, 0x0, 0x8c, 0x0,
    0x4e, 0x20, 0x6, 0x20, 0x0,

    /* U+002A "*" */
    0x0, 0x1f, 0x0, 0x0, 0x1, 0xf0, 0x0, 0x9b,
    0x6f, 0x5b, 0x73, 0x8d, 0xfd, 0x83, 0x0, 0xde,
    0xa0, 0x0, 0x9c, 0x1f, 0x50, 0x7, 0x30, 0x66,
    0x0,

    /* U+002B "+" */
    0x0, 0x2, 0xa2, 0x0, 0x0, 0x0, 0x3f, 0x30,
    0x0, 0x0, 0x3, 0xf3, 0x0, 0x0, 0x11, 0x4f,
    0x51, 0x10, 0x6f, 0xff, 0xff, 0xff, 0x61, 0x44,
    0x7f, 0x74, 0x41, 0x0, 0x3, 0xf3, 0x0, 0x0,
    0x0, 0x3f, 0x30, 0x0, 0x0, 0x3, 0xf3, 0x0,
    0x0,

    /* U+002C "," */
    0xf, 0x60, 0xf5, 0x4f, 0x28, 0x90, 0x0, 0x0,

    /* U+002D "-" */
    0x0, 0x0, 0xb, 0xff, 0xf1, 0x23, 0x33, 0x0,

    /* U+002E "." */
    0x88, 0xab,

    /* U+002F "/" */
    0x0, 0x0, 0x4e, 0x0, 0x0, 0xa, 0x90, 0x0,
    0x0, 0xf3, 0x0, 0x0, 0x6d, 0x0, 0x0, 0xc,
    0x70, 0x0, 0x2, 0xf2, 0x0, 0x0, 0x7c, 0x0,
    0x0, 0xd, 0x60, 0x0, 0x3, 0xf0, 0x0, 0x0,
    0x9a, 0x0, 0x0, 0xe, 0x40, 0x0, 0x5, 0xe0,
    0x0, 0x0, 0xa9, 0x0, 0x0, 0x0,

    /* U+0030 "0" */
    0x0, 0x6d, 0xfd, 0x60, 0x0, 0x5f, 0x84, 0x9f,
    0x50, 0xc, 0xb0, 0x0, 0xbc, 0x0, 0xf7, 0x0,
    0x7, 0xf0, 0x1f, 0x50, 0x0, 0x5f, 0x1, 0xf5,
    0x0, 0x5, 0xf1, 0x1f, 0x50, 0x0, 0x5f, 0x11,
    0xf6, 0x0, 0x6, 0xf0, 0xf, 0x70, 0x0, 0x7f,
    0x0, 0xcb, 0x0, 0xc, 0xb0, 0x5, 0xf9, 0x48,
    0xf5, 0x0, 0x6, 0xdf, 0xd6, 0x0,

    /* U+0031 "1" */
    0x0, 0x39, 0xa5, 0xdf, 0xfb, 0x99, 0x2c, 0xb0,
    0x0, 0xcb, 0x0, 0xc, 0xb0, 0x0, 0xcb, 0x0,
    0xc, 0xb0, 0x0, 0xcb, 0x0, 0xc, 0xb0, 0x0,
    0xcb, 0x0, 0xc, 0xb0, 0x0, 0xcb,

    /* U+0032 "2" */
    0x0, 0x7d, 0xfd, 0x60, 0x0, 0x9f, 0x74, 0x9f,
    0x60, 0x1f, 0x60, 0x0, 0xcc, 0x2, 0xa2, 0x0,
    0x9, 0xd0, 0x0, 0x0, 0x0, 0xd9, 0x0, 0x0,
    0x0, 0x7f, 0x10, 0x0, 0x0, 0x4f, 0x60, 0x0,
    0x0, 0x2e, 0x90, 0x0, 0x0, 0x1d, 0xa0, 0x0,
    0x0, 0xc, 0xc0, 0x0, 0x0, 0xa, 0xf4, 0x33,
    0x33, 0x10, 0xff, 0xff, 0xff, 0xf6,

    /* U+0033 "3" */
    0x0, 0x8d, 0xfd, 0x50, 0xa, 0xe6, 0x48, 0xf5,
    0xf, 0x60, 0x0, 0xca, 0x1, 0x0, 0x0, 0xcb,
    0x0, 0x0, 0x16, 0xf4, 0x0, 0xf, 0xff, 0x70,
    0x0, 0x3, 0x49, 0xf4, 0x0, 0x0, 0x0, 0xbc,
    0x16, 0x10, 0x0, 0x8e, 0x1f, 0x60, 0x0, 0xbc,
    0xa, 0xe6, 0x48, 0xf4, 0x0, 0x8d, 0xfc, 0x50,

    /* U+0034 "4" */
    0x0, 0x0, 0xc, 0xf0, 0x0, 0x0, 0x6, 0xff,
    0x0, 0x0, 0x1, 0xec, 0xf0, 0x0, 0x0, 0xac,
    0x6f, 0x0, 0x0, 0x3f, 0x26, 0xf0, 0x0, 0xd,
    0x80, 0x6f, 0x0, 0x7, 0xe0, 0x6, 0xf0, 0x1,
    0xf5, 0x0, 0x6f, 0x0, 0x8f, 0xff, 0xff, 0xff,
    0xa1, 0x33, 0x33, 0x8f, 0x32, 0x0, 0x0, 0x6,
    0xf0, 0x0, 0x0, 0x0, 0x6f, 0x0,

    /* U+0035 "5" */
    0xd, 0xff, 0xff, 0xf0, 0xf, 0xa6, 0x66, 0x60,
    0x1f, 0x40, 0x0, 0x0, 0x2f, 0x20, 0x0, 0x0,
    0x4f, 0xcf, 0xfb, 0x10, 0x4f, 0x84, 0x7f, 0xb0,
    0x0, 0x0, 0x7, 0xf2, 0x0, 0x0, 0x2, 0xf4,
    0x43, 0x0, 0x2, 0xf4, 0x9d, 0x0, 0x6, 0xf1,
    0x2f, 0xa4, 0x6f, 0xa0, 0x3, 0xcf, 0xe9, 0x0,

    /* U+0036 "6" */
    0x0, 0x3b, 0xe9, 0x0, 0x6, 0xfb, 0x62, 0x0,
    0x1f, 0x80, 0x0, 0x0, 0x8e, 0x0, 0x0, 0x0,
    0xcb, 0xbf, 0xf9, 0x0, 0xef, 0xa4, 0x7f, 0x80,
    0xfb, 0x0, 0x8, 0xf0, 0xf8, 0x0, 0x4, 0xf2,
    0xd9, 0x0, 0x4, 0xf2, 0x9e, 0x0, 0x8, 0xf0,
    0x2f, 0xc5, 0x7f, 0x70, 0x3, 0xcf, 0xe8, 0x0,

    /* U+0037 "7" */
    0x6f, 0xff, 0xff, 0xff, 0x41, 0x33, 0x33, 0x38,
    0xf1, 0x0, 0x0, 0x0, 0xc9, 0x0, 0x0, 0x0,
    0x3f, 0x20, 0x0, 0x0, 0xa, 0xb0, 0x0, 0x0,
    0x1, 0xf5, 0x0, 0x0, 0x0, 0x8e, 0x0, 0x0,
    0x0, 0xe, 0x70, 0x0, 0x0, 0x6, 0xf1, 0x0,
    0x0, 0x0, 0xda, 0x0, 0x0, 0x0, 0x4f, 0x30,
    0x0, 0x0, 0xb, 0xc0, 0x0, 0x0,

    /* U+0038 "8" */
    0x0, 0x6d, 0xfd, 0x60, 0x0, 0x6f, 0x84, 0x8f,
    0x60, 0xc, 0xb0, 0x0, 0xbb, 0x0, 0xca, 0x0,
    0xa, 0xc0, 0x6, 0xf4, 0x5, 0xf6, 0x0, 0x9,
    0xff, 0xf9, 0x0, 0x5, 0xf7, 0x47, 0xf5, 0x0,
    0xe9, 0x0, 0x9, 0xe0, 0x1f, 0x50, 0x0, 0x5f,
    0x10, 0xf8, 0x0, 0x8, 0xf0, 0x8, 0xf7, 0x47,
    0xf7, 0x0, 0x7, 0xdf, 0xd7, 0x0,

    /* U+0039 "9" */
    0x0, 0x7e, 0xfc, 0x30, 0x7, 0xf8, 0x5c, 0xf1,
    0xe, 0x90, 0x1, 0xf8, 0x2f, 0x40, 0x0, 0xac,
    0x3f, 0x40, 0x0, 0x8e, 0xf, 0x70, 0x0, 0xae,
    0xa, 0xe4, 0x17, 0xfe, 0x1, 0xcf, 0xfc, 0xac,
    0x0, 0x2, 0x20, 0xc8, 0x0, 0x0, 0x5, 0xf2,
    0x0, 0x26, 0xaf, 0x70, 0x0, 0x9e, 0xb5, 0x0,

    /* U+003A ":" */
    0xba, 0x87, 0x0, 0x0, 0x0, 0x0, 0x0, 0x97,
    0xba,

    /* U+003B ";" */
    0xe, 0x70, 0xa5, 0x0, 0x0, 0x0, 0x0, 0x0,
    0x0, 0x0, 0x0, 0xa5, 0xe, 0x71, 0xf5, 0x7d,
    0x1, 0x20,

    /* U+003C "<" */
    0x0, 0x0, 0x4, 0xb0, 0x0, 0x4c, 0xfc, 0x5,
    0xcf, 0xb4, 0x6, 0xfa, 0x20, 0x0, 0x2c, 0xfa,
    0x30, 0x0, 0x4, 0xbf, 0xc5, 0x0, 0x0, 0x3b,
    0xf0, 0x0, 0x0, 0x2,

    /* U+003D "=" */
    0x1, 0x11, 0x11, 0xd, 0xff, 0xff, 0xfb, 0x34,
    0x44, 0x44, 0x20, 0x11, 0x11, 0x10, 0xdf, 0xff,
    0xff, 0xb3, 0x33, 0x33, 0x32,

    /* U+003E ">" */
    0xb4, 0x0, 0x0, 0xb, 0xfd, 0x60, 0x0, 0x2,
    0x9f, 0xe7, 0x0, 0x0, 0x7, 0xfb, 0x0, 0x29,
    0xfd, 0x55, 0xcf, 0xc5, 0x0, 0xfb, 0x40, 0x0,
    0x2, 0x0, 0x0, 0x0,

    /* U+003F "?" */
    0x3, 0xbf, 0xe8, 0x1, 0xec, 0x57, 0xf8, 0x4e,
    0x10, 0xa, 0xd0, 0x0, 0x0, 0x9d, 0x0, 0x0,
    0x1e, 0x80, 0x0, 0x1c, 0xd1, 0x0, 0xa, 0xe2,
    0x0, 0x1, 0xf6, 0x0, 0x0, 0x19, 0x20, 0x0,
    0x0, 0x0, 0x0, 0x0, 0x19, 0x20, 0x0, 0x2,
    0xe4, 0x0,

    /* U+0040 "@" */
    0x0, 0x0, 0x29, 0xdf, 0xeb, 0x40, 0x0, 0x0,
    0x6, 0xe8, 0x31, 0x26, 0xd8, 0x0, 0x0, 0x5e,
    0x20, 0x0, 0x0, 0xc, 0x50, 0x1, 0xe4, 0x0,
    0x7d, 0xc5, 0x2, 0xe0, 0x6, 0xb0, 0x8, 0xd3,
    0x6e, 0x0, 0xc3, 0xc, 0x60, 0x1f, 0x30, 0x5d,
    0x0, 0x87, 0xe, 0x30, 0x6d, 0x0, 0x6b, 0x0,
    0x78, 0xf, 0x10, 0x9a, 0x0, 0x7a, 0x0, 0x68,
    0xf, 0x10, 0xa9, 0x0, 0x89, 0x0, 0x87, 0xf,
    0x20, 0xa9, 0x0, 0xb8, 0x0, 0xc3, 0xc, 0x60,
    0x6d, 0x15, 0xec, 0x6, 0xc0, 0x7, 0xc0, 0xb,
    0xfa, 0x1c, 0xfb, 0x20, 0x0, 0xd7, 0x0, 0x0,
    0x0, 0x0, 0x0, 0x0, 0x2e, 0xa4, 0x11, 0x35,
    0x0, 0x0, 0x0, 0x1, 0x7c, 0xff, 0xc6, 0x0,
    0x0,

    /* U+0041 "A" */
    0x0, 0x0, 0x9f, 0x10, 0x0, 0x0, 0x0, 0xf,
    0xf6, 0x0, 0x0, 0x0, 0x5, 0xfb, 0xc0, 0x0,
    0x0, 0x0, 0xbb, 0x4f, 0x20, 0x0, 0x0, 0x1f,
    0x60, 0xf8, 0x0, 0x0, 0x6, 0xf1, 0xa, 0xd0,
    0x0, 0x0, 0xcc, 0x0, 0x5f, 0x30, 0x0, 0x2f,
    0x70, 0x1, 0xf9, 0x0, 0x8, 0xff, 0xff, 0xff,
    0xe0, 0x0, 0xdc, 0x33, 0x33, 0x6f, 0x50, 0x3f,
    0x50, 0x0, 0x0, 0xea, 0x9, 0xe0, 0x0, 0x0,
    0x8, 0xf1,

    /* U+0042 "B" */
    0xaf, 0xff, 0xfc, 0x50, 0xa, 0xe4, 0x45, 0xaf,
    0x50, 0xad, 0x0, 0x0, 0xda, 0xa, 0xd0, 0x0,
    0xd, 0xb0, 0xad, 0x0, 0x17, 0xf4, 0xa, 0xff,
    0xff, 0xf8, 0x0, 0xad, 0x33, 0x48, 0xf6, 0xa,
    0xd0, 0x0, 0xa, 0xe0, 0xad, 0x0, 0x0, 0x7f,
    0xa, 0xd0, 0x0, 0xb, 0xe0, 0xae, 0x44, 0x59,
    0xf6, 0xa, 0xff, 0xff, 0xd6, 0x0,

    /* U+0043 "C" */
    0x0, 0x8, 0xdf, 0xe8, 0x0, 0x0, 0xce, 0x75,
    0x7f, 0xb0, 0x6, 0xf3, 0x0, 0x4, 0xf5, 0xc,
    0xb0, 0x0, 0x0, 0xd8, 0xf, 0x80, 0x0, 0x0,
    0x0, 0xf, 0x70, 0x0, 0x0, 0x0, 0xf, 0x70,
    0x0, 0x0, 0x0, 0xf, 0x80, 0x0, 0x0, 0x0,
    0xd, 0xb0, 0x0, 0x0, 0xc7, 0x7, 0xf3, 0x0,
    0x4, 0xf5, 0x0, 0xce, 0x74, 0x7e, 0xb0, 0x0,
    0x9, 0xef, 0xd7, 0x0,

    /* U+0044 "D" */
    0xaf, 0xff, 0xe9, 0x10, 0xa, 0xe4, 0x46, 0xde,
    0x20, 0xad, 0x0, 0x0, 0xdc, 0xa, 0xd0, 0x0,
    0x5, 0xf3, 0xad, 0x0, 0x0, 0x1f, 0x6a, 0xd0,
    0x0, 0x0, 0xf8, 0xad, 0x0, 0x0, 0xf, 0x8a,
    0xd0, 0x0, 0x1, 0xf6, 0xad, 0x0, 0x0, 0x5f,
    0x3a, 0xd0, 0x0, 0xd, 0xc0, 0xad, 0x44, 0x6d,
    0xe2, 0xa, 0xff, 0xfe, 0x91, 0x0,

    /* U+0045 "E" */
    0xaf, 0xff, 0xff, 0xf7, 0xae, 0x44, 0x44, 0x42,
    0xad, 0x0, 0x0, 0x0, 0xad, 0x0, 0x0, 0x0,
    0xad, 0x0, 0x0, 0x0, 0xaf, 0xff, 0xff, 0xc0,
    0xad, 0x33, 0x33, 0x20, 0xad, 0x0, 0x0, 0x0,
    0xad, 0x0, 0x0, 0x0, 0xad, 0x0, 0x0, 0x0,
    0xae, 0x44, 0x44, 0x42, 0xaf, 0xff, 0xff, 0xf8,

    /* U+0046 "F" */
    0xaf, 0xff, 0xff, 0xf6, 0xae, 0x44, 0x44, 0x41,
    0xad, 0x0, 0x0, 0x0, 0xad, 0x0, 0x0, 0x0,
    0xad, 0x0, 0x0, 0x0, 0xad, 0x0, 0x0, 0x0,
    0xaf, 0xff, 0xff, 0x90, 0xad, 0x33, 0x33, 0x20,
    0xad, 0x0, 0x0, 0x0, 0xad, 0x0, 0x0, 0x0,
    0xad, 0x0, 0x0, 0x0, 0xad, 0x0, 0x0, 0x0,

    /* U+0047 "G" */
    0x0, 0x8, 0xef, 0xd9, 0x10, 0x0, 0xce, 0x74,
    0x7e, 0xc0, 0x7, 0xf3, 0x0, 0x3, 0xf6, 0xc,
    0xc0, 0x0, 0x0, 0x75, 0xf, 0x90, 0x0, 0x0,
    0x0, 0xf, 0x70, 0x0, 0x0, 0x0, 0xf, 0x70,
    0x6, 0xff, 0xfb, 0xf, 0x90, 0x1, 0x33, 0xdb,
    0xb, 0xd0, 0x0, 0x0, 0xcb, 0x5, 0xf5, 0x0,
    0x0, 0xcb, 0x0, 0xaf, 0x84, 0x6a, 0xf7, 0x0,
    0x6, 0xdf, 0xec, 0x50,

    /* U+0048 "H" */
    0xad, 0x0, 0x0, 0x7, 0xf1, 0xad, 0x0, 0x0,
    0x7, 0xf1, 0xad, 0x0, 0x0, 0x7, 0xf1, 0xad,
    0x0, 0x0, 0x7, 0xf1, 0xad, 0x0, 0x0, 0x7,
    0xf1, 0xaf, 0xff, 0xff, 0xff, 0xf1, 0xad, 0x33,
    0x33, 0x39, 0xf1, 0xad, 0x0, 0x0, 0x7, 0xf1,
    0xad, 0x0, 0x0, 0x7, 0xf1, 0xad, 0x0, 0x0,
    0x7, 0xf1, 0xad, 0x0, 0x0, 0x7, 0xf1, 0xad,
    0x0, 0x0, 0x7, 0xf1,

    /* U+0049 "I" */
    0x9f, 0x9f, 0x9f, 0x9f, 0x9f, 0x9f, 0x9f, 0x9f,
    0x9f, 0x9f, 0x9f, 0x9f,

    /* U+004A "J" */
    0x0, 0x0, 0x0, 0xe9, 0x0, 0x0, 0x0, 0xe9,
    0x0, 0x0, 0x0, 0xe9, 0x0, 0x0, 0x0, 0xe9,
    0x0, 0x0, 0x0, 0xe9, 0x0, 0x0, 0x0, 0xe9,
    0x0, 0x0, 0x0, 0xe9, 0x0, 0x0, 0x0, 0xe9,
    0x36, 0x0, 0x0, 0xe9, 0x6f, 0x10, 0x2, 0xf6,
    0x1e, 0xc5, 0x6d, 0xe0, 0x3, 0xbe, 0xeb, 0x20,

    /* U+004B "K" */
    0xad, 0x0, 0x0, 0x8f, 0x40, 0xad, 0x0, 0x6,
    0xf6, 0x0, 0xad, 0x0, 0x4f, 0x90, 0x0, 0xad,
    0x2, 0xfb, 0x0, 0x0, 0xad, 0x1d, 0xd0, 0x0,
    0x0, 0xad, 0xcf, 0x60, 0x0, 0x0, 0xaf, 0xfc,
    0xf2, 0x0, 0x0, 0xaf, 0x41, 0xec, 0x0, 0x0,
    0xad, 0x0, 0x4f, 0x80, 0x0, 0xad, 0x0, 0x8,
    0xf4, 0x0, 0xad, 0x0, 0x0, 0xce, 0x10, 0xad,
    0x0, 0x0, 0x2f, 0xa0,

    /* U+004C "L" */
    0xad, 0x0, 0x0, 0x0, 0xad, 0x0, 0x0, 0x0,
    0xad, 0x0, 0x0, 0x0, 0xad, 0x0, 0x0, 0x0,
    0xad, 0x0, 0x0, 0x0, 0xad, 0x0, 0x0, 0x0,
    0xad, 0x0, 0x0, 0x0, 0xad, 0x0, 0x0, 0x0,
    0xad, 0x0, 0x0, 0x0, 0xad, 0x0, 0x0, 0x0,
    0xae, 0x44, 0x44, 0x40, 0xaf, 0xff, 0xff, 0xf3,

    /* U+004D "M" */
    0xaf, 0x70, 0x0, 0x0, 0x7, 0xfa, 0xaf, 0xd0,
    0x0, 0x0, 0xd, 0xfa, 0xae, 0xf3, 0x0, 0x0,
    0x3f, 0xea, 0xab, 0xd9, 0x0, 0x0, 0xac, 0xca,
    0xab, 0x7f, 0x0, 0x0, 0xf6, 0xca, 0xac, 0x1f,
    0x50, 0x6, 0xf1, 0xca, 0xac, 0xb, 0xb0, 0xc,
    0xa0, 0xda, 0xad, 0x5, 0xf1, 0x2f, 0x40, 0xda,
    0xad, 0x0, 0xe7, 0x8e, 0x0, 0xda, 0xad, 0x0,
    0x8d, 0xe8, 0x0, 0xda, 0xad, 0x0, 0x2f, 0xf2,
    0x0, 0xda, 0xad, 0x0, 0xc, 0xb0, 0x0, 0xda,

    /* U+004E "N" */
    0xaf, 0x20, 0x0, 0x6, 0xf1, 0xaf, 0xc0, 0x0,
    0x6, 0xf1, 0xaf, 0xf6, 0x0, 0x6, 0xf1, 0xad,
    0xbe, 0x10, 0x6, 0xf1, 0xad, 0x2f, 0x90, 0x6,
    0xf1, 0xad, 0x7, 0xf3, 0x6, 0xf1, 0xad, 0x0,
    0xdd, 0x6, 0xf1, 0xad, 0x0, 0x3f, 0x76, 0xf1,
    0xad, 0x0, 0x9, 0xf8, 0xf1, 0xad, 0x0, 0x1,
    0xef, 0xf1, 0xad, 0x0, 0x0, 0x5f, 0xf1, 0xad,
    0x0, 0x0, 0xb, 0xf1,

    /* U+004F "O" */
    0x0, 0x7, 0xdf, 0xd7, 0x0, 0x0, 0xb, 0xf8,
    0x58, 0xfb, 0x0, 0x6, 0xf4, 0x0, 0x4, 0xf6,
    0x0, 0xcc, 0x0, 0x0, 0xc, 0xc0, 0xf, 0x80,
    0x0, 0x0, 0x8f, 0x0, 0xf7, 0x0, 0x0, 0x7,
    0xf0, 0x1f, 0x70, 0x0, 0x0, 0x7f, 0x0, 0xf8,
    0x0, 0x0, 0x8, 0xf0, 0xc, 0xc0, 0x0, 0x0,
    0xbc, 0x0, 0x6f, 0x40, 0x0, 0x3f, 0x60, 0x0,
    0xbf, 0x85, 0x8f, 0xc0, 0x0, 0x0, 0x7d, 0xfd,
    0x80, 0x0,

    /* U+0050 "P" */
    0xaf, 0xff, 0xfd, 0x80, 0xa, 0xe5, 0x55, 0x7f,
    0xd0, 0xad, 0x0, 0x0, 0x4f, 0x5a, 0xd0, 0x0,
    0x0, 0xf7, 0xad, 0x0, 0x0, 0x2f, 0x6a, 0xd0,
    0x1, 0x3c, 0xf1, 0xaf, 0xff, 0xff, 0xd3, 0xa,
    0xd3, 0x33, 0x10, 0x0, 0xad, 0x0, 0x0, 0x0,
    0xa, 0xd0, 0x0, 0x0, 0x0, 0xad, 0x0, 0x0,
    0x0, 0xa, 0xd0, 0x0, 0x0, 0x0,

    /* U+0051 "Q" */
    0x0, 0x8, 0xdf, 0xd7, 0x0, 0x0, 0xc, 0xf8,
    0x58, 0xfb, 0x0, 0x7, 0xf3, 0x0, 0x5, 0xf5,
    0x0, 0xdb, 0x0, 0x0, 0xd, 0xb0, 0xf, 0x70,
    0x0, 0x0, 0x9e, 0x1, 0xf6, 0x0, 0x0, 0x8,
    0xf0, 0x2f, 0x60, 0x0, 0x0, 0x8f, 0x0, 0xf7,
    0x0, 0x0, 0x9, 0xe0, 0xd, 0xb0, 0x0, 0x0,
    0xdb, 0x0, 0x7f, 0x30, 0x0, 0x4f, 0x50, 0x0,
    0xce, 0x75, 0x8f, 0xb0, 0x0, 0x0, 0x8d, 0xfe,
    0xf6, 0x0, 0x0, 0x0, 0x0, 0x9, 0xf9, 0x0,
    0x0, 0x0, 0x0, 0x6, 0x60,

    /* U+0052 "R" */
    0xbf, 0xff, 0xfc, 0x50, 0xb, 0xe4, 0x45, 0xaf,
    0x70, 0xbd, 0x0, 0x0, 0xbe, 0xb, 0xd0, 0x0,
    0x7, 0xf0, 0xbd, 0x0, 0x0, 0xaf, 0xb, 0xd0,
    0x1, 0x6f, 0x80, 0xbf, 0xff, 0xff, 0x80, 0xb,
    0xd3, 0x37, 0xf3, 0x0, 0xbd, 0x0, 0xd, 0xb0,
    0xb, 0xd0, 0x0, 0x5f, 0x40, 0xbd, 0x0, 0x0,
    0xcc, 0xb, 0xd0, 0x0, 0x4, 0xf5,

    /* U+0053 "S" */
    0x0, 0x5c, 0xfe, 0xa2, 0x0, 0x7f, 0x95, 0x6c,
    0xf2, 0xe, 0xa0, 0x0, 0xe, 0xa0, 0xf9, 0x0,
    0x0, 0x67, 0xa, 0xf5, 0x0, 0x0, 0x0, 0xb,
    0xfe, 0x93, 0x0, 0x0, 0x3, 0x9e, 0xfa, 0x0,
    0x0, 0x0, 0x6, 0xf8, 0x39, 0x10, 0x0, 0xb,
    0xd2, 0xf7, 0x0, 0x0, 0xcc, 0x9, 0xf9, 0x55,
    0xaf, 0x60, 0x6, 0xcf, 0xec, 0x40,

    /* U+0054 "T" */
    0x9f, 0xff, 0xff, 0xff, 0xf3, 0x24, 0x44, 0xfa,
    0x44, 0x40, 0x0, 0x0, 0xf8, 0x0, 0x0, 0x0,
    0x0, 0xf8, 0x0, 0x0, 0x0, 0x0, 0xf8, 0x0,
    0x0, 0x0, 0x0, 0xf8, 0x0, 0x0, 0x0, 0x0,
    0xf8, 0x0, 0x0, 0x0, 0x0, 0xf8, 0x0, 0x0,
    0x0, 0x0, 0xf8, 0x0, 0x0, 0x0, 0x0, 0xf8,
    0x0, 0x0, 0x0, 0x0, 0xf8, 0x0, 0x0, 0x0,
    0x0, 0xf8, 0x0, 0x0,

    /* U+0055 "U" */
    0xe9, 0x0, 0x0, 0x2f, 0x5e, 0x90, 0x0, 0x2,
    0xf5, 0xe9, 0x0, 0x0, 0x2f, 0x5e, 0x90, 0x0,
    0x2, 0xf5, 0xe9, 0x0, 0x0, 0x2f, 0x5e, 0x90,
    0x0, 0x2, 0xf5, 0xe9, 0x0, 0x0, 0x2f, 0x5e,
    0x90, 0x0, 0x2, 0xf5, 0xda, 0x0, 0x0, 0x3f,
    0x4a, 0xe0, 0x0, 0x8, 0xf1, 0x3f, 0xc6, 0x59,
    0xf8, 0x0, 0x3b, 0xff, 0xc6, 0x0,

    /* U+0056 "V" */
    0x9f, 0x0, 0x0, 0x0, 0xdc, 0x4f, 0x50, 0x0,
    0x2, 0xf7, 0xe, 0xa0, 0x0, 0x7, 0xf1, 0x8,
    0xf0, 0x0, 0xd, 0xc0, 0x3, 0xf5, 0x0, 0x2f,
    0x60, 0x0, 0xda, 0x0, 0x7f, 0x10, 0x0, 0x8f,
    0x0, 0xcb, 0x0, 0x0, 0x2f, 0x52, 0xf5, 0x0,
    0x0, 0xc, 0xa7, 0xf0, 0x0, 0x0, 0x7, 0xfd,
    0xa0, 0x0, 0x0, 0x1, 0xff, 0x40, 0x0, 0x0,
    0x0, 0xbe, 0x0, 0x0,

    /* U+0057 "W" */
    0x6f, 0x10, 0x0, 0x9f, 0x0, 0x0, 0xcb, 0x2f,
    0x40, 0x0, 0xdf, 0x30, 0x0, 0xf8, 0xe, 0x80,
    0x1, 0xfe, 0x70, 0x3, 0xf4, 0xb, 0xb0, 0x6,
    0xf8, 0xb0, 0x6, 0xf0, 0x7, 0xf0, 0xa, 0xa4,
    0xf0, 0x9, 0xd0, 0x4, 0xf2, 0xe, 0x60, 0xf4,
    0xd, 0x90, 0x0, 0xf6, 0x2f, 0x10, 0xb8, 0xf,
    0x50, 0x0, 0xc9, 0x7d, 0x0, 0x7c, 0x4f, 0x20,
    0x0, 0x9d, 0xb9, 0x0, 0x3f, 0x8e, 0x0, 0x0,
    0x5f, 0xe4, 0x0, 0xe, 0xea, 0x0, 0x0, 0x1f,
    0xf0, 0x0, 0xa, 0xf6, 0x0, 0x0, 0xe, 0xb0,
    0x0, 0x6, 0xf3, 0x0,

    /* U+0058 "X" */
    0x2f, 0x90, 0x0, 0x8, 0xf3, 0x8, 0xf3, 0x0,
    0x2f, 0x90, 0x0, 0xec, 0x0, 0xbe, 0x10, 0x0,
    0x5f, 0x65, 0xf6, 0x0, 0x0, 0xb, 0xee, 0xc0,
    0x0, 0x0, 0x2, 0xff, 0x30, 0x0, 0x0, 0x3,
    0xff, 0x40, 0x0, 0x0, 0xc, 0xed, 0xd0, 0x0,
    0x0, 0x6f, 0x54, 0xf7, 0x0, 0x1, 0xeb, 0x0,
    0xaf, 0x20, 0xa, 0xf2, 0x0, 0x1f, 0xb0, 0x3f,
    0x80, 0x0, 0x7, 0xf4,

    /* U+0059 "Y" */
    0x9f, 0x10, 0x0, 0x7, 0xf3, 0x1f, 0x90, 0x0,
    0xe, 0xa0, 0x9, 0xf1, 0x0, 0x7f, 0x20, 0x1,
    0xf9, 0x0, 0xea, 0x0, 0x0, 0x8f, 0x17, 0xf2,
    0x0, 0x0, 0x1f, 0x9e, 0x90, 0x0, 0x0, 0x7,
    0xff, 0x10, 0x0, 0x0, 0x0, 0xf9, 0x0, 0x0,
    0x0, 0x0, 0xf8, 0x0, 0x0, 0x0, 0x0, 0xf8,
    0x0, 0x0, 0x0, 0x0, 0xf8, 0x0, 0x0, 0x0,
    0x0, 0xf8, 0x0, 0x0,

    /* U+005A "Z" */
    0x3f, 0xff, 0xff, 0xff, 0xb1, 0x44, 0x44, 0x48,
    0xf7, 0x0, 0x0, 0x0, 0xdc, 0x0, 0x0, 0x0,
    0x8f, 0x30, 0x0, 0x0, 0x3f, 0x80, 0x0, 0x0,
    0xd, 0xd0, 0x0, 0x0, 0x7, 0xf3, 0x0, 0x0,
    0x2, 0xf8, 0x0, 0x0, 0x0, 0xcd, 0x0, 0x0,
    0x0, 0x7f, 0x40, 0x0, 0x0, 0x2f, 0xc4, 0x44,
    0x44, 0x45, 0xff, 0xff, 0xff, 0xff,

    /* U+005B "[" */
    0x0, 0x0, 0xdf, 0xf1, 0xda, 0x30, 0xd9, 0x0,
    0xd9, 0x0, 0xd9, 0x0, 0xd9, 0x0, 0xd9, 0x0,
    0xd9, 0x0, 0xd9, 0x0, 0xd9, 0x0, 0xd9, 0x0,
    0xd9, 0x0, 0xd9, 0x0, 0xd9, 0x0, 0xd9, 0x0,
    0xdf, 0xf1, 0x23, 0x30,

    /* U+005C "\\" */
    0x8d, 0x0, 0x0, 0x2, 0xf3, 0x0, 0x0, 0xc,
    0x90, 0x0, 0x0, 0x6e, 0x0, 0x0, 0x1, 0xf5,
    0x0, 0x0, 0xa, 0xb0, 0x0, 0x0, 0x5f, 0x10,
    0x0, 0x0, 0xe6, 0x0, 0x0, 0x9, 0xc0, 0x0,
    0x0, 0x3f, 0x20, 0x0, 0x0, 0xd8, 0x0, 0x0,
    0x7, 0xe0, 0x0, 0x0, 0x2f, 0x40,

    /* U+005D "]" */
    0x0, 0x0, 0xef, 0xf0, 0x38, 0xf0, 0x6, 0xf0,
    0x6, 0xf0, 0x6, 0xf0, 0x6, 0xf0, 0x6, 0xf0,
    0x6, 0xf0, 0x6, 0xf0, 0x6, 0xf0, 0x6, 0xf0,
    0x6, 0xf0, 0x6, 0xf0, 0x6, 0xf0, 0x7, 0xf0,
    0xef, 0xf0, 0x23, 0x30,

    /* U+005E "^" */
    0x0, 0x5f, 0x0, 0x0, 0xb, 0xf6, 0x0, 0x2,
    0xfa, 0xc0, 0x0, 0x8c, 0x2f, 0x20, 0xe, 0x60,
    0xb9, 0x4, 0xf1, 0x5, 0xe0,

    /* U+005F "_" */
    0x0, 0x0, 0x0, 0x0, 0xff, 0xff, 0xff, 0xf3,
    0x33, 0x33, 0x33, 0x30,

    /* U+0060 "`" */
    0x28, 0x20, 0xb, 0xc0, 0x1, 0xd6,

    /* U+0061 "a" */
    0x0, 0x9e, 0xfd, 0x50, 0xb, 0xe5, 0x48, 0xf2,
    0x4, 0x20, 0x0, 0xe7, 0x0, 0x7c, 0xef, 0xf8,
    0x9, 0xe5, 0x22, 0xe8, 0xf, 0x60, 0x0, 0xe8,
    0x1f, 0x60, 0x2, 0xf8, 0xc, 0xe6, 0x6e, 0xf9,
    0x2, 0xbf, 0xe6, 0xa9,

    /* U+0062 "b" */
    0xe8, 0x0, 0x0, 0x0, 0xe8, 0x0, 0x0, 0x0,
    0xe8, 0x0, 0x0, 0x0, 0xe9, 0xaf, 0xe9, 0x0,
    0xef, 0x95, 0x8f, 0x80, 0xea, 0x0, 0x9, 0xe0,
    0xe8, 0x0, 0x4, 0xf2, 0xe8, 0x0, 0x3, 0xf3,
    0xe8, 0x0, 0x4, 0xf2, 0xea, 0x0, 0x9, 0xe0,
    0xef, 0x95, 0x8f, 0x70, 0xe8, 0xaf, 0xe8, 0x0,

    /* U+0063 "c" */
    0x0, 0x6d, 0xfd, 0x50, 0x7, 0xf8, 0x49, 0xf4,
    0xe, 0x90, 0x0, 0xbb, 0x3f, 0x40, 0x0, 0x12,
    0x4f, 0x20, 0x0, 0x0, 0x3f, 0x40, 0x0, 0x0,
    0xf, 0x80, 0x0, 0x9a, 0x7, 0xf7, 0x48, 0xf5,
    0x0, 0x7d, 0xfd, 0x50,

    /* U+0064 "d" */
    0x0, 0x0, 0x0, 0x9e, 0x0, 0x0, 0x0, 0x9e,
    0x0, 0x0, 0x0, 0x9e, 0x0, 0x8e, 0xfa, 0xae,
    0x7, 0xf9, 0x59, 0xfe, 0xe, 0xa0, 0x0, 0xae,
    0x2f, 0x40, 0x0, 0x9e, 0x3f, 0x30, 0x0, 0x9e,
    0x2f, 0x40, 0x0, 0x9e, 0xe, 0x80, 0x0, 0x9e,
    0x7, 0xf6, 0x26, 0xfe, 0x0, 0x8e, 0xea, 0x9e,

    /* U+0065 "e" */
    0x0, 0x5d, 0xfd, 0x40, 0x5, 0xf8, 0x4a, 0xf2,
    0xe, 0xa0, 0x0, 0xd9, 0x2f, 0x50, 0x0, 0x9d,
    0x4f, 0xff, 0xff, 0xfe, 0x3f, 0x63, 0x33, 0x33,
    0xf, 0x80, 0x0, 0x10, 0x6, 0xf8, 0x45, 0xd8,
    0x0, 0x6d, 0xfe, 0x80,

    /* U+0066 "f" */
    0x0, 0x0, 0x0, 0x0, 0x3d, 0xf8, 0x0, 0xdd,
    0x42, 0x1, 0xf5, 0x0, 0x2, 0xf4, 0x0, 0x8f,
    0xff, 0xf1, 0x15, 0xf6, 0x20, 0x3, 0xf4, 0x0,
    0x3, 0xf4, 0x0, 0x3, 0xf4, 0x0, 0x3, 0xf4,
    0x0, 0x3, 0xf4, 0x0, 0x3, 0xf4, 0x0, 0x3,
    0xf4, 0x0,

    /* U+0067 "g" */
    0x0, 0x8e, 0xfa, 0x8e, 0x7, 0xf9, 0x59, 0xfe,
    0xe, 0xa0, 0x0, 0xae, 0x2f, 0x50, 0x0, 0x9e,
    0x3f, 0x30, 0x0, 0x9e, 0x1f, 0x40, 0x0, 0x9e,
    0xe, 0x90, 0x0, 0xae, 0x7, 0xf9, 0x59, 0xfe,
    0x0, 0x8e, 0xfa, 0xad, 0x0, 0x0, 0x0, 0xcb,
    0x9, 0xc5, 0x49, 0xf4, 0x0, 0x9e, 0xfc, 0x40,

    /* U+0068 "h" */
    0xe8, 0x0, 0x0, 0xe, 0x80, 0x0, 0x0, 0xe8,
    0x0, 0x0, 0xe, 0x99, 0xee, 0x90, 0xef, 0xa5,
    0x8f, 0x6e, 0xb0, 0x0, 0xca, 0xe8, 0x0, 0xb,
    0xbe, 0x80, 0x0, 0xbc, 0xe8, 0x0, 0xb, 0xce,
    0x80, 0x0, 0xbc, 0xe8, 0x0, 0xb, 0xce, 0x80,
    0x0, 0xbc,

    /* U+0069 "i" */
    0xb9, 0x76, 0x0, 0xca, 0xca, 0xca, 0xca, 0xca,
    0xca, 0xca, 0xca, 0xca,

    /* U+006A "j" */
    0x0, 0xc8, 0x0, 0x85, 0x0, 0x0, 0x0, 0xd9,
    0x0, 0xd9, 0x0, 0xd9, 0x0, 0xd9, 0x0, 0xd9,
    0x0, 0xd9, 0x0, 0xd9, 0x0, 0xd9, 0x0, 0xd9,
    0x0, 0xd9, 0x26, 0xf6, 0x7f, 0xb0,

    /* U+006B "k" */
    0xe8, 0x0, 0x0, 0x0, 0xe8, 0x0, 0x0, 0x0,
    0xe8, 0x0, 0x0, 0x0, 0xe8, 0x0, 0x7f, 0x40,
    0xe8, 0x6, 0xf6, 0x0, 0xe8, 0x4f, 0x80, 0x0,
    0xeb, 0xfb, 0x0, 0x0, 0xef, 0xfe, 0x0, 0x0,
    0xed, 0x3f, 0xa0, 0x0, 0xe8, 0x6, 0xf5, 0x0,
    0xe8, 0x0, 0xae, 0x10, 0xe8, 0x0, 0x1e, 0xb0,

    /* U+006C "l" */
    0xca, 0xca, 0xca, 0xca, 0xca, 0xca, 0xca, 0xca,
    0xca, 0xca, 0xca, 0xca,

    /* U+006D "m" */
    0xe8, 0xaf, 0xf9, 0x8, 0xee, 0xa1, 0xef, 0x85,
    0x9f, 0xdb, 0x57, 0xf9, 0xe9, 0x0, 0xd, 0xe0,
    0x0, 0x9d, 0xe8, 0x0, 0xb, 0xb0, 0x0, 0x8e,
    0xe8, 0x0, 0xb, 0xb0, 0x0, 0x8f, 0xe8, 0x0,
    0xb, 0xb0, 0x0, 0x8f, 0xe8, 0x0, 0xb, 0xb0,
    0x0, 0x8f, 0xe8, 0x0, 0xb, 0xb0, 0x0, 0x8f,
    0xe8, 0x0, 0xb, 0xb0, 0x0, 0x8f,

    /* U+006E "n" */
    0xe8, 0x9e, 0xe9, 0xe, 0xfa, 0x58, 0xf6, 0xeb,
    0x0, 0xc, 0xae, 0x80, 0x0, 0xbb, 0xe8, 0x0,
    0xb, 0xce, 0x80, 0x0, 0xbc, 0xe8, 0x0, 0xb,
    0xce, 0x80, 0x0, 0xbc, 0xe8, 0x0, 0xb, 0xc0,

    /* U+006F "o" */
    0x0, 0x5d, 0xfd, 0x70, 0x0, 0x6f, 0x94, 0x8f,
    0x80, 0xe, 0xa0, 0x0, 0x8f, 0x12, 0xf4, 0x0,
    0x2, 0xf5, 0x4f, 0x30, 0x0, 0x1f, 0x63, 0xf4,
    0x0, 0x2, 0xf4, 0xe, 0x90, 0x0, 0x8f, 0x10,
    0x6f, 0x84, 0x7f, 0x80, 0x0, 0x6d, 0xfd, 0x60,
    0x0,

    /* U+0070 "p" */
    0xe8, 0xae, 0xe8, 0x0, 0xef, 0x62, 0x7f, 0x70,
    0xe9, 0x0, 0x9, 0xe0, 0xe8, 0x0, 0x4, 0xf1,
    0xe8, 0x0, 0x3, 0xf3, 0xe8, 0x0, 0x5, 0xf1,
    0xe9, 0x0, 0xa, 0xe0, 0xef, 0x74, 0x8f, 0x70,
    0xea, 0xaf, 0xe8, 0x0, 0xe8, 0x0, 0x0, 0x0,
    0xe8, 0x0, 0x0, 0x0, 0xe8, 0x0, 0x0, 0x0,

    /* U+0071 "q" */
    0x0, 0x8e, 0xfa, 0x9e, 0x7, 0xf8, 0x48, 0xfe,
    0xe, 0x90, 0x0, 0xae, 0x2f, 0x40, 0x0, 0x9e,
    0x3f, 0x30, 0x0, 0x9e, 0x2f, 0x40, 0x0, 0x9e,
    0xe, 0x90, 0x0, 0xae, 0x7, 0xf8, 0x48, 0xfe,
    0x0, 0x8e, 0xea, 0xae, 0x0, 0x0, 0x0, 0x9e,
    0x0, 0x0, 0x0, 0x9e, 0x0, 0x0, 0x0, 0x9e,

    /* U+0072 "r" */
    0x0, 0x0, 0xe, 0x9c, 0xf3, 0xef, 0x85, 0x1e,
    0xa0, 0x0, 0xe8, 0x0, 0xe, 0x80, 0x0, 0xe8,
    0x0, 0xe, 0x80, 0x0, 0xe8, 0x0, 0xe, 0x80,
    0x0,

    /* U+0073 "s" */
    0x0, 0x9e, 0xfb, 0x30, 0xa, 0xe5, 0x4c, 0xe1,
    0xe, 0x80, 0x1, 0xb3, 0xb, 0xe6, 0x10, 0x0,
    0x0, 0x8e, 0xfd, 0x50, 0x0, 0x0, 0x29, 0xf3,
    0x2d, 0x40, 0x0, 0xf6, 0xd, 0xd5, 0x49, 0xf2,
    0x1, 0xae, 0xfc, 0x40,

    /* U+0074 "t" */
    0x6, 0xf1, 0x0, 0x6f, 0x10, 0xef, 0xff, 0xa2,
    0x7f, 0x31, 0x6, 0xf1, 0x0, 0x6f, 0x10, 0x6,
    0xf1, 0x0, 0x6f, 0x10, 0x6, 0xf1, 0x0, 0x4f,
    0x73, 0x0, 0xaf, 0x90,

    /* U+0075 "u" */
    0xf8, 0x0, 0xb, 0xbf, 0x80, 0x0, 0xbb, 0xf8,
    0x0, 0xb, 0xbf, 0x80, 0x0, 0xbb, 0xf8, 0x0,
    0xb, 0xbe, 0x80, 0x0, 0xbb, 0xda, 0x0, 0xd,
    0xb9, 0xf6, 0x5a, 0xfb, 0x1a, 0xfe, 0x9b, 0xb0,

    /* U+0076 "v" */
    0x9e, 0x0, 0x2, 0xf4, 0x3f, 0x30, 0x7, 0xe0,
    0xe, 0x80, 0xc, 0x90, 0x8, 0xd0, 0x1f, 0x40,
    0x3, 0xf2, 0x6e, 0x0, 0x0, 0xd7, 0xb9, 0x0,
    0x0, 0x8d, 0xf4, 0x0, 0x0, 0x2f, 0xe0, 0x0,
    0x0, 0xd, 0x90, 0x0,

    /* U+0077 "w" */
    0x8e, 0x0, 0xb, 0xb0, 0x0, 0xe8, 0x4f, 0x20,
    0xf, 0xf0, 0x2, 0xf3, 0xf, 0x60, 0x5d, 0xe5,
    0x6, 0xf0, 0xb, 0xa0, 0x99, 0xa9, 0xa, 0xb0,
    0x6, 0xe0, 0xe4, 0x5e, 0xe, 0x60, 0x2, 0xf5,
    0xf0, 0xf, 0x5f, 0x20, 0x0, 0xed, 0xb0, 0xb,
    0xdd, 0x0, 0x0, 0x9f, 0x60, 0x6, 0xf9, 0x0,
    0x0, 0x5f, 0x10, 0x2, 0xf5, 0x0,

    /* U+0078 "x" */
    0x4f, 0x50, 0x7, 0xf3, 0xa, 0xe0, 0x1f, 0x90,
    0x1, 0xf8, 0xae, 0x0, 0x0, 0x6f, 0xf5, 0x0,
    0x0, 0xf, 0xe0, 0x0, 0x0, 0x7f, 0xf6, 0x0,
    0x2, 0xf7, 0x8e, 0x10, 0xb, 0xd0, 0xe, 0xa0,
    0x5f, 0x40, 0x6, 0xf4,

    /* U+0079 "y" */
    0xae, 0x0, 0x5, 0xf3, 0x4f, 0x30, 0x9, 0xd0,
    0xe, 0x80, 0xe, 0x80, 0x9, 0xd0, 0x3f, 0x20,
    0x3, 0xf2, 0x8d, 0x0, 0x0, 0xd8, 0xc7, 0x0,
    0x0, 0x8e, 0xf2, 0x0, 0x0, 0x2f, 0xc0, 0x0,
    0x0, 0xe, 0x70, 0x0, 0x0, 0x3f, 0x10, 0x0,
    0x16, 0xda, 0x0, 0x0, 0x5f, 0xb1, 0x0, 0x0,

    /* U+007A "z" */
    0x3f, 0xff, 0xff, 0xf2, 0x4, 0x44, 0x4e, 0xd0,
    0x0, 0x0, 0x8f, 0x20, 0x0, 0x3, 0xf7, 0x0,
    0x0, 0xd, 0xb0, 0x0, 0x0, 0xae, 0x10, 0x0,
    0x5, 0xf5, 0x0, 0x0, 0x1e, 0xc3, 0x33, 0x31,
    0x5f, 0xff, 0xff, 0xf6,

    /* U+007B "{" */
    0x0, 0x0, 0x30, 0x0, 0xa, 0xe1, 0x0, 0x6f,
    0x10, 0x0, 0xbb, 0x0, 0x0, 0xd9, 0x0, 0x0,
    0xd9, 0x0, 0x0, 0xe8, 0x0, 0x6, 0xf4, 0x0,
    0x8f, 0xa0, 0x0, 0x18, 0xf3, 0x0, 0x0, 0xe8,
    0x0, 0x0, 0xd9, 0x0, 0x0, 0xd9, 0x0, 0x0,
    0xca, 0x0, 0x0, 0x8e, 0x0, 0x0, 0x1c, 0xc1,
    0x0, 0x0, 0x60,

    /* U+007C "|" */
    0xa8, 0xa8, 0xa8, 0xa8, 0xa8, 0xa8, 0xa8, 0xa8,
    0xa8, 0xa8, 0xa8, 0xa8, 0xa8, 0xa8,

    /* U+007D "}" */
    0x30, 0x0, 0x9, 0xe2, 0x0, 0xa, 0xd0, 0x0,
    0x4f, 0x10, 0x3, 0xf3, 0x0, 0x3f, 0x30, 0x2,
    0xf4, 0x0, 0xd, 0xb1, 0x0, 0x3f, 0xe0, 0xc,
    0xd3, 0x2, 0xf5, 0x0, 0x3f, 0x30, 0x3, 0xf3,
    0x0, 0x4f, 0x20, 0x9, 0xe0, 0x7, 0xf4, 0x0,
    0x52, 0x0, 0x0,

    /* U+007E "~" */
    0x0, 0x0, 0x0, 0x0, 0x1, 0xbf, 0xd3, 0x0,
    0x6c, 0xac, 0x4a, 0xf6, 0x2d, 0x8e, 0x50, 0x8,
    0xff, 0xd1, 0x0, 0x0, 0x1, 0x30, 0x0,

    /* U+00A0 " " */

    /* U+00A1 "¡" */
    0xb9, 0x76, 0x0, 0x55, 0xaa, 0xba, 0xba, 0xbb,
    0xbb, 0xbb, 0xcb, 0xcb,

    /* U+00A2 "¢" */
    0x0, 0x3, 0xf3, 0x0, 0x0, 0x3, 0xf4, 0x0,
    0x0, 0x8f, 0xff, 0xa0, 0x7, 0xf5, 0x4, 0xf8,
    0xe, 0x90, 0x0, 0x8d, 0x1f, 0x50, 0x0, 0x0,
    0x2f, 0x40, 0x0, 0x0, 0x1f, 0x50, 0x0, 0x0,
    0xd, 0x90, 0x0, 0x7b, 0x6, 0xf6, 0x15, 0xf7,
    0x0, 0x7f, 0xff, 0x80, 0x0, 0x3, 0xf4, 0x0,
    0x0, 0x3, 0xf3, 0x0,

    /* U+00A3 "£" */
    0x0, 0x7, 0xef, 0xc4, 0x0, 0x7, 0xf8, 0x5c,
    0xf2, 0x0, 0xea, 0x0, 0x1f, 0x70, 0x1f, 0x70,
    0x0, 0x42, 0x1, 0xf6, 0x0, 0x0, 0x0, 0x1f,
    0x70, 0x0, 0x0, 0x4f, 0xff, 0xff, 0x0, 0x1,
    0x3f, 0xa3, 0x30, 0x0, 0x0, 0xf8, 0x0, 0x0,
    0x0, 0xf, 0x80, 0x0, 0x0, 0x17, 0xf7, 0x44,
    0x44, 0x34, 0xff, 0xff, 0xff, 0xfd,

    /* U+00A4 "¤" */
    0x1, 0x0, 0x0, 0x0, 0x1, 0x0, 0xda, 0x6e,
    0xff, 0xb5, 0xe6, 0x7, 0xff, 0x95, 0x6d, 0xfe,
    0x10, 0x4f, 0x50, 0x0, 0xc, 0xc0, 0xa, 0xb0,
    0x0, 0x0, 0x4f, 0x20, 0xd7, 0x0, 0x0, 0x0,
    0xf5, 0xd, 0x80, 0x0, 0x0, 0xf, 0x50, 0xac,
    0x0, 0x0, 0x4, 0xf2, 0x4, 0xf6, 0x0, 0x1,
    0xdc, 0x0, 0xbf, 0xfb, 0x68, 0xef, 0xf4, 0xa,
    0x55, 0xcf, 0xe9, 0x2c, 0x30, 0x0, 0x0, 0x0,
    0x0, 0x0,

    /* U+00A5 "¥" */
    0xaf, 0x10, 0x0, 0x9f, 0x12, 0xf7, 0x0, 0x1f,
    0x90, 0xb, 0xe0, 0x7, 0xf1, 0x0, 0x3f, 0x50,
    0xea, 0x0, 0x0, 0xcc, 0x6f, 0x20, 0x0, 0x4,
    0xfe, 0xb0, 0x0, 0xe, 0xef, 0xff, 0xe6, 0x0,
    0x11, 0x9e, 0x11, 0x0, 0xe, 0xef, 0xfe, 0xe6,
    0x0, 0x11, 0x9e, 0x11, 0x0, 0x0, 0x9, 0xe0,
    0x0, 0x0, 0x0, 0x9e, 0x0, 0x0,

    /* U+00A6 "¦" */
    0xd9, 0xd9, 0xd9, 0xd9, 0xd9, 0xd9, 0x21, 0x64,
    0xd9, 0xd9, 0xd9, 0xd9, 0xd9, 0xd9,

    /* U+00A7 "§" */
    0x0, 0x5c, 0xfe, 0xb3, 0x0, 0x6f, 0x94, 0x5c,
    0xf3, 0xd, 0xb0, 0x0, 0xe, 0xa0, 0xdb, 0x0,
    0x0, 0x66, 0x7, 0xf8, 0x20, 0x0, 0x0, 0x3f,
    0xff, 0xd7, 0x0, 0xe, 0xa1, 0x6b, 0xfe, 0x23,
    0xf3, 0x0, 0x2, 0xeb, 0x1f, 0x80, 0x0, 0x8,
    0xe0, 0x9f, 0xc6, 0x10, 0xcc, 0x0, 0x5c, 0xff,
    0xed, 0x20, 0x0, 0x2, 0x8e, 0xe1, 0x15, 0x0,
    0x0, 0x2f, 0x83, 0xf5, 0x0, 0x0, 0xe8, 0xd,
    0xe4, 0x12, 0x9f, 0x40, 0x1a, 0xff, 0xfe, 0x60,
    0x0, 0x0, 0x22, 0x0, 0x0,

    /* U+00A8 "¨" */
    0x9, 0x20, 0x66, 0x1e, 0x50, 0xaa,

    /* U+00A9 "©" */
    0x0, 0x2, 0xae, 0xfc, 0x60, 0x0, 0x0, 0x6d,
    0x61, 0x3, 0xac, 0x10, 0x3, 0xd1, 0x4c, 0xd9,
    0x7, 0xb0, 0xc, 0x42, 0xf5, 0x2c, 0x80, 0xb4,
    0x1d, 0x7, 0xa0, 0x3, 0x60, 0x59, 0x3a, 0x8,
    0x90, 0x0, 0x0, 0x2b, 0x3a, 0x7, 0xa0, 0x2,
    0x40, 0x2b, 0x1d, 0x3, 0xe2, 0xa, 0x90, 0x59,
    0xb, 0x40, 0x7f, 0xfc, 0x10, 0xb4, 0x3, 0xd1,
    0x0, 0x0, 0x7, 0xb0, 0x0, 0x5d, 0x61, 0x3,
    0xac, 0x10, 0x0, 0x2, 0xae, 0xfc, 0x60, 0x0,

    /* U+00AA "ª" */
    0x1b, 0xfd, 0x20, 0x9c, 0x3a, 0xb0, 0x11, 0x5,
    0xe0, 0x2b, 0xef, 0xe0, 0xba, 0x5, 0xe0, 0xca,
    0x3a, 0xf0, 0x4e, 0xea, 0xf1,

    /* U+00AB "«" */
    0x0, 0x7, 0x3, 0x50, 0x9, 0x91, 0xe2, 0x5,
    0xe1, 0xc8, 0x1, 0xf6, 0x7e, 0x0, 0xb, 0xa2,
    0xf3, 0x0, 0x1e, 0x46, 0xd0, 0x0, 0x4d, 0xa,
    0x70,

    /* U+00AC "¬" */
    0x11, 0x11, 0x11, 0xf, 0xff, 0xff, 0xf7, 0x44,
    0x44, 0x4f, 0x70, 0x0, 0x0, 0xf7, 0x0, 0x0,
    0x3, 0x10,

    /* U+00AD "­" */
    0x0, 0x0, 0xb, 0xff, 0xf1, 0x23, 0x33, 0x0,

    /* U+00AE "®" */
    0x0, 0x3, 0xae, 0xfc, 0x60, 0x0, 0x0, 0x6d,
    0x61, 0x3, 0xac, 0x10, 0x3, 0xd1, 0xee, 0xea,
    0x17, 0xb0, 0xc, 0x30, 0xf3, 0x2a, 0x80, 0xb4,
    0x1d, 0x0, 0xf1, 0x9, 0x80, 0x59, 0x3a, 0x0,
    0xff, 0xfe, 0x0, 0x2b, 0x3a, 0x0, 0xf3, 0x2c,
    0x60, 0x2b, 0x1d, 0x0, 0xf1, 0x7, 0xa0, 0x59,
    0xc, 0x40, 0xf1, 0x7, 0xb0, 0xb4, 0x3, 0xd1,
    0x10, 0x0, 0x17, 0xb0, 0x0, 0x6d, 0x61, 0x3,
    0xac, 0x10, 0x0, 0x2, 0xae, 0xfc, 0x60, 0x0,

    /* U+00AF "¯" */
    0xef, 0xff, 0xf5, 0x22, 0x22, 0x20,

    /* U+00B0 "°" */
    0x3c, 0xc3, 0xd5, 0x5d, 0xe2, 0x2e, 0x5f, 0xf5,
    0x0, 0x0,

    /* U+00B1 "±" */
    0x0, 0x3, 0xf1, 0x0, 0x0, 0x3, 0xf1, 0x0,
    0x0, 0x3, 0xf1, 0x0, 0x3f, 0xff, 0xff, 0xfe,
    0x3, 0x36, 0xf4, 0x32, 0x0, 0x3, 0xf1, 0x0,
    0x0, 0x3, 0xf1, 0x0, 0x0, 0x3, 0xf1, 0x0,
    0x3, 0x33, 0x33, 0x32, 0xf, 0xff, 0xff, 0xf9,

    /* U+00B2 "²" */
    0x8, 0xee, 0x50, 0x4e, 0x26, 0xf0, 0x13, 0x4,
    0xf0, 0x0, 0x1d, 0x90, 0x0, 0xcb, 0x0, 0xb,
    0xb1, 0x0, 0x5f, 0xff, 0xf5,

    /* U+00B3 "³" */
    0x9, 0xfe, 0x60, 0x4d, 0x26, 0xf0, 0x0, 0x5,
    0xe0, 0x0, 0xdf, 0x70, 0x0, 0x3, 0xf1, 0x6d,
    0x24, 0xf1, 0xa, 0xfe, 0x60,

    /* U+00B4 "´" */
    0x0, 0x57, 0x0, 0x2f, 0x60, 0xb, 0x80, 0x0,

    /* U+00B5 "µ" */
    0xca, 0x0, 0x9, 0xdc, 0xa0, 0x0, 0x9d, 0xca,
    0x0, 0x9, 0xdc, 0xa0, 0x0, 0x9d, 0xca, 0x0,
    0x9, 0xdc, 0xa0, 0x0, 0x9d, 0xcc, 0x0, 0x9,
    0xdc, 0xf5, 0x15, 0xfd, 0xce, 0xdf, 0xb9, 0xdc,
    0xa0, 0x0, 0x0, 0xca, 0x0, 0x0, 0xc, 0xa0,
    0x0, 0x0,

    /* U+00B6 "¶" */
    0x0, 0x9e, 0xff, 0x80, 0xcf, 0xff, 0xf8, 0x4f,
    0xff, 0xff, 0x87, 0xff, 0xff, 0xf8, 0x6f, 0xff,
    0xff, 0x82, 0xff, 0xff, 0xf8, 0x7, 0xff, 0xff,
    0x80, 0x3, 0x8a, 0xf8, 0x0, 0x0, 0xf, 0x80,
    0x0, 0x0, 0xf8, 0x0, 0x0, 0xf, 0x80, 0x0,
    0x0, 0xf8,

    /* U+00B7 "·" */
    0x79, 0xab,

    /* U+00B8 "¸" */
    0x7, 0x20, 0x9, 0xf2, 0x0, 0xe4, 0xd, 0x80,

    /* U+00B9 "¹" */
    0x0, 0x15, 0xb, 0xfe, 0x6, 0x7e, 0x0, 0x5e,
    0x0, 0x5e, 0x0, 0x5e, 0x0, 0x5e,

    /* U+00BA "º" */
    0x1, 0xbf, 0xc3, 0x0, 0xac, 0x39, 0xe0, 0xf,
    0x50, 0xf, 0x30, 0xf3, 0x0, 0xf4, 0xf, 0x50,
    0xf, 0x30, 0xac, 0x39, 0xe0, 0x1, 0xbf, 0xc3,
    0x0,

    /* U+00BB "»" */
    0x7, 0x2, 0x60, 0x0, 0x9a, 0xd, 0x50, 0x0,
    0xe5, 0x3f, 0x20, 0x6, 0xf1, 0xac, 0x0, 0xab,
    0xe, 0x70, 0x4e, 0x18, 0xb0, 0xd, 0x42, 0xe1,
    0x0,

    /* U+00BC "¼" */
    0x3, 0x87, 0x0, 0x0, 0x0, 0x0, 0x5e, 0xe9,
    0x0, 0x1, 0x80, 0x0, 0x0, 0xa9, 0x0, 0x9,
    0x80, 0x0, 0x0, 0xa9, 0x0, 0x3d, 0x0, 0x0,
    0x0, 0xa9, 0x0, 0xd4, 0x0, 0x0, 0x0, 0xa9,
    0x8, 0xa0, 0x6, 0x20, 0x0, 0x44, 0x2e, 0x10,
    0xbf, 0x40, 0x0, 0x0, 0xc6, 0x7, 0xae, 0x40,
    0x0, 0x6, 0xb0, 0x4c, 0xe, 0x40, 0x0, 0x1e,
    0x20, 0xdf, 0xff, 0xf2, 0x0, 0x4, 0x0, 0x12,
    0x2e, 0x60, 0x0, 0x0, 0x0, 0x0, 0xe, 0x40,

    /* U+00BD "½" */
    0x0, 0x2, 0x0, 0x0, 0x0, 0x0, 0x2a, 0xf8,
    0x0, 0x0, 0x0, 0x0, 0x47, 0xc8, 0x0, 0x9,
    0x70, 0x0, 0x0, 0xb8, 0x0, 0x3e, 0x0, 0x0,
    0x0, 0xb8, 0x0, 0xd5, 0x0, 0x0, 0x0, 0xb8,
    0x7, 0xa0, 0x0, 0x0, 0x0, 0xb8, 0x2e, 0x16,
    0xde, 0x90, 0x0, 0x11, 0xb6, 0x1f, 0x54, 0xf4,
    0x0, 0x5, 0xc0, 0x0, 0x3, 0xf2, 0x0, 0xe,
    0x30, 0x0, 0x3e, 0x50, 0x0, 0x78, 0x0, 0x5,
    0xe3, 0x0, 0x0, 0x0, 0x0, 0x1f, 0xff, 0xf8,
    0x0, 0x0, 0x0, 0x1, 0x11, 0x11,

    /* U+00BE "¾" */
    0x4, 0xce, 0x90, 0x0, 0x0, 0x0, 0xe, 0x73,
    0xe6, 0x0, 0x7, 0x0, 0x0, 0x1, 0xe5, 0x0,
    0x99, 0x0, 0x0, 0x8f, 0xc0, 0x3, 0xe1, 0x0,
    0x0, 0x0, 0xc7, 0xd, 0x50, 0x0, 0xe, 0x40,
    0xc8, 0x7a, 0x0, 0x0, 0x7, 0xff, 0xc3, 0xe1,
    0x9, 0xf0, 0x0, 0x1, 0xc, 0x60, 0x8d, 0xf0,
    0x0, 0x0, 0x6c, 0x7, 0xa3, 0xf0, 0x0, 0x1,
    0xe2, 0x2f, 0xff, 0xfc, 0x0, 0x0, 0x40, 0x2,
    0x24, 0xf1, 0x0, 0x0, 0x0, 0x0, 0x3, 0xf0,

    /* U+00BF "¿" */
    0x0, 0xd, 0x70, 0x0, 0x0, 0x84, 0x0, 0x0,
    0x0, 0x0, 0x0, 0x0, 0x85, 0x0, 0x0, 0x1f,
    0x70, 0x0, 0xa, 0xe1, 0x0, 0x8, 0xf4, 0x0,
    0x2, 0xf7, 0x0, 0x0, 0x6f, 0x0, 0x0, 0x6,
    0xf1, 0x0, 0x9d, 0x1f, 0xc5, 0x8f, 0x80, 0x4c,
    0xfe, 0x80,

    /* U+00C0 "À" */
    0x0, 0xc, 0xd0, 0x0, 0x0, 0x0, 0x0, 0x1e,
    0x70, 0x0, 0x0, 0x0, 0x0, 0x27, 0x0, 0x0,
    0x0, 0x0, 0x9, 0xf1, 0x0, 0x0, 0x0, 0x0,
    0xff, 0x60, 0x0, 0x0, 0x0, 0x5f, 0xbc, 0x0,
    0x0, 0x0, 0xb, 0xb4, 0xf2, 0x0, 0x0, 0x1,
    0xf6, 0xf, 0x80, 0x0, 0x0, 0x6f, 0x10, 0xad,
    0x0, 0x0, 0xc, 0xc0, 0x5, 0xf3, 0x0, 0x2,
    0xf7, 0x0, 0x1f, 0x90, 0x0, 0x8f, 0xff, 0xff,
    0xfe, 0x0, 0xd, 0xc3, 0x33, 0x36, 0xf5, 0x3,
    0xf5, 0x0, 0x0, 0xe, 0xa0, 0x9e, 0x0, 0x0,
    0x0, 0x8f, 0x10,

    /* U+00C1 "Á" */
    0x0, 0x0, 0x5, 0xf4, 0x0, 0x0, 0x0, 0x0,
    0xe7, 0x0, 0x0, 0x0, 0x0, 0x36, 0x0, 0x0,
    0x0, 0x0, 0x9, 0xf1, 0x0, 0x0, 0x0, 0x0,
    0xff, 0x60, 0x0, 0x0, 0x0, 0x5f, 0xbc, 0x0,
    0x0, 0x0, 0xb, 0xb4, 0xf2, 0x0, 0x0, 0x1,
    0xf6, 0xf, 0x80, 0x0, 0x0, 0x6f, 0x10, 0xad,
    0x0, 0x0, 0xc, 0xc0, 0x5, 0xf3, 0x0, 0x2,
    0xf7, 0x0, 0x1f, 0x90, 0x0, 0x8f, 0xff, 0xff,
    0xfe, 0x0, 0xd, 0xc3, 0x33, 0x36, 0xf5, 0x3,
    0xf5, 0x0, 0x0, 0xe, 0xa0, 0x9e, 0x0, 0x0,
    0x0, 0x8f, 0x10,

    /* U+00C2 "Â" */
    0x0, 0x0, 0xae, 0x30, 0x0, 0x0, 0x0, 0xa9,
    0x2d, 0x30, 0x0, 0x0, 0x0, 0x0, 0x0, 0x0,
    0x0, 0x0, 0x9, 0xf1, 0x0, 0x0, 0x0, 0x0,
    0xff, 0x60, 0x0, 0x0, 0x0, 0x5f, 0xbc, 0x0,
    0x0, 0x0, 0xb, 0xb4, 0xf2, 0x0, 0x0, 0x1,
    0xf6, 0xf, 0x80, 0x0, 0x0, 0x6f, 0x10, 0xad,
    0x0, 0x0, 0xc, 0xc0, 0x5, 0xf3, 0x0, 0x2,
    0xf7, 0x0, 0x1f, 0x90, 0x0, 0x8f, 0xff, 0xff,
    0xfe, 0x0, 0xd, 0xc3, 0x33, 0x36, 0xf5, 0x3,
    0xf5, 0x0, 0x0, 0xe, 0xa0, 0x9e, 0x0, 0x0,
    0x0, 0x8f, 0x10,

    /* U+00C3 "Ã" */
    0x0, 0x0, 0x0, 0x0, 0x0, 0x0, 0x0, 0xbe,
    0x42, 0xf0, 0x0, 0x0, 0x6b, 0x4d, 0xf8, 0x0,
    0x0, 0x1, 0x10, 0x1, 0x0, 0x0, 0x0, 0x0,
    0x9f, 0x10, 0x0, 0x0, 0x0, 0xf, 0xf6, 0x0,
    0x0, 0x0, 0x5, 0xfb, 0xc0, 0x0, 0x0, 0x0,
    0xbb, 0x4f, 0x20, 0x0, 0x0, 0x1f, 0x60, 0xf8,
    0x0, 0x0, 0x6, 0xf1, 0xa, 0xd0, 0x0, 0x0,
    0xcc, 0x0, 0x5f, 0x30, 0x0, 0x2f, 0x70, 0x1,
    0xf9, 0x0, 0x8, 0xff, 0xff, 0xff, 0xe0, 0x0,
    0xdc, 0x33, 0x33, 0x6f, 0x50, 0x3f, 0x50, 0x0,
    0x0, 0xea, 0x9, 0xe0, 0x0, 0x0, 0x8, 0xf1,

    /* U+00C4 "Ä" */
    0x0, 0x19, 0x20, 0x76, 0x0, 0x0, 0x2, 0xe4,
    0xb, 0x90, 0x0, 0x0, 0x0, 0x0, 0x0, 0x0,
    0x0, 0x0, 0x9, 0xf1, 0x0, 0x0, 0x0, 0x0,
    0xff, 0x60, 0x0, 0x0, 0x0, 0x5f, 0xbc, 0x0,
    0x0, 0x0, 0xb, 0xb4, 0xf2, 0x0, 0x0, 0x1,
    0xf6, 0xf, 0x80, 0x0, 0x0, 0x6f, 0x10, 0xad,
    0x0, 0x0, 0xc, 0xc0, 0x5, 0xf3, 0x0, 0x2,
    0xf7, 0x0, 0x1f, 0x90, 0x0, 0x8f, 0xff, 0xff,
    0xfe, 0x0, 0xd, 0xc3, 0x33, 0x36, 0xf5, 0x3,
    0xf5, 0x0, 0x0, 0xe, 0xa0, 0x9e, 0x0, 0x0,
    0x0, 0x8f, 0x10,

    /* U+00C5 "Å" */
    0x0, 0x0, 0x9b, 0x30, 0x0, 0x0, 0x0, 0x58,
    0xc, 0x0, 0x0, 0x0, 0x5, 0x70, 0xc0, 0x0,
    0x0, 0x0, 0x9, 0xb4, 0x0, 0x0, 0x0, 0x0,
    0x9f, 0x10, 0x0, 0x0, 0x0, 0xf, 0xf6, 0x0,
    0x0, 0x0, 0x5, 0xfb, 0xc0, 0x0, 0x0, 0x0,
    0xbb, 0x4f, 0x20, 0x0, 0x0, 0x1f, 0x60, 0xf8,
    0x0, 0x0, 0x6, 0xf1, 0xa, 0xd0, 0x0, 0x0,
    0xcc, 0x0, 0x5f, 0x30, 0x0, 0x2f, 0x70, 0x1,
    0xf9, 0x0, 0x8, 0xff, 0xff, 0xff, 0xe0, 0x0,
    0xdc, 0x33, 0x33, 0x6f, 0x50, 0x3f, 0x50, 0x0,
    0x0, 0xea, 0x9, 0xe0, 0x0, 0x0, 0x8, 0xf1,

    /* U+00C6 "Æ" */
    0x0, 0x0, 0x0, 0x8, 0xff, 0xff, 0xff, 0xf3,
    0x0, 0x0, 0x0, 0x2f, 0xfd, 0x33, 0x33, 0x30,
    0x0, 0x0, 0x0, 0xad, 0x9d, 0x0, 0x0, 0x0,
    0x0, 0x0, 0x3, 0xf5, 0x8e, 0x0, 0x0, 0x0,
    0x0, 0x0, 0xc, 0xd0, 0x8e, 0x0, 0x0, 0x0,
    0x0, 0x0, 0x6f, 0x40, 0x7f, 0xff, 0xff, 0x90,
    0x0, 0x0, 0xec, 0x0, 0x7f, 0x33, 0x33, 0x10,
    0x0, 0x8, 0xf5, 0x11, 0x7f, 0x0, 0x0, 0x0,
    0x0, 0x2f, 0xff, 0xff, 0xff, 0x10, 0x0, 0x0,
    0x0, 0xaf, 0x54, 0x44, 0x8f, 0x10, 0x0, 0x0,
    0x4, 0xf8, 0x0, 0x0, 0x4f, 0x53, 0x33, 0x32,
    0xd, 0xe0, 0x0, 0x0, 0x3f, 0xff, 0xff, 0xfb,

    /* U+00C7 "Ç" */
    0x0, 0x8, 0xdf, 0xe8, 0x0, 0x0, 0xce, 0x75,
    0x7f, 0xb0, 0x6, 0xf3, 0x0, 0x4, 0xf5, 0xc,
    0xb0, 0x0, 0x0, 0xd8, 0xf, 0x80, 0x0, 0x0,
    0x0, 0xf, 0x70, 0x0, 0x0, 0x0, 0xf, 0x70,
    0x0, 0x0, 0x0, 0xf, 0x80, 0x0, 0x0, 0x0,
    0xd, 0xb0, 0x0, 0x0, 0xc7, 0x7, 0xf3, 0x0,
    0x4, 0xf5, 0x0, 0xce, 0x74, 0x7e, 0xb0, 0x0,
    0x9, 0xef, 0xd7, 0x0, 0x0, 0x0, 0x4e, 0x60,
    0x0, 0x0, 0x0, 0x4, 0xe0, 0x0, 0x0, 0x0,
    0x5d, 0x60, 0x0,

    /* U+00C8 "È" */
    0x2, 0xe8, 0x0, 0x0, 0x0, 0x2e, 0x40, 0x0,
    0x0, 0x0, 0x0, 0x0, 0xaf, 0xff, 0xff, 0xf7,
    0xae, 0x44, 0x44, 0x42, 0xad, 0x0, 0x0, 0x0,
    0xad, 0x0, 0x0, 0x0, 0xad, 0x0, 0x0, 0x0,
    0xaf, 0xff, 0xff, 0xc0, 0xad, 0x33, 0x33, 0x20,
    0xad, 0x0, 0x0, 0x0, 0xad, 0x0, 0x0, 0x0,
    0xad, 0x0, 0x0, 0x0, 0xae, 0x44, 0x44, 0x42,
    0xaf, 0xff, 0xff, 0xf8,

    /* U+00C9 "É" */
    0x0, 0x0, 0xcb, 0x0, 0x0, 0x9, 0xb0, 0x0,
    0x0, 0x0, 0x0, 0x0, 0xaf, 0xff, 0xff, 0xf7,
    0xae, 0x44, 0x44, 0x42, 0xad, 0x0, 0x0, 0x0,
    0xad, 0x0, 0x0, 0x0, 0xad, 0x0, 0x0, 0x0,
    0xaf, 0xff, 0xff, 0xc0, 0xad, 0x33, 0x33, 0x20,
    0xad, 0x0, 0x0, 0x0, 0xad, 0x0, 0x0, 0x0,
    0xad, 0x0, 0x0, 0x0, 0xae, 0x44, 0x44, 0x42,
    0xaf, 0xff, 0xff, 0xf8,

    /* U+00CA "Ê" */
    0x0, 0x2e, 0xb0, 0x0, 0x2, 0xd3, 0x7b, 0x0,
    0x0, 0x0, 0x0, 0x0, 0xaf, 0xff, 0xff, 0xf7,
    0xae, 0x44, 0x44, 0x42, 0xad, 0x0, 0x0, 0x0,
    0xad, 0x0, 0x0, 0x0, 0xad, 0x0, 0x0, 0x0,
    0xaf, 0xff, 0xff, 0xc0, 0xad, 0x33, 0x33, 0x20,
    0xad, 0x0, 0x0, 0x0, 0xad, 0x0, 0x0, 0x0,
    0xad, 0x0, 0x0, 0x0, 0xae, 0x44, 0x44, 0x42,
    0xaf, 0xff, 0xff, 0xf8,

    /* U+00CB "Ë" */
    0x4, 0x80, 0x1a, 0x10, 0x7, 0xd0, 0x2e, 0x30,
    0x0, 0x0, 0x0, 0x0, 0xaf, 0xff, 0xff, 0xf7,
    0xae, 0x44, 0x44, 0x42, 0xad, 0x0, 0x0, 0x0,
    0xad, 0x0, 0x0, 0x0, 0xad, 0x0, 0x0, 0x0,
    0xaf, 0xff, 0xff, 0xc0, 0xad, 0x33, 0x33, 0x20,
    0xad, 0x0, 0x0, 0x0, 0xad, 0x0, 0x0, 0x0,
    0xad, 0x0, 0x0, 0x0, 0xae, 0x44, 0x44, 0x42,
    0xaf, 0xff, 0xff, 0xf8,

    /* U+00CC "Ì" */
    0xb, 0xd0, 0x0, 0xb, 0xa0, 0x0, 0x0, 0x0,
    0x9, 0xf0, 0x0, 0x9f, 0x0, 0x9, 0xf0, 0x0,
    0x9f, 0x0, 0x9, 0xf0, 0x0, 0x9f, 0x0, 0x9,
    0xf0, 0x0, 0x9f, 0x0, 0x9, 0xf0, 0x0, 0x9f,
    0x0, 0x9, 0xf0, 0x0, 0x9f, 0x0,

    /* U+00CD "Í" */
    0x7, 0xe3, 0x4e, 0x20, 0x0, 0x0, 0x9f, 0x0,
    0x9f, 0x0, 0x9f, 0x0, 0x9f, 0x0, 0x9f, 0x0,
    0x9f, 0x0, 0x9f, 0x0, 0x9f, 0x0, 0x9f, 0x0,
    0x9f, 0x0, 0x9f, 0x0, 0x9f, 0x0,

    /* U+00CE "Î" */
    0x0, 0xbe, 0x20, 0xb, 0x83, 0xd2, 0x0, 0x0,
    0x0, 0x0, 0x9f, 0x0, 0x0, 0x9f, 0x0, 0x0,
    0x9f, 0x0, 0x0, 0x9f, 0x0, 0x0, 0x9f, 0x0,
    0x0, 0x9f, 0x0, 0x0, 0x9f, 0x0, 0x0, 0x9f,
    0x0, 0x0, 0x9f, 0x0, 0x0, 0x9f, 0x0, 0x0,
    0x9f, 0x0, 0x0, 0x9f, 0x0,

    /* U+00CF "Ï" */
    0x19, 0x10, 0x85, 0x3e, 0x30, 0xc8, 0x0, 0x0,
    0x0, 0x0, 0x9f, 0x0, 0x0, 0x9f, 0x0, 0x0,
    0x9f, 0x0, 0x0, 0x9f, 0x0, 0x0, 0x9f, 0x0,
    0x0, 0x9f, 0x0, 0x0, 0x9f, 0x0, 0x0, 0x9f,
    0x0, 0x0, 0x9f, 0x0, 0x0, 0x9f, 0x0, 0x0,
    0x9f, 0x0, 0x0, 0x9f, 0x0,

    /* U+00D0 "Ð" */
    0x7, 0xff, 0xfe, 0xa3, 0x0, 0x7, 0xf5, 0x46,
    0xbf, 0x50, 0x7, 0xf1, 0x0, 0xa, 0xe1, 0x7,
    0xf1, 0x0, 0x1, 0xf6, 0x7, 0xf1, 0x0, 0x0,
    0xda, 0xff, 0xff, 0xf0, 0x0, 0xbc, 0x38, 0xf4,
    0x30, 0x0, 0xbc, 0x7, 0xf1, 0x0, 0x0, 0xda,
    0x7, 0xf1, 0x0, 0x1, 0xf7, 0x7, 0xf1, 0x0,
    0xa, 0xf1, 0x7, 0xf4, 0x45, 0xbf, 0x50, 0x7,
    0xff, 0xfe, 0xa3, 0x0,

    /* U+00D1 "Ñ" */
    0x0, 0x0, 0x0, 0x0, 0x0, 0x0, 0x6e, 0x90,
    0xb6, 0x0, 0x0, 0xf4, 0x8f, 0xd1, 0x0, 0x0,
    0x20, 0x1, 0x0, 0x0, 0xaf, 0x20, 0x0, 0x6,
    0xf1, 0xaf, 0xc0, 0x0, 0x6, 0xf1, 0xaf, 0xf6,
    0x0, 0x6, 0xf1, 0xad, 0xbe, 0x10, 0x6, 0xf1,
    0xad, 0x2f, 0x90, 0x6, 0xf1, 0xad, 0x7, 0xf3,
    0x6, 0xf1, 0xad, 0x0, 0xdd, 0x6, 0xf1, 0xad,
    0x0, 0x3f, 0x76, 0xf1, 0xad, 0x0, 0x9, 0xf8,
    0xf1, 0xad, 0x0, 0x1, 0xef, 0xf1, 0xad, 0x0,
    0x0, 0x5f, 0xf1, 0xad, 0x0, 0x0, 0xb, 0xf1,

    /* U+00D2 "Ò" */
    0x0, 0x5, 0x70, 0x0, 0x0, 0x0, 0x0, 0x2f,
    0x60, 0x0, 0x0, 0x0, 0x0, 0x4e, 0x10, 0x0,
    0x0, 0x0, 0x0, 0x0, 0x0, 0x0, 0x0, 0x7,
    0xdf, 0xd7, 0x0, 0x0, 0xb, 0xf8, 0x58, 0xfb,
    0x0, 0x6, 0xf4, 0x0, 0x4, 0xf6, 0x0, 0xcc,
    0x0, 0x0, 0xc, 0xc0, 0xf, 0x80, 0x0, 0x0,
    0x8f, 0x0, 0xf7, 0x0, 0x0, 0x7, 0xf0, 0x1f,
    0x70, 0x0, 0x0, 0x7f, 0x0, 0xf8, 0x0, 0x0,
    0x8, 0xf0, 0xc, 0xc0, 0x0, 0x0, 0xbc, 0x0,
    0x6f, 0x40, 0x0, 0x3f, 0x60, 0x0, 0xbf, 0x85,
    0x8f, 0xc0, 0x0, 0x0, 0x7d, 0xfd, 0x80, 0x0,

    /* U+00D3 "Ó" */
    0x0, 0x0, 0x0, 0x76, 0x0, 0x0, 0x0, 0x0,
    0x5f, 0x30, 0x0, 0x0, 0x0, 0x1e, 0x50, 0x0,
    0x0, 0x0, 0x0, 0x0, 0x0, 0x0, 0x0, 0x7,
    0xdf, 0xd7, 0x0, 0x0, 0xb, 0xf8, 0x58, 0xfb,
    0x0, 0x6, 0xf4, 0x0, 0x4, 0xf6, 0x0, 0xcc,
    0x0, 0x0, 0xc, 0xc0, 0xf, 0x80, 0x0, 0x0,
    0x8f, 0x0, 0xf7, 0x0, 0x0, 0x7, 0xf0, 0x1f,
    0x70, 0x0, 0x0, 0x7f, 0x0, 0xf8, 0x0, 0x0,
    0x8, 0xf0, 0xc, 0xc0, 0x0, 0x0, 0xbc, 0x0,
    0x6f, 0x40, 0x0, 0x3f, 0x60, 0x0, 0xbf, 0x85,
    0x8f, 0xc0, 0x0, 0x0, 0x7d, 0xfd, 0x80, 0x0,

    /* U+00D4 "Ô" */
    0x0, 0x0, 0x17, 0x10, 0x0, 0x0, 0x0, 0xb,
    0xdb, 0x0, 0x0, 0x0, 0x8, 0xb0, 0xb8, 0x0,
    0x0, 0x0, 0x0, 0x0, 0x0, 0x0, 0x0, 0x7,
    0xdf, 0xd7, 0x0, 0x0, 0xb, 0xf8, 0x58, 0xfb,
    0x0, 0x6, 0xf4, 0x0, 0x4, 0xf6, 0x0, 0xcc,
    0x0, 0x0, 0xc, 0xc0, 0xf, 0x80, 0x0, 0x0,
    0x8f, 0x0, 0xf7, 0x0, 0x0, 0x7, 0xf0, 0x1f,
    0x70, 0x0, 0x0, 0x7f, 0x0, 0xf8, 0x0, 0x0,
    0x8, 0xf0, 0xc, 0xc0, 0x0, 0x0, 0xbc, 0x0,
    0x6f, 0x40, 0x0, 0x3f, 0x60, 0x0, 0xbf, 0x85,
    0x8f, 0xc0, 0x0, 0x0, 0x7d, 0xfd, 0x80, 0x0,

    /* U+00D5 "Õ" */
    0x0, 0x0, 0x0, 0x0, 0x0, 0x0, 0x0, 0x8e,
    0x70, 0xd3, 0x0, 0x0, 0x2e, 0x3a, 0xfc, 0x0,
    0x0, 0x0, 0x10, 0x1, 0x0, 0x0, 0x0, 0x7,
    0xdf, 0xd7, 0x0, 0x0, 0xb, 0xf8, 0x58, 0xfb,
    0x0, 0x6, 0xf4, 0x0, 0x4, 0xf6, 0x0, 0xcc,
    0x0, 0x0, 0xc, 0xc0, 0xf, 0x80, 0x0, 0x0,
    0x8f, 0x0, 0xf7, 0x0, 0x0, 0x7, 0xf0, 0x1f,
    0x70, 0x0, 0x0, 0x7f, 0x0, 0xf8, 0x0, 0x0,
    0x8, 0xf0, 0xc, 0xc0, 0x0, 0x0, 0xbc, 0x0,
    0x6f, 0x40, 0x0, 0x3f, 0x60, 0x0, 0xbf, 0x85,
    0x8f, 0xc0, 0x0, 0x0, 0x7d, 0xfd, 0x80, 0x0,

    /* U+00D6 "Ö" */
    0x0, 0x8, 0x50, 0x49, 0x0, 0x0, 0x0, 0xc8,
    0x7, 0xd0, 0x0, 0x0, 0x0, 0x0, 0x0, 0x0,
    0x0, 0x0, 0x7d, 0xfd, 0x70, 0x0, 0x0, 0xbf,
    0x85, 0x8f, 0xb0, 0x0, 0x6f, 0x40, 0x0, 0x4f,
    0x60, 0xc, 0xc0, 0x0, 0x0, 0xcc, 0x0, 0xf8,
    0x0, 0x0, 0x8, 0xf0, 0xf, 0x70, 0x0, 0x0,
    0x7f, 0x1, 0xf7, 0x0, 0x0, 0x7, 0xf0, 0xf,
    0x80, 0x0, 0x0, 0x8f, 0x0, 0xcc, 0x0, 0x0,
    0xb, 0xc0, 0x6, 0xf4, 0x0, 0x3, 0xf6, 0x0,
    0xb, 0xf8, 0x58, 0xfc, 0x0, 0x0, 0x7, 0xdf,
    0xd8, 0x0, 0x0,

    /* U+00D7 "×" */
    0x0, 0x0, 0x0, 0x0, 0x1d, 0x40, 0x0, 0xc6,
    0xa, 0xf3, 0xc, 0xe2, 0x0, 0xbf, 0xcf, 0x30,
    0x0, 0xe, 0xf6, 0x0, 0x0, 0x9f, 0xde, 0x20,
    0x8, 0xf5, 0x1d, 0xd1, 0x1e, 0x60, 0x1, 0xd7,
    0x1, 0x0, 0x0, 0x10,

    /* U+00D8 "Ø" */
    0x0, 0x7, 0xdf, 0xd8, 0x4d, 0x0, 0xb, 0xf8,
    0x69, 0xff, 0x30, 0x6, 0xf4, 0x0, 0x9, 0xf6,
    0x0, 0xcc, 0x0, 0x3, 0xdc, 0xc0, 0xf, 0x80,
    0x0, 0xc4, 0x8f, 0x0, 0xf7, 0x0, 0x6b, 0x7,
    0xf1, 0xf, 0x70, 0x1e, 0x10, 0x7f, 0x0, 0xf8,
    0x9, 0x70, 0x8, 0xf0, 0xc, 0xc3, 0xd0, 0x0,
    0xbc, 0x0, 0x6f, 0xe4, 0x0, 0x3f, 0x60, 0x0,
    0xcf, 0x85, 0x8f, 0xc0, 0x0, 0x2e, 0x8d, 0xfd,
    0x80, 0x0, 0x4, 0x40, 0x0, 0x0, 0x0, 0x0,

    /* U+00D9 "Ù" */
    0x0, 0xbd, 0x0, 0x0, 0x0, 0x0, 0xaa, 0x0,
    0x0, 0x0, 0x0, 0x0, 0x0, 0xe, 0x90, 0x0,
    0x2, 0xf5, 0xe9, 0x0, 0x0, 0x2f, 0x5e, 0x90,
    0x0, 0x2, 0xf5, 0xe9, 0x0, 0x0, 0x2f, 0x5e,
    0x90, 0x0, 0x2, 0xf5, 0xe9, 0x0, 0x0, 0x2f,
    0x5e, 0x90, 0x0, 0x2, 0xf5, 0xe9, 0x0, 0x0,
    0x2f, 0x5d, 0xa0, 0x0, 0x3, 0xf4, 0xae, 0x0,
    0x0, 0x8f, 0x13, 0xfc, 0x65, 0x9f, 0x80, 0x3,
    0xbf, 0xfc, 0x60, 0x0,

    /* U+00DA "Ú" */
    0x0, 0x0, 0x7e, 0x30, 0x0, 0x0, 0x3e, 0x20,
    0x0, 0x0, 0x0, 0x0, 0x0, 0xe, 0x90, 0x0,
    0x2, 0xf5, 0xe9, 0x0, 0x0, 0x2f, 0x5e, 0x90,
    0x0, 0x2, 0xf5, 0xe9, 0x0, 0x0, 0x2f, 0x5e,
    0x90, 0x0, 0x2, 0xf5, 0xe9, 0x0, 0x0, 0x2f,
    0x5e, 0x90, 0x0, 0x2, 0xf5, 0xe9, 0x0, 0x0,
    0x2f, 0x5d, 0xa0, 0x0, 0x3, 0xf4, 0xae, 0x0,
    0x0, 0x8f, 0x13, 0xfc, 0x65, 0x9f, 0x80, 0x3,
    0xbf, 0xfc, 0x60, 0x0,

    /* U+00DB "Û" */
    0x0, 0xb, 0xe3, 0x0, 0x0, 0xb, 0x82, 0xd2,
    0x0, 0x0, 0x0, 0x0, 0x0, 0xe, 0x90, 0x0,
    0x2, 0xf5, 0xe9, 0x0, 0x0, 0x2f, 0x5e, 0x90,
    0x0, 0x2, 0xf5, 0xe9, 0x0, 0x0, 0x2f, 0x5e,
    0x90, 0x0, 0x2, 0xf5, 0xe9, 0x0, 0x0, 0x2f,
    0x5e, 0x90, 0x0, 0x2, 0xf5, 0xe9, 0x0, 0x0,
    0x2f, 0x5d, 0xa0, 0x0, 0x3, 0xf4, 0xae, 0x0,
    0x0, 0x8f, 0x13, 0xfc, 0x65, 0x9f, 0x80, 0x3,
    0xbf, 0xfc, 0x60, 0x0,

    /* U+00DC "Ü" */
    0x1, 0x92, 0x8, 0x50, 0x0, 0x2e, 0x30, 0xb9,
    0x0, 0x0, 0x0, 0x0, 0x0, 0xe, 0x90, 0x0,
    0x2, 0xf5, 0xe9, 0x0, 0x0, 0x2f, 0x5e, 0x90,
    0x0, 0x2, 0xf5, 0xe9, 0x0, 0x0, 0x2f, 0x5e,
    0x90, 0x0, 0x2, 0xf5, 0xe9, 0x0, 0x0, 0x2f,
    0x5e, 0x90, 0x0, 0x2, 0xf5, 0xe9, 0x0, 0x0,
    0x2f, 0x5d, 0xa0, 0x0, 0x3, 0xf4, 0xae, 0x0,
    0x0, 0x8f, 0x13, 0xfc, 0x65, 0x9f, 0x80, 0x3,
    0xbf, 0xfc, 0x60, 0x0,

    /* U+00DD "Ý" */
    0x0, 0x0, 0xc, 0xd0, 0x0, 0x0, 0x0, 0x5e,
    0x10, 0x0, 0x0, 0x0, 0x63, 0x0, 0x0, 0x9f,
    0x10, 0x0, 0x7, 0xf3, 0x1f, 0x90, 0x0, 0xe,
    0xa0, 0x9, 0xf1, 0x0, 0x7f, 0x20, 0x1, 0xf9,
    0x0, 0xea, 0x0, 0x0, 0x8f, 0x17, 0xf2, 0x0,
    0x0, 0x1f, 0x9e, 0x90, 0x0, 0x0, 0x7, 0xff,
    0x10, 0x0, 0x0, 0x0, 0xf9, 0x0, 0x0, 0x0,
    0x0, 0xf8, 0x0, 0x0, 0x0, 0x0, 0xf8, 0x0,
    0x0, 0x0, 0x0, 0xf8, 0x0, 0x0, 0x0, 0x0,
    0xf8, 0x0, 0x0,

    /* U+00DE "Þ" */
    0xbc, 0x0, 0x0, 0x0, 0xbc, 0x0, 0x0, 0x0,
    0xbc, 0x0, 0x0, 0x0, 0xbf, 0xff, 0xfc, 0x40,
    0xbc, 0x33, 0x4b, 0xf4, 0xbc, 0x0, 0x0, 0xda,
    0xbc, 0x0, 0x0, 0xca, 0xbc, 0x0, 0x17, 0xf5,
    0xbf, 0xff, 0xfe, 0x70, 0xbc, 0x33, 0x20, 0x0,
    0xbc, 0x0, 0x0, 0x0, 0xbc, 0x0, 0x0, 0x0,

    /* U+00DF "ß" */
    0x8, 0xef, 0xb2, 0x0, 0x7f, 0x74, 0xcd, 0x0,
    0xca, 0x0, 0x5f, 0x10, 0xe8, 0x0, 0x7e, 0x0,
    0xe8, 0x0, 0xe8, 0x0, 0xe8, 0x4, 0xf2, 0x0,
    0xe8, 0x2, 0xf8, 0x0, 0xe8, 0x0, 0x6f, 0xa0,
    0xe8, 0x0, 0x4, 0xf8, 0xe8, 0x0, 0x0, 0xac,
    0xe8, 0x25, 0x13, 0xe9, 0xe8, 0x4d, 0xfe, 0x90,

    /* U+00E0 "à" */
    0x0, 0x6f, 0x30, 0x0, 0x0, 0x6, 0xe1, 0x0,
    0x0, 0x0, 0x0, 0x0, 0x0, 0x9e, 0xfd, 0x50,
    0xb, 0xe5, 0x48, 0xf2, 0x4, 0x20, 0x0, 0xe7,
    0x0, 0x7c, 0xef, 0xf8, 0x9, 0xe5, 0x22, 0xe8,
    0xf, 0x60, 0x0, 0xe8, 0x1f, 0x60, 0x2, 0xf8,
    0xc, 0xe6, 0x6e, 0xf9, 0x2, 0xbf, 0xe6, 0xa9,

    /* U+00E1 "á" */
    0x0, 0x0, 0x2f, 0x70, 0x0, 0x0, 0xd7, 0x0,
    0x0, 0x0, 0x0, 0x0, 0x0, 0x9e, 0xfd, 0x50,
    0xb, 0xe5, 0x48, 0xf2, 0x4, 0x20, 0x0, 0xe7,
    0x0, 0x7c, 0xef, 0xf8, 0x9, 0xe5, 0x22, 0xe8,
    0xf, 0x60, 0x0, 0xe8, 0x1f, 0x60, 0x2, 0xf8,
    0xc, 0xe6, 0x6e, 0xf9, 0x2, 0xbf, 0xe6, 0xa9,

    /* U+00E2 "â" */
    0x0, 0x6, 0xf7, 0x0, 0x0, 0x6b, 0x1a, 0x60,
    0x0, 0x0, 0x0, 0x0, 0x0, 0x9e, 0xfd, 0x50,
    0xb, 0xe5, 0x48, 0xf2, 0x4, 0x20, 0x0, 0xe7,
    0x0, 0x7c, 0xef, 0xf8, 0x9, 0xe5, 0x22, 0xe8,
    0xf, 0x60, 0x0, 0xe8, 0x1f, 0x60, 0x2, 0xf8,
    0xc, 0xe6, 0x6e, 0xf9, 0x2, 0xbf, 0xe6, 0xa9,

    /* U+00E3 "ã" */
    0x0, 0x0, 0x0, 0x10, 0x0, 0xcf, 0xff, 0xe2,
    0x0, 0x22, 0x22, 0x0, 0x0, 0x0, 0x0, 0x0,
    0x0, 0x9e, 0xfd, 0x50, 0xb, 0xe5, 0x48, 0xf2,
    0x4, 0x20, 0x0, 0xe7, 0x0, 0x7c, 0xef, 0xf8,
    0x9, 0xe5, 0x22, 0xe8, 0xf, 0x60, 0x0, 0xe8,
    0x1f, 0x60, 0x2, 0xf8, 0xc, 0xe6, 0x6e, 0xf9,
    0x2, 0xbf, 0xe6, 0xa9,

    /* U+00E4 "ä" */
    0x0, 0xc8, 0x6, 0xd0, 0x0, 0x85, 0x4, 0x90,
    0x0, 0x0, 0x0, 0x0, 0x0, 0x9e, 0xfd, 0x50,
    0xb, 0xe5, 0x48, 0xf2, 0x4, 0x20, 0x0, 0xe7,
    0x0, 0x7c, 0xef, 0xf8, 0x9, 0xe5, 0x22, 0xe8,
    0xf, 0x60, 0x0, 0xe8, 0x1f, 0x60, 0x2, 0xf8,
    0xc, 0xe6, 0x6e, 0xf9, 0x2, 0xbf, 0xe6, 0xa9,

    /* U+00E5 "å" */
    0x0, 0x6, 0xb7, 0x0, 0x0, 0xc, 0xb, 0x10,
    0x0, 0xc, 0xa, 0x10, 0x0, 0x6, 0xb7, 0x0,
    0x0, 0x0, 0x0, 0x0, 0x0, 0x9e, 0xfd, 0x50,
    0xb, 0xe5, 0x48, 0xf2, 0x4, 0x20, 0x0, 0xe7,
    0x0, 0x7c, 0xef, 0xf8, 0x9, 0xe5, 0x22, 0xe8,
    0xf, 0x60, 0x0, 0xe8, 0x1f, 0x60, 0x2, 0xf8,
    0xc, 0xe6, 0x6e, 0xf9, 0x2, 0xbf, 0xe6, 0xa9,

    /* U+00E6 "æ" */
    0x1, 0x9e, 0xfb, 0x24, 0xdf, 0xd6, 0x0, 0xce,
    0x64, 0xde, 0xfa, 0x48, 0xf4, 0x1d, 0x50, 0x4,
    0xfc, 0x0, 0xb, 0xb0, 0x0, 0x0, 0x2f, 0x70,
    0x0, 0x8e, 0x3, 0xbe, 0xff, 0xff, 0xff, 0xff,
    0xf2, 0xfb, 0x32, 0x4f, 0x72, 0x22, 0x22, 0x5f,
    0x10, 0x2, 0xfa, 0x0, 0x0, 0x2, 0xf9, 0x46,
    0xdd, 0xf9, 0x44, 0x98, 0x6, 0xdf, 0xd8, 0x4,
    0xcf, 0xeb, 0x30,

    /* U+00E7 "ç" */
    0x0, 0x6d, 0xfd, 0x50, 0x7, 0xf8, 0x49, 0xf4,
    0xe, 0x90, 0x0, 0xbb, 0x3f, 0x40, 0x0, 0x12,
    0x4f, 0x20, 0x0, 0x0, 0x3f, 0x40, 0x0, 0x0,
    0xf, 0x80, 0x0, 0x9a, 0x7, 0xf7, 0x48, 0xf5,
    0x0, 0x7e, 0xfd, 0x50, 0x0, 0x6, 0xd4, 0x0,
    0x0, 0x0, 0x6c, 0x0, 0x0, 0x7, 0xd4, 0x0,

    /* U+00E8 "è" */
    0x0, 0x8f, 0x20, 0x0, 0x0, 0x8, 0xd0, 0x0,
    0x0, 0x0, 0x0, 0x0, 0x0, 0x5d, 0xfd, 0x40,
    0x5, 0xf8, 0x4a, 0xf2, 0xe, 0xa0, 0x0, 0xd9,
    0x2f, 0x50, 0x0, 0x9d, 0x4f, 0xff, 0xff, 0xfe,
    0x3f, 0x63, 0x33, 0x33, 0xf, 0x80, 0x0, 0x10,
    0x6, 0xf8, 0x45, 0xd8, 0x0, 0x6d, 0xfe, 0x80,

    /* U+00E9 "é" */
    0x0, 0x0, 0x4f, 0x50, 0x0, 0x1, 0xe5, 0x0,
    0x0, 0x0, 0x0, 0x0, 0x0, 0x5d, 0xfd, 0x40,
    0x5, 0xf8, 0x4a, 0xf2, 0xe, 0xa0, 0x0, 0xd9,
    0x2f, 0x50, 0x0, 0x9d, 0x4f, 0xff, 0xff, 0xfe,
    0x3f, 0x63, 0x33, 0x33, 0xf, 0x80, 0x0, 0x10,
    0x6, 0xf8, 0x45, 0xd8, 0x0, 0x6d, 0xfe, 0x80,

    /* U+00EA "ê" */
    0x0, 0x8, 0xf5, 0x0, 0x0, 0x8a, 0x1b, 0x40,
    0x0, 0x0, 0x0, 0x0, 0x0, 0x5d, 0xfd, 0x40,
    0x5, 0xf8, 0x4a, 0xf2, 0xe, 0xa0, 0x0, 0xd9,
    0x2f, 0x50, 0x0, 0x9d, 0x4f, 0xff, 0xff, 0xfe,
    0x3f, 0x63, 0x33, 0x33, 0xf, 0x80, 0x0, 0x10,
    0x6, 0xf8, 0x45, 0xd8, 0x0, 0x6d, 0xfe, 0x80,

    /* U+00EB "ë" */
    0x0, 0xd6, 0x8, 0xc0, 0x0, 0x94, 0x5, 0x80,
    0x0, 0x0, 0x0, 0x0, 0x0, 0x5d, 0xfd, 0x40,
    0x5, 0xf8, 0x4a, 0xf2, 0xe, 0xa0, 0x0, 0xd9,
    0x2f, 0x50, 0x0, 0x9d, 0x4f, 0xff, 0xff, 0xfe,
    0x3f, 0x63, 0x33, 0x33, 0xf, 0x80, 0x0, 0x10,
    0x6, 0xf8, 0x45, 0xd8, 0x0, 0x6d, 0xfe, 0x80,

    /* U+00EC "ì" */
    0x1d, 0xa0, 0x1, 0xc6, 0x0, 0x0, 0x0, 0xca,
    0x0, 0xca, 0x0, 0xca, 0x0, 0xca, 0x0, 0xca,
    0x0, 0xca, 0x0, 0xca, 0x0, 0xca, 0x0, 0xca,

    /* U+00ED "í" */
    0xb, 0xc1, 0x6b, 0x0, 0x0, 0x0, 0xca, 0x0,
    0xca, 0x0, 0xca, 0x0, 0xca, 0x0, 0xca, 0x0,
    0xca, 0x0, 0xca, 0x0, 0xca, 0x0, 0xca, 0x0,

    /* U+00EE "î" */
    0x2, 0xdc, 0x10, 0x1b, 0x44, 0xb0, 0x0, 0x0,
    0x0, 0x0, 0xca, 0x0, 0x0, 0xca, 0x0, 0x0,
    0xca, 0x0, 0x0, 0xca, 0x0, 0x0, 0xca, 0x0,
    0x0, 0xca, 0x0, 0x0, 0xca, 0x0, 0x0, 0xca,
    0x0, 0x0, 0xca, 0x0,

    /* U+00EF "ï" */
    0x5e, 0x1, 0xe5, 0x39, 0x0, 0x93, 0x0, 0x0,
    0x0, 0x0, 0xca, 0x0, 0x0, 0xca, 0x0, 0x0,
    0xca, 0x0, 0x0, 0xca, 0x0, 0x0, 0xca, 0x0,
    0x0, 0xca, 0x0, 0x0, 0xca, 0x0, 0x0, 0xca,
    0x0, 0x0, 0xca, 0x0,

    /* U+00F0 "ð" */
    0x0, 0xa9, 0x20, 0x11, 0x0, 0x8, 0xef, 0x8e,
    0x60, 0x0, 0x1, 0xdf, 0xa0, 0x0, 0x0, 0xca,
    0x9f, 0x40, 0x0, 0x2, 0x0, 0xdb, 0x0, 0x5,
    0xdf, 0xca, 0xf1, 0x4, 0xfa, 0x45, 0xcf, 0x40,
    0xcc, 0x0, 0x2, 0xf5, 0xf, 0x80, 0x0, 0x1f,
    0x50, 0xf8, 0x0, 0x3, 0xf4, 0xc, 0xc0, 0x0,
    0x8f, 0x0, 0x3f, 0xa4, 0x7f, 0x70, 0x0, 0x4c,
    0xfd, 0x60, 0x0,

    /* U+00F1 "ñ" */
    0x0, 0x0, 0x1, 0x0, 0x9f, 0x70, 0xe2, 0x2e,
    0x3b, 0xfb, 0x0, 0x10, 0x1, 0x0, 0xe8, 0x9e,
    0xe9, 0xe, 0xfa, 0x58, 0xf6, 0xeb, 0x0, 0xc,
    0xae, 0x80, 0x0, 0xbb, 0xe8, 0x0, 0xb, 0xce,
    0x80, 0x0, 0xbc, 0xe8, 0x0, 0xb, 0xce, 0x80,
    0x0, 0xbc, 0xe8, 0x0, 0xb, 0xc0,

    /* U+00F2 "ò" */
    0x0, 0x7f, 0x30, 0x0, 0x0, 0x0, 0x7d, 0x0,
    0x0, 0x0, 0x0, 0x0, 0x0, 0x0, 0x5, 0xdf,
    0xd7, 0x0, 0x6, 0xf9, 0x48, 0xf8, 0x0, 0xea,
    0x0, 0x8, 0xf1, 0x2f, 0x40, 0x0, 0x2f, 0x54,
    0xf3, 0x0, 0x1, 0xf6, 0x3f, 0x40, 0x0, 0x2f,
    0x40, 0xe9, 0x0, 0x8, 0xf1, 0x6, 0xf8, 0x47,
    0xf8, 0x0, 0x6, 0xdf, 0xd6, 0x0,

    /* U+00F3 "ó" */
    0x0, 0x0, 0x3f, 0x70, 0x0, 0x0, 0xd, 0x60,
    0x0, 0x0, 0x0, 0x0, 0x0, 0x0, 0x5, 0xdf,
    0xd7, 0x0, 0x6, 0xf9, 0x48, 0xf8, 0x0, 0xea,
    0x0, 0x8, 0xf1, 0x2f, 0x40, 0x0, 0x2f, 0x54,
    0xf3, 0x0, 0x1, 0xf6, 0x3f, 0x40, 0x0, 0x2f,
    0x40, 0xe9, 0x0, 0x8, 0xf1, 0x6, 0xf8, 0x47,
    0xf8, 0x0, 0x6, 0xdf, 0xd6, 0x0,

    /* U+00F4 "ô" */
    0x0, 0x7, 0xf6, 0x0, 0x0, 0x6, 0xb1, 0xb5,
    0x0, 0x0, 0x0, 0x0, 0x0, 0x0, 0x5, 0xdf,
    0xd7, 0x0, 0x6, 0xf9, 0x48, 0xf8, 0x0, 0xea,
    0x0, 0x8, 0xf1, 0x2f, 0x40, 0x0, 0x2f, 0x54,
    0xf3, 0x0, 0x1, 0xf6, 0x3f, 0x40, 0x0, 0x2f,
    0x40, 0xe9, 0x0, 0x8, 0xf1, 0x6, 0xf8, 0x47,
    0xf8, 0x0, 0x6, 0xdf, 0xd6, 0x0,

    /* U+00F5 "õ" */
    0x0, 0x0, 0x0, 0x10, 0x0, 0xc, 0xff, 0xfe,
    0x10, 0x0, 0x22, 0x22, 0x0, 0x0, 0x0, 0x0,
    0x0, 0x0, 0x0, 0x5d, 0xfd, 0x70, 0x0, 0x6f,
    0x94, 0x8f, 0x80, 0xe, 0xa0, 0x0, 0x8f, 0x12,
    0xf4, 0x0, 0x2, 0xf5, 0x4f, 0x30, 0x0, 0x1f,
    0x63, 0xf4, 0x0, 0x2, 0xf4, 0xe, 0x90, 0x0,
    0x8f, 0x10, 0x6f, 0x84, 0x7f, 0x80, 0x0, 0x6d,
    0xfd, 0x60, 0x0,

    /* U+00F6 "ö" */
    0x0, 0xd7, 0x7, 0xd0, 0x0, 0x8, 0x40, 0x48,
    0x0, 0x0, 0x0, 0x0, 0x0, 0x0, 0x5, 0xdf,
    0xd7, 0x0, 0x6, 0xf9, 0x48, 0xf8, 0x0, 0xea,
    0x0, 0x8, 0xf1, 0x2f, 0x40, 0x0, 0x2f, 0x54,
    0xf3, 0x0, 0x1, 0xf6, 0x3f, 0x40, 0x0, 0x2f,
    0x40, 0xe9, 0x0, 0x8, 0xf1, 0x6, 0xf8, 0x47,
    0xf8, 0x0, 0x6, 0xdf, 0xd6, 0x0,

    /* U+00F7 "÷" */
    0x0, 0x2, 0xb2, 0x0, 0x0, 0x0, 0x3e, 0x30,
    0x0, 0x0, 0x0, 0x0, 0x0, 0x0, 0x0, 0x0,
    0x0, 0x0, 0x7f, 0xff, 0xff, 0xff, 0x53, 0x88,
    0x88, 0x88, 0x82, 0x0, 0x0, 0x0, 0x0, 0x0,
    0x0, 0x2b, 0x20, 0x0, 0x0, 0x3, 0xe3, 0x0,
    0x0,

    /* U+00F8 "ø" */
    0x0, 0x0, 0x0, 0x87, 0x0, 0x5, 0xdf, 0xde,
    0x10, 0x6, 0xf9, 0x4b, 0xf8, 0x0, 0xea, 0x0,
    0xd9, 0xf1, 0x3f, 0x40, 0x69, 0x2f, 0x44, 0xf2,
    0xd, 0x21, 0xf6, 0x2f, 0x45, 0xa0, 0x2f, 0x40,
    0xea, 0xc2, 0x8, 0xf1, 0x6, 0xfd, 0x47, 0xf8,
    0x0, 0xd, 0xdf, 0xd7, 0x0, 0x3, 0xb0, 0x0,
    0x0, 0x0,

    /* U+00F9 "ù" */
    0x7, 0xf2, 0x0, 0x0, 0x7, 0xc0, 0x0, 0x0,
    0x0, 0x0, 0xf, 0x80, 0x0, 0xbb, 0xf8, 0x0,
    0xb, 0xbf, 0x80, 0x0, 0xbb, 0xf8, 0x0, 0xb,
    0xbf, 0x80, 0x0, 0xbb, 0xe8, 0x0, 0xb, 0xbd,
    0xa0, 0x0, 0xdb, 0x9f, 0x65, 0xaf, 0xb1, 0xaf,
    0xe9, 0xbb,

    /* U+00FA "ú" */
    0x0, 0x4, 0xf5, 0x0, 0x1, 0xd5, 0x0, 0x0,
    0x0, 0x0, 0xf, 0x80, 0x0, 0xbb, 0xf8, 0x0,
    0xb, 0xbf, 0x80, 0x0, 0xbb, 0xf8, 0x0, 0xb,
    0xbf, 0x80, 0x0, 0xbb, 0xe8, 0x0, 0xb, 0xbd,
    0xa0, 0x0, 0xdb, 0x9f, 0x65, 0xaf, 0xb1, 0xaf,
    0xe9, 0xbb,

    /* U+00FB "û" */
    0x0, 0x8e, 0x60, 0x0, 0x79, 0xa, 0x40, 0x0,
    0x0, 0x0, 0xf, 0x80, 0x0, 0xbb, 0xf8, 0x0,
    0xb, 0xbf, 0x80, 0x0, 0xbb, 0xf8, 0x0, 0xb,
    0xbf, 0x80, 0x0, 0xbb, 0xe8, 0x0, 0xb, 0xbd,
    0xa0, 0x0, 0xdb, 0x9f, 0x65, 0xaf, 0xb1, 0xaf,
    0xe9, 0xbb,

    /* U+00FC "ü" */
    0xd, 0x60, 0x8c, 0x0, 0x94, 0x5, 0x80, 0x0,
    0x0, 0x0, 0xf, 0x80, 0x0, 0xbb, 0xf8, 0x0,
    0xb, 0xbf, 0x80, 0x0, 0xbb, 0xf8, 0x0, 0xb,
    0xbf, 0x80, 0x0, 0xbb, 0xe8, 0x0, 0xb, 0xbd,
    0xa0, 0x0, 0xdb, 0x9f, 0x65, 0xaf, 0xb1, 0xaf,
    0xe9, 0xbb,

    /* U+00FD "ý" */
    0x0, 0x0, 0xbc, 0x10, 0x0, 0x6, 0xc0, 0x0,
    0x0, 0x0, 0x0, 0x0, 0xae, 0x0, 0x5, 0xf3,
    0x4f, 0x30, 0x9, 0xd0, 0xe, 0x80, 0xe, 0x80,
    0x9, 0xd0, 0x3f, 0x20, 0x3, 0xf2, 0x8d, 0x0,
    0x0, 0xd8, 0xc7, 0x0, 0x0, 0x8e, 0xf2, 0x0,
    0x0, 0x2f, 0xc0, 0x0, 0x0, 0xe, 0x70, 0x0,
    0x0, 0x3f, 0x10, 0x0, 0x16, 0xda, 0x0, 0x0,
    0x5f, 0xb1, 0x0, 0x0,

    /* U+00FE "þ" */
    0xd9, 0x0, 0x0, 0x0, 0xd9, 0x0, 0x0, 0x0,
    0xd9, 0x0, 0x0, 0x0, 0xda, 0x9f, 0xf9, 0x0,
    0xdf, 0x95, 0x8f, 0x80, 0xda, 0x0, 0x9, 0xf0,
    0xd9, 0x0, 0x4, 0xf3, 0xd9, 0x0, 0x2, 0xf4,
    0xd9, 0x0, 0x4, 0xf3, 0xda, 0x0, 0x8, 0xf0,
    0xdf, 0x84, 0x7f, 0x80, 0xda, 0xaf, 0xf9, 0x0,
    0xd9, 0x0, 0x0, 0x0, 0xd9, 0x0, 0x0, 0x0,
    0xd9, 0x0, 0x0, 0x0,

    /* U+00FF "ÿ" */
    0x5, 0xe0, 0x1e, 0x50, 0x3, 0x90, 0x9, 0x30,
    0x0, 0x0, 0x0, 0x0, 0xae, 0x0, 0x5, 0xf3,
    0x4f, 0x30, 0x9, 0xd0, 0xe, 0x80, 0xe, 0x80,
    0x9, 0xd0, 0x3f, 0x20, 0x3, 0xf2, 0x8d, 0x0,
    0x0, 0xd8, 0xc7, 0x0, 0x0, 0x8e, 0xf2, 0x0,
    0x0, 0x2f, 0xc0, 0x0, 0x0, 0xe, 0x70, 0x0,
    0x0, 0x3f, 0x10, 0x0, 0x16, 0xda, 0x0, 0x0,
    0x5f, 0xb1, 0x0, 0x0,

    /* U+0100 "Ā" */
    0x0, 0x5f, 0xff, 0xfe, 0x0, 0x0, 0x0, 0x22,
    0x22, 0x20, 0x0, 0x0, 0x0, 0x9f, 0x10, 0x0,
    0x0, 0x0, 0xf, 0xf6, 0x0, 0x0, 0x0, 0x5,
    0xfb, 0xc0, 0x0, 0x0, 0x0, 0xbb, 0x4f, 0x20,
    0x0, 0x0, 0x1f, 0x60, 0xf8, 0x0, 0x0, 0x6,
    0xf1, 0xa, 0xd0, 0x0, 0x0, 0xcc, 0x0, 0x5f,
    0x30, 0x0, 0x2f, 0x70, 0x1, 0xf9, 0x0, 0x8,
    0xff, 0xff, 0xff, 0xe0, 0x0, 0xdc, 0x33, 0x33,
    0x6f, 0x50, 0x3f, 0x50, 0x0, 0x0, 0xea, 0x9,
    0xe0, 0x0, 0x0, 0x8, 0xf1,

    /* U+0101 "ā" */
    0x0, 0xff, 0xff, 0xf3, 0x0, 0x22, 0x22, 0x20,
    0x0, 0x0, 0x0, 0x0, 0x0, 0x9e, 0xfd, 0x50,
    0xb, 0xe5, 0x48, 0xf2, 0x4, 0x20, 0x0, 0xe7,
    0x0, 0x7c, 0xef, 0xf8, 0x9, 0xe5, 0x22, 0xe8,
    0xf, 0x60, 0x0, 0xe8, 0x1f, 0x60, 0x2, 0xf8,
    0xc, 0xe6, 0x6e, 0xf9, 0x2, 0xbf, 0xe6, 0xa9,

    /* U+0102 "Ă" */
    0x0, 0xf, 0x40, 0xc7, 0x0, 0x0, 0x0, 0x5d,
    0xfa, 0x0, 0x0, 0x0, 0x0, 0x0, 0x0, 0x0,
    0x0, 0x0, 0x9, 0xf1, 0x0, 0x0, 0x0, 0x0,
    0xff, 0x60, 0x0, 0x0, 0x0, 0x5f, 0xbc, 0x0,
    0x0, 0x0, 0xb, 0xb4, 0xf2, 0x0, 0x0, 0x1,
    0xf6, 0xf, 0x80, 0x0, 0x0, 0x6f, 0x10, 0xad,
    0x0, 0x0, 0xc, 0xc0, 0x5, 0xf3, 0x0, 0x2,
    0xf7, 0x0, 0x1f, 0x90, 0x0, 0x8f, 0xff, 0xff,
    0xfe, 0x0, 0xd, 0xc3, 0x33, 0x36, 0xf5, 0x3,
    0xf5, 0x0, 0x0, 0xe, 0xa0, 0x9e, 0x0, 0x0,
    0x0, 0x8f, 0x10,

    /* U+0103 "ă" */
    0x0, 0xb9, 0x7, 0xc0, 0x0, 0x2c, 0xfc, 0x30,
    0x0, 0x0, 0x0, 0x0, 0x0, 0x7d, 0xfd, 0x50,
    0x8, 0xf6, 0x48, 0xf2, 0xb, 0x70, 0x0, 0xe7,
    0x0, 0x7c, 0xef, 0xf8, 0x9, 0xe5, 0x22, 0xe8,
    0xf, 0x60, 0x0, 0xe8, 0x1f, 0x60, 0x2, 0xf8,
    0xc, 0xe6, 0x6e, 0xf9, 0x2, 0xbf, 0xe6, 0xa9,

    /* U+0104 "Ą" */
    0x0, 0x0, 0x9f, 0x10, 0x0, 0x0, 0x0, 0xf,
    0xf6, 0x0, 0x0, 0x0, 0x5, 0xe8, 0xc0, 0x0,
    0x0, 0x0, 0xb9, 0x2f, 0x20, 0x0, 0x0, 0x1f,
    0x30, 0xc8, 0x0, 0x0, 0x6, 0xd0, 0x6, 0xd0,
    0x0, 0x0, 0xc7, 0x0, 0x1f, 0x30, 0x0, 0x2f,
    0xff, 0xff, 0xf9, 0x0, 0x8, 0xc3, 0x33, 0x37,
    0xe0, 0x0, 0xd7, 0x0, 0x0, 0xf, 0x50, 0x3f,
    0x30, 0x0, 0x0, 0xba, 0x9, 0xe0, 0x0, 0x0,
    0x7, 0xf1, 0x0, 0x0, 0x0, 0x2, 0xd4, 0x0,
    0x0, 0x0, 0x0, 0x9b, 0x30, 0x0, 0x0, 0x0,
    0x5, 0xfd, 0x0,

    /* U+0105 "ą" */
    0x0, 0x9e, 0xfd, 0x50, 0xb, 0xe5, 0x48, 0xf2,
    0x4, 0x20, 0x0, 0xe7, 0x0, 0x7c, 0xef, 0xf8,
    0x9, 0xe5, 0x22, 0xe8, 0xf, 0x60, 0x0, 0xe8,
    0x1f, 0x60, 0x2, 0xf8, 0xc, 0xe6, 0x6e, 0xf9,
    0x2, 0xbf, 0xe6, 0xdb, 0x0, 0x0, 0x9, 0xb0,
    0x0, 0x0, 0xf, 0x62, 0x0, 0x0, 0x9, 0xf9,

    /* U+0106 "Ć" */
    0x0, 0x0, 0x1, 0x74, 0x0, 0x0, 0x0, 0x9,
    0xd1, 0x0, 0x0, 0x0, 0x3e, 0x20, 0x0, 0x0,
    0x0, 0x0, 0x0, 0x0, 0x0, 0x8, 0xdf, 0xe8,
    0x0, 0x0, 0xce, 0x75, 0x7f, 0xb0, 0x6, 0xf3,
    0x0, 0x4, 0xf5, 0xc, 0xb0, 0x0, 0x0, 0xd8,
    0xf, 0x80, 0x0, 0x0, 0x0, 0xf, 0x70, 0x0,
    0x0, 0x0, 0xf, 0x70, 0x0, 0x0, 0x0, 0xf,
    0x80, 0x0, 0x0, 0x0, 0xd, 0xb0, 0x0, 0x0,
    0xc7, 0x7, 0xf3, 0x0, 0x4, 0xf5, 0x0, 0xce,
    0x74, 0x7e, 0xb0, 0x0, 0x9, 0xef, 0xd7, 0x0,

    /* U+0107 "ć" */
    0x0, 0x0, 0x8e, 0x30, 0x0, 0x4, 0xe2, 0x0,
    0x0, 0x0, 0x0, 0x0, 0x0, 0x6d, 0xfd, 0x50,
    0x7, 0xf8, 0x49, 0xf4, 0xe, 0x90, 0x0, 0xbb,
    0x3f, 0x40, 0x0, 0x12, 0x4f, 0x20, 0x0, 0x0,
    0x3f, 0x40, 0x0, 0x0, 0xf, 0x80, 0x0, 0x9a,
    0x7, 0xf7, 0x48, 0xf5, 0x0, 0x7d, 0xfd, 0x50,

    /* U+0108 "Ĉ" */
    0x0, 0x0, 0x27, 0x0, 0x0, 0x0, 0x1, 0xdd,
    0x80, 0x0, 0x0, 0xb, 0x80, 0xd4, 0x0, 0x0,
    0x0, 0x0, 0x0, 0x0, 0x0, 0x8, 0xdf, 0xe8,
    0x0, 0x0, 0xce, 0x75, 0x7f, 0xb0, 0x6, 0xf3,
    0x0, 0x4, 0xf5, 0xc, 0xb0, 0x0, 0x0, 0xd8,
    0xf, 0x80, 0x0, 0x0, 0x0, 0xf, 0x70, 0x0,
    0x0, 0x0, 0xf, 0x70, 0x0, 0x0, 0x0, 0xf,
    0x80, 0x0, 0x0, 0x0, 0xd, 0xb0, 0x0, 0x0,
    0xc7, 0x7, 0xf3, 0x0, 0x4, 0xf5, 0x0, 0xce,
    0x74, 0x7e, 0xb0, 0x0, 0x9, 0xef, 0xd7, 0x0,

    /* U+0109 "ĉ" */
    0x0, 0xc, 0xd2, 0x0, 0x0, 0xb6, 0x3c, 0x20,
    0x0, 0x0, 0x0, 0x0, 0x0, 0x6d, 0xfd, 0x50,
    0x7, 0xf8, 0x49, 0xf4, 0xe, 0x90, 0x0, 0xbb,
    0x3f, 0x40, 0x0, 0x12, 0x4f, 0x20, 0x0, 0x0,
    0x3f, 0x40, 0x0, 0x0, 0xf, 0x80, 0x0, 0x9a,
    0x7, 0xf7, 0x48, 0xf5, 0x0, 0x7d, 0xfd, 0x50,

    /* U+010A "Ċ" */
    0x0, 0x0, 0x5e, 0x0, 0x0, 0x0, 0x0, 0x3a,
    0x0, 0x0, 0x0, 0x0, 0x0, 0x0, 0x0, 0x0,
    0x8, 0xdf, 0xe8, 0x0, 0x0, 0xce, 0x75, 0x7f,
    0xb0, 0x6, 0xf3, 0x0, 0x4, 0xf5, 0xc, 0xb0,
    0x0, 0x0, 0xd8, 0xf, 0x80, 0x0, 0x0, 0x0,
    0xf, 0x70, 0x0, 0x0, 0x0, 0xf, 0x70, 0x0,
    0x0, 0x0, 0xf, 0x80, 0x0, 0x0, 0x0, 0xd,
    0xb0, 0x0, 0x0, 0xc7, 0x7, 0xf3, 0x0, 0x4,
    0xf5, 0x0, 0xce, 0x74, 0x7e, 0xb0, 0x0, 0x9,
    0xef, 0xd7, 0x0,

    /* U+010B "ċ" */
    0x0, 0x7, 0xc0, 0x0, 0x0, 0x5, 0x80, 0x0,
    0x0, 0x0, 0x0, 0x0, 0x0, 0x6d, 0xfd, 0x50,
    0x7, 0xf8, 0x49, 0xf4, 0xe, 0x90, 0x0, 0xbb,
    0x3f, 0x40, 0x0, 0x12, 0x4f, 0x20, 0x0, 0x0,
    0x3f, 0x40, 0x0, 0x0, 0xf, 0x80, 0x0, 0x9a,
    0x7, 0xf7, 0x48, 0xf5, 0x0, 0x7d, 0xfd, 0x50,

    /* U+010C "Č" */
    0x0, 0x7, 0x20, 0x54, 0x0, 0x0, 0x5, 0xd7,
    0xe1, 0x0, 0x0, 0x0, 0x8f, 0x20, 0x0, 0x0,
    0x0, 0x0, 0x0, 0x0, 0x0, 0x8, 0xdf, 0xe8,
    0x0, 0x0, 0xce, 0x75, 0x7f, 0xb0, 0x6, 0xf3,
    0x0, 0x4, 0xf5, 0xc, 0xb0, 0x0, 0x0, 0xd8,
    0xf, 0x80, 0x0, 0x0, 0x0, 0xf, 0x70, 0x0,
    0x0, 0x0, 0xf, 0x70, 0x0, 0x0, 0x0, 0xf,
    0x80, 0x0, 0x0, 0x0, 0xd, 0xb0, 0x0, 0x0,
    0xc7, 0x7, 0xf3, 0x0, 0x4, 0xf5, 0x0, 0xce,
    0x74, 0x7e, 0xb0, 0x0, 0x9, 0xef, 0xd7, 0x0,

    /* U+010D "č" */
    0x0, 0xb6, 0x2d, 0x30, 0x0, 0xb, 0xc2, 0x0,
    0x0, 0x0, 0x0, 0x0, 0x0, 0x6d, 0xfd, 0x40,
    0x7, 0xf8, 0x4a, 0xf2, 0xe, 0x90, 0x0, 0xd9,
    0x3f, 0x40, 0x0, 0x79, 0x4f, 0x20, 0x0, 0x0,
    0x3f, 0x40, 0x0, 0x0, 0xf, 0x80, 0x0, 0x68,
    0x7, 0xf7, 0x47, 0xf6, 0x0, 0x7d, 0xfd, 0x50,

    /* U+010E "Ď" */
    0x3, 0xd1, 0x8b, 0x0, 0x0, 0x3, 0xda, 0x0,
    0x0, 0x0, 0x0, 0x0, 0x0, 0xa, 0xff, 0xfe,
    0x91, 0x0, 0xae, 0x44, 0x6d, 0xe2, 0xa, 0xd0,
    0x0, 0xd, 0xc0, 0xad, 0x0, 0x0, 0x5f, 0x3a,
    0xd0, 0x0, 0x1, 0xf6, 0xad, 0x0, 0x0, 0xf,
    0x8a, 0xd0, 0x0, 0x0, 0xf8, 0xad, 0x0, 0x0,
    0x1f, 0x6a, 0xd0, 0x0, 0x5, 0xf3, 0xad, 0x0,
    0x0, 0xdc, 0xa, 0xd4, 0x46, 0xde, 0x20, 0xaf,
    0xff, 0xe9, 0x10, 0x0,

    /* U+010F "ď" */
    0x0, 0x0, 0x0, 0x9e, 0xf, 0x50, 0x0, 0x0,
    0x9, 0xe4, 0xf2, 0x0, 0x0, 0x0, 0x9e, 0x46,
    0x0, 0x8, 0xef, 0xaa, 0xe0, 0x0, 0x7, 0xf9,
    0x59, 0xfe, 0x0, 0x0, 0xea, 0x0, 0xa, 0xe0,
    0x0, 0x2f, 0x40, 0x0, 0x9e, 0x0, 0x3, 0xf3,
    0x0, 0x9, 0xe0, 0x0, 0x2f, 0x40, 0x0, 0x9e,
    0x0, 0x0, 0xe8, 0x0, 0x9, 0xe0, 0x0, 0x7,
    0xf6, 0x26, 0xfe, 0x0, 0x0, 0x8, 0xee, 0xa9,
    0xe0, 0x0,

    /* U+0110 "Đ" */
    0x7, 0xff, 0xfe, 0xa3, 0x0, 0x7, 0xf5, 0x46,
    0xbf, 0x50, 0x7, 0xf1, 0x0, 0xa, 0xe1, 0x7,
    0xf1, 0x0, 0x1, 0xf6, 0x7, 0xf1, 0x0, 0x0,
    0xda, 0xff, 0xff, 0xf0, 0x0, 0xbc, 0x38, 0xf4,
    0x30, 0x0, 0xbc, 0x7, 0xf1, 0x0, 0x0, 0xda,
    0x7, 0xf1, 0x0, 0x1, 0xf7, 0x7, 0xf1, 0x0,
    0xa, 0xf1, 0x7, 0xf4, 0x45, 0xbf, 0x50, 0x7,
    0xff, 0xfe, 0xa3, 0x0,

    /* U+0111 "đ" */
    0x0, 0x0, 0x0, 0x9e, 0x0, 0x0, 0x0, 0xaf,
    0xff, 0xf5, 0x0, 0x0, 0x23, 0xae, 0x31, 0x0,
    0x8e, 0xfa, 0xae, 0x0, 0x7, 0xf9, 0x59, 0xfe,
    0x0, 0xe, 0xa0, 0x0, 0xae, 0x0, 0x2f, 0x40,
    0x0, 0x9e, 0x0, 0x3f, 0x30, 0x0, 0x9e, 0x0,
    0x2f, 0x40, 0x0, 0x9e, 0x0, 0xe, 0x80, 0x0,
    0x9e, 0x0, 0x7, 0xf6, 0x26, 0xfe, 0x0, 0x0,
    0x8e, 0xea, 0x9e, 0x0,

    /* U+0112 "Ē" */
    0xb, 0xff, 0xff, 0x70, 0x2, 0x22, 0x22, 0x10,
    0x0, 0x0, 0x0, 0x0, 0xaf, 0xff, 0xff, 0xf7,
    0xae, 0x44, 0x44, 0x42, 0xad, 0x0, 0x0, 0x0,
    0xad, 0x0, 0x0, 0x0, 0xad, 0x0, 0x0, 0x0,
    0xaf, 0xff, 0xff, 0xc0, 0xad, 0x33, 0x33, 0x20,
    0xad, 0x0, 0x0, 0x0, 0xad, 0x0, 0x0, 0x0,
    0xad, 0x0, 0x0, 0x0, 0xae, 0x44, 0x44, 0x42,
    0xaf, 0xff, 0xff, 0xf8,

    /* U+0113 "ē" */
    0x2, 0xff, 0xff, 0xf1, 0x0, 0x22, 0x22, 0x20,
    0x0, 0x0, 0x0, 0x0, 0x0, 0x5d, 0xfd, 0x40,
    0x5, 0xf8, 0x4a, 0xf2, 0xe, 0xa0, 0x0, 0xd9,
    0x2f, 0x50, 0x0, 0x9d, 0x4f, 0xff, 0xff, 0xfe,
    0x3f, 0x63, 0x33, 0x33, 0xf, 0x80, 0x0, 0x10,
    0x6, 0xf8, 0x45, 0xd8, 0x0, 0x6d, 0xfe, 0x80,

    /* U+0114 "Ĕ" */
    0x6, 0xd0, 0x3f, 0x10, 0x0, 0x9e, 0xe6, 0x0,
    0x0, 0x0, 0x0, 0x0, 0xaf, 0xff, 0xff, 0xf7,
    0xae, 0x44, 0x44, 0x42, 0xad, 0x0, 0x0, 0x0,
    0xad, 0x0, 0x0, 0x0, 0xad, 0x0, 0x0, 0x0,
    0xaf, 0xff, 0xff, 0xc0, 0xad, 0x33, 0x33, 0x20,
    0xad, 0x0, 0x0, 0x0, 0xad, 0x0, 0x0, 0x0,
    0xad, 0x0, 0x0, 0x0, 0xae, 0x44, 0x44, 0x42,
    0xaf, 0xff, 0xff, 0xf8,

    /* U+0115 "ĕ" */
    0x0, 0xd7, 0x9, 0xa0, 0x0, 0x3c, 0xfb, 0x20,
    0x0, 0x0, 0x0, 0x0, 0x0, 0x5d, 0xfd, 0x40,
    0x5, 0xf8, 0x4a, 0xf2, 0xe, 0xa0, 0x0, 0xd9,
    0x2f, 0x50, 0x0, 0x9d, 0x4f, 0xff, 0xff, 0xfe,
    0x3f, 0x63, 0x33, 0x33, 0xf, 0x80, 0x0, 0x10,
    0x6, 0xf8, 0x45, 0xd8, 0x0, 0x6d, 0xfe, 0x80,

    /* U+0116 "Ė" */
    0x0, 0x9, 0x50, 0x0, 0x0, 0xd, 0x80, 0x0,
    0x0, 0x0, 0x0, 0x0, 0xaf, 0xff, 0xff, 0xf7,
    0xae, 0x44, 0x44, 0x42, 0xad, 0x0, 0x0, 0x0,
    0xad, 0x0, 0x0, 0x0, 0xad, 0x0, 0x0, 0x0,
    0xaf, 0xff, 0xff, 0xc0, 0xad, 0x33, 0x33, 0x20,
    0xad, 0x0, 0x0, 0x0, 0xad, 0x0, 0x0, 0x0,
    0xad, 0x0, 0x0, 0x0, 0xae, 0x44, 0x44, 0x42,
    0xaf, 0xff, 0xff, 0xf8,

    /* U+0117 "ė" */
    0x0, 0x4, 0xe2, 0x0, 0x0, 0x2, 0xa1, 0x0,
    0x0, 0x0, 0x0, 0x0, 0x0, 0x5d, 0xfd, 0x40,
    0x5, 0xf8, 0x4a, 0xf2, 0xe, 0xa0, 0x0, 0xd9,
    0x2f, 0x50, 0x0, 0x9d, 0x4f, 0xff, 0xff, 0xfe,
    0x3f, 0x63, 0x33, 0x33, 0xf, 0x80, 0x0, 0x10,
    0x6, 0xf8, 0x45, 0xd8, 0x0, 0x6d, 0xfe, 0x80,

    /* U+0118 "Ę" */
    0xaf, 0xff, 0xff, 0xf7, 0xae, 0x44, 0x44, 0x42,
    0xad, 0x0, 0x0, 0x0, 0xad, 0x0, 0x0, 0x0,
    0xad, 0x0, 0x0, 0x0, 0xaf, 0xff, 0xff, 0xc0,
    0xad, 0x33, 0x33, 0x20, 0xad, 0x0, 0x0, 0x0,
    0xad, 0x0, 0x0, 0x0, 0xad, 0x0, 0x0, 0x0,
    0xae, 0x44, 0x44, 0x42, 0xaf, 0xff, 0xff, 0xf8,
    0x0, 0x0, 0x2d, 0x50, 0x0, 0x0, 0x8c, 0x30,
    0x0, 0x0, 0x4e, 0xe1,

    /* U+0119 "ę" */
    0x0, 0x5d, 0xfd, 0x50, 0x5, 0xf7, 0x48, 0xf4,
    0xe, 0x60, 0x0, 0xab, 0x2f, 0xff, 0xff, 0xfd,
    0x4f, 0x63, 0x33, 0x33, 0x3f, 0x50, 0x0, 0x0,
    0xf, 0xc0, 0x0, 0x33, 0x7, 0xfa, 0x46, 0xe6,
    0x0, 0x6d, 0xff, 0x50, 0x0, 0x0, 0xd5, 0x0,
    0x0, 0x3, 0xf4, 0x10, 0x0, 0x0, 0xcf, 0x50,

    /* U+011A "Ě" */
    0x2, 0xd2, 0x6c, 0x0, 0x0, 0x2c, 0xb0, 0x0,
    0x0, 0x0, 0x0, 0x0, 0xaf, 0xff, 0xff, 0xf7,
    0xae, 0x44, 0x44, 0x42, 0xad, 0x0, 0x0, 0x0,
    0xad, 0x0, 0x0, 0x0, 0xad, 0x0, 0x0, 0x0,
    0xaf, 0xff, 0xff, 0xc0, 0xad, 0x33, 0x33, 0x20,
    0xad, 0x0, 0x0, 0x0, 0xad, 0x0, 0x0, 0x0,
    0xad, 0x0, 0x0, 0x0, 0xae, 0x44, 0x44, 0x42,
    0xaf, 0xff, 0xff, 0xf8,

    /* U+011B "ě" */
    0x0, 0x8a, 0xc, 0x60, 0x0, 0x7, 0xd5, 0x0,
    0x0, 0x0, 0x0, 0x0, 0x0, 0x5d, 0xfd, 0x40,
    0x5, 0xf8, 0x4a, 0xf2, 0xe, 0xa0, 0x0, 0xd9,
    0x2f, 0x50, 0x0, 0x9d, 0x4f, 0xff, 0xff, 0xfe,
    0x3f, 0x63, 0x33, 0x33, 0xf, 0x80, 0x0, 0x10,
    0x6, 0xf8, 0x45, 0xd8, 0x0, 0x6d, 0xfe, 0x80,

    /* U+011C "Ĝ" */
    0x0, 0x0, 0x36, 0x0, 0x0, 0x0, 0x1, 0xed,
    0x70, 0x0, 0x0, 0xc, 0x71, 0xd3, 0x0, 0x0,
    0x0, 0x0, 0x0, 0x0, 0x0, 0x8, 0xef, 0xd9,
    0x10, 0x0, 0xce, 0x74, 0x7e, 0xc0, 0x7, 0xf3,
    0x0, 0x3, 0xf6, 0xc, 0xc0, 0x0, 0x0, 0x75,
    0xf, 0x90, 0x0, 0x0, 0x0, 0xf, 0x70, 0x0,
    0x0, 0x0, 0xf, 0x70, 0x6, 0xff, 0xfb, 0xf,
    0x90, 0x1, 0x33, 0xdb, 0xb, 0xd0, 0x0, 0x0,
    0xcb, 0x5, 0xf5, 0x0, 0x0, 0xcb, 0x0, 0xaf,
    0x84, 0x6a, 0xf7, 0x0, 0x6, 0xdf, 0xec, 0x50,

    /* U+011D "ĝ" */
    0x0, 0x9, 0xe4, 0x0, 0x0, 0x99, 0x1c, 0x40,
    0x0, 0x0, 0x0, 0x0, 0x0, 0x8e, 0xfa, 0x8e,
    0x7, 0xf9, 0x59, 0xfe, 0xe, 0xa0, 0x0, 0xae,
    0x2f, 0x50, 0x0, 0x9e, 0x3f, 0x30, 0x0, 0x9e,
    0x1f, 0x40, 0x0, 0x9e, 0xe, 0x90, 0x0, 0xae,
    0x7, 0xf9, 0x59, 0xfe, 0x0, 0x8e, 0xfa, 0xad,
    0x0, 0x0, 0x0, 0xcb, 0x9, 0xc5, 0x49, 0xf4,
    0x0, 0x9e, 0xfc, 0x40,

    /* U+011E "Ğ" */
    0x0, 0xf, 0x40, 0xc7, 0x0, 0x0, 0x5, 0xdf,
    0xa0, 0x0, 0x0, 0x0, 0x0, 0x0, 0x0, 0x0,
    0x8, 0xef, 0xd9, 0x10, 0x0, 0xce, 0x74, 0x7e,
    0xc0, 0x7, 0xf3, 0x0, 0x3, 0xf6, 0xc, 0xc0,
    0x0, 0x0, 0x75, 0xf, 0x90, 0x0, 0x0, 0x0,
    0xf, 0x70, 0x0, 0x0, 0x0, 0xf, 0x70, 0x6,
    0xff, 0xfb, 0xf, 0x90, 0x1, 0x33, 0xdb, 0xb,
    0xd0, 0x0, 0x0, 0xcb, 0x5, 0xf5, 0x0, 0x0,
    0xcb, 0x0, 0xaf, 0x84, 0x6a, 0xf7, 0x0, 0x6,
    0xdf, 0xec, 0x50,

    /* U+011F "ğ" */
    0x0, 0x9e, 0xfd, 0x50, 0x0, 0x0, 0x0, 0x0,
    0x0, 0x0, 0x0, 0x0, 0x0, 0x8e, 0xfa, 0x8e,
    0x7, 0xf9, 0x59, 0xfe, 0xe, 0xa0, 0x0, 0xae,
    0x2f, 0x50, 0x0, 0x9e, 0x3f, 0x30, 0x0, 0x9e,
    0x1f, 0x40, 0x0, 0x9e, 0xe, 0x90, 0x0, 0xae,
    0x7, 0xf9, 0x59, 0xfe, 0x0, 0x8e, 0xfa, 0xad,
    0x0, 0x0, 0x0, 0xcb, 0x9, 0xc5, 0x49, 0xf4,
    0x0, 0x9e, 0xfc, 0x40,

    /* U+0120 "Ġ" */
    0x0, 0x0, 0x6e, 0x0, 0x0, 0x0, 0x0, 0x49,
    0x0, 0x0, 0x0, 0x0, 0x0, 0x0, 0x0, 0x0,
    0x8, 0xef, 0xd9, 0x10, 0x0, 0xce, 0x74, 0x7e,
    0xc0, 0x7, 0xf3, 0x0, 0x3, 0xf6, 0xc, 0xc0,
    0x0, 0x0, 0x75, 0xf, 0x90, 0x0, 0x0, 0x0,
    0xf, 0x70, 0x0, 0x0, 0x0, 0xf, 0x70, 0x6,
    0xff, 0xfb, 0xf, 0x90, 0x1, 0x33, 0xdb, 0xb,
    0xd0, 0x0, 0x0, 0xcb, 0x5, 0xf5, 0x0, 0x0,
    0xcb, 0x0, 0xaf, 0x84, 0x6a, 0xf7, 0x0, 0x6,
    0xdf, 0xec, 0x50,

    /* U+0121 "ġ" */
    0x0, 0x5, 0xe1, 0x0, 0x0, 0x3, 0x90, 0x0,
    0x0, 0x0, 0x0, 0x0, 0x0, 0x8e, 0xfa, 0x8e,
    0x7, 0xf9, 0x59, 0xfe, 0xe, 0xa0, 0x0, 0xae,
    0x2f, 0x50, 0x0, 0x9e, 0x3f, 0x30, 0x0, 0x9e,
    0x1f, 0x40, 0x0, 0x9e, 0xe, 0x90, 0x0, 0xae,
    0x7, 0xf9, 0x59, 0xfe, 0x0, 0x8e, 0xfa, 0xad,
    0x0, 0x0, 0x0, 0xcb, 0x9, 0xc5, 0x49, 0xf4,
    0x0, 0x9e, 0xfc, 0x40,

    /* U+0122 "Ģ" */
    0x0, 0x8, 0xef, 0xd9, 0x10, 0x0, 0xce, 0x74,
    0x7e, 0xc0, 0x7, 0xf3, 0x0, 0x3, 0xf6, 0xc,
    0xc0, 0x0, 0x0, 0x75, 0xf, 0x90, 0x0, 0x0,
    0x0, 0xf, 0x70, 0x0, 0x0, 0x0, 0xf, 0x70,
    0x6, 0xff, 0xfb, 0xf, 0x90, 0x1, 0x33, 0xdb,
    0xb, 0xd0, 0x0, 0x0, 0xcb, 0x5, 0xf5, 0x0,
    0x0, 0xcb, 0x0, 0xaf, 0x84, 0x6a, 0xf7, 0x0,
    0x6, 0xdf, 0xec, 0x50, 0x0, 0x0, 0x0, 0x0,
    0x0, 0x0, 0x0, 0xf, 0x60, 0x0, 0x0, 0x0,
    0x1f, 0x40, 0x0, 0x0, 0x0, 0x6d, 0x0, 0x0,
    0x0, 0x0, 0x1, 0x0, 0x0,

    /* U+0123 "ģ" */
    0x0, 0x0, 0x0, 0x0, 0x0, 0x0, 0xa4, 0x0,
    0x0, 0x3, 0xf3, 0x0, 0x0, 0x6, 0xf0, 0x0,
    0x0, 0x3, 0x80, 0x0, 0x0, 0x0, 0x0, 0x0,
    0x0, 0x8e, 0xfa, 0x8e, 0x7, 0xf9, 0x59, 0xfe,
    0xe, 0xa0, 0x0, 0xae, 0x2f, 0x50, 0x0, 0x9e,
    0x3f, 0x30, 0x0, 0x9e, 0x1f, 0x40, 0x0, 0x9e,
    0xe, 0x90, 0x0, 0xae, 0x7, 0xf9, 0x59, 0xfe,
    0x0, 0x8e, 0xfa, 0xad, 0x0, 0x0, 0x0, 0xcb,
    0x9, 0xc5, 0x49, 0xf4, 0x0, 0x9e, 0xfc, 0x40,

    /* U+0124 "Ĥ" */
    0x0, 0x6, 0xf7, 0x0, 0x0, 0x0, 0x6c, 0x1b,
    0x70, 0x0, 0x0, 0x0, 0x0, 0x0, 0x0, 0xad,
    0x0, 0x0, 0x7, 0xf1, 0xad, 0x0, 0x0, 0x7,
    0xf1, 0xad, 0x0, 0x0, 0x7, 0xf1, 0xad, 0x0,
    0x0, 0x7, 0xf1, 0xad, 0x0, 0x0, 0x7, 0xf1,
    0xaf, 0xff, 0xff, 0xff, 0xf1, 0xad, 0x33, 0x33,
    0x39, 0xf1, 0xad, 0x0, 0x0, 0x7, 0xf1, 0xad,
    0x0, 0x0, 0x7, 0xf1, 0xad, 0x0, 0x0, 0x7,
    0xf1, 0xad, 0x0, 0x0, 0x7, 0xf1, 0xad, 0x0,
    0x0, 0x7, 0xf1,

    /* U+0125 "ĥ" */
    0x2, 0xdc, 0x0, 0x2, 0xd4, 0x6c, 0x0, 0x0,
    0x0, 0x0, 0xe, 0x80, 0x0, 0x0, 0xe8, 0x0,
    0x0, 0xe, 0x80, 0x0, 0x0, 0xe9, 0x9e, 0xe9,
    0xe, 0xfa, 0x58, 0xf6, 0xeb, 0x0, 0xc, 0xae,
    0x80, 0x0, 0xbb, 0xe8, 0x0, 0xb, 0xce, 0x80,
    0x0, 0xbc, 0xe8, 0x0, 0xb, 0xce, 0x80, 0x0,
    0xbc, 0xe8, 0x0, 0xb, 0xc0,

    /* U+0126 "Ħ" */
    0xb, 0xc0, 0x0, 0x0, 0x7f, 0x0, 0xb, 0xc0,
    0x0, 0x0, 0x7f, 0x0, 0xcf, 0xff, 0xff, 0xff,
    0xff, 0xf0, 0x2c, 0xd2, 0x22, 0x22, 0x9f, 0x20,
    0xb, 0xc0, 0x0, 0x0, 0x8f, 0x0, 0xb, 0xff,
    0xff, 0xff, 0xff, 0x0, 0xb, 0xd3, 0x33, 0x33,
    0x9f, 0x0, 0xb, 0xc0, 0x0, 0x0, 0x7f, 0x0,
    0xb, 0xc0, 0x0, 0x0, 0x7f, 0x0, 0xb, 0xc0,
    0x0, 0x0, 0x7f, 0x0, 0xb, 0xc0, 0x0, 0x0,
    0x7f, 0x0, 0xb, 0xc0, 0x0, 0x0, 0x7f, 0x0,

    /* U+0127 "ħ" */
    0x0, 0xac, 0x0, 0x0, 0x3, 0xff, 0xff, 0xb0,
    0x0, 0x3, 0xbd, 0x32, 0x0, 0x0, 0xa, 0xc6,
    0xef, 0xb1, 0x0, 0xaf, 0xc5, 0x6f, 0xa0, 0xa,
    0xe1, 0x0, 0x9e, 0x0, 0xac, 0x0, 0x7, 0xf0,
    0xa, 0xc0, 0x0, 0x7f, 0x0, 0xac, 0x0, 0x7,
    0xf0, 0xa, 0xc0, 0x0, 0x7f, 0x0, 0xac, 0x0,
    0x7, 0xf0, 0xa, 0xc0, 0x0, 0x7f,

    /* U+0128 "Ĩ" */
    0x0, 0x0, 0x1, 0x1c, 0xd4, 0x3e, 0x7b, 0x4d,
    0xf7, 0x11, 0x0, 0x10, 0x0, 0x9f, 0x0, 0x0,
    0x9f, 0x0, 0x0, 0x9f, 0x0, 0x0, 0x9f, 0x0,
    0x0, 0x9f, 0x0, 0x0, 0x9f, 0x0, 0x0, 0x9f,
    0x0, 0x0, 0x9f, 0x0, 0x0, 0x9f, 0x0, 0x0,
    0x9f, 0x0, 0x0, 0x9f, 0x0, 0x0, 0x9f, 0x0,

    /* U+0129 "ĩ" */
    0x0, 0x0, 0x0, 0x3e, 0xc2, 0x6a, 0xa8, 0x5e,
    0xf4, 0x10, 0x0, 0x10, 0x0, 0xca, 0x0, 0x0,
    0xca, 0x0, 0x0, 0xca, 0x0, 0x0, 0xca, 0x0,
    0x0, 0xca, 0x0, 0x0, 0xca, 0x0, 0x0, 0xca,
    0x0, 0x0, 0xca, 0x0, 0x0, 0xca, 0x0,

    /* U+012A "Ī" */
    0x6f, 0xff, 0xfd, 0x12, 0x22, 0x22, 0x0, 0x0,
    0x0, 0x0, 0x9f, 0x0, 0x0, 0x9f, 0x0, 0x0,
    0x9f, 0x0, 0x0, 0x9f, 0x0, 0x0, 0x9f, 0x0,
    0x0, 0x9f, 0x0, 0x0, 0x9f, 0x0, 0x0, 0x9f,
    0x0, 0x0, 0x9f, 0x0, 0x0, 0x9f, 0x0, 0x0,
    0x9f, 0x0, 0x0, 0x9f, 0x0,

    /* U+012B "ī" */
    0x9f, 0xff, 0xfa, 0x12, 0x22, 0x21, 0x0, 0x0,
    0x0, 0x0, 0xca, 0x0, 0x0, 0xca, 0x0, 0x0,
    0xca, 0x0, 0x0, 0xca, 0x0, 0x0, 0xca, 0x0,
    0x0, 0xca, 0x0, 0x0, 0xca, 0x0, 0x0, 0xca,
    0x0, 0x0, 0xca, 0x0,

    /* U+012C "Ĭ" */
    0x1f, 0x30, 0xc6, 0x5, 0xee, 0xa0, 0x0, 0x0,
    0x0, 0x0, 0x9f, 0x0, 0x0, 0x9f, 0x0, 0x0,
    0x9f, 0x0, 0x0, 0x9f, 0x0, 0x0, 0x9f, 0x0,
    0x0, 0x9f, 0x0, 0x0, 0x9f, 0x0, 0x0, 0x9f,
    0x0, 0x0, 0x9f, 0x0, 0x0, 0x9f, 0x0, 0x0,
    0x9f, 0x0, 0x0, 0x9f, 0x0,

    /* U+012D "ĭ" */
    0x3e, 0x11, 0xf3, 0x8, 0xee, 0x70, 0x0, 0x0,
    0x0, 0x0, 0xca, 0x0, 0x0, 0xca, 0x0, 0x0,
    0xca, 0x0, 0x0, 0xca, 0x0, 0x0, 0xca, 0x0,
    0x0, 0xca, 0x0, 0x0, 0xca, 0x0, 0x0, 0xca,
    0x0, 0x0, 0xca, 0x0,

    /* U+012E "Į" */
    0x9, 0xf0, 0x9f, 0x9, 0xf0, 0x9f, 0x9, 0xf0,
    0x9f, 0x9, 0xf0, 0x9f, 0x9, 0xf0, 0x9f, 0x9,
    0xf0, 0xbf, 0x4d, 0x1c, 0xa3, 0x6f, 0xc0,

    /* U+012F "į" */
    0x0, 0xb9, 0x0, 0x76, 0x0, 0x0, 0x0, 0xca,
    0x0, 0xca, 0x0, 0xca, 0x0, 0xca, 0x0, 0xca,
    0x0, 0xca, 0x0, 0xca, 0x0, 0xca, 0x0, 0xfd,
    0x7, 0xb0, 0xf, 0x62, 0xa, 0xf8,

    /* U+0130 "İ" */
    0x59, 0x7, 0xd0, 0x0, 0x9, 0xf0, 0x9f, 0x9,
    0xf0, 0x9f, 0x9, 0xf0, 0x9f, 0x9, 0xf0, 0x9f,
    0x9, 0xf0, 0x9f, 0x9, 0xf0, 0x9f, 0x0,

    /* U+0131 "ı" */
    0xca, 0xca, 0xca, 0xca, 0xca, 0xca, 0xca, 0xca,
    0xca,

    /* U+0132 "Ĳ" */
    0x9f, 0x0, 0x0, 0x0, 0x9, 0xf9, 0xf0, 0x0,
    0x0, 0x0, 0x9f, 0x9f, 0x0, 0x0, 0x0, 0x9,
    0xf9, 0xf0, 0x0, 0x0, 0x0, 0x9f, 0x9f, 0x0,
    0x0, 0x0, 0x9, 0xf9, 0xf0, 0x0, 0x0, 0x0,
    0x9f, 0x9f, 0x0, 0x0, 0x0, 0x9, 0xf9, 0xf0,
    0x0, 0x0, 0x0, 0x9f, 0x9f, 0x1, 0x41, 0x0,
    0x9, 0xe9, 0xf0, 0x1f, 0x60, 0x0, 0xcc, 0x9f,
    0x0, 0xbe, 0x52, 0x8f, 0x59, 0xf0, 0x1, 0x9e,
    0xfc, 0x50,

    /* U+0133 "ĳ" */
    0xb9, 0x0, 0xd6, 0x76, 0x0, 0x93, 0x0, 0x0,
    0x0, 0xca, 0x0, 0xf7, 0xca, 0x0, 0xf7, 0xca,
    0x0, 0xf7, 0xca, 0x0, 0xf7, 0xca, 0x0, 0xf7,
    0xca, 0x0, 0xf7, 0xca, 0x0, 0xf7, 0xca, 0x0,
    0xf7, 0xca, 0x0, 0xf7, 0x0, 0x0, 0xf7, 0x0,
    0x37, 0xf4, 0x0, 0x9f, 0xa0,

    /* U+0134 "Ĵ" */
    0x0, 0x0, 0x4, 0xf9, 0x0, 0x0, 0x0, 0x4d,
    0x2a, 0x80, 0x0, 0x0, 0x0, 0x0, 0x0, 0x0,
    0x0, 0x0, 0xe9, 0x0, 0x0, 0x0, 0x0, 0xe9,
    0x0, 0x0, 0x0, 0x0, 0xe9, 0x0, 0x0, 0x0,
    0x0, 0xe9, 0x0, 0x0, 0x0, 0x0, 0xe9, 0x0,
    0x0, 0x0, 0x0, 0xe9, 0x0, 0x0, 0x0, 0x0,
    0xe9, 0x0, 0x0, 0x0, 0x0, 0xe9, 0x0, 0x36,
    0x0, 0x0, 0xe9, 0x0, 0x6f, 0x10, 0x2, 0xf6,
    0x0, 0x1e, 0xc5, 0x6d, 0xe0, 0x0, 0x3, 0xbe,
    0xeb, 0x20, 0x0,

    /* U+0135 "ĵ" */
    0x0, 0xcd, 0x10, 0xc, 0x64, 0xd1, 0x0, 0x0,
    0x0, 0x0, 0xac, 0x0, 0x0, 0xac, 0x0, 0x0,
    0xac, 0x0, 0x0, 0xac, 0x0, 0x0, 0xac, 0x0,
    0x0, 0xac, 0x0, 0x0, 0xac, 0x0, 0x0, 0xac,
    0x0, 0x0, 0xac, 0x0, 0x0, 0xbc, 0x0, 0x25,
    0xf8, 0x0, 0x8f, 0xb1, 0x0,

    /* U+0136 "Ķ" */
    0xad, 0x0, 0x0, 0x8f, 0x40, 0xad, 0x0, 0x6,
    0xf6, 0x0, 0xad, 0x0, 0x4f, 0x90, 0x0, 0xad,
    0x2, 0xfb, 0x0, 0x0, 0xad, 0x1d, 0xd0, 0x0,
    0x0, 0xad, 0xcf, 0x60, 0x0, 0x0, 0xaf, 0xfc,
    0xf2, 0x0, 0x0, 0xaf, 0x41, 0xec, 0x0, 0x0,
    0xad, 0x0, 0x4f, 0x80, 0x0, 0xad, 0x0, 0x8,
    0xf4, 0x0, 0xad, 0x0, 0x0, 0xce, 0x10, 0xad,
    0x0, 0x0, 0x2f, 0xa0, 0x0, 0x8, 0xd0, 0x0,
    0x0, 0x0, 0xa, 0xb0, 0x0, 0x0, 0x0, 0xe,
    0x40, 0x0, 0x0, 0x0, 0x1, 0x0, 0x0, 0x0,

    /* U+0137 "ķ" */
    0xe8, 0x0, 0x0, 0x0, 0xe8, 0x0, 0x0, 0x0,
    0xe8, 0x0, 0x0, 0x0, 0xe8, 0x0, 0x7f, 0x40,
    0xe8, 0x6, 0xf6, 0x0, 0xe8, 0x4f, 0x80, 0x0,
    0xeb, 0xfb, 0x0, 0x0, 0xef, 0xfe, 0x0, 0x0,
    0xed, 0x3f, 0xa0, 0x0, 0xe8, 0x6, 0xf5, 0x0,
    0xe8, 0x0, 0xae, 0x10, 0xe8, 0x0, 0x1e, 0xb0,
    0x0, 0x46, 0x0, 0x0, 0x0, 0x9c, 0x0, 0x0,
    0x0, 0xd8, 0x0, 0x0, 0x0, 0x81, 0x0, 0x0,

    /* U+0138 "ĸ" */
    0xca, 0x0, 0x1d, 0xc0, 0xca, 0x0, 0xbe, 0x10,
    0xca, 0x7, 0xf4, 0x0, 0xca, 0x4f, 0x70, 0x0,
    0xcf, 0xfe, 0x0, 0x0, 0xcb, 0x6f, 0x80, 0x0,
    0xca, 0x7, 0xf6, 0x0, 0xca, 0x0, 0x9f, 0x40,
    0xca, 0x0, 0xb, 0xe2,

    /* U+0139 "Ĺ" */
    0x8, 0xf2, 0x0, 0x0, 0x2f, 0x40, 0x0, 0x0,
    0x45, 0x0, 0x0, 0x0, 0xad, 0x0, 0x0, 0x0,
    0xad, 0x0, 0x0, 0x0, 0xad, 0x0, 0x0, 0x0,
    0xad, 0x0, 0x0, 0x0, 0xad, 0x0, 0x0, 0x0,
    0xad, 0x0, 0x0, 0x0, 0xad, 0x0, 0x0, 0x0,
    0xad, 0x0, 0x0, 0x0, 0xad, 0x0, 0x0, 0x0,
    0xad, 0x0, 0x0, 0x0, 0xae, 0x44, 0x44, 0x40,
    0xaf, 0xff, 0xff, 0xf3,

    /* U+013A "ĺ" */
    0xa, 0xe1, 0x3f, 0x30, 0x54, 0x0, 0x0, 0x0,
    0xca, 0x0, 0xca, 0x0, 0xca, 0x0, 0xca, 0x0,
    0xca, 0x0, 0xca, 0x0, 0xca, 0x0, 0xca, 0x0,
    0xca, 0x0, 0xca, 0x0, 0xca, 0x0, 0xca, 0x0,

    /* U+013B "Ļ" */
    0xad, 0x0, 0x0, 0x0, 0xad, 0x0, 0x0, 0x0,
    0xad, 0x0, 0x0, 0x0, 0xad, 0x0, 0x0, 0x0,
    0xad, 0x0, 0x0, 0x0, 0xad, 0x0, 0x0, 0x0,
    0xad, 0x0, 0x0, 0x0, 0xad, 0x0, 0x0, 0x0,
    0xad, 0x0, 0x0, 0x0, 0xad, 0x0, 0x0, 0x0,
    0xae, 0x44, 0x44, 0x40, 0xaf, 0xff, 0xff, 0xf3,
    0x0, 0x0, 0x0, 0x0, 0x0, 0xd, 0x80, 0x0,
    0x0, 0xf, 0x60, 0x0, 0x0, 0x4e, 0x10, 0x0,
    0x0, 0x1, 0x0, 0x0,

    /* U+013C "ļ" */
    0xc, 0xa0, 0xca, 0xc, 0xa0, 0xca, 0xc, 0xa0,
    0xca, 0xc, 0xa0, 0xca, 0xc, 0xa0, 0xca, 0xc,
    0xa0, 0xca, 0x0, 0x0, 0xba, 0xd, 0x82, 0xf2,
    0x1, 0x0,

    /* U+013D "Ľ" */
    0xad, 0x0, 0xf5, 0x0, 0xad, 0x2, 0xf3, 0x0,
    0xad, 0x6, 0xc0, 0x0, 0xad, 0x0, 0x10, 0x0,
    0xad, 0x0, 0x0, 0x0, 0xad, 0x0, 0x0, 0x0,
    0xad, 0x0, 0x0, 0x0, 0xad, 0x0, 0x0, 0x0,
    0xad, 0x0, 0x0, 0x0, 0xad, 0x0, 0x0, 0x0,
    0xae, 0x44, 0x44, 0x40, 0xaf, 0xff, 0xff, 0xf3,

    /* U+013E "ľ" */
    0xca, 0xf, 0x5c, 0xa2, 0xf3, 0xca, 0x6b, 0xc,
    0xa0, 0x0, 0xca, 0x0, 0xc, 0xa0, 0x0, 0xca,
    0x0, 0xc, 0xa0, 0x0, 0xca, 0x0, 0xc, 0xa0,
    0x0, 0xca, 0x0, 0xc, 0xa0, 0x0,

    /* U+013F "Ŀ" */
    0xad, 0x0, 0x0, 0x0, 0xad, 0x0, 0x0, 0x0,
    0xad, 0x0, 0x0, 0x0, 0xad, 0x0, 0x0, 0x0,
    0xad, 0x2, 0xa1, 0x0, 0xad, 0x4, 0xe2, 0x0,
    0xad, 0x0, 0x0, 0x0, 0xad, 0x0, 0x0, 0x0,
    0xad, 0x0, 0x0, 0x0, 0xad, 0x0, 0x0, 0x0,
    0xae, 0x44, 0x44, 0x40, 0xaf, 0xff, 0xff, 0xf3,

    /* U+0140 "ŀ" */
    0xca, 0x0, 0xc, 0xa0, 0x0, 0xca, 0x0, 0xc,
    0xa0, 0x0, 0xca, 0x0, 0xc, 0xa4, 0xe1, 0xca,
    0x2a, 0xc, 0xa0, 0x0, 0xca, 0x0, 0xc, 0xa0,
    0x0, 0xca, 0x0, 0xc, 0xa0, 0x0,

    /* U+0141 "Ł" */
    0xb, 0xd0, 0x0, 0x0, 0x0, 0xbd, 0x0, 0x0,
    0x0, 0xb, 0xd0, 0x0, 0x0, 0x0, 0xbd, 0x0,
    0x0, 0x0, 0xb, 0xd2, 0x60, 0x0, 0x2, 0xcf,
    0xd7, 0x0, 0x0, 0x9e, 0xd0, 0x0, 0x0, 0x0,
    0xbd, 0x0, 0x0, 0x0, 0xb, 0xd0, 0x0, 0x0,
    0x0, 0xbd, 0x0, 0x0, 0x0, 0xb, 0xe4, 0x44,
    0x44, 0x0, 0xbf, 0xff, 0xff, 0xf3,

    /* U+0142 "ł" */
    0x9, 0xd0, 0x0, 0x9d, 0x0, 0x9, 0xd0, 0x0,
    0x9d, 0x0, 0x9, 0xd1, 0x0, 0xaf, 0xd0, 0xae,
    0xd0, 0x0, 0x9d, 0x0, 0x9, 0xd0, 0x0, 0x9d,
    0x0, 0x9, 0xd0, 0x0, 0x9d, 0x0,

    /* U+0143 "Ń" */
    0x0, 0x0, 0xe, 0xb0, 0x0, 0x0, 0x0, 0x8d,
    0x0, 0x0, 0x0, 0x0, 0x72, 0x0, 0x0, 0xaf,
    0x20, 0x0, 0x6, 0xf1, 0xaf, 0xc0, 0x0, 0x6,
    0xf1, 0xaf, 0xf6, 0x0, 0x6, 0xf1, 0xad, 0xbe,
    0x10, 0x6, 0xf1, 0xad, 0x2f, 0x90, 0x6, 0xf1,
    0xad, 0x7, 0xf3, 0x6, 0xf1, 0xad, 0x0, 0xdd,
    0x6, 0xf1, 0xad, 0x0, 0x3f, 0x76, 0xf1, 0xad,
    0x0, 0x9, 0xf8, 0xf1, 0xad, 0x0, 0x1, 0xef,
    0xf1, 0xad, 0x0, 0x0, 0x5f, 0xf1, 0xad, 0x0,
    0x0, 0xb, 0xf1,

    /* U+0144 "ń" */
    0x0, 0x3, 0xf6, 0x0, 0x1, 0xd6, 0x0, 0x0,
    0x0, 0x0, 0xe, 0x89, 0xee, 0x90, 0xef, 0xa5,
    0x8f, 0x6e, 0xb0, 0x0, 0xca, 0xe8, 0x0, 0xb,
    0xbe, 0x80, 0x0, 0xbc, 0xe8, 0x0, 0xb, 0xce,
    0x80, 0x0, 0xbc, 0xe8, 0x0, 0xb, 0xce, 0x80,
    0x0, 0xbc,

    /* U+0145 "Ņ" */
    0xaf, 0x20, 0x0, 0x6, 0xf1, 0xaf, 0xc0, 0x0,
    0x6, 0xf1, 0xaf, 0xf6, 0x0, 0x6, 0xf1, 0xad,
    0xbe, 0x10, 0x6, 0xf1, 0xad, 0x2f, 0x90, 0x6,
    0xf1, 0xad, 0x7, 0xf3, 0x6, 0xf1, 0xad, 0x0,
    0xdd, 0x6, 0xf1, 0xad, 0x0, 0x3f, 0x76, 0xf1,
    0xad, 0x0, 0x9, 0xf8, 0xf1, 0xad, 0x0, 0x1,
    0xef, 0xf1, 0xad, 0x0, 0x0, 0x5f, 0xf1, 0xad,
    0x0, 0x0, 0xb, 0xf1, 0x0, 0x0, 0x0, 0x0,
    0x0, 0x0, 0x1, 0xf4, 0x0, 0x0, 0x0, 0x3,
    0xf2, 0x0, 0x0, 0x0, 0x7, 0xc0, 0x0, 0x0,
    0x0, 0x0, 0x10, 0x0, 0x0,

    /* U+0146 "ņ" */
    0xe8, 0x9e, 0xe9, 0xe, 0xfa, 0x58, 0xf6, 0xeb,
    0x0, 0xc, 0xae, 0x80, 0x0, 0xbb, 0xe8, 0x0,
    0xb, 0xce, 0x80, 0x0, 0xbc, 0xe8, 0x0, 0xb,
    0xce, 0x80, 0x0, 0xbc, 0xe8, 0x0, 0xb, 0xc0,
    0x0, 0x0, 0x0, 0x0, 0x4f, 0x10, 0x0, 0x6,
    0xe0, 0x0, 0x0, 0xb8, 0x0, 0x0, 0x1, 0x0,
    0x0,

    /* U+0147 "Ň" */
    0x0, 0x4d, 0x19, 0xa0, 0x0, 0x0, 0x4, 0xd9,
    0x0, 0x0, 0x0, 0x0, 0x0, 0x0, 0x0, 0xaf,
    0x20, 0x0, 0x6, 0xf1, 0xaf, 0xc0, 0x0, 0x6,
    0xf1, 0xaf, 0xf6, 0x0, 0x6, 0xf1, 0xad, 0xbe,
    0x10, 0x6, 0xf1, 0xad, 0x2f, 0x90, 0x6, 0xf1,
    0xad, 0x7, 0xf3, 0x6, 0xf1, 0xad, 0x0, 0xdd,
    0x6, 0xf1, 0xad, 0x0, 0x3f, 0x76, 0xf1, 0xad,
    0x0, 0x9, 0xf8, 0xf1, 0xad, 0x0, 0x1, 0xef,
    0xf1, 0xad, 0x0, 0x0, 0x5f, 0xf1, 0xad, 0x0,
    0x0, 0xb, 0xf1,

    /* U+0148 "ň" */
    0x7, 0xb0, 0xc7, 0x0, 0x7, 0xd6, 0x0, 0x0,
    0x0, 0x0, 0xe, 0x89, 0xee, 0x90, 0xef, 0xa5,
    0x8f, 0x6e, 0xb0, 0x0, 0xca, 0xe8, 0x0, 0xb,
    0xbe, 0x80, 0x0, 0xbc, 0xe8, 0x0, 0xb, 0xce,
    0x80, 0x0, 0xbc, 0xe8, 0x0, 0xb, 0xce, 0x80,
    0x0, 0xbc,

    /* U+0149 "ŉ" */
    0xf, 0x60, 0x0, 0x0, 0x2, 0xf3, 0x0, 0x0,
    0x0, 0x37, 0x0, 0x0, 0x0, 0x0, 0xe, 0x89,
    0xee, 0x90, 0x0, 0xef, 0xa5, 0x8f, 0x60, 0xe,
    0xb0, 0x0, 0xca, 0x0, 0xe8, 0x0, 0xb, 0xb0,
    0xe, 0x80, 0x0, 0xbc, 0x0, 0xe8, 0x0, 0xb,
    0xc0, 0xe, 0x80, 0x0, 0xbc, 0x0, 0xe8, 0x0,
    0xb, 0xc0, 0xe, 0x80, 0x0, 0xbc,

    /* U+014A "Ŋ" */
    0xbf, 0x10, 0x0, 0xa, 0xeb, 0xfa, 0x0, 0x0,
    0xae, 0xbf, 0xf4, 0x0, 0xa, 0xeb, 0xcb, 0xd0,
    0x0, 0xae, 0xbc, 0x2f, 0x70, 0xa, 0xeb, 0xc0,
    0x8f, 0x10, 0xae, 0xbc, 0x0, 0xea, 0xa, 0xeb,
    0xc0, 0x5, 0xf4, 0xae, 0xbc, 0x0, 0xb, 0xda,
    0xeb, 0xc0, 0x0, 0x2f, 0xfe, 0xbc, 0x0, 0x0,
    0x8f, 0xeb, 0xc0, 0x0, 0x0, 0xee, 0x0, 0x0,
    0x0, 0xa, 0xd0, 0x0, 0x0, 0x25, 0xe9, 0x0,
    0x0, 0x7, 0xfb, 0x10,

    /* U+014B "ŋ" */
    0xd7, 0x8e, 0xe9, 0xd, 0xe8, 0x58, 0xf8, 0xda,
    0x0, 0xb, 0xcd, 0x90, 0x0, 0x9d, 0xd9, 0x0,
    0x9, 0xed, 0x90, 0x0, 0x9e, 0xd9, 0x0, 0x9,
    0xed, 0x90, 0x0, 0x9e, 0xd9, 0x0, 0x9, 0xe0,
    0x0, 0x0, 0x9d, 0x0, 0x2, 0x5e, 0xa0, 0x0,
    0x7f, 0xb1,

    /* U+014C "Ō" */
    0x0, 0xf, 0xff, 0xff, 0x20, 0x0, 0x0, 0x22,
    0x22, 0x20, 0x0, 0x0, 0x0, 0x0, 0x0, 0x0,
    0x0, 0x0, 0x7d, 0xfd, 0x70, 0x0, 0x0, 0xbf,
    0x85, 0x8f, 0xb0, 0x0, 0x6f, 0x40, 0x0, 0x4f,
    0x60, 0xc, 0xc0, 0x0, 0x0, 0xcc, 0x0, 0xf8,
    0x0, 0x0, 0x8, 0xf0, 0xf, 0x70, 0x0, 0x0,
    0x7f, 0x1, 0xf7, 0x0, 0x0, 0x7, 0xf0, 0xf,
    0x80, 0x0, 0x0, 0x8f, 0x0, 0xcc, 0x0, 0x0,
    0xb, 0xc0, 0x6, 0xf4, 0x0, 0x3, 0xf6, 0x0,
    0xb, 0xf8, 0x58, 0xfc, 0x0, 0x0, 0x7, 0xdf,
    0xd8, 0x0, 0x0,

    /* U+014D "ō" */
    0x1, 0xff, 0xff, 0xf2, 0x0, 0x2, 0x22, 0x22,
    0x0, 0x0, 0x0, 0x0, 0x0, 0x0, 0x5, 0xdf,
    0xd7, 0x0, 0x6, 0xf9, 0x48, 0xf8, 0x0, 0xea,
    0x0, 0x8, 0xf1, 0x2f, 0x40, 0x0, 0x2f, 0x54,
    0xf3, 0x0, 0x1, 0xf6, 0x3f, 0x40, 0x0, 0x2f,
    0x40, 0xe9, 0x0, 0x8, 0xf1, 0x6, 0xf8, 0x47,
    0xf8, 0x0, 0x6, 0xdf, 0xd6, 0x0,

    /* U+014E "Ŏ" */
    0x0, 0xb, 0x80, 0x8b, 0x0, 0x0, 0x0, 0x2c,
    0xfc, 0x20, 0x0, 0x0, 0x0, 0x0, 0x0, 0x0,
    0x0, 0x0, 0x7d, 0xfd, 0x70, 0x0, 0x0, 0xbf,
    0x85, 0x8f, 0xb0, 0x0, 0x6f, 0x40, 0x0, 0x4f,
    0x60, 0xc, 0xc0, 0x0, 0x0, 0xcc, 0x0, 0xf8,
    0x0, 0x0, 0x8, 0xf0, 0xf, 0x70, 0x0, 0x0,
    0x7f, 0x1, 0xf7, 0x0, 0x0, 0x7, 0xf0, 0xf,
    0x80, 0x0, 0x0, 0x8f, 0x0, 0xcc, 0x0, 0x0,
    0xb, 0xc0, 0x6, 0xf4, 0x0, 0x3, 0xf6, 0x0,
    0xb, 0xf8, 0x58, 0xfc, 0x0, 0x0, 0x7, 0xdf,
    0xd8, 0x0, 0x0,

    /* U+014F "ŏ" */
    0x0, 0xb8, 0x8, 0xb0, 0x0, 0x2, 0xcf, 0xc2,
    0x0, 0x0, 0x0, 0x0, 0x0, 0x0, 0x5, 0xdf,
    0xd7, 0x0, 0x6, 0xf9, 0x48, 0xf8, 0x0, 0xea,
    0x0, 0x8, 0xf1, 0x2f, 0x40, 0x0, 0x2f, 0x54,
    0xf3, 0x0, 0x1, 0xf6, 0x3f, 0x40, 0x0, 0x2f,
    0x40, 0xe9, 0x0, 0x8, 0xf1, 0x6, 0xf8, 0x47,
    0xf8, 0x0, 0x6, 0xdf, 0xd6, 0x0,

    /* U+0150 "Ő" */
    0x0, 0x0, 0x5f, 0x2c, 0xb0, 0x0, 0x0, 0xd,
    0x68, 0xd1, 0x0, 0x0, 0x2, 0x60, 0x72, 0x0,
    0x0, 0x0, 0x7d, 0xfd, 0x70, 0x0, 0x0, 0xbf,
    0x85, 0x8f, 0xb0, 0x0, 0x6f, 0x40, 0x0, 0x4f,
    0x60, 0xc, 0xc0, 0x0, 0x0, 0xcc, 0x0, 0xf8,
    0x0, 0x0, 0x8, 0xf0, 0xf, 0x70, 0x0, 0x0,
    0x7f, 0x1, 0xf7, 0x0, 0x0, 0x7, 0xf0, 0xf,
    0x80, 0x0, 0x0, 0x8f, 0x0, 0xcc, 0x0, 0x0,
    0xb, 0xc0, 0x6, 0xf4, 0x0, 0x3, 0xf6, 0x0,
    0xb, 0xf8, 0x58, 0xfc, 0x0, 0x0, 0x7, 0xdf,
    0xd8, 0x0, 0x0,

    /* U+0151 "ő" */
    0x0, 0x6, 0xf2, 0xcb, 0x0, 0x0, 0xe6, 0x8d,
    0x0, 0x0, 0x26, 0x7, 0x10, 0x0, 0x5, 0xdf,
    0xd7, 0x0, 0x6, 0xf9, 0x48, 0xf8, 0x0, 0xea,
    0x0, 0x8, 0xf1, 0x2f, 0x40, 0x0, 0x2f, 0x54,
    0xf3, 0x0, 0x1, 0xf6, 0x3f, 0x40, 0x0, 0x2f,
    0x40, 0xe9, 0x0, 0x8, 0xf1, 0x6, 0xf8, 0x47,
    0xf8, 0x0, 0x6, 0xdf, 0xd6, 0x0,

    /* U+0152 "Œ" */
    0x0, 0x2a, 0xef, 0xff, 0xff, 0xff, 0xff, 0x0,
    0x2e, 0xe9, 0x67, 0xfa, 0x77, 0x77, 0x70, 0xb,
    0xe1, 0x0, 0x2f, 0x50, 0x0, 0x0, 0x0, 0xf7,
    0x0, 0x2, 0xf5, 0x0, 0x0, 0x0, 0x2f, 0x50,
    0x0, 0x2f, 0x50, 0x0, 0x0, 0x3, 0xf4, 0x0,
    0x2, 0xff, 0xff, 0xff, 0x40, 0x3f, 0x40, 0x0,
    0x2f, 0x73, 0x33, 0x31, 0x2, 0xf4, 0x0, 0x2,
    0xf5, 0x0, 0x0, 0x0, 0xf, 0x70, 0x0, 0x2f,
    0x50, 0x0, 0x0, 0x0, 0xbd, 0x0, 0x2, 0xf5,
    0x0, 0x0, 0x0, 0x2, 0xec, 0x64, 0x5f, 0x84,
    0x44, 0x44, 0x0, 0x2, 0xae, 0xff, 0xff, 0xff,
    0xff, 0xf1,

    /* U+0153 "œ" */
    0x0, 0x5d, 0xfd, 0x50, 0x3c, 0xfd, 0x60, 0x5,
    0xf9, 0x48, 0xf8, 0xfb, 0x48, 0xf4, 0xe, 0xa0,
    0x0, 0x9f, 0xe0, 0x0, 0xbb, 0x2f, 0x50, 0x0,
    0x4f, 0x90, 0x0, 0x7e, 0x3f, 0x30, 0x0, 0x2f,
    0xff, 0xff, 0xff, 0x2f, 0x40, 0x0, 0x4f, 0x93,
    0x33, 0x33, 0xe, 0xa0, 0x0, 0x9f, 0xb0, 0x0,
    0x0, 0x6, 0xf8, 0x48, 0xfa, 0xfa, 0x45, 0x97,
    0x0, 0x6d, 0xfd, 0x60, 0x4c, 0xff, 0xb2,

    /* U+0154 "Ŕ" */
    0x0, 0x0, 0xdc, 0x0, 0x0, 0x0, 0x6e, 0x10,
    0x0, 0x0, 0x7, 0x20, 0x0, 0xb, 0xff, 0xff,
    0xc5, 0x0, 0xbe, 0x44, 0x5a, 0xf7, 0xb, 0xd0,
    0x0, 0xb, 0xe0, 0xbd, 0x0, 0x0, 0x7f, 0xb,
    0xd0, 0x0, 0xa, 0xf0, 0xbd, 0x0, 0x16, 0xf8,
    0xb, 0xff, 0xff, 0xf8, 0x0, 0xbd, 0x33, 0x7f,
    0x30, 0xb, 0xd0, 0x0, 0xdb, 0x0, 0xbd, 0x0,
    0x5, 0xf4, 0xb, 0xd0, 0x0, 0xc, 0xc0, 0xbd,
    0x0, 0x0, 0x4f, 0x50,

    /* U+0155 "ŕ" */
    0x0, 0x7e, 0x30, 0x3d, 0x20, 0x0, 0x0, 0xe,
    0x9c, 0xf3, 0xef, 0x85, 0x1e, 0xa0, 0x0, 0xe8,
    0x0, 0xe, 0x80, 0x0, 0xe8, 0x0, 0xe, 0x80,
    0x0, 0xe8, 0x0, 0xe, 0x80, 0x0,

    /* U+0156 "Ŗ" */
    0xbf, 0xff, 0xfc, 0x50, 0xb, 0xe4, 0x45, 0xaf,
    0x70, 0xbd, 0x0, 0x0, 0xbe, 0xb, 0xd0, 0x0,
    0x7, 0xf0, 0xbd, 0x0, 0x0, 0xaf, 0xb, 0xd0,
    0x1, 0x6f, 0x80, 0xbf, 0xff, 0xff, 0x80, 0xb,
    0xd3, 0x37, 0xf3, 0x0, 0xbd, 0x0, 0xd, 0xb0,
    0xb, 0xd0, 0x0, 0x5f, 0x40, 0xbd, 0x0, 0x0,
    0xcc, 0xb, 0xd0, 0x0, 0x4, 0xf5, 0x0, 0x0,
    0x0, 0x0, 0x0, 0x0, 0xe7, 0x0, 0x0, 0x0,
    0xf, 0x50, 0x0, 0x0, 0x5, 0xe0, 0x0, 0x0,
    0x0, 0x1, 0x0, 0x0, 0x0,

    /* U+0157 "ŗ" */
    0x0, 0x0, 0x0, 0xe, 0x9c, 0xf3, 0xe, 0xf8,
    0x51, 0xe, 0xa0, 0x0, 0xe, 0x80, 0x0, 0xe,
    0x80, 0x0, 0xe, 0x80, 0x0, 0xe, 0x80, 0x0,
    0xe, 0x80, 0x0, 0xe, 0x80, 0x0, 0x0, 0x0,
    0x0, 0xc, 0x90, 0x0, 0xe, 0x70, 0x0, 0x2f,
    0x10, 0x0, 0x1, 0x0, 0x0,

    /* U+0158 "Ř" */
    0x3, 0xd1, 0x8b, 0x0, 0x0, 0x3, 0xda, 0x0,
    0x0, 0x0, 0x0, 0x0, 0x0, 0xb, 0xff, 0xff,
    0xc5, 0x0, 0xbe, 0x44, 0x5a, 0xf7, 0xb, 0xd0,
    0x0, 0xb, 0xe0, 0xbd, 0x0, 0x0, 0x7f, 0xb,
    0xd0, 0x0, 0xa, 0xf0, 0xbd, 0x0, 0x16, 0xf8,
    0xb, 0xff, 0xff, 0xf8, 0x0, 0xbd, 0x33, 0x7f,
    0x30, 0xb, 0xd0, 0x0, 0xdb, 0x0, 0xbd, 0x0,
    0x5, 0xf4, 0xb, 0xd0, 0x0, 0xc, 0xc0, 0xbd,
    0x0, 0x0, 0x4f, 0x50,

    /* U+0159 "ř" */
    0xa, 0x62, 0xd3, 0x0, 0x9b, 0x20, 0x0, 0x0,
    0x0, 0xe, 0x9c, 0xf3, 0xe, 0xf8, 0x51, 0xe,
    0xa0, 0x0, 0xe, 0x80, 0x0, 0xe, 0x80, 0x0,
    0xe, 0x80, 0x0, 0xe, 0x80, 0x0, 0xe, 0x80,
    0x0, 0xe, 0x80, 0x0,

    /* U+015A "Ś" */
    0x0, 0x0, 0x4, 0x71, 0x0, 0x0, 0x1, 0xf7,
    0x0, 0x0, 0x0, 0xaa, 0x0, 0x0, 0x0, 0x0,
    0x0, 0x0, 0x0, 0x5c, 0xfe, 0xa2, 0x0, 0x7f,
    0x95, 0x6c, 0xf2, 0xe, 0xa0, 0x0, 0xe, 0xa0,
    0xf9, 0x0, 0x0, 0x67, 0xa, 0xf5, 0x0, 0x0,
    0x0, 0xb, 0xfe, 0x93, 0x0, 0x0, 0x3, 0x9e,
    0xfa, 0x0, 0x0, 0x0, 0x6, 0xf8, 0x39, 0x10,
    0x0, 0xb, 0xd2, 0xf7, 0x0, 0x0, 0xcc, 0x9,
    0xf9, 0x55, 0xaf, 0x60, 0x6, 0xcf, 0xec, 0x40,

    /* U+015B "ś" */
    0x0, 0x0, 0x4f, 0x50, 0x0, 0x1, 0xe5, 0x0,
    0x0, 0x0, 0x0, 0x0, 0x0, 0x9e, 0xea, 0x10,
    0xa, 0xe5, 0x5d, 0xd0, 0xe, 0x80, 0x4, 0xf4,
    0xb, 0xe6, 0x10, 0x51, 0x0, 0x8e, 0xfd, 0x50,
    0x0, 0x0, 0x29, 0xf3, 0x2a, 0x20, 0x0, 0xf6,
    0xd, 0xd5, 0x49, 0xf2, 0x1, 0xae, 0xfc, 0x40,

    /* U+015C "Ŝ" */
    0x0, 0x0, 0x63, 0x0, 0x0, 0x0, 0x6d, 0xe2,
    0x0, 0x0, 0x3e, 0x25, 0xc0, 0x0, 0x0, 0x0,
    0x0, 0x0, 0x0, 0x5c, 0xfe, 0xa2, 0x0, 0x7f,
    0x95, 0x6c, 0xf2, 0xe, 0xa0, 0x0, 0xe, 0xa0,
    0xf9, 0x0, 0x0, 0x67, 0xa, 0xf5, 0x0, 0x0,
    0x0, 0xb, 0xfe, 0x93, 0x0, 0x0, 0x3, 0x9e,
    0xfa, 0x0, 0x0, 0x0, 0x6, 0xf8, 0x39, 0x10,
    0x0, 0xb, 0xd2, 0xf7, 0x0, 0x0, 0xcc, 0x9,
    0xf9, 0x55, 0xaf, 0x60, 0x6, 0xcf, 0xec, 0x40,

    /* U+015D "ŝ" */
    0x0, 0x9, 0xe5, 0x0, 0x0, 0x8a, 0x1c, 0x40,
    0x0, 0x0, 0x0, 0x0, 0x0, 0x9e, 0xfb, 0x30,
    0xa, 0xe5, 0x4c, 0xe1, 0xe, 0x80, 0x1, 0xb3,
    0xb, 0xe6, 0x10, 0x0, 0x0, 0x8e, 0xfd, 0x50,
    0x0, 0x0, 0x29, 0xf3, 0x2d, 0x40, 0x0, 0xf6,
    0xd, 0xd5, 0x49, 0xf2, 0x1, 0xae, 0xfc, 0x40,

    /* U+015E "Ş" */
    0x0, 0x5c, 0xfe, 0xa2, 0x0, 0x7f, 0x95, 0x6c,
    0xf2, 0xe, 0xa0, 0x0, 0xe, 0xa0, 0xf9, 0x0,
    0x0, 0x67, 0xa, 0xf5, 0x0, 0x0, 0x0, 0xb,
    0xfe, 0x93, 0x0, 0x0, 0x3, 0x9e, 0xfa, 0x0,
    0x0, 0x0, 0x6, 0xf8, 0x39, 0x10, 0x0, 0xb,
    0xd2, 0xf7, 0x0, 0x0, 0xcc, 0x9, 0xf9, 0x55,
    0xaf, 0x60, 0x6, 0xcf, 0xfc, 0x40, 0x0, 0x0,
    0x9c, 0x20, 0x0, 0x0, 0x0, 0xa8, 0x0, 0x0,
    0x0, 0xbc, 0x20, 0x0,

    /* U+015F "ş" */
    0x0, 0x9e, 0xfb, 0x30, 0xa, 0xe5, 0x4c, 0xe1,
    0xe, 0x80, 0x1, 0xb3, 0xb, 0xe6, 0x10, 0x0,
    0x0, 0x8e, 0xfd, 0x50, 0x0, 0x0, 0x29, 0xf3,
    0x2d, 0x40, 0x0, 0xf6, 0xd, 0xd5, 0x49, 0xf2,
    0x1, 0xae, 0xfc, 0x40, 0x0, 0x2, 0xe7, 0x0,
    0x0, 0x0, 0x3f, 0x0, 0x0, 0x4, 0xe7, 0x0,

    /* U+0160 "Š" */
    0x0, 0x26, 0x1, 0x71, 0x0, 0x0, 0xc8, 0xc8,
    0x0, 0x0, 0x1, 0xeb, 0x0, 0x0, 0x0, 0x0,
    0x0, 0x0, 0x0, 0x5c, 0xfe, 0xa2, 0x0, 0x7f,
    0x95, 0x6c, 0xf2, 0xe, 0xa0, 0x0, 0xe, 0xa0,
    0xf9, 0x0, 0x0, 0x67, 0xa, 0xf5, 0x0, 0x0,
    0x0, 0xb, 0xfe, 0x93, 0x0, 0x0, 0x3, 0x9e,
    0xfa, 0x0, 0x0, 0x0, 0x6, 0xf8, 0x39, 0x10,
    0x0, 0xb, 0xd2, 0xf7, 0x0, 0x0, 0xcc, 0x9,
    0xf9, 0x55, 0xaf, 0x60, 0x6, 0xcf, 0xec, 0x40,

    /* U+0161 "š" */
    0x0, 0x8a, 0xc, 0x50, 0x0, 0x8, 0xd5, 0x0,
    0x0, 0x0, 0x0, 0x0, 0x0, 0x9e, 0xea, 0x10,
    0xa, 0xe5, 0x5d, 0xd0, 0xe, 0x80, 0x4, 0xf4,
    0xb, 0xe6, 0x10, 0x51, 0x0, 0x8e, 0xfd, 0x50,
    0x0, 0x0, 0x29, 0xf3, 0x2a, 0x20, 0x0, 0xf6,
    0xd, 0xd5, 0x49, 0xf2, 0x1, 0xae, 0xfc, 0x40,

    /* U+0162 "Ţ" */
    0x9f, 0xff, 0xff, 0xff, 0xf3, 0x24, 0x44, 0xfa,
    0x44, 0x40, 0x0, 0x0, 0xf8, 0x0, 0x0, 0x0,
    0x0, 0xf8, 0x0, 0x0, 0x0, 0x0, 0xf8, 0x0,
    0x0, 0x0, 0x0, 0xf8, 0x0, 0x0, 0x0, 0x0,
    0xf8, 0x0, 0x0, 0x0, 0x0, 0xf8, 0x0, 0x0,
    0x0, 0x0, 0xf8, 0x0, 0x0, 0x0, 0x0, 0xf8,
    0x0, 0x0, 0x0, 0x0, 0xf8, 0x0, 0x0, 0x0,
    0x0, 0xf8, 0x0, 0x0, 0x0, 0x0, 0xca, 0x10,
    0x0, 0x0, 0x0, 0xd, 0x60, 0x0, 0x0, 0x0,
    0xdb, 0x10, 0x0,

    /* U+0163 "ţ" */
    0x3, 0x80, 0x0, 0x6, 0xf1, 0x0, 0x6, 0xf1,
    0x0, 0xef, 0xff, 0xa0, 0x27, 0xf3, 0x10, 0x6,
    0xf1, 0x0, 0x6, 0xf1, 0x0, 0x6, 0xf1, 0x0,
    0x6, 0xf1, 0x0, 0x6, 0xf1, 0x0, 0x4, 0xf7,
    0x30, 0x0, 0xaf, 0x90, 0x0, 0x1e, 0x90, 0x0,
    0x1, 0xf2, 0x0, 0x2e, 0x90,

    /* U+0164 "Ť" */
    0x0, 0x3d, 0x17, 0xb0, 0x0, 0x0, 0x3, 0xda,
    0x0, 0x0, 0x0, 0x0, 0x0, 0x0, 0x0, 0x9f,
    0xff, 0xff, 0xff, 0xf3, 0x24, 0x44, 0xfa, 0x44,
    0x40, 0x0, 0x0, 0xf8, 0x0, 0x0, 0x0, 0x0,
    0xf8, 0x0, 0x0, 0x0, 0x0, 0xf8, 0x0, 0x0,
    0x0, 0x0, 0xf8, 0x0, 0x0, 0x0, 0x0, 0xf8,
    0x0, 0x0, 0x0, 0x0, 0xf8, 0x0, 0x0, 0x0,
    0x0, 0xf8, 0x0, 0x0, 0x0, 0x0, 0xf8, 0x0,
    0x0, 0x0, 0x0, 0xf8, 0x0, 0x0, 0x0, 0x0,
    0xf8, 0x0, 0x0,

    /* U+0165 "ť" */
    0x0, 0x0, 0x46, 0x0, 0x0, 0x9c, 0x0, 0x0,
    0xd8, 0x6, 0xf1, 0x70, 0x6, 0xf1, 0x0, 0xef,
    0xff, 0xa0, 0x27, 0xf3, 0x10, 0x6, 0xf1, 0x0,
    0x6, 0xf1, 0x0, 0x6, 0xf1, 0x0, 0x6, 0xf1,
    0x0, 0x6, 0xf1, 0x0, 0x4, 0xf7, 0x30, 0x0,
    0xaf, 0x90,

    /* U+0166 "Ŧ" */
    0x9f, 0xff, 0xff, 0xff, 0xf3, 0x24, 0x44, 0xfa,
    0x44, 0x40, 0x0, 0x0, 0xf8, 0x0, 0x0, 0x0,
    0x0, 0xf8, 0x0, 0x0, 0x0, 0xaf, 0xff, 0xf5,
    0x0, 0x0, 0x23, 0xfa, 0x31, 0x0, 0x0, 0x0,
    0xf8, 0x0, 0x0, 0x0, 0x0, 0xf8, 0x0, 0x0,
    0x0, 0x0, 0xf8, 0x0, 0x0, 0x0, 0x0, 0xf8,
    0x0, 0x0, 0x0, 0x0, 0xf8, 0x0, 0x0, 0x0,
    0x0, 0xf8, 0x0, 0x0,

    /* U+0167 "ŧ" */
    0x0, 0x6f, 0x10, 0x0, 0x6f, 0x10, 0xe, 0xff,
    0xfa, 0x2, 0x7f, 0x31, 0x0, 0x6f, 0x10, 0x1f,
    0xff, 0xfe, 0x3, 0x8f, 0x42, 0x0, 0x6f, 0x10,
    0x0, 0x6f, 0x10, 0x0, 0x4f, 0x73, 0x0, 0xa,
    0xf9,

    /* U+0168 "Ũ" */
    0x0, 0x0, 0x0, 0x0, 0x0, 0xc, 0xd4, 0x3e,
    0x0, 0x6, 0xb4, 0xdf, 0x70, 0x0, 0x11, 0x0,
    0x10, 0x0, 0xe9, 0x0, 0x0, 0x2f, 0x5e, 0x90,
    0x0, 0x2, 0xf5, 0xe9, 0x0, 0x0, 0x2f, 0x5e,
    0x90, 0x0, 0x2, 0xf5, 0xe9, 0x0, 0x0, 0x2f,
    0x5e, 0x90, 0x0, 0x2, 0xf5, 0xe9, 0x0, 0x0,
    0x2f, 0x5e, 0x90, 0x0, 0x2, 0xf5, 0xda, 0x0,
    0x0, 0x3f, 0x4a, 0xe0, 0x0, 0x8, 0xf1, 0x3f,
    0xc6, 0x59, 0xf8, 0x0, 0x3b, 0xff, 0xc6, 0x0,

    /* U+0169 "ũ" */
    0x0, 0x0, 0x1, 0x1, 0xcf, 0xff, 0xe1, 0x2,
    0x22, 0x20, 0x0, 0x0, 0x0, 0x0, 0xf8, 0x0,
    0xb, 0xbf, 0x80, 0x0, 0xbb, 0xf8, 0x0, 0xb,
    0xbf, 0x80, 0x0, 0xbb, 0xf8, 0x0, 0xb, 0xbe,
    0x80, 0x0, 0xbb, 0xda, 0x0, 0xd, 0xb9, 0xf6,
    0x5a, 0xfb, 0x1a, 0xfe, 0x9b, 0xb0,

    /* U+016A "Ū" */
    0x5, 0xff, 0xff, 0xd0, 0x0, 0x12, 0x22, 0x22,
    0x0, 0x0, 0x0, 0x0, 0x0, 0xe, 0x90, 0x0,
    0x2, 0xf5, 0xe9, 0x0, 0x0, 0x2f, 0x5e, 0x90,
    0x0, 0x2, 0xf5, 0xe9, 0x0, 0x0, 0x2f, 0x5e,
    0x90, 0x0, 0x2, 0xf5, 0xe9, 0x0, 0x0, 0x2f,
    0x5e, 0x90, 0x0, 0x2, 0xf5, 0xe9, 0x0, 0x0,
    0x2f, 0x5d, 0xa0, 0x0, 0x3, 0xf4, 0xae, 0x0,
    0x0, 0x8f, 0x13, 0xfc, 0x65, 0x9f, 0x80, 0x3,
    0xbf, 0xfc, 0x60, 0x0,

    /* U+016B "ū" */
    0x2f, 0xff, 0xff, 0x10, 0x22, 0x22, 0x20, 0x0,
    0x0, 0x0, 0xf, 0x80, 0x0, 0xbb, 0xf8, 0x0,
    0xb, 0xbf, 0x80, 0x0, 0xbb, 0xf8, 0x0, 0xb,
    0xbf, 0x80, 0x0, 0xbb, 0xe8, 0x0, 0xb, 0xbd,
    0xa0, 0x0, 0xdb, 0x9f, 0x65, 0xaf, 0xb1, 0xaf,
    0xe9, 0xbb,

    /* U+016C "Ŭ" */
    0x0, 0xf4, 0xc, 0x70, 0x0, 0x5, 0xde, 0xa0,
    0x0, 0x0, 0x0, 0x0, 0x0, 0xe, 0x90, 0x0,
    0x2, 0xf5, 0xe9, 0x0, 0x0, 0x2f, 0x5e, 0x90,
    0x0, 0x2, 0xf5, 0xe9, 0x0, 0x0, 0x2f, 0x5e,
    0x90, 0x0, 0x2, 0xf5, 0xe9, 0x0, 0x0, 0x2f,
    0x5e, 0x90, 0x0, 0x2, 0xf5, 0xe9, 0x0, 0x0,
    0x2f, 0x5d, 0xa0, 0x0, 0x3, 0xf4, 0xae, 0x0,
    0x0, 0x8f, 0x13, 0xfc, 0x65, 0x9f, 0x80, 0x3,
    0xbf, 0xfc, 0x60, 0x0,

    /* U+016D "ŭ" */
    0xc, 0x70, 0x9a, 0x0, 0x3c, 0xfc, 0x20, 0x0,
    0x0, 0x0, 0xf, 0x80, 0x0, 0xbb, 0xf8, 0x0,
    0xb, 0xbf, 0x80, 0x0, 0xbb, 0xf8, 0x0, 0xb,
    0xbf, 0x80, 0x0, 0xbb, 0xe8, 0x0, 0xb, 0xbd,
    0xa0, 0x0, 0xdb, 0x9f, 0x65, 0xaf, 0xb1, 0xaf,
    0xe9, 0xbb,

    /* U+016E "Ů" */
    0x0, 0x9, 0xb3, 0x0, 0x0, 0x5, 0x71, 0xb0,
    0x0, 0x0, 0x57, 0xb, 0x0, 0x0, 0x0, 0x9b,
    0x30, 0x0, 0xe9, 0x0, 0x0, 0x2f, 0x5e, 0x90,
    0x0, 0x2, 0xf5, 0xe9, 0x0, 0x0, 0x2f, 0x5e,
    0x90, 0x0, 0x2, 0xf5, 0xe9, 0x0, 0x0, 0x2f,
    0x5e, 0x90, 0x0, 0x2, 0xf5, 0xe9, 0x0, 0x0,
    0x2f, 0x5e, 0x90, 0x0, 0x2, 0xf5, 0xda, 0x0,
    0x0, 0x3f, 0x4a, 0xe0, 0x0, 0x8, 0xf1, 0x3f,
    0xc6, 0x59, 0xf8, 0x0, 0x3b, 0xff, 0xc6, 0x0,

    /* U+016F "ů" */
    0x0, 0x7b, 0x50, 0x0, 0x2b, 0xc, 0x0, 0x2,
    0xb0, 0xc0, 0x0, 0x7, 0xb6, 0x0, 0x0, 0x0,
    0x0, 0xf, 0x80, 0x0, 0xbb, 0xf8, 0x0, 0xb,
    0xbf, 0x80, 0x0, 0xbb, 0xf8, 0x0, 0xb, 0xbf,
    0x80, 0x0, 0xbb, 0xe8, 0x0, 0xb, 0xbd, 0xa0,
    0x0, 0xdb, 0x9f, 0x65, 0xaf, 0xb1, 0xaf, 0xe9,
    0xbb,

    /* U+0170 "Ű" */
    0x0, 0xa, 0xc2, 0xf7, 0x0, 0x3, 0xf2, 0xc9,
    0x0, 0x0, 0x44, 0x27, 0x0, 0xe, 0x90, 0x0,
    0x2, 0xf5, 0xe9, 0x0, 0x0, 0x2f, 0x5e, 0x90,
    0x0, 0x2, 0xf5, 0xe9, 0x0, 0x0, 0x2f, 0x5e,
    0x90, 0x0, 0x2, 0xf5, 0xe9, 0x0, 0x0, 0x2f,
    0x5e, 0x90, 0x0, 0x2, 0xf5, 0xe9, 0x0, 0x0,
    0x2f, 0x5d, 0xa0, 0x0, 0x3, 0xf4, 0xae, 0x0,
    0x0, 0x8f, 0x13, 0xfc, 0x65, 0x9f, 0x80, 0x3,
    0xbf, 0xfc, 0x60, 0x0,

    /* U+0171 "ű" */
    0x0, 0x7e, 0x2d, 0xa0, 0x0, 0xe5, 0x9c, 0x0,
    0x2, 0x61, 0x71, 0x0, 0xf8, 0x0, 0xb, 0xb0,
    0xf8, 0x0, 0xb, 0xb0, 0xf8, 0x0, 0xb, 0xb0,
    0xf8, 0x0, 0xb, 0xb0, 0xf8, 0x0, 0xb, 0xb0,
    0xe8, 0x0, 0xb, 0xb0, 0xda, 0x0, 0xd, 0xb0,
    0x9f, 0x65, 0xaf, 0xb0, 0x1a, 0xfe, 0x9b, 0xb0,

    /* U+0172 "Ų" */
    0xe9, 0x0, 0x0, 0x2f, 0x5e, 0x90, 0x0, 0x2,
    0xf5, 0xe9, 0x0, 0x0, 0x2f, 0x5e, 0x90, 0x0,
    0x2, 0xf5, 0xe9, 0x0, 0x0, 0x2f, 0x5e, 0x90,
    0x0, 0x2, 0xf5, 0xe9, 0x0, 0x0, 0x2f, 0x5e,
    0x90, 0x0, 0x2, 0xf5, 0xda, 0x0, 0x0, 0x3f,
    0x4a, 0xe0, 0x0, 0x8, 0xf1, 0x3f, 0xc6, 0x59,
    0xf8, 0x0, 0x3b, 0xff, 0xf6, 0x0, 0x0, 0x0,
    0xe5, 0x0, 0x0, 0x0, 0x3f, 0x41, 0x0, 0x0,
    0x0, 0xcf, 0x50, 0x0,

    /* U+0173 "ų" */
    0xf8, 0x0, 0xb, 0xbf, 0x80, 0x0, 0xbb, 0xf8,
    0x0, 0xb, 0xbf, 0x80, 0x0, 0xbb, 0xf8, 0x0,
    0xb, 0xbe, 0x80, 0x0, 0xbb, 0xda, 0x0, 0xd,
    0xb9, 0xf6, 0x5a, 0xfb, 0x1a, 0xfe, 0x9b, 0xb0,
    0x0, 0x7, 0xc1, 0x0, 0x0, 0xe8, 0x20, 0x0,
    0x8, 0xfa,

    /* U+0174 "Ŵ" */
    0x0, 0x0, 0x0, 0xbe, 0x30, 0x0, 0x0, 0x0,
    0x0, 0xb, 0x82, 0xd2, 0x0, 0x0, 0x0, 0x0,
    0x0, 0x0, 0x0, 0x0, 0x0, 0x6f, 0x10, 0x0,
    0x9f, 0x0, 0x0, 0xcb, 0x2f, 0x40, 0x0, 0xdf,
    0x30, 0x0, 0xf8, 0xe, 0x80, 0x1, 0xfe, 0x70,
    0x3, 0xf4, 0xb, 0xb0, 0x6, 0xf8, 0xb0, 0x6,
    0xf0, 0x7, 0xf0, 0xa, 0xa4, 0xf0, 0x9, 0xd0,
    0x4, 0xf2, 0xe, 0x60, 0xf4, 0xd, 0x90, 0x0,
    0xf6, 0x2f, 0x10, 0xb8, 0xf, 0x50, 0x0, 0xc9,
    0x7d, 0x0, 0x7c, 0x4f, 0x20, 0x0, 0x9d, 0xb9,
    0x0, 0x3f, 0x8e, 0x0, 0x0, 0x5f, 0xe4, 0x0,
    0xe, 0xea, 0x0, 0x0, 0x1f, 0xf0, 0x0, 0xa,
    0xf6, 0x0, 0x0, 0xe, 0xb0, 0x0, 0x6, 0xf3,
    0x0,

    /* U+0175 "ŵ" */
    0x0, 0x0, 0x2d, 0xc1, 0x0, 0x0, 0x0, 0x1,
    0xb3, 0x4a, 0x0, 0x0, 0x0, 0x0, 0x0, 0x0,
    0x0, 0x0, 0x8e, 0x0, 0xb, 0xb0, 0x0, 0xe8,
    0x4f, 0x20, 0xf, 0xf0, 0x2, 0xf3, 0xf, 0x60,
    0x5d, 0xe5, 0x6, 0xf0, 0xb, 0xa0, 0x99, 0xa9,
    0xa, 0xb0, 0x6, 0xe0, 0xe4, 0x5e, 0xe, 0x60,
    0x2, 0xf5, 0xf0, 0xf, 0x5f, 0x20, 0x0, 0xed,
    0xb0, 0xb, 0xdd, 0x0, 0x0, 0x9f, 0x60, 0x6,
    0xf9, 0x0, 0x0, 0x5f, 0x10, 0x2, 0xf5, 0x0,

    /* U+0176 "Ŷ" */
    0x0, 0x3, 0xeb, 0x0, 0x0, 0x0, 0x3d, 0x37,
    0xa0, 0x0, 0x0, 0x0, 0x0, 0x0, 0x0, 0x9f,
    0x10, 0x0, 0x7, 0xf3, 0x1f, 0x90, 0x0, 0xe,
    0xa0, 0x9, 0xf1, 0x0, 0x7f, 0x20, 0x1, 0xf9,
    0x0, 0xea, 0x0, 0x0, 0x8f, 0x17, 0xf2, 0x0,
    0x0, 0x1f, 0x9e, 0x90, 0x0, 0x0, 0x7, 0xff,
    0x10, 0x0, 0x0, 0x0, 0xf9, 0x0, 0x0, 0x0,
    0x0, 0xf8, 0x0, 0x0, 0x0, 0x0, 0xf8, 0x0,
    0x0, 0x0, 0x0, 0xf8, 0x0, 0x0, 0x0, 0x0,
    0xf8, 0x0, 0x0,

    /* U+0177 "ŷ" */
    0x0, 0x2d, 0xc1, 0x0, 0x1, 0xb3, 0x4b, 0x0,
    0x0, 0x0, 0x0, 0x0, 0xae, 0x0, 0x5, 0xf3,
    0x4f, 0x30, 0x9, 0xd0, 0xe, 0x80, 0xe, 0x80,
    0x9, 0xd0, 0x3f, 0x20, 0x3, 0xf2, 0x8d, 0x0,
    0x0, 0xd8, 0xc7, 0x0, 0x0, 0x8e, 0xf2, 0x0,
    0x0, 0x2f, 0xc0, 0x0, 0x0, 0xe, 0x70, 0x0,
    0x0, 0x3f, 0x10, 0x0, 0x16, 0xda, 0x0, 0x0,
    0x5f, 0xb1, 0x0, 0x0,

    /* U+0178 "Ÿ" */
    0x0, 0x48, 0x1, 0xa1, 0x0, 0x0, 0x8d, 0x2,
    0xe3, 0x0, 0x0, 0x0, 0x0, 0x0, 0x0, 0x9f,
    0x10, 0x0, 0x7, 0xf3, 0x1f, 0x90, 0x0, 0xe,
    0xa0, 0x9, 0xf1, 0x0, 0x7f, 0x20, 0x1, 0xf9,
    0x0, 0xea, 0x0, 0x0, 0x8f, 0x17, 0xf2, 0x0,
    0x0, 0x1f, 0x9e, 0x90, 0x0, 0x0, 0x7, 0xff,
    0x10, 0x0, 0x0, 0x0, 0xf9, 0x0, 0x0, 0x0,
    0x0, 0xf8, 0x0, 0x0, 0x0, 0x0, 0xf8, 0x0,
    0x0, 0x0, 0x0, 0xf8, 0x0, 0x0, 0x0, 0x0,
    0xf8, 0x0, 0x0,

    /* U+0179 "Ź" */
    0x0, 0x0, 0xc, 0xd0, 0x0, 0x0, 0x6, 0xe1,
    0x0, 0x0, 0x0, 0x63, 0x0, 0x3, 0xff, 0xff,
    0xff, 0xfb, 0x14, 0x44, 0x44, 0x8f, 0x70, 0x0,
    0x0, 0xd, 0xc0, 0x0, 0x0, 0x8, 0xf3, 0x0,
    0x0, 0x3, 0xf8, 0x0, 0x0, 0x0, 0xdd, 0x0,
    0x0, 0x0, 0x7f, 0x30, 0x0, 0x0, 0x2f, 0x80,
    0x0, 0x0, 0xc, 0xd0, 0x0, 0x0, 0x7, 0xf4,
    0x0, 0x0, 0x2, 0xfc, 0x44, 0x44, 0x44, 0x5f,
    0xff, 0xff, 0xff, 0xf0,

    /* U+017A "ź" */
    0x0, 0x0, 0xad, 0x10, 0x0, 0x6, 0xc1, 0x0,
    0x0, 0x0, 0x0, 0x0, 0x3f, 0xff, 0xff, 0xf2,
    0x4, 0x44, 0x4e, 0xd0, 0x0, 0x0, 0x8f, 0x20,
    0x0, 0x3, 0xf7, 0x0, 0x0, 0xd, 0xb0, 0x0,
    0x0, 0xae, 0x10, 0x0, 0x5, 0xf5, 0x0, 0x0,
    0x1e, 0xc3, 0x33, 0x31, 0x5f, 0xff, 0xff, 0xf6,

    /* U+017B "Ż" */
    0x0, 0x0, 0x84, 0x0, 0x0, 0x0, 0xd, 0x70,
    0x0, 0x0, 0x0, 0x0, 0x0, 0x3, 0xff, 0xff,
    0xff, 0xfb, 0x14, 0x44, 0x44, 0x8f, 0x70, 0x0,
    0x0, 0xd, 0xc0, 0x0, 0x0, 0x8, 0xf3, 0x0,
    0x0, 0x3, 0xf8, 0x0, 0x0, 0x0, 0xdd, 0x0,
    0x0, 0x0, 0x7f, 0x30, 0x0, 0x0, 0x2f, 0x80,
    0x0, 0x0, 0xc, 0xd0, 0x0, 0x0, 0x7, 0xf4,
    0x0, 0x0, 0x2, 0xfc, 0x44, 0x44, 0x44, 0x5f,
    0xff, 0xff, 0xff, 0xf0,

    /* U+017C "ż" */
    0x0, 0xa, 0xa0, 0x0, 0x0, 0x6, 0x70, 0x0,
    0x0, 0x0, 0x0, 0x0, 0x3f, 0xff, 0xff, 0xf2,
    0x4, 0x44, 0x4e, 0xd0, 0x0, 0x0, 0x8f, 0x20,
    0x0, 0x3, 0xf7, 0x0, 0x0, 0xd, 0xb0, 0x0,
    0x0, 0xae, 0x10, 0x0, 0x5, 0xf5, 0x0, 0x0,
    0x1e, 0xc3, 0x33, 0x31, 0x5f, 0xff, 0xff, 0xf6,

    /* U+017D "Ž" */
    0x0, 0x2d, 0x27, 0xb0, 0x0, 0x0, 0x3d, 0xb0,
    0x0, 0x0, 0x0, 0x0, 0x0, 0x3, 0xff, 0xff,
    0xff, 0xfb, 0x14, 0x44, 0x44, 0x8f, 0x70, 0x0,
    0x0, 0xd, 0xc0, 0x0, 0x0, 0x8, 0xf3, 0x0,
    0x0, 0x3, 0xf8, 0x0, 0x0, 0x0, 0xdd, 0x0,
    0x0, 0x0, 0x7f, 0x30, 0x0, 0x0, 0x2f, 0x80,
    0x0, 0x0, 0xc, 0xd0, 0x0, 0x0, 0x7, 0xf4,
    0x0, 0x0, 0x2, 0xfc, 0x44, 0x44, 0x44, 0x5f,
    0xff, 0xff, 0xff, 0xf0,

    /* U+017E "ž" */
    0x1, 0xc4, 0x4d, 0x10, 0x0, 0xa, 0xa1, 0x0,
    0x0, 0x0, 0x0, 0x0, 0x3f, 0xff, 0xff, 0xf2,
    0x4, 0x44, 0x4e, 0xd0, 0x0, 0x0, 0x8f, 0x20,
    0x0, 0x3, 0xf7, 0x0, 0x0, 0xd, 0xb0, 0x0,
    0x0, 0xae, 0x10, 0x0, 0x5, 0xf5, 0x0, 0x0,
    0x1e, 0xc3, 0x33, 0x31, 0x5f, 0xff, 0xff, 0xf6,

    /* U+017F "ſ" */
    0x0, 0x0, 0x0, 0x9f, 0xe0, 0x6f, 0x63, 0xa,
    0xc0, 0x0, 0xcb, 0x0, 0xc, 0xb0, 0x0, 0xcb,
    0x0, 0xc, 0xb0, 0x0, 0xcb, 0x0, 0xc, 0xb0,
    0x0, 0xcb, 0x0, 0xc, 0xb0, 0x0, 0xcb, 0x0,
    0xc, 0xb0, 0x0,

    /* U+0180 "ƀ" */
    0x4, 0xf3, 0x0, 0x0, 0xb, 0xff, 0xff, 0x30,
    0x0, 0x27, 0xf6, 0x30, 0x0, 0x0, 0x4f, 0x6c,
    0xfd, 0x50, 0x4, 0xfe, 0x65, 0xcf, 0x20, 0x4f,
    0x50, 0x0, 0xe9, 0x4, 0xf3, 0x0, 0xa, 0xc0,
    0x4f, 0x30, 0x0, 0x9e, 0x4, 0xf3, 0x0, 0xa,
    0xc0, 0x4f, 0x50, 0x0, 0xe9, 0x4, 0xfe, 0x75,
    0xcf, 0x20, 0x4f, 0x5c, 0xfd, 0x50,

    /* U+0181 "Ɓ" */
    0x1b, 0xff, 0xff, 0xfe, 0xa2, 0xa, 0xe6, 0xf9,
    0x44, 0x6d, 0xe0, 0xb7, 0x1f, 0x60, 0x0, 0x4f,
    0x42, 0x11, 0xf6, 0x0, 0x3, 0xf4, 0x0, 0x1f,
    0x70, 0x2, 0xcd, 0x0, 0x1, 0xff, 0xff, 0xff,
    0x20, 0x0, 0x1f, 0x83, 0x34, 0xce, 0x10, 0x1,
    0xf6, 0x0, 0x1, 0xf7, 0x0, 0x1f, 0x60, 0x0,
    0xe, 0x90, 0x1, 0xf6, 0x0, 0x1, 0xf7, 0x0,
    0x1f, 0x94, 0x46, 0xde, 0x10, 0x1, 0xff, 0xff,
    0xeb, 0x20,

    /* U+0182 "Ƃ" */
    0xff, 0xff, 0xff, 0xf4, 0xf, 0xf4, 0x44, 0x44,
    0x10, 0xff, 0x0, 0x0, 0x0, 0xf, 0xf0, 0x0,
    0x0, 0x0, 0xff, 0x0, 0x0, 0x0, 0xf, 0xff,
    0xff, 0xe9, 0x10, 0xff, 0x33, 0x36, 0xec, 0xf,
    0xf0, 0x0, 0x5, 0xf3, 0xff, 0x0, 0x0, 0x2f,
    0x5f, 0xf0, 0x0, 0x6, 0xf3, 0xff, 0x44, 0x47,
    0xfc, 0xf, 0xff, 0xff, 0xd9, 0x0,

    /* U+0183 "ƃ" */
    0xef, 0xff, 0xf9, 0x0, 0xea, 0x44, 0x42, 0x0,
    0xe8, 0x0, 0x0, 0x0, 0xe9, 0xaf, 0xe9, 0x0,
    0xef, 0x95, 0x8f, 0x80, 0xea, 0x0, 0x9, 0xe0,
    0xe8, 0x0, 0x4, 0xf2, 0xe8, 0x0, 0x3, 0xf3,
    0xe8, 0x0, 0x4, 0xf2, 0xea, 0x0, 0x9, 0xe0,
    0xef, 0x95, 0x8f, 0x70, 0xe8, 0xaf, 0xe8, 0x0,

    /* U+0184 "Ƅ" */
    0x5, 0xf8, 0x0, 0x0, 0x0, 0x1, 0xff, 0x80,
    0x0, 0x0, 0x0, 0x1f, 0xf8, 0x0, 0x0, 0x0,
    0x0, 0x6f, 0x80, 0x0, 0x0, 0x0, 0x0, 0xf8,
    0x0, 0x0, 0x0, 0x0, 0xf, 0xff, 0xff, 0xd7,
    0x0, 0x0, 0xf9, 0x33, 0x48, 0xf8, 0x0, 0xf,
    0x80, 0x0, 0x9, 0xf0, 0x0, 0xf8, 0x0, 0x0,
    0x6f, 0x10, 0xf, 0x80, 0x0, 0xa, 0xf0, 0x0,
    0xfa, 0x44, 0x49, 0xf8, 0x0, 0xf, 0xff, 0xff,
    0xd6, 0x0,

    /* U+0185 "ƅ" */
    0x7, 0xf7, 0x0, 0x0, 0x0, 0x2f, 0xf7, 0x0,
    0x0, 0x0, 0xc, 0xf7, 0x0, 0x0, 0x0, 0x1,
    0xf8, 0xaf, 0xe7, 0x0, 0x0, 0xff, 0x85, 0x9f,
    0x60, 0x0, 0xf8, 0x0, 0xb, 0xd0, 0x0, 0xf7,
    0x0, 0x6, 0xf0, 0x0, 0xf7, 0x0, 0x5, 0xf2,
    0x0, 0xf7, 0x0, 0x6, 0xf0, 0x0, 0xf8, 0x0,
    0xb, 0xd0, 0x0, 0xff, 0x85, 0x9f, 0x60, 0x0,
    0xf7, 0xbf, 0xe7, 0x0,

    /* U+0186 "Ɔ" */
    0x0, 0x4c, 0xff, 0xb3, 0x0, 0x4, 0xfa, 0x55,
    0xbf, 0x30, 0xe, 0xb0, 0x0, 0xc, 0xd0, 0x2e,
    0x50, 0x0, 0x5, 0xf3, 0x0, 0x0, 0x0, 0x1,
    0xf6, 0x0, 0x0, 0x0, 0x0, 0xf7, 0x0, 0x0,
    0x0, 0x0, 0xf7, 0x0, 0x0, 0x0, 0x2, 0xf6,
    0x2e, 0x50, 0x0, 0x5, 0xf3, 0xe, 0xb0, 0x0,
    0xc, 0xd0, 0x5, 0xfa, 0x55, 0xcf, 0x30, 0x0,
    0x5c, 0xfe, 0xb3, 0x0,

    /* U+0187 "Ƈ" */
    0x0, 0x8, 0xdf, 0xd7, 0xa, 0xf9, 0x0, 0xcf,
    0x85, 0x8f, 0xcf, 0x73, 0x6, 0xf3, 0x0, 0x5,
    0xfb, 0x0, 0xc, 0xc0, 0x0, 0x0, 0xfb, 0x0,
    0xf, 0x80, 0x0, 0x0, 0x11, 0x0, 0xf, 0x70,
    0x0, 0x0, 0x0, 0x0, 0xf, 0x70, 0x0, 0x0,
    0x0, 0x0, 0xf, 0x80, 0x0, 0x0, 0x0, 0x0,
    0xd, 0xb0, 0x0, 0x0, 0xb7, 0x0, 0x7, 0xf3,
    0x0, 0x4, 0xf5, 0x0, 0x0, 0xce, 0x74, 0x7e,
    0xb0, 0x0, 0x0, 0x9, 0xef, 0xd8, 0x0, 0x0,

    /* U+0188 "ƈ" */
    0x0, 0x6d, 0xfd, 0x48, 0xf8, 0x7, 0xf8, 0x49,
    0xff, 0x30, 0xe, 0x90, 0x0, 0xbd, 0x0, 0x3f,
    0x40, 0x0, 0x12, 0x0, 0x4f, 0x20, 0x0, 0x0,
    0x0, 0x3f, 0x40, 0x0, 0x0, 0x0, 0xf, 0x80,
    0x0, 0x9a, 0x0, 0x7, 0xf7, 0x48, 0xf5, 0x0,
    0x0, 0x7d, 0xfd, 0x50, 0x0,

    /* U+0189 "Ɖ" */
    0x2, 0xff, 0xff, 0xc5, 0x0, 0x0, 0x2f, 0x84,
    0x59, 0xf9, 0x0, 0x2, 0xf6, 0x0, 0x5, 0xf5,
    0x0, 0x2f, 0x60, 0x0, 0xc, 0xc0, 0x2, 0xf6,
    0x0, 0x0, 0x8f, 0xa, 0xff, 0xff, 0x40, 0x6,
    0xf1, 0x25, 0xf9, 0x30, 0x0, 0x6f, 0x10, 0x2f,
    0x60, 0x0, 0x8, 0xf0, 0x2, 0xf6, 0x0, 0x0,
    0xcc, 0x0, 0x2f, 0x60, 0x0, 0x5f, 0x50, 0x2,
    0xf8, 0x45, 0x9f, 0xa0, 0x0, 0x2f, 0xff, 0xfc,
    0x60, 0x0,

    /* U+018A "Ɗ" */
    0x1b, 0xff, 0xff, 0xfc, 0x60, 0x0, 0x9e, 0x6f,
    0x94, 0x58, 0xfa, 0x0, 0xb7, 0x1f, 0x60, 0x0,
    0x4f, 0x60, 0x32, 0x1f, 0x60, 0x0, 0xb, 0xc0,
    0x0, 0x1f, 0x60, 0x0, 0x7, 0xf0, 0x0, 0x1f,
    0x60, 0x0, 0x5, 0xf1, 0x0, 0x1f, 0x60, 0x0,
    0x5, 0xf1, 0x0, 0x1f, 0x60, 0x0, 0x7, 0xf0,
    0x0, 0x1f, 0x60, 0x0, 0xb, 0xc0, 0x0, 0x1f,
    0x60, 0x0, 0x4f, 0x60, 0x0, 0x1f, 0x94, 0x49,
    0xfa, 0x0, 0x0, 0x1f, 0xff, 0xfc, 0x60, 0x0,

    /* U+018B "Ƌ" */
    0x3, 0xff, 0xff, 0xff, 0xc0, 0x14, 0x44, 0x44,
    0xdc, 0x0, 0x0, 0x0, 0xc, 0xc0, 0x0, 0x0,
    0x0, 0xcc, 0x0, 0x0, 0x0, 0xc, 0xc0, 0x19,
    0xef, 0xff, 0xfc, 0xc, 0xe6, 0x43, 0x3c, 0xc3,
    0xf5, 0x0, 0x0, 0xcc, 0x5f, 0x20, 0x0, 0xc,
    0xc3, 0xf6, 0x0, 0x0, 0xcc, 0xb, 0xf8, 0x44,
    0x4d, 0xc0, 0x9, 0xef, 0xff, 0xfc,

    /* U+018C "ƌ" */
    0x0, 0x9f, 0xff, 0xfe, 0x0, 0x24, 0x44, 0xae,
    0x0, 0x0, 0x0, 0x9e, 0x0, 0x8e, 0xfa, 0xae,
    0x7, 0xf9, 0x59, 0xfe, 0xe, 0xa0, 0x0, 0xae,
    0x2f, 0x40, 0x0, 0x9e, 0x3f, 0x30, 0x0, 0x9e,
    0x2f, 0x40, 0x0, 0x9e, 0xe, 0x80, 0x0, 0x9e,
    0x7, 0xf6, 0x26, 0xfe, 0x0, 0x8e, 0xea, 0x9e,

    /* U+018D "ƍ" */
    0x0, 0x6d, 0xfd, 0x60, 0x0, 0x6f, 0x84, 0x8f,
    0x60, 0xe, 0xa0, 0x0, 0x9f, 0x2, 0xf4, 0x0,
    0x3, 0xf3, 0x3f, 0x30, 0x0, 0x2f, 0x41, 0xf5,
    0x0, 0x4, 0xf1, 0xb, 0xd0, 0x0, 0xca, 0x0,
    0x2f, 0xca, 0xdb, 0x10, 0x0, 0x3f, 0xc2, 0x0,
    0x0, 0x0, 0x3e, 0x90, 0x0, 0x1, 0x33, 0x5f,
    0xa0, 0x0, 0x5f, 0xff, 0xff, 0x20,

    /* U+018E "Ǝ" */
    0x7f, 0xff, 0xff, 0xfc, 0x24, 0x44, 0x44, 0xdc,
    0x0, 0x0, 0x0, 0xbc, 0x0, 0x0, 0x0, 0xbc,
    0x0, 0x0, 0x0, 0xbc, 0x0, 0x0, 0x0, 0xbc,
    0xa, 0xff, 0xff, 0xfc, 0x2, 0x33, 0x33, 0xcc,
    0x0, 0x0, 0x0, 0xbc, 0x0, 0x0, 0x0, 0xbc,
    0x14, 0x44, 0x44, 0xcc, 0x6f, 0xff, 0xff, 0xfc,

    /* U+018F "Ə" */
    0x0, 0x7d, 0xff, 0xc6, 0x0, 0x0, 0xc, 0x85,
    0x59, 0xfa, 0x0, 0x0, 0x0, 0x0, 0x6, 0xf6,
    0x0, 0x0, 0x0, 0x0, 0xd, 0xd0, 0x0, 0x0,
    0x0, 0x0, 0x8f, 0x0, 0x0, 0x0, 0x0, 0x6,
    0xf1, 0x4f, 0xff, 0xff, 0xff, 0xff, 0x13, 0xf6,
    0x33, 0x33, 0x39, 0xf0, 0x1f, 0x60, 0x0, 0x0,
    0xac, 0x0, 0xcc, 0x0, 0x0, 0x3f, 0x50, 0x3,
    0xfd, 0x65, 0x8f, 0xa0, 0x0, 0x2, 0xae, 0xfd,
    0x60, 0x0,

    /* U+0190 "Ɛ" */
    0x0, 0x7d, 0xfe, 0xb3, 0x0, 0xaf, 0x85, 0x6c,
    0xf3, 0x1f, 0x80, 0x0, 0xe, 0x91, 0xf6, 0x0,
    0x0, 0x10, 0xb, 0xe4, 0x10, 0x0, 0x0, 0xc,
    0xff, 0xf1, 0x0, 0xa, 0xe7, 0x43, 0x0, 0x2,
    0xf5, 0x0, 0x0, 0x0, 0x4f, 0x30, 0x0, 0x6,
    0x72, 0xf7, 0x0, 0x0, 0xeb, 0xb, 0xf8, 0x56,
    0xcf, 0x30, 0x7, 0xdf, 0xfb, 0x30,

    /* U+0191 "Ƒ" */
    0x0, 0x3f, 0xff, 0xff, 0xfd, 0x0, 0x3f, 0x84,
    0x44, 0x44, 0x0, 0x3f, 0x50, 0x0, 0x0, 0x0,
    0x3f, 0x50, 0x0, 0x0, 0x0, 0x3f, 0x50, 0x0,
    0x0, 0x0, 0x3f, 0xff, 0xff, 0xf1, 0x0, 0x3f,
    0x73, 0x33, 0x30, 0x0, 0x3f, 0x50, 0x0, 0x0,
    0x0, 0x3f, 0x50, 0x0, 0x0, 0x0, 0x3f, 0x50,
    0x0, 0x0, 0x0, 0x3f, 0x50, 0x0, 0x0, 0x0,
    0x3f, 0x50, 0x0, 0x0, 0x0, 0x3f, 0x40, 0x0,
    0x0, 0x6, 0xbf, 0x10, 0x0, 0x0, 0x1f, 0xd5,
    0x0, 0x0, 0x0,

    /* U+0192 "ƒ" */
    0x0, 0x0, 0x0, 0x0, 0x0, 0x4e, 0xf5, 0x0,
    0xe, 0xb4, 0x10, 0x3, 0xf3, 0x0, 0x0, 0x4f,
    0x20, 0x0, 0xaf, 0xff, 0xc0, 0x1, 0x6f, 0x52,
    0x0, 0x4, 0xf2, 0x0, 0x0, 0x4f, 0x20, 0x0,
    0x4, 0xf2, 0x0, 0x0, 0x4f, 0x20, 0x0, 0x4,
    0xf2, 0x0, 0x0, 0x4f, 0x20, 0x0, 0x4, 0xf2,
    0x0, 0x0, 0x5f, 0x20, 0x0, 0x4b, 0xe0, 0x0,
    0x2f, 0xd4, 0x0, 0x0,

    /* U+0193 "Ɠ" */
    0x0, 0x8, 0xef, 0xe9, 0x1a, 0xfa, 0x0, 0xce,
    0x74, 0x7e, 0xef, 0x62, 0x7, 0xf3, 0x0, 0x3,
    0xfb, 0x0, 0xc, 0xc0, 0x0, 0x0, 0x76, 0x0,
    0xf, 0x90, 0x0, 0x0, 0x0, 0x0, 0xf, 0x70,
    0x0, 0x0, 0x0, 0x0, 0xf, 0x70, 0x6, 0xff,
    0xfb, 0x0, 0xf, 0x90, 0x1, 0x33, 0xdb, 0x0,
    0xb, 0xd0, 0x0, 0x0, 0xcb, 0x0, 0x5, 0xf5,
    0x0, 0x0, 0xcb, 0x0, 0x0, 0xaf, 0x84, 0x6a,
    0xf7, 0x0, 0x0, 0x6, 0xdf, 0xec, 0x50, 0x0,

    /* U+0194 "Ɣ" */
    0x9f, 0x10, 0x0, 0x0, 0xfa, 0x2f, 0x70, 0x0,
    0x6, 0xf3, 0xc, 0xd0, 0x0, 0xc, 0xc0, 0x5,
    0xf4, 0x0, 0x3f, 0x50, 0x0, 0xea, 0x0, 0xae,
    0x0, 0x0, 0x7f, 0x11, 0xf8, 0x0, 0x0, 0x1f,
    0x77, 0xf1, 0x0, 0x0, 0x9, 0xdd, 0xa0, 0x0,
    0x0, 0x2, 0xff, 0x30, 0x0, 0x0, 0x0, 0xdd,
    0x0, 0x0, 0x0, 0x1, 0xff, 0x10, 0x0, 0x0,
    0x8, 0xee, 0x80, 0x0, 0x0, 0xd, 0x98, 0xd0,
    0x0, 0x0, 0xe, 0xba, 0xf0, 0x0, 0x0, 0x6,
    0xee, 0x60, 0x0,

    /* U+0195 "ƕ" */
    0xe8, 0x0, 0x0, 0x0, 0x0, 0x0, 0xe8, 0x0,
    0x0, 0x0, 0x0, 0x0, 0xe8, 0x0, 0x0, 0x0,
    0x0, 0x0, 0xe9, 0x9e, 0xe9, 0x0, 0x2, 0xf5,
    0xef, 0xa5, 0x8f, 0x60, 0x2, 0xf5, 0xeb, 0x0,
    0xc, 0xa0, 0x2, 0xf5, 0xe8, 0x0, 0xb, 0xb0,
    0x2, 0xf5, 0xe8, 0x0, 0xb, 0xc0, 0x2, 0xf5,
    0xe8, 0x0, 0xa, 0xc0, 0x2, 0xf4, 0xe8, 0x0,
    0x8, 0xe0, 0x5, 0xf2, 0xe8, 0x0, 0x3, 0xf9,
    0x5d, 0xd0, 0xe8, 0x0, 0x0, 0x6d, 0xfc, 0x20,

    /* U+0196 "Ɩ" */
    0xcb, 0x0, 0xc, 0xb0, 0x0, 0xcb, 0x0, 0xc,
    0xb0, 0x0, 0xcb, 0x0, 0xc, 0xb0, 0x0, 0xcb,
    0x0, 0xc, 0xb0, 0x0, 0xcb, 0x0, 0xb, 0xc0,
    0x0, 0x7f, 0x63, 0x0, 0xaf, 0xe0,

    /* U+0197 "Ɨ" */
    0x2, 0xf5, 0x0, 0x2, 0xf5, 0x0, 0x2, 0xf5,
    0x0, 0x2, 0xf5, 0x0, 0x2, 0xf6, 0x0, 0xdf,
    0xff, 0xf2, 0x25, 0xf9, 0x30, 0x2, 0xf5, 0x0,
    0x2, 0xf5, 0x0, 0x2, 0xf5, 0x0, 0x2, 0xf5,
    0x0, 0x2, 0xf5, 0x0,

    /* U+0198 "Ƙ" */
    0xad, 0x0, 0x0, 0x9f, 0xc0, 0xad, 0x0, 0x9,
    0xe5, 0x50, 0xad, 0x0, 0x5f, 0x40, 0x0, 0xad,
    0x2, 0xf8, 0x0, 0x0, 0xad, 0x1d, 0xc0, 0x0,
    0x0, 0xad, 0xbf, 0x60, 0x0, 0x0, 0xaf, 0xfd,
    0xf2, 0x0, 0x0, 0xaf, 0x61, 0xec, 0x0, 0x0,
    0xad, 0x0, 0x4f, 0x80, 0x0, 0xad, 0x0, 0x9,
    0xf4, 0x0, 0xad, 0x0, 0x0, 0xce, 0x10, 0xad,
    0x0, 0x0, 0x2f, 0xa0,

    /* U+0199 "ƙ" */
    0x1b, 0xe3, 0x0, 0x0, 0xad, 0x30, 0x0, 0x0,
    0xd8, 0x0, 0x0, 0x0, 0xe8, 0x0, 0x0, 0x0,
    0xe8, 0x0, 0x7f, 0x40, 0xe8, 0x6, 0xf6, 0x0,
    0xe8, 0x4f, 0x80, 0x0, 0xeb, 0xfb, 0x0, 0x0,
    0xef, 0xfe, 0x0, 0x0, 0xed, 0x3f, 0xa0, 0x0,
    0xe8, 0x6, 0xf5, 0x0, 0xe8, 0x0, 0xae, 0x10,
    0xe8, 0x0, 0x1e, 0xb0,

    /* U+019A "ƚ" */
    0x1, 0xf5, 0x0, 0x1, 0xf5, 0x0, 0x1, 0xf5,
    0x0, 0x1, 0xf5, 0x0, 0x1, 0xf6, 0x0, 0xdf,
    0xff, 0xf2, 0x24, 0xf9, 0x30, 0x1, 0xf5, 0x0,
    0x1, 0xf5, 0x0, 0x1, 0xf5, 0x0, 0x1, 0xf5,
    0x0, 0x1, 0xf5, 0x0,

    /* U+019B "ƛ" */
    0xa, 0xe6, 0x0, 0x0, 0x0, 0x3c, 0xfc, 0x60,
    0x0, 0x4, 0xff, 0xb1, 0x0, 0x0, 0x33, 0xcc,
    0x0, 0x0, 0x0, 0xd, 0xf3, 0x0, 0x0, 0x3,
    0xff, 0x90, 0x0, 0x0, 0xae, 0x9f, 0x0, 0x0,
    0xf, 0x83, 0xf5, 0x0, 0x6, 0xf2, 0xc, 0xc0,
    0x0, 0xcc, 0x0, 0x6f, 0x20, 0x2f, 0x70, 0x1,
    0xfb, 0x28, 0xf1, 0x0, 0x7, 0xf6,

    /* U+019C "Ɯ" */
    0xac, 0x0, 0x7, 0xf0, 0x0, 0x3f, 0x3a, 0xc0,
    0x0, 0x7f, 0x0, 0x3, 0xf3, 0xac, 0x0, 0x7,
    0xf0, 0x0, 0x3f, 0x3a, 0xc0, 0x0, 0x7f, 0x0,
    0x3, 0xf3, 0xac, 0x0, 0x7, 0xf0, 0x0, 0x3f,
    0x3a, 0xc0, 0x0, 0x7f, 0x0, 0x3, 0xf3, 0xac,
    0x0, 0x7, 0xf0, 0x0, 0x3f, 0x3a, 0xc0, 0x0,
    0x7f, 0x0, 0x3, 0xf3, 0x9d, 0x0, 0x6, 0xf0,
    0x0, 0x3f, 0x38, 0xf0, 0x0, 0xaf, 0x30, 0x7,
    0xf3, 0x3f, 0xa4, 0x9c, 0xfc, 0x57, 0xff, 0x30,
    0x7e, 0xfb, 0x15, 0xdf, 0xc6, 0xf3,

    /* U+019D "Ɲ" */
    0x0, 0x3f, 0x90, 0x0, 0x0, 0xf8, 0x0, 0x3f,
    0xf3, 0x0, 0x0, 0xf8, 0x0, 0x3f, 0xfd, 0x0,
    0x0, 0xf8, 0x0, 0x3f, 0x8f, 0x70, 0x0, 0xf8,
    0x0, 0x3f, 0x59, 0xf2, 0x0, 0xf8, 0x0, 0x3f,
    0x51, 0xeb, 0x0, 0xf8, 0x0, 0x3f, 0x50, 0x5f,
    0x50, 0xf8, 0x0, 0x3f, 0x50, 0xb, 0xe0, 0xf8,
    0x0, 0x3f, 0x50, 0x2, 0xf9, 0xf8, 0x0, 0x3f,
    0x50, 0x0, 0x8f, 0xf8, 0x0, 0x3f, 0x50, 0x0,
    0xd, 0xf8, 0x0, 0x3f, 0x50, 0x0, 0x4, 0xf8,
    0x0, 0x3f, 0x40, 0x0, 0x0, 0x0, 0x5, 0xbf,
    0x10, 0x0, 0x0, 0x0, 0x1f, 0xd5, 0x0, 0x0,
    0x0, 0x0,

    /* U+019E "ƞ" */
    0xd7, 0x9e, 0xea, 0x1d, 0xf8, 0x47, 0xf8, 0xdb,
    0x0, 0xa, 0xcd, 0x90, 0x0, 0x9d, 0xd9, 0x0,
    0x9, 0xed, 0x90, 0x0, 0x9e, 0xd9, 0x0, 0x9,
    0xed, 0x90, 0x0, 0x9e, 0xd9, 0x0, 0x9, 0xe0,
    0x0, 0x0, 0x9e, 0x0, 0x0, 0x9, 0xe0, 0x0,
    0x0, 0x9e,

    /* U+019F "Ɵ" */
    0x0, 0x8, 0xef, 0xd7, 0x0, 0x0, 0xce, 0x86,
    0x9f, 0xa0, 0x8, 0xf2, 0x0, 0x5, 0xf4, 0xe,
    0x80, 0x0, 0x0, 0xca, 0x1f, 0x60, 0x0, 0x0,
    0xad, 0x2f, 0xff, 0xff, 0xff, 0xff, 0x2f, 0x73,
    0x33, 0x33, 0xae, 0x1f, 0x70, 0x0, 0x0, 0xad,
    0xe, 0xb0, 0x0, 0x0, 0xea, 0x8, 0xf3, 0x0,
    0x6, 0xf4, 0x0, 0xdf, 0x85, 0x9f, 0xa0, 0x0,
    0x8, 0xef, 0xd7, 0x0,

    /* U+01A0 "Ơ" */
    0x0, 0x0, 0x0, 0x0, 0x2, 0xf2, 0x0, 0x18,
    0xef, 0xd7, 0x6, 0xf0, 0x0, 0xde, 0x75, 0x9f,
    0xdf, 0x60, 0x8, 0xf2, 0x0, 0x6, 0xf5, 0x0,
    0xe, 0xa0, 0x0, 0x0, 0xea, 0x0, 0x1f, 0x60,
    0x0, 0x0, 0xad, 0x0, 0x2f, 0x40, 0x0, 0x0,
    0x9e, 0x0, 0x3f, 0x40, 0x0, 0x0, 0x9e, 0x0,
    0x1f, 0x60, 0x0, 0x0, 0xad, 0x0, 0xe, 0xa0,
    0x0, 0x0, 0xea, 0x0, 0x8, 0xf2, 0x0, 0x5,
    0xf4, 0x0, 0x0, 0xde, 0x75, 0x8f, 0xa0, 0x0,
    0x0, 0x8, 0xef, 0xd7, 0x0, 0x0,

    /* U+01A1 "ơ" */
    0x0, 0x0, 0x0, 0x0, 0xc6, 0x0, 0x5d, 0xfd,
    0x71, 0xe3, 0x6, 0xf9, 0x48, 0xff, 0x90, 0xe,
    0xa0, 0x0, 0x8f, 0x10, 0x3f, 0x40, 0x0, 0x2f,
    0x40, 0x4f, 0x20, 0x0, 0x1f, 0x60, 0x3f, 0x40,
    0x0, 0x2f, 0x40, 0xe, 0x90, 0x0, 0x8f, 0x10,
    0x6, 0xf8, 0x47, 0xf8, 0x0, 0x0, 0x6d, 0xfd,
    0x70, 0x0,

    /* U+01A2 "Ƣ" */
    0x0, 0x7, 0xdf, 0xfb, 0x52, 0xaf, 0x30, 0xb,
    0xf8, 0x46, 0xaf, 0xfd, 0xf3, 0x6, 0xf4, 0x0,
    0x0, 0xca, 0x3f, 0x30, 0xcc, 0x0, 0x0, 0xc,
    0xa3, 0xf3, 0xf, 0x80, 0x0, 0x0, 0xca, 0x3f,
    0x30, 0xf6, 0x0, 0x0, 0xc, 0xa3, 0xf3, 0xf,
    0x70, 0x0, 0x0, 0xca, 0x3f, 0x30, 0xf8, 0x0,
    0x0, 0xc, 0xa3, 0xf3, 0xc, 0xc0, 0x0, 0x0,
    0xca, 0x3f, 0x30, 0x6f, 0x40, 0x0, 0xc, 0xa3,
    0xf3, 0x0, 0xbf, 0x84, 0x6a, 0xf6, 0x3f, 0x30,
    0x0, 0x7d, 0xfe, 0xb5, 0x3, 0xf3, 0x0, 0x0,
    0x0, 0x0, 0x0, 0x3f, 0x30, 0x0, 0x0, 0x0,
    0x0, 0x3, 0xf3, 0x0, 0x0, 0x0, 0x0, 0x0,
    0x3f, 0x30,

    /* U+01A3 "ƣ" */
    0x0, 0x6d, 0xfc, 0x56, 0xf8, 0x7, 0xf8, 0x49,
    0xff, 0xf8, 0xf, 0x90, 0x4, 0xf8, 0xe8, 0x3f,
    0x40, 0x4, 0xf2, 0xe8, 0x4f, 0x20, 0x4, 0xf2,
    0xe8, 0x3f, 0x40, 0x4, 0xf2, 0xe8, 0xf, 0x90,
    0x4, 0xf2, 0xe8, 0x7, 0xf8, 0x49, 0xf2, 0xe8,
    0x0, 0x7d, 0xfc, 0x40, 0xe8, 0x0, 0x0, 0x0,
    0x0, 0xe8, 0x0, 0x0, 0x0, 0x0, 0xe8, 0x0,
    0x0, 0x0, 0x0, 0xe8,

    /* U+01A4 "Ƥ" */
    0x1b, 0xff, 0xff, 0xff, 0xc5, 0x0, 0x9e, 0x6f,
    0x94, 0x45, 0xaf, 0x60, 0xb7, 0x1f, 0x60, 0x0,
    0xb, 0xe0, 0x22, 0x1f, 0x60, 0x0, 0x7, 0xf1,
    0x0, 0x1f, 0x60, 0x0, 0x9, 0xf0, 0x0, 0x1f,
    0x70, 0x1, 0x6f, 0xa0, 0x0, 0x1f, 0xff, 0xff,
    0xf9, 0x0, 0x0, 0x1f, 0x83, 0x32, 0x0, 0x0,
    0x0, 0x1f, 0x60, 0x0, 0x0, 0x0, 0x0, 0x1f,
    0x60, 0x0, 0x0, 0x0, 0x0, 0x1f, 0x60, 0x0,
    0x0, 0x0, 0x0, 0x1f, 0x60, 0x0, 0x0, 0x0,

    /* U+01A5 "ƥ" */
    0x1b, 0xe2, 0x0, 0x0, 0xae, 0x30, 0x0, 0x0,
    0xe9, 0x0, 0x0, 0x0, 0xe9, 0xaf, 0xe8, 0x0,
    0xef, 0x85, 0x9f, 0x70, 0xe9, 0x0, 0xa, 0xe0,
    0xe8, 0x0, 0x5, 0xf1, 0xe8, 0x0, 0x3, 0xf3,
    0xe8, 0x0, 0x5, 0xf1, 0xe9, 0x0, 0xa, 0xe0,
    0xef, 0x74, 0x8f, 0x70, 0xea, 0xaf, 0xe8, 0x0,
    0xe8, 0x0, 0x0, 0x0, 0xe8, 0x0, 0x0, 0x0,
    0xe8, 0x0, 0x0, 0x0,

    /* U+01A6 "Ʀ" */
    0x79, 0x0, 0x0, 0x0, 0x0, 0xb, 0xff, 0xff,
    0xc6, 0x0, 0x0, 0xbe, 0x44, 0x5a, 0xf7, 0x0,
    0xb, 0xd0, 0x0, 0xb, 0xe0, 0x0, 0xbd, 0x0,
    0x0, 0x7f, 0x0, 0xb, 0xd0, 0x0, 0xa, 0xf0,
    0x0, 0xbd, 0x0, 0x16, 0xf8, 0x0, 0xb, 0xff,
    0xff, 0xf8, 0x0, 0x0, 0xbd, 0x33, 0x7f, 0x30,
    0x0, 0xb, 0xd0, 0x0, 0xdb, 0x0, 0x0, 0xbd,
    0x0, 0x5, 0xf4, 0x0, 0xb, 0xd0, 0x0, 0xd,
    0xc0, 0x0, 0xbd, 0x0, 0x0, 0x4f, 0x40, 0x0,
    0x0, 0x0, 0x0, 0xcd, 0x0, 0x0, 0x0, 0x0,
    0x4, 0xf5, 0x0, 0x0, 0x0, 0x0, 0xc, 0xd0,

    /* U+01A7 "Ƨ" */
    0x0, 0x7d, 0xfd, 0x91, 0x0, 0xaf, 0x85, 0x6d,
    0xe0, 0x2f, 0x60, 0x0, 0x2f, 0x62, 0x81, 0x0,
    0x1, 0xf6, 0x0, 0x0, 0x2, 0xbf, 0x20, 0x0,
    0x6c, 0xfe, 0x40, 0x4, 0xef, 0xb6, 0x0, 0x1,
    0xfc, 0x10, 0x0, 0x0, 0x5f, 0x20, 0x0, 0x6,
    0x75, 0xf4, 0x0, 0x1, 0xea, 0xd, 0xe7, 0x46,
    0xde, 0x20, 0x19, 0xdf, 0xe9, 0x20,

    /* U+01A8 "ƨ" */
    0x1, 0xae, 0xeb, 0x20, 0xc, 0xe5, 0x4c, 0xe0,
    0xb, 0x40, 0x4, 0xf2, 0x0, 0x0, 0x5c, 0xe0,
    0x2, 0xbf, 0xe9, 0x20, 0xe, 0xc3, 0x0, 0x0,
    0x2f, 0x40, 0x0, 0xd6, 0xe, 0xc4, 0x4b, 0xf2,
    0x2, 0xbe, 0xfb, 0x30,

    /* U+01A9 "Ʃ" */
    0x7f, 0xff, 0xff, 0xff, 0x23, 0xfc, 0x44, 0x44,
    0x40, 0x6, 0xf5, 0x0, 0x0, 0x0, 0xa, 0xf2,
    0x0, 0x0, 0x0, 0xd, 0xc0, 0x0, 0x0, 0x0,
    0x2f, 0x90, 0x0, 0x0, 0x2, 0xf9, 0x0, 0x0,
    0x0, 0xdc, 0x0, 0x0, 0x0, 0xaf, 0x20, 0x0,
    0x0, 0x6f, 0x50, 0x0, 0x0, 0x3f, 0xc4, 0x44,
    0x44, 0x27, 0xff, 0xff, 0xff, 0xf8,

    /* U+01AA "ƪ" */
    0x0, 0x0, 0x0, 0x0, 0xb, 0xff, 0x60, 0x0,
    0x8e, 0x58, 0xf2, 0x0, 0xc9, 0x0, 0xe7, 0x0,
    0xac, 0x14, 0xf7, 0x0, 0x2e, 0xff, 0xf7, 0x0,
    0x1, 0x54, 0xf7, 0x0, 0x0, 0x0, 0xf7, 0x0,
    0x0, 0x0, 0xf7, 0x0, 0x0, 0x0, 0xf7, 0x0,
    0x0, 0x0, 0xf7, 0x0, 0x0, 0x0, 0xf7, 0x0,
    0x0, 0x0, 0xf7, 0x0, 0x0, 0x0, 0xf7, 0x0,
    0x0, 0x0, 0xe8, 0x0, 0x0, 0x0, 0xcd, 0x50,
    0x0, 0x0, 0x3d, 0xf1,

    /* U+01AB "ƫ" */
    0x6, 0xf1, 0x0, 0x6f, 0x10, 0xef, 0xff, 0xa2,
    0x7f, 0x31, 0x6, 0xf1, 0x0, 0x6f, 0x10, 0x6,
    0xf1, 0x0, 0x6f, 0x10, 0x6, 0xf1, 0x0, 0x4f,
    0x73, 0x0, 0xaf, 0xa0, 0x0, 0x5a, 0x0, 0x2a,
    0x80, 0xf, 0xd1,

    /* U+01AC "Ƭ" */
    0x1b, 0xff, 0xff, 0xff, 0xfa, 0x9e, 0x54, 0xaf,
    0x44, 0x43, 0xb7, 0x0, 0x8f, 0x0, 0x0, 0x22,
    0x0, 0x8f, 0x0, 0x0, 0x0, 0x0, 0x8f, 0x0,
    0x0, 0x0, 0x0, 0x8f, 0x0, 0x0, 0x0, 0x0,
    0x8f, 0x0, 0x0, 0x0, 0x0, 0x8f, 0x0, 0x0,
    0x0, 0x0, 0x8f, 0x0, 0x0, 0x0, 0x0, 0x8f,
    0x0, 0x0, 0x0, 0x0, 0x8f, 0x0, 0x0, 0x0,
    0x0, 0x8f, 0x0, 0x0,

    /* U+01AD "ƭ" */
    0x0, 0x5d, 0xc0, 0x1f, 0x92, 0x4, 0xf2, 0x0,
    0x4f, 0x20, 0xdf, 0xff, 0xc2, 0x6f, 0x52, 0x4,
    0xf2, 0x0, 0x4f, 0x20, 0x4, 0xf2, 0x0, 0x4f,
    0x20, 0x4, 0xf3, 0x0, 0x1f, 0x94, 0x0, 0x8f,
    0xb0,

    /* U+01AE "Ʈ" */
    0x9f, 0xff, 0xff, 0xff, 0xf3, 0x24, 0x44, 0xfa,
    0x44, 0x40, 0x0, 0x0, 0xf8, 0x0, 0x0, 0x0,
    0x0, 0xf8, 0x0, 0x0, 0x0, 0x0, 0xf8, 0x0,
    0x0, 0x0, 0x0, 0xf8, 0x0, 0x0, 0x0, 0x0,
    0xf8, 0x0, 0x0, 0x0, 0x0, 0xf8, 0x0, 0x0,
    0x0, 0x0, 0xf8, 0x0, 0x0, 0x0, 0x0, 0xf8,
    0x0, 0x0, 0x0, 0x0, 0xf8, 0x0, 0x0, 0x0,
    0x0, 0xf8, 0x0, 0x0, 0x0, 0x0, 0xe9, 0x0,
    0x0, 0x0, 0x0, 0xbe, 0x52, 0x0, 0x0, 0x0,
    0x2c, 0xf5, 0x0,

    /* U+01AF "Ư" */
    0xe9, 0x0, 0x0, 0x2f, 0x51, 0xf2, 0xe9, 0x0,
    0x0, 0x2f, 0x8b, 0xd0, 0xe9, 0x0, 0x0, 0x2f,
    0xd9, 0x20, 0xe9, 0x0, 0x0, 0x2f, 0x50, 0x0,
    0xe9, 0x0, 0x0, 0x2f, 0x50, 0x0, 0xe9, 0x0,
    0x0, 0x2f, 0x50, 0x0, 0xe9, 0x0, 0x0, 0x2f,
    0x50, 0x0, 0xe9, 0x0, 0x0, 0x2f, 0x50, 0x0,
    0xda, 0x0, 0x0, 0x3f, 0x40, 0x0, 0xae, 0x0,
    0x0, 0x8f, 0x10, 0x0, 0x3f, 0xc6, 0x59, 0xf8,
    0x0, 0x0, 0x3, 0xbf, 0xfc, 0x60, 0x0, 0x0,

    /* U+01B0 "ư" */
    0x0, 0x0, 0x0, 0x0, 0x70, 0xf8, 0x0, 0xb,
    0xb2, 0xf0, 0xf8, 0x0, 0xb, 0xfd, 0x50, 0xf8,
    0x0, 0xb, 0xb0, 0x0, 0xf8, 0x0, 0xb, 0xb0,
    0x0, 0xf8, 0x0, 0xb, 0xb0, 0x0, 0xe8, 0x0,
    0xb, 0xb0, 0x0, 0xd9, 0x0, 0xc, 0xb0, 0x0,
    0x9e, 0x42, 0x8f, 0xb0, 0x0, 0x1a, 0xfe, 0x9b,
    0xb0, 0x0,

    /* U+01B1 "Ʊ" */
    0xf, 0xff, 0xc3, 0xff, 0xfa, 0x4, 0xaf, 0x61,
    0xbf, 0x63, 0x2, 0xf4, 0x0, 0xb, 0xc0, 0x9,
    0xd0, 0x0, 0x3, 0xf3, 0xd, 0x90, 0x0, 0x0,
    0xf8, 0xf, 0x80, 0x0, 0x0, 0xea, 0xf, 0x70,
    0x0, 0x0, 0xda, 0xf, 0x80, 0x0, 0x0, 0xe9,
    0xd, 0xb0, 0x0, 0x1, 0xf7, 0x7, 0xf2, 0x0,
    0x8, 0xf1, 0x0, 0xce, 0x74, 0x8f, 0x70, 0x0,
    0x8, 0xef, 0xc5, 0x0,

    /* U+01B2 "Ʋ" */
    0x0, 0x0, 0x0, 0x0, 0xe, 0x90, 0x0, 0xfe,
    0x50, 0xe9, 0x0, 0x2, 0x9f, 0x1e, 0x90, 0x0,
    0x2, 0xf4, 0xe9, 0x0, 0x0, 0x2f, 0x5e, 0x90,
    0x0, 0x2, 0xf5, 0xe9, 0x0, 0x0, 0x2f, 0x5e,
    0x90, 0x0, 0x2, 0xf5, 0xe9, 0x0, 0x0, 0x2f,
    0x5d, 0xa0, 0x0, 0x3, 0xf4, 0xae, 0x0, 0x0,
    0x8f, 0x12, 0xfc, 0x65, 0x9f, 0x80, 0x3, 0xbf,
    0xfd, 0x60, 0x0,

    /* U+01B3 "Ƴ" */
    0x9f, 0x10, 0x0, 0x3, 0xde, 0x71, 0xf9, 0x0,
    0x0, 0xed, 0x74, 0x9, 0xf1, 0x0, 0x7f, 0x30,
    0x0, 0x1f, 0x80, 0xe, 0xb0, 0x0, 0x0, 0x8f,
    0x17, 0xf3, 0x0, 0x0, 0x1, 0xf9, 0xea, 0x0,
    0x0, 0x0, 0x8, 0xff, 0x20, 0x0, 0x0, 0x0,
    0x1f, 0xa0, 0x0, 0x0, 0x0, 0x0, 0xf8, 0x0,
    0x0, 0x0, 0x0, 0xf, 0x80, 0x0, 0x0, 0x0,
    0x0, 0xf8, 0x0, 0x0, 0x0, 0x0, 0xf, 0x80,
    0x0, 0x0,

    /* U+01B4 "ƴ" */
    0x0, 0x0, 0x0, 0x2d, 0xf8, 0x0, 0x0, 0x0,
    0xcc, 0x44, 0x0, 0x0, 0x2, 0xf4, 0x0, 0xae,
    0x0, 0x6, 0xe0, 0x0, 0x4f, 0x30, 0xb, 0x90,
    0x0, 0xe, 0x90, 0xf, 0x40, 0x0, 0x9, 0xe0,
    0x4f, 0x0, 0x0, 0x3, 0xf3, 0x9a, 0x0, 0x0,
    0x0, 0xd9, 0xd5, 0x0, 0x0, 0x0, 0x8e, 0xf0,
    0x0, 0x0, 0x0, 0x2f, 0xb0, 0x0, 0x0, 0x0,
    0xe, 0x60, 0x0, 0x0, 0x0, 0x3f, 0x10, 0x0,
    0x0, 0x16, 0xda, 0x0, 0x0, 0x0, 0x4f, 0xb1,
    0x0, 0x0, 0x0,

    /* U+01B5 "Ƶ" */
    0x3f, 0xff, 0xff, 0xff, 0xb1, 0x44, 0x44, 0x48,
    0xf7, 0x0, 0x0, 0x1, 0xeb, 0x0, 0x0, 0x0,
    0xae, 0x10, 0x0, 0x0, 0x6f, 0x50, 0x0, 0xff,
    0xff, 0xff, 0xf6, 0x3, 0x3d, 0xe3, 0x33, 0x10,
    0x5, 0xf6, 0x0, 0x0, 0x0, 0xec, 0x0, 0x0,
    0x0, 0x8f, 0x30, 0x0, 0x0, 0x2f, 0xc4, 0x44,
    0x44, 0x45, 0xff, 0xff, 0xff, 0xff,

    /* U+01B6 "ƶ" */
    0x2f, 0xff, 0xff, 0xf4, 0x4, 0x44, 0x4d, 0xe1,
    0x0, 0x0, 0x6f, 0x40, 0x0, 0x1, 0xfa, 0x0,
    0xd, 0xff, 0xff, 0xd0, 0x2, 0xaf, 0x53, 0x20,
    0x3, 0xf7, 0x0, 0x0, 0x1e, 0xd3, 0x33, 0x31,
    0x3f, 0xff, 0xff, 0xf7,

    /* U+01B7 "Ʒ" */
    0x1f, 0xff, 0xff, 0xff, 0xc0, 0x4, 0x44, 0x44,
    0x8f, 0x70, 0x0, 0x0, 0x1, 0xea, 0x0, 0x0,
    0x0, 0xc, 0xc0, 0x0, 0x0, 0x0, 0xae, 0x10,
    0x0, 0x0, 0x8, 0xf3, 0x0, 0x0, 0x0, 0xf,
    0xff, 0xc6, 0x0, 0x0, 0x3, 0x35, 0x9f, 0x80,
    0x0, 0x0, 0x0, 0x9, 0xf1, 0x0, 0x0, 0x0,
    0x3, 0xf4, 0x0, 0x0, 0x0, 0x2, 0xf5, 0x3c,
    0x20, 0x0, 0x4, 0xf4, 0xf, 0x80, 0x0, 0x9,
    0xf1, 0x6, 0xf9, 0x55, 0xaf, 0x70, 0x0, 0x5c,
    0xef, 0xc6, 0x0,

    /* U+01B8 "Ƹ" */
    0x7, 0xff, 0xff, 0xff, 0xf6, 0x3, 0xfb, 0x44,
    0x44, 0x41, 0x0, 0x5f, 0x50, 0x0, 0x0, 0x0,
    0x8, 0xf3, 0x0, 0x0, 0x0, 0x0, 0xae, 0x10,
    0x0, 0x0, 0x0, 0xd, 0xc0, 0x0, 0x0, 0x3b,
    0xff, 0xf4, 0x0, 0x3, 0xfc, 0x53, 0x30, 0x0,
    0xc, 0xd0, 0x0, 0x0, 0x0, 0xf, 0x80, 0x0,
    0x0, 0x0, 0x1f, 0x70, 0x0, 0x0, 0x0, 0xf,
    0x80, 0x0, 0x0, 0xb6, 0xb, 0xe0, 0x0, 0x3,
    0xf4, 0x3, 0xfd, 0x64, 0x7f, 0xb0, 0x0, 0x3b,
    0xef, 0xd7, 0x0,

    /* U+01B9 "ƹ" */
    0xc, 0xff, 0xff, 0xff, 0x0, 0x5f, 0x84, 0x44,
    0x40, 0x0, 0x9e, 0x20, 0x0, 0x0, 0x0, 0xcc,
    0x0, 0x0, 0x0, 0x2, 0xea, 0x0, 0x0, 0x7,
    0xdf, 0xf0, 0x0, 0x8, 0xf7, 0x32, 0x0, 0x0,
    0xf8, 0x0, 0x0, 0x0, 0x1f, 0x50, 0x0, 0x17,
    0x20, 0xf8, 0x0, 0x5, 0xf3, 0x8, 0xf8, 0x46,
    0xeb, 0x0, 0x6, 0xdf, 0xe9, 0x0,

    /* U+01BA "ƺ" */
    0xf, 0xff, 0xff, 0xfa, 0x4, 0x44, 0x4d, 0xe2,
    0x0, 0x2, 0xdd, 0x20, 0x0, 0x3f, 0xf6, 0x0,
    0x0, 0x39, 0xaf, 0x90, 0x0, 0x0, 0x7, 0xf0,
    0x0, 0x0, 0x4d, 0xc0, 0x3, 0xaf, 0xfa, 0x10,
    0x2f, 0xb4, 0x0, 0x0, 0x5f, 0x10, 0x3, 0xd3,
    0x2f, 0xa4, 0x5d, 0xd0, 0x4, 0xcf, 0xea, 0x20,

    /* U+01BB "ƻ" */
    0x0, 0x8d, 0xfd, 0x70, 0x0, 0xae, 0x64, 0x8f,
    0x70, 0x1f, 0x50, 0x0, 0xbc, 0x1, 0x51, 0x0,
    0xa, 0xb0, 0x0, 0x0, 0x2, 0xf6, 0x0, 0xa,
    0xff, 0xff, 0xf6, 0x0, 0x23, 0xce, 0x43, 0x10,
    0x0, 0x6f, 0x40, 0x0, 0x0, 0x3f, 0x70, 0x0,
    0x0, 0x1e, 0xa0, 0x0, 0x0, 0xb, 0xf4, 0x33,
    0x33, 0x10, 0xff, 0xff, 0xff, 0xf6,

    /* U+01BC "Ƽ" */
    0x8f, 0xff, 0xff, 0xff, 0x3, 0x6f, 0xa6, 0x66,
    0x60, 0x1, 0xf4, 0x0, 0x0, 0x0, 0x2f, 0x20,
    0x0, 0x0, 0x4, 0xfc, 0xff, 0xb1, 0x0, 0x4f,
    0x84, 0x7f, 0xb0, 0x0, 0x0, 0x0, 0x7f, 0x20,
    0x0, 0x0, 0x2, 0xf4, 0x4, 0x30, 0x0, 0x2f,
    0x40, 0x9d, 0x0, 0x6, 0xf1, 0x2, 0xfa, 0x46,
    0xfa, 0x0, 0x3, 0xcf, 0xe9, 0x0,

    /* U+01BD "ƽ" */
    0xaf, 0xff, 0xff, 0xf0, 0x39, 0xf5, 0x55, 0x50,
    0x8, 0xd0, 0x0, 0x0, 0x9, 0xec, 0xfd, 0x40,
    0xb, 0xe5, 0x4b, 0xf2, 0x0, 0x0, 0x1, 0xf6,
    0xa, 0x40, 0x1, 0xf6, 0xc, 0xd5, 0x4b, 0xf1,
    0x1, 0x9e, 0xfc, 0x30,

    /* U+01BE "ƾ" */
    0x0, 0xe, 0x90, 0x0, 0x0, 0xe, 0x90, 0x0,
    0x6, 0xff, 0xff, 0x20, 0x1, 0x2e, 0xa2, 0x0,
    0x0, 0xd, 0x90, 0x0, 0x0, 0xa, 0xe2, 0x0,
    0x0, 0x1, 0xcf, 0x60, 0x0, 0x0, 0x9, 0xf3,
    0x3e, 0x30, 0x1, 0xf6, 0xd, 0xd5, 0x4a, 0xf2,
    0x1, 0xae, 0xfc, 0x40,

    /* U+01BF "ƿ" */
    0xe8, 0xaf, 0xe9, 0x0, 0xef, 0x85, 0x9f, 0x80,
    0xe9, 0x0, 0xa, 0xe0, 0xe8, 0x0, 0x4, 0xf2,
    0xe8, 0x0, 0x3, 0xf3, 0xe8, 0x0, 0x6, 0xf1,
    0xe8, 0x0, 0xc, 0xd0, 0xe8, 0x1, 0xaf, 0x30,
    0xeb, 0x8e, 0xc2, 0x0, 0xee, 0xa4, 0x0, 0x0,
    0xe8, 0x0, 0x0, 0x0, 0xe8, 0x0, 0x0, 0x0,

    /* U+01C0 "ǀ" */
    0x8a, 0x8a, 0x8a, 0x8a, 0x8a, 0x8a, 0x8a, 0x8a,
    0x8a, 0x8a, 0x8a, 0x8a,

    /* U+01C1 "ǁ" */
    0x8a, 0x8a, 0x8a, 0x8a, 0x8a, 0x8a, 0x8a, 0x8a,
    0x8a, 0x8a, 0x8a, 0x8a, 0x8a, 0x8a, 0x8a, 0x8a,
    0x8a, 0x8a, 0x8a, 0x8a, 0x8a, 0x8a, 0x8a, 0x8a,

    /* U+01C2 "ǂ" */
    0x0, 0xe4, 0x0, 0x0, 0xe4, 0x0, 0x0, 0xe4,
    0x0, 0xdf, 0xff, 0xf2, 0x33, 0xf8, 0x30, 0x0,
    0xe4, 0x0, 0x0, 0xe5, 0x0, 0xdf, 0xff, 0xf2,
    0x23, 0xf8, 0x30, 0x0, 0xe4, 0x0, 0x0, 0xe4,
    0x0, 0x0, 0xe4, 0x0,

    /* U+01C3 "ǃ" */
    0xad, 0xac, 0xac, 0xac, 0xac, 0xac, 0x9b, 0x9b,
    0x56, 0x0, 0x57, 0x8c,

    /* U+01C4 "Ǆ" */
    0x0, 0x0, 0x0, 0x0, 0x0, 0x3e, 0x26, 0xd1,
    0x0, 0x0, 0x0, 0x0, 0x0, 0x0, 0x6e, 0xe2,
    0x0, 0x0, 0x0, 0x0, 0x0, 0x0, 0x0, 0x63,
    0x0, 0xa, 0xff, 0xfe, 0x91, 0x3, 0xff, 0xff,
    0xff, 0xfb, 0xae, 0x44, 0x6d, 0xe2, 0x4, 0x44,
    0x44, 0x8f, 0x8a, 0xd0, 0x0, 0xd, 0xc0, 0x0,
    0x0, 0xd, 0xd0, 0xad, 0x0, 0x0, 0x5f, 0x30,
    0x0, 0x8, 0xf3, 0xa, 0xd0, 0x0, 0x1, 0xf6,
    0x0, 0x2, 0xf8, 0x0, 0xad, 0x0, 0x0, 0xf,
    0x80, 0x0, 0xcd, 0x0, 0xa, 0xd0, 0x0, 0x0,
    0xf8, 0x0, 0x7f, 0x30, 0x0, 0xad, 0x0, 0x0,
    0x1f, 0x60, 0x2f, 0x90, 0x0, 0xa, 0xd0, 0x0,
    0x5, 0xf3, 0xc, 0xe0, 0x0, 0x0, 0xad, 0x0,
    0x0, 0xdc, 0x6, 0xf4, 0x0, 0x0, 0xa, 0xd4,
    0x46, 0xde, 0x21, 0xfc, 0x44, 0x44, 0x44, 0xaf,
    0xff, 0xe9, 0x10, 0x4f, 0xff, 0xff, 0xff, 0xf0,

    /* U+01C5 "ǅ" */
    0xaf, 0xff, 0xe9, 0x10, 0x0, 0x6b, 0x1c, 0x60,
    0xae, 0x44, 0x6d, 0xe2, 0x0, 0x3, 0x93, 0x0,
    0xad, 0x0, 0x0, 0xdc, 0x0, 0x0, 0x0, 0x0,
    0xad, 0x0, 0x0, 0x5f, 0x3c, 0xff, 0xff, 0xfa,
    0xad, 0x0, 0x0, 0x1f, 0x63, 0x44, 0x49, 0xf5,
    0xad, 0x0, 0x0, 0xf, 0x80, 0x0, 0x1f, 0x90,
    0xad, 0x0, 0x0, 0xf, 0x80, 0x0, 0xcd, 0x0,
    0xad, 0x0, 0x0, 0x1f, 0x60, 0x7, 0xf3, 0x0,
    0xad, 0x0, 0x0, 0x5f, 0x30, 0x2f, 0x70, 0x0,
    0xad, 0x0, 0x0, 0xdc, 0x0, 0xdc, 0x0, 0x0,
    0xad, 0x44, 0x6d, 0xe2, 0x8, 0xf6, 0x44, 0x43,
    0xaf, 0xff, 0xe9, 0x10, 0xd, 0xff, 0xff, 0xfd,

    /* U+01C6 "ǆ" */
    0x0, 0x0, 0x0, 0x6a, 0x0, 0x0, 0x0, 0x0,
    0x0, 0x0, 0x0, 0x9e, 0x2, 0xd4, 0x5d, 0x20,
    0x0, 0x0, 0x0, 0x9e, 0x0, 0x1c, 0xb1, 0x0,
    0x0, 0x0, 0x0, 0x9e, 0x0, 0x0, 0x0, 0x0,
    0x0, 0x8e, 0xfa, 0xae, 0x4f, 0xff, 0xff, 0xf2,
    0x7, 0xfb, 0x7a, 0xfe, 0x16, 0x66, 0x6e, 0xd0,
    0xe, 0xa0, 0x0, 0xae, 0x0, 0x0, 0x7f, 0x30,
    0x2f, 0x50, 0x0, 0x9e, 0x0, 0x3, 0xf7, 0x0,
    0x3f, 0x30, 0x0, 0x9e, 0x0, 0xd, 0xc0, 0x0,
    0x2f, 0x40, 0x0, 0x9e, 0x0, 0xae, 0x10, 0x0,
    0xe, 0x90, 0x0, 0x9e, 0x5, 0xf5, 0x0, 0x0,
    0x7, 0xf8, 0x48, 0xfe, 0x2f, 0xc3, 0x33, 0x31,
    0x0, 0x8e, 0xea, 0x8e, 0x5f, 0xff, 0xff, 0xf5,

    /* U+01C7 "Ǉ" */
    0xad, 0x0, 0x0, 0x0, 0x0, 0x0, 0x4, 0xf3,
    0xad, 0x0, 0x0, 0x0, 0x0, 0x0, 0x4, 0xf3,
    0xad, 0x0, 0x0, 0x0, 0x0, 0x0, 0x4, 0xf3,
    0xad, 0x0, 0x0, 0x0, 0x0, 0x0, 0x4, 0xf3,
    0xad, 0x0, 0x0, 0x0, 0x0, 0x0, 0x4, 0xf3,
    0xad, 0x0, 0x0, 0x0, 0x0, 0x0, 0x4, 0xf3,
    0xad, 0x0, 0x0, 0x0, 0x0, 0x0, 0x4, 0xf3,
    0xad, 0x0, 0x0, 0x0, 0x0, 0x0, 0x4, 0xf3,
    0xad, 0x0, 0x0, 0x0, 0x42, 0x0, 0x5, 0xf2,
    0xad, 0x0, 0x0, 0x0, 0xdb, 0x0, 0x8, 0xf0,
    0xae, 0x44, 0x44, 0x40, 0x7f, 0x95, 0x8f, 0x90,
    0xaf, 0xff, 0xff, 0xf3, 0x7, 0xdf, 0xd7, 0x0,

    /* U+01C8 "ǈ" */
    0xad, 0x0, 0x0, 0x0, 0x3e, 0x2a, 0xd0, 0x0,
    0x0, 0x1, 0x70, 0xad, 0x0, 0x0, 0x0, 0x0,
    0xa, 0xd0, 0x0, 0x0, 0x4, 0xf3, 0xad, 0x0,
    0x0, 0x0, 0x4f, 0x3a, 0xd0, 0x0, 0x0, 0x4,
    0xf3, 0xad, 0x0, 0x0, 0x0, 0x4f, 0x3a, 0xd0,
    0x0, 0x0, 0x4, 0xf3, 0xad, 0x0, 0x0, 0x0,
    0x4f, 0x3a, 0xd0, 0x0, 0x0, 0x4, 0xf3, 0xae,
    0x44, 0x44, 0x40, 0x4f, 0x3a, 0xff, 0xff, 0xff,
    0x34, 0xf3, 0x0, 0x0, 0x0, 0x0, 0x4f, 0x30,
    0x0, 0x0, 0x0, 0x4a, 0xf1, 0x0, 0x0, 0x0,
    0xd, 0xe6, 0x0,

    /* U+01C9 "ǉ" */
    0xca, 0x0, 0xd6, 0xca, 0x0, 0x93, 0xca, 0x0,
    0x0, 0xca, 0x0, 0xf7, 0xca, 0x0, 0xf7, 0xca,
    0x0, 0xf7, 0xca, 0x0, 0xf7, 0xca, 0x0, 0xf7,
    0xca, 0x0, 0xf7, 0xca, 0x0, 0xf7, 0xca, 0x0,
    0xf7, 0xca, 0x0, 0xf7, 0x0, 0x0, 0xf7, 0x0,
    0x37, 0xf4, 0x0, 0x9f, 0xa0,

    /* U+01CA "Ǌ" */
    0xaf, 0x20, 0x0, 0x6, 0xf1, 0x0, 0x0, 0x0,
    0x8f, 0xaf, 0xc0, 0x0, 0x6, 0xf1, 0x0, 0x0,
    0x0, 0x8f, 0xaf, 0xf5, 0x0, 0x6, 0xf1, 0x0,
    0x0, 0x0, 0x8f, 0xad, 0xbe, 0x10, 0x6, 0xf1,
    0x0, 0x0, 0x0, 0x8f, 0xad, 0x2f, 0x90, 0x6,
    0xf1, 0x0, 0x0, 0x0, 0x8f, 0xad, 0x7, 0xf3,
    0x6, 0xf1, 0x0, 0x0, 0x0, 0x8f, 0xad, 0x0,
    0xdd, 0x6, 0xf1, 0x0, 0x0, 0x0, 0x8f, 0xad,
    0x0, 0x3f, 0x76, 0xf1, 0x0, 0x0, 0x0, 0x8f,
    0xad, 0x0, 0x9, 0xf8, 0xf1, 0x4, 0x10, 0x0,
    0x8f, 0xad, 0x0, 0x1, 0xef, 0xf1, 0xf, 0x70,
    0x0, 0xbd, 0xad, 0x0, 0x0, 0x5f, 0xf1, 0xa,
    0xe5, 0x27, 0xf5, 0xad, 0x0, 0x0, 0xb, 0xf1,
    0x0, 0x8d, 0xfd, 0x50,

    /* U+01CB "ǋ" */
    0xaf, 0x20, 0x0, 0x6, 0xf1, 0x6, 0xd0, 0xaf,
    0xc0, 0x0, 0x6, 0xf1, 0x2, 0x70, 0xaf, 0xf6,
    0x0, 0x6, 0xf1, 0x0, 0x0, 0xad, 0xae, 0x10,
    0x6, 0xf1, 0x7, 0xf0, 0xad, 0x1f, 0x90, 0x6,
    0xf1, 0x7, 0xf0, 0xad, 0x7, 0xf3, 0x6, 0xf1,
    0x7, 0xf0, 0xad, 0x0, 0xcd, 0x6, 0xf1, 0x7,
    0xf0, 0xad, 0x0, 0x3f, 0x76, 0xf1, 0x7, 0xf0,
    0xad, 0x0, 0x9, 0xf8, 0xf1, 0x7, 0xf0, 0xad,
    0x0, 0x1, 0xef, 0xf1, 0x7, 0xf0, 0xad, 0x0,
    0x0, 0x5f, 0xf1, 0x7, 0xf0, 0xad, 0x0, 0x0,
    0xb, 0xf1, 0x7, 0xf0, 0x0, 0x0, 0x0, 0x0,
    0x0, 0x7, 0xf0, 0x0, 0x0, 0x0, 0x0, 0x0,
    0x4c, 0xd0, 0x0, 0x0, 0x0, 0x0, 0x1, 0xfd,
    0x40,

    /* U+01CC "ǌ" */
    0x0, 0x0, 0x0, 0x0, 0x1e, 0x50, 0x0, 0x0,
    0x0, 0x0, 0x93, 0x0, 0x0, 0x0, 0x0, 0x0,
    0xe, 0x89, 0xee, 0x90, 0x0, 0xf6, 0xef, 0xa5,
    0x8f, 0x60, 0xf, 0x6e, 0xb0, 0x0, 0xca, 0x0,
    0xf6, 0xe8, 0x0, 0xb, 0xb0, 0xf, 0x6e, 0x80,
    0x0, 0xbc, 0x0, 0xf6, 0xe8, 0x0, 0xb, 0xc0,
    0xf, 0x6e, 0x80, 0x0, 0xbc, 0x0, 0xf6, 0xe8,
    0x0, 0xb, 0xc0, 0xf, 0x6e, 0x80, 0x0, 0xbc,
    0x0, 0xf6, 0x0, 0x0, 0x0, 0x0, 0xf, 0x60,
    0x0, 0x0, 0x0, 0x37, 0xf4, 0x0, 0x0, 0x0,
    0x9, 0xf9, 0x0,

    /* U+01CD "Ǎ" */
    0x0, 0xa, 0x71, 0xd4, 0x0, 0x0, 0x0, 0xa,
    0xd3, 0x0, 0x0, 0x0, 0x0, 0x0, 0x0, 0x0,
    0x0, 0x0, 0x9, 0xf1, 0x0, 0x0, 0x0, 0x0,
    0xff, 0x60, 0x0, 0x0, 0x0, 0x5f, 0xbc, 0x0,
    0x0, 0x0, 0xb, 0xb4, 0xf2, 0x0, 0x0, 0x1,
    0xf6, 0xf, 0x80, 0x0, 0x0, 0x6f, 0x10, 0xad,
    0x0, 0x0, 0xc, 0xc0, 0x5, 0xf3, 0x0, 0x2,
    0xf7, 0x0, 0x1f, 0x90, 0x0, 0x8f, 0xff, 0xff,
    0xfe, 0x0, 0xd, 0xc3, 0x33, 0x36, 0xf5, 0x3,
    0xf5, 0x0, 0x0, 0xe, 0xa0, 0x9e, 0x0, 0x0,
    0x0, 0x8f, 0x10,

    /* U+01CE "ǎ" */
    0x0, 0x6b, 0xb, 0x70, 0x0, 0x6, 0xd7, 0x0,
    0x0, 0x0, 0x0, 0x0, 0x0, 0x6d, 0xfd, 0x50,
    0x6, 0xf7, 0x48, 0xf2, 0xd, 0xa0, 0x0, 0xe7,
    0x2, 0x8c, 0xef, 0xf8, 0x9, 0xe5, 0x22, 0xe8,
    0xf, 0x60, 0x0, 0xe8, 0x1f, 0x60, 0x2, 0xf8,
    0xc, 0xe6, 0x6e, 0xf9, 0x2, 0xbf, 0xe6, 0xa9,

    /* U+01CF "Ǐ" */
    0xb, 0x62, 0xd3, 0x0, 0xbc, 0x30, 0x0, 0x0,
    0x0, 0x0, 0x9f, 0x0, 0x0, 0x9f, 0x0, 0x0,
    0x9f, 0x0, 0x0, 0x9f, 0x0, 0x0, 0x9f, 0x0,
    0x0, 0x9f, 0x0, 0x0, 0x9f, 0x0, 0x0, 0x9f,
    0x0, 0x0, 0x9f, 0x0, 0x0, 0x9f, 0x0, 0x0,
    0x9f, 0x0, 0x0, 0x9f, 0x0,

    /* U+01D0 "ǐ" */
    0x1c, 0x34, 0xc1, 0x1, 0xaa, 0x0, 0x0, 0x0,
    0x0, 0x0, 0xca, 0x0, 0x0, 0xca, 0x0, 0x0,
    0xca, 0x0, 0x0, 0xca, 0x0, 0x0, 0xca, 0x0,
    0x0, 0xca, 0x0, 0x0, 0xca, 0x0, 0x0, 0xca,
    0x0, 0x0, 0xca, 0x0,

    /* U+01D1 "Ǒ" */
    0x0, 0x5, 0x40, 0x46, 0x0, 0x0, 0x0, 0x2e,
    0x6e, 0x30, 0x0, 0x0, 0x0, 0x5f, 0x50, 0x0,
    0x0, 0x0, 0x0, 0x0, 0x0, 0x0, 0x0, 0x7,
    0xdf, 0xd7, 0x0, 0x0, 0xb, 0xf8, 0x58, 0xfb,
    0x0, 0x6, 0xf4, 0x0, 0x4, 0xf6, 0x0, 0xcc,
    0x0, 0x0, 0xc, 0xc0, 0xf, 0x80, 0x0, 0x0,
    0x8f, 0x0, 0xf7, 0x0, 0x0, 0x7, 0xf0, 0x1f,
    0x70, 0x0, 0x0, 0x7f, 0x0, 0xf8, 0x0, 0x0,
    0x8, 0xf0, 0xc, 0xc0, 0x0, 0x0, 0xbc, 0x0,
    0x6f, 0x40, 0x0, 0x3f, 0x60, 0x0, 0xbf, 0x85,
    0x8f, 0xc0, 0x0, 0x0, 0x7d, 0xfd, 0x80, 0x0,

    /* U+01D2 "ǒ" */
    0x0, 0x6b, 0xb, 0x70, 0x0, 0x0, 0x6d, 0x60,
    0x0, 0x0, 0x0, 0x0, 0x0, 0x0, 0x5, 0xdf,
    0xd7, 0x0, 0x6, 0xf9, 0x48, 0xf8, 0x0, 0xea,
    0x0, 0x8, 0xf1, 0x2f, 0x40, 0x0, 0x2f, 0x54,
    0xf3, 0x0, 0x1, 0xf6, 0x3f, 0x40, 0x0, 0x2f,
    0x40, 0xe9, 0x0, 0x8, 0xf1, 0x6, 0xf8, 0x47,
    0xf8, 0x0, 0x6, 0xdf, 0xd6, 0x0,

    /* U+01D3 "Ǔ" */
    0x0, 0xb7, 0x2d, 0x30, 0x0, 0x0, 0xbd, 0x30,
    0x0, 0x0, 0x0, 0x0, 0x0, 0xe, 0x90, 0x0,
    0x2, 0xf5, 0xe9, 0x0, 0x0, 0x2f, 0x5e, 0x90,
    0x0, 0x2, 0xf5, 0xe9, 0x0, 0x0, 0x2f, 0x5e,
    0x90, 0x0, 0x2, 0xf5, 0xe9, 0x0, 0x0, 0x2f,
    0x5e, 0x90, 0x0, 0x2, 0xf5, 0xe9, 0x0, 0x0,
    0x2f, 0x5d, 0xa0, 0x0, 0x3, 0xf4, 0xae, 0x0,
    0x0, 0x8f, 0x13, 0xfc, 0x65, 0x9f, 0x80, 0x3,
    0xbf, 0xfc, 0x60, 0x0,

    /* U+01D4 "ǔ" */
    0x7, 0xa0, 0xc6, 0x0, 0x6, 0xc5, 0x0, 0x0,
    0x0, 0x0, 0xf, 0x80, 0x0, 0xbb, 0xf8, 0x0,
    0xb, 0xbf, 0x80, 0x0, 0xbb, 0xf8, 0x0, 0xb,
    0xbf, 0x80, 0x0, 0xbb, 0xe8, 0x0, 0xb, 0xbd,
    0xa0, 0x0, 0xdb, 0x9f, 0x65, 0xaf, 0xb1, 0xaf,
    0xe9, 0xbb,

    /* U+01D5 "Ǖ" */
    0x6, 0xff, 0xff, 0xd0, 0x0, 0x12, 0x22, 0x22,
    0x0, 0x2, 0x90, 0x6, 0x70, 0x0, 0x4e, 0x20,
    0xab, 0x0, 0x0, 0x0, 0x0, 0x0, 0xe, 0x90,
    0x0, 0x2, 0xf5, 0xe9, 0x0, 0x0, 0x2f, 0x5e,
    0x90, 0x0, 0x2, 0xf5, 0xe9, 0x0, 0x0, 0x2f,
    0x5e, 0x90, 0x0, 0x2, 0xf5, 0xe9, 0x0, 0x0,
    0x2f, 0x5e, 0x90, 0x0, 0x2, 0xf5, 0xe9, 0x0,
    0x0, 0x2f, 0x5d, 0xa0, 0x0, 0x3, 0xf4, 0xae,
    0x0, 0x0, 0x8f, 0x13, 0xfc, 0x65, 0x9f, 0x80,
    0x3, 0xbf, 0xfc, 0x60, 0x0,

    /* U+01D6 "ǖ" */
    0x2f, 0xff, 0xff, 0x10, 0x22, 0x22, 0x20, 0xd,
    0x60, 0x8c, 0x0, 0x94, 0x5, 0x80, 0x0, 0x0,
    0x0, 0xf, 0x80, 0x0, 0xbb, 0xf8, 0x0, 0xb,
    0xbf, 0x80, 0x0, 0xbb, 0xf8, 0x0, 0xb, 0xbf,
    0x80, 0x0, 0xbb, 0xe8, 0x0, 0xb, 0xbd, 0xa0,
    0x0, 0xdb, 0x9f, 0x65, 0xaf, 0xb1, 0xaf, 0xe9,
    0xbb,

    /* U+01D7 "Ǘ" */
    0x0, 0x0, 0xa8, 0x0, 0x0, 0x2a, 0x3a, 0x77,
    0x0, 0x4, 0xe2, 0x9, 0xa0, 0x0, 0x0, 0x0,
    0x0, 0x0, 0xe9, 0x0, 0x0, 0x2f, 0x5e, 0x90,
    0x0, 0x2, 0xf5, 0xe9, 0x0, 0x0, 0x2f, 0x5e,
    0x90, 0x0, 0x2, 0xf5, 0xe9, 0x0, 0x0, 0x2f,
    0x5e, 0x90, 0x0, 0x2, 0xf5, 0xe9, 0x0, 0x0,
    0x2f, 0x5e, 0x90, 0x0, 0x2, 0xf5, 0xda, 0x0,
    0x0, 0x3f, 0x4a, 0xe0, 0x0, 0x8, 0xf1, 0x3f,
    0xc6, 0x59, 0xf8, 0x0, 0x3b, 0xff, 0xc6, 0x0,

    /* U+01D8 "ǘ" */
    0x0, 0x2, 0xf7, 0x0, 0x0, 0xca, 0x0, 0x0,
    0x17, 0x0, 0x0, 0xd6, 0x8, 0xc0, 0x9, 0x40,
    0x58, 0x0, 0x0, 0x0, 0x0, 0xf8, 0x0, 0xb,
    0xbf, 0x80, 0x0, 0xbb, 0xf8, 0x0, 0xb, 0xbf,
    0x80, 0x0, 0xbb, 0xf8, 0x0, 0xb, 0xbe, 0x80,
    0x0, 0xbb, 0xda, 0x0, 0xd, 0xb9, 0xf6, 0x5a,
    0xfb, 0x1a, 0xfe, 0x9b, 0xb0,

    /* U+01D9 "Ǚ" */
    0x0, 0x72, 0x7, 0x30, 0x0, 0x4, 0xec, 0xa0,
    0x0, 0x2, 0x93, 0x56, 0x70, 0x0, 0x4e, 0x20,
    0xab, 0x0, 0x0, 0x0, 0x0, 0x0, 0xe, 0x90,
    0x0, 0x2, 0xf5, 0xe9, 0x0, 0x0, 0x2f, 0x5e,
    0x90, 0x0, 0x2, 0xf5, 0xe9, 0x0, 0x0, 0x2f,
    0x5e, 0x90, 0x0, 0x2, 0xf5, 0xe9, 0x0, 0x0,
    0x2f, 0x5e, 0x90, 0x0, 0x2, 0xf5, 0xe9, 0x0,
    0x0, 0x2f, 0x5d, 0xa0, 0x0, 0x3, 0xf4, 0xae,
    0x0, 0x0, 0x8f, 0x13, 0xfc, 0x65, 0x9f, 0x80,
    0x3, 0xbf, 0xfc, 0x60, 0x0,

    /* U+01DA "ǚ" */
    0x9, 0xa0, 0xc8, 0x0, 0xc, 0xda, 0x0, 0x0,
    0x17, 0x0, 0x0, 0xd6, 0x8, 0xc0, 0x9, 0x40,
    0x58, 0x0, 0x0, 0x0, 0x0, 0xf8, 0x0, 0xb,
    0xbf, 0x80, 0x0, 0xbb, 0xf8, 0x0, 0xb, 0xbf,
    0x80, 0x0, 0xbb, 0xf8, 0x0, 0xb, 0xbe, 0x80,
    0x0, 0xbb, 0xda, 0x0, 0xd, 0xb9, 0xf6, 0x5a,
    0xfb, 0x1a, 0xfe, 0x9b, 0xb0,

    /* U+01DB "Ǜ" */
    0x0, 0x2e, 0x20, 0x0, 0x0, 0x2a, 0x67, 0x67,
    0x0, 0x4, 0xe2, 0x9, 0xa0, 0x0, 0x0, 0x0,
    0x0, 0x0, 0xe9, 0x0, 0x0, 0x2f, 0x5e, 0x90,
    0x0, 0x2, 0xf5, 0xe9, 0x0, 0x0, 0x2f, 0x5e,
    0x90, 0x0, 0x2, 0xf5, 0xe9, 0x0, 0x0, 0x2f,
    0x5e, 0x90, 0x0, 0x2, 0xf5, 0xe9, 0x0, 0x0,
    0x2f, 0x5e, 0x90, 0x0, 0x2, 0xf5, 0xda, 0x0,
    0x0, 0x3f, 0x4a, 0xe0, 0x0, 0x8, 0xf1, 0x3f,
    0xc6, 0x59, 0xf8, 0x0, 0x3b, 0xff, 0xc6, 0x0,

    /* U+01DC "ǜ" */
    0x9, 0xf1, 0x0, 0x0, 0xc, 0xa0, 0x0, 0x0,
    0x17, 0x0, 0x0, 0xd6, 0x8, 0xc0, 0x9, 0x40,
    0x58, 0x0, 0x0, 0x0, 0x0, 0xf8, 0x0, 0xb,
    0xbf, 0x80, 0x0, 0xbb, 0xf8, 0x0, 0xb, 0xbf,
    0x80, 0x0, 0xbb, 0xf8, 0x0, 0xb, 0xbe, 0x80,
    0x0, 0xbb, 0xda, 0x0, 0xd, 0xb9, 0xf6, 0x5a,
    0xfb, 0x1a, 0xfe, 0x9b, 0xb0,

    /* U+01DD "ǝ" */
    0x4, 0xcf, 0xfa, 0x20, 0xb, 0x85, 0x5c, 0xe1,
    0x0, 0x0, 0x1, 0xf7, 0x0, 0x0, 0x0, 0xbb,
    0x3f, 0xff, 0xff, 0xfd, 0x2f, 0x63, 0x33, 0xdb,
    0xf, 0x70, 0x2, 0xf7, 0x8, 0xe6, 0x5d, 0xe0,
    0x0, 0x9e, 0xfa, 0x10,

    /* U+01DE "Ǟ" */
    0x0, 0x5f, 0xff, 0xfd, 0x0, 0x0, 0x3, 0xc4,
    0x28, 0x90, 0x0, 0x0, 0x3e, 0x20, 0x9b, 0x0,
    0x0, 0x0, 0x0, 0x0, 0x0, 0x0, 0x0, 0x0,
    0x9f, 0x10, 0x0, 0x0, 0x0, 0xf, 0xf6, 0x0,
    0x0, 0x0, 0x5, 0xfb, 0xc0, 0x0, 0x0, 0x0,
    0xbb, 0x4f, 0x20, 0x0, 0x0, 0x1f, 0x60, 0xf8,
    0x0, 0x0, 0x6, 0xf1, 0xa, 0xd0, 0x0, 0x0,
    0xcc, 0x0, 0x5f, 0x30, 0x0, 0x2f, 0x70, 0x1,
    0xf9, 0x0, 0x8, 0xff, 0xff, 0xff, 0xe0, 0x0,
    0xdc, 0x33, 0x33, 0x6f, 0x50, 0x3f, 0x50, 0x0,
    0x0, 0xea, 0x9, 0xe0, 0x0, 0x0, 0x8, 0xf1,

    /* U+01DF "ǟ" */
    0x0, 0xff, 0xff, 0xf3, 0x0, 0x22, 0x22, 0x20,
    0x0, 0xc8, 0x6, 0xd0, 0x0, 0x85, 0x4, 0x90,
    0x0, 0x0, 0x0, 0x0, 0x0, 0x9e, 0xfd, 0x50,
    0xb, 0xe5, 0x48, 0xf2, 0x4, 0x20, 0x0, 0xe7,
    0x0, 0x7c, 0xef, 0xf8, 0x9, 0xe5, 0x22, 0xe8,
    0xf, 0x60, 0x0, 0xe8, 0x1f, 0x60, 0x2, 0xf8,
    0xc, 0xe6, 0x6e, 0xf9, 0x2, 0xbf, 0xe6, 0xa9,

    /* U+01E0 "Ǡ" */
    0x0, 0x5f, 0xff, 0xfd, 0x0, 0x0, 0x0, 0x26,
    0xc2, 0x20, 0x0, 0x0, 0x0, 0x6d, 0x0, 0x0,
    0x0, 0x0, 0x0, 0x0, 0x0, 0x0, 0x0, 0x0,
    0x9f, 0x10, 0x0, 0x0, 0x0, 0xf, 0xf6, 0x0,
    0x0, 0x0, 0x5, 0xfb, 0xc0, 0x0, 0x0, 0x0,
    0xbb, 0x4f, 0x20, 0x0, 0x0, 0x1f, 0x60, 0xf8,
    0x0, 0x0, 0x6, 0xf1, 0xa, 0xd0, 0x0, 0x0,
    0xcc, 0x0, 0x5f, 0x30, 0x0, 0x2f, 0x70, 0x1,
    0xf9, 0x0, 0x8, 0xff, 0xff, 0xff, 0xe0, 0x0,
    0xdc, 0x33, 0x33, 0x6f, 0x50, 0x3f, 0x50, 0x0,
    0x0, 0xea, 0x9, 0xe0, 0x0, 0x0, 0x8, 0xf1,

    /* U+01E1 "ǡ" */
    0x0, 0xff, 0xff, 0xf3, 0x0, 0x22, 0x22, 0x20,
    0x0, 0x2, 0xe3, 0x0, 0x0, 0x1, 0xa2, 0x0,
    0x0, 0x0, 0x0, 0x0, 0x0, 0x9e, 0xfd, 0x50,
    0xb, 0xe5, 0x48, 0xf2, 0x4, 0x20, 0x0, 0xe7,
    0x0, 0x7c, 0xef, 0xf8, 0x9, 0xe5, 0x22, 0xe8,
    0xf, 0x60, 0x0, 0xe8, 0x1f, 0x60, 0x2, 0xf8,
    0xc, 0xe6, 0x6e, 0xf9, 0x2, 0xbf, 0xe6, 0xa9,

    /* U+01E2 "Ǣ" */
    0x0, 0x0, 0x3, 0xff, 0xff, 0xf0, 0x0, 0x0,
    0x0, 0x0, 0x0, 0x22, 0x22, 0x20, 0x0, 0x0,
    0x0, 0x0, 0x0, 0x0, 0x0, 0x0, 0x0, 0x0,
    0x0, 0x0, 0x0, 0x8, 0xff, 0xff, 0xff, 0xf3,
    0x0, 0x0, 0x0, 0x2f, 0xfd, 0x33, 0x33, 0x30,
    0x0, 0x0, 0x0, 0xad, 0x9d, 0x0, 0x0, 0x0,
    0x0, 0x0, 0x3, 0xf5, 0x8e, 0x0, 0x0, 0x0,
    0x0, 0x0, 0xc, 0xd0, 0x8e, 0x0, 0x0, 0x0,
    0x0, 0x0, 0x6f, 0x40, 0x7f, 0xff, 0xff, 0x90,
    0x0, 0x0, 0xec, 0x0, 0x7f, 0x33, 0x33, 0x10,
    0x0, 0x8, 0xf5, 0x11, 0x7f, 0x0, 0x0, 0x0,
    0x0, 0x2f, 0xff, 0xff, 0xff, 0x10, 0x0, 0x0,
    0x0, 0xaf, 0x54, 0x44, 0x8f, 0x10, 0x0, 0x0,
    0x4, 0xf8, 0x0, 0x0, 0x4f, 0x53, 0x33, 0x32,
    0xd, 0xe0, 0x0, 0x0, 0x3f, 0xff, 0xff, 0xfb,

    /* U+01E3 "ǣ" */
    0x0, 0x0, 0xef, 0xff, 0xf6, 0x0, 0x0, 0x0,
    0x2, 0x22, 0x22, 0x10, 0x0, 0x0, 0x0, 0x0,
    0x0, 0x0, 0x0, 0x0, 0x19, 0xef, 0xb2, 0x4d,
    0xfd, 0x60, 0xc, 0xe6, 0x4d, 0xef, 0xa4, 0x8f,
    0x41, 0xd5, 0x0, 0x4f, 0xc0, 0x0, 0xbb, 0x0,
    0x0, 0x2, 0xf7, 0x0, 0x8, 0xe0, 0x3b, 0xef,
    0xff, 0xff, 0xff, 0xff, 0x2f, 0xb3, 0x24, 0xf7,
    0x22, 0x22, 0x25, 0xf1, 0x0, 0x2f, 0xa0, 0x0,
    0x0, 0x2f, 0x94, 0x6d, 0xdf, 0x94, 0x49, 0x80,
    0x6d, 0xfd, 0x80, 0x4c, 0xfe, 0xb3,

    /* U+01E4 "Ǥ" */
    0x0, 0x8, 0xef, 0xd9, 0x10, 0x0, 0xc, 0xe7,
    0x47, 0xec, 0x0, 0x7, 0xf3, 0x0, 0x3, 0xf6,
    0x0, 0xcc, 0x0, 0x0, 0x7, 0x50, 0xf, 0x90,
    0x0, 0x0, 0x0, 0x0, 0xf7, 0x0, 0x0, 0x0,
    0x0, 0xf, 0x70, 0x6, 0xff, 0xfb, 0x0, 0xf9,
    0x0, 0x14, 0x4d, 0xb0, 0xb, 0xd0, 0x1, 0xff,
    0xff, 0xe0, 0x5f, 0x50, 0x3, 0x3d, 0xc2, 0x0,
    0xaf, 0x84, 0x6a, 0xf7, 0x0, 0x0, 0x6d, 0xfe,
    0xc5, 0x0,

    /* U+01E5 "ǥ" */
    0x0, 0x7e, 0xfb, 0x7f, 0x0, 0x5f, 0xa5, 0x8f,
    0xf0, 0xd, 0xb0, 0x0, 0x8f, 0x0, 0xf6, 0x0,
    0x7, 0xf0, 0x1f, 0x50, 0x0, 0x7f, 0x0, 0xf6,
    0x0, 0x7, 0xf0, 0xd, 0xb0, 0x0, 0x8f, 0x0,
    0x5f, 0x95, 0x8f, 0xf0, 0x0, 0x7e, 0xfb, 0x9f,
    0xb, 0xff, 0xff, 0xff, 0xfd, 0x2, 0x30, 0x0,
    0xcb, 0x0, 0x8e, 0x31, 0x8f, 0x40, 0x1, 0xaf,
    0xff, 0x60, 0x0, 0x0, 0x12, 0x0, 0x0,

    /* U+01E6 "Ǧ" */
    0x0, 0x7, 0x20, 0x64, 0x0, 0x0, 0x6, 0xd7,
    0xd0, 0x0, 0x0, 0x0, 0x9e, 0x20, 0x0, 0x0,
    0x0, 0x0, 0x0, 0x0, 0x0, 0x8, 0xef, 0xd9,
    0x10, 0x0, 0xce, 0x74, 0x7e, 0xc0, 0x7, 0xf3,
    0x0, 0x3, 0xf6, 0xc, 0xc0, 0x0, 0x0, 0x75,
    0xf, 0x90, 0x0, 0x0, 0x0, 0xf, 0x70, 0x0,
    0x0, 0x0, 0xf, 0x70, 0x6, 0xff, 0xfb, 0xf,
    0x90, 0x1, 0x33, 0xdb, 0xb, 0xd0, 0x0, 0x0,
    0xcb, 0x5, 0xf5, 0x0, 0x0, 0xcb, 0x0, 0xaf,
    0x84, 0x6a, 0xf7, 0x0, 0x6, 0xdf, 0xec, 0x50,

    /* U+01E7 "ǧ" */
    0x0, 0x99, 0x1d, 0x50, 0x0, 0x9, 0xd4, 0x0,
    0x0, 0x0, 0x0, 0x0, 0x0, 0x8e, 0xfa, 0x8e,
    0x7, 0xf9, 0x59, 0xfe, 0xe, 0xa0, 0x0, 0xae,
    0x2f, 0x50, 0x0, 0x9e, 0x3f, 0x30, 0x0, 0x9e,
    0x1f, 0x40, 0x0, 0x9e, 0xe, 0x90, 0x0, 0xae,
    0x7, 0xf9, 0x59, 0xfe, 0x0, 0x8e, 0xfa, 0xad,
    0x0, 0x0, 0x0, 0xcb, 0x9, 0xc5, 0x49, 0xf4,
    0x0, 0x9e, 0xfc, 0x40,

    /* U+01E8 "Ǩ" */
    0x4, 0xd1, 0x8c, 0x0, 0x0, 0x0, 0x8d, 0xe1,
    0x0, 0x0, 0x0, 0x7, 0x20, 0x0, 0x0, 0xad,
    0x0, 0x0, 0x8f, 0x40, 0xad, 0x0, 0x6, 0xf6,
    0x0, 0xad, 0x0, 0x4f, 0x90, 0x0, 0xad, 0x2,
    0xfb, 0x0, 0x0, 0xad, 0x1d, 0xd0, 0x0, 0x0,
    0xad, 0xcf, 0x60, 0x0, 0x0, 0xaf, 0xfc, 0xf2,
    0x0, 0x0, 0xaf, 0x41, 0xec, 0x0, 0x0, 0xad,
    0x0, 0x4f, 0x80, 0x0, 0xad, 0x0, 0x8, 0xf4,
    0x0, 0xad, 0x0, 0x0, 0xce, 0x10, 0xad, 0x0,
    0x0, 0x2f, 0xa0,

    /* U+01E9 "ǩ" */
    0xa, 0x81, 0xd4, 0x0, 0x0, 0xad, 0x40, 0x0,
    0x0, 0x0, 0x0, 0x0, 0xe8, 0x0, 0x0, 0x0,
    0xe8, 0x0, 0x0, 0x0, 0xe8, 0x0, 0x0, 0x0,
    0xe8, 0x0, 0x7f, 0x40, 0xe8, 0x6, 0xf6, 0x0,
    0xe8, 0x4f, 0x80, 0x0, 0xeb, 0xfb, 0x0, 0x0,
    0xef, 0xfe, 0x0, 0x0, 0xed, 0x3f, 0xa0, 0x0,
    0xe8, 0x6, 0xf5, 0x0, 0xe8, 0x0, 0xae, 0x10,
    0xe8, 0x0, 0x1e, 0xb0,

    /* U+01EA "Ǫ" */
    0x0, 0x7, 0xdf, 0xd7, 0x0, 0x0, 0xb, 0xf8,
    0x58, 0xfb, 0x0, 0x6, 0xf4, 0x0, 0x4, 0xf6,
    0x0, 0xcc, 0x0, 0x0, 0xc, 0xc0, 0xf, 0x80,
    0x0, 0x0, 0x8f, 0x0, 0xf7, 0x0, 0x0, 0x7,
    0xf0, 0x1f, 0x70, 0x0, 0x0, 0x7f, 0x0, 0xf8,
    0x0, 0x0, 0x8, 0xf0, 0xc, 0xc0, 0x0, 0x0,
    0xbc, 0x0, 0x6f, 0x40, 0x0, 0x3f, 0x60, 0x0,
    0xbf, 0x85, 0x8f, 0xc0, 0x0, 0x0, 0x7f, 0xfe,
    0x80, 0x0, 0x0, 0x1, 0xe4, 0x0, 0x0, 0x0,
    0x0, 0x6e, 0x20, 0x0, 0x0, 0x0, 0x2, 0xee,
    0x20, 0x0, 0x0,

    /* U+01EB "ǫ" */
    0x0, 0x5d, 0xfd, 0x70, 0x0, 0x6f, 0x94, 0x8f,
    0x80, 0xe, 0xa0, 0x0, 0x8f, 0x12, 0xf4, 0x0,
    0x2, 0xf5, 0x4f, 0x30, 0x0, 0x1f, 0x63, 0xf4,
    0x0, 0x2, 0xf4, 0xe, 0x90, 0x0, 0x8f, 0x10,
    0x6f, 0x84, 0x7f, 0x80, 0x0, 0x6e, 0xfe, 0x60,
    0x0, 0x1, 0xd5, 0x0, 0x0, 0x0, 0x5e, 0x21,
    0x0, 0x0, 0x2, 0xde, 0x30, 0x0,

    /* U+01EC "Ǭ" */
    0x0, 0xf, 0xff, 0xff, 0x20, 0x0, 0x0, 0x22,
    0x22, 0x20, 0x0, 0x0, 0x0, 0x0, 0x0, 0x0,
    0x0, 0x0, 0x7d, 0xfd, 0x70, 0x0, 0x0, 0xbf,
    0x85, 0x8f, 0xb0, 0x0, 0x6f, 0x40, 0x0, 0x4f,
    0x60, 0xc, 0xc0, 0x0, 0x0, 0xcc, 0x0, 0xf8,
    0x0, 0x0, 0x8, 0xf0, 0xf, 0x70, 0x0, 0x0,
    0x7f, 0x1, 0xf7, 0x0, 0x0, 0x7, 0xf0, 0xf,
    0x80, 0x0, 0x0, 0x8f, 0x0, 0xcc, 0x0, 0x0,
    0xb, 0xc0, 0x6, 0xf4, 0x0, 0x3, 0xf6, 0x0,
    0xb, 0xf8, 0x58, 0xfc, 0x0, 0x0, 0x7, 0xff,
    0xe8, 0x0, 0x0, 0x0, 0x1e, 0x40, 0x0, 0x0,
    0x0, 0x6, 0xe2, 0x0, 0x0, 0x0, 0x0, 0x2e,
    0xe2, 0x0, 0x0,

    /* U+01ED "ǭ" */
    0x1, 0xff, 0xff, 0xf2, 0x0, 0x2, 0x22, 0x22,
    0x0, 0x0, 0x0, 0x0, 0x0, 0x0, 0x5, 0xdf,
    0xd7, 0x0, 0x6, 0xf9, 0x48, 0xf8, 0x0, 0xea,
    0x0, 0x8, 0xf1, 0x2f, 0x40, 0x0, 0x2f, 0x54,
    0xf3, 0x0, 0x1, 0xf6, 0x3f, 0x40, 0x0, 0x2f,
    0x40, 0xe9, 0x0, 0x8, 0xf1, 0x6, 0xf8, 0x47,
    0xf8, 0x0, 0x6, 0xef, 0xe6, 0x0, 0x0, 0x1d,
    0x50, 0x0, 0x0, 0x5, 0xe2, 0x10, 0x0, 0x0,
    0x2d, 0xe3, 0x0, 0x0,

    /* U+01EE "Ǯ" */
    0x0, 0x36, 0x2, 0x70, 0x0, 0x0, 0xd, 0x7d,
    0x60, 0x0, 0x0, 0x2, 0xf9, 0x0, 0x0, 0x0,
    0x0, 0x0, 0x0, 0x0, 0x1f, 0xff, 0xff, 0xff,
    0xc0, 0x4, 0x44, 0x44, 0x8f, 0x70, 0x0, 0x0,
    0x1, 0xea, 0x0, 0x0, 0x0, 0xc, 0xc0, 0x0,
    0x0, 0x0, 0xae, 0x10, 0x0, 0x0, 0x8, 0xf3,
    0x0, 0x0, 0x0, 0xf, 0xff, 0xc6, 0x0, 0x0,
    0x3, 0x35, 0x9f, 0x80, 0x0, 0x0, 0x0, 0x9,
    0xf1, 0x0, 0x0, 0x0, 0x3, 0xf4, 0x0, 0x0,
    0x0, 0x2, 0xf5, 0x3c, 0x20, 0x0, 0x4, 0xf4,
    0xf, 0x80, 0x0, 0x9, 0xf1, 0x6, 0xf9, 0x55,
    0xaf, 0x70, 0x0, 0x5c, 0xef, 0xc6, 0x0,

    /* U+01EF "ǯ" */
    0x0, 0x9a, 0x1d, 0x60, 0x0, 0x0, 0x7c, 0x40,
    0x0, 0x0, 0x0, 0x0, 0x0, 0x0, 0xdf, 0xff,
    0xff, 0xf0, 0x3, 0x44, 0x46, 0xf8, 0x0, 0x0,
    0x0, 0xdc, 0x0, 0x0, 0x0, 0xae, 0x10, 0x0,
    0x0, 0x7f, 0x30, 0x0, 0x0, 0xd, 0xfd, 0x80,
    0x0, 0x0, 0x23, 0x6e, 0xb0, 0x0, 0x0, 0x0,
    0x5f, 0x21, 0x72, 0x0, 0x2, 0xf4, 0xf, 0x80,
    0x0, 0x5f, 0x20, 0x9f, 0x84, 0x7f, 0xb0, 0x0,
    0x7d, 0xfd, 0x80, 0x0,

    /* U+01F0 "ǰ" */
    0x1c, 0x53, 0xd2, 0x1, 0xcd, 0x20, 0x0, 0x0,
    0x0, 0x0, 0xac, 0x0, 0x0, 0xac, 0x0, 0x0,
    0xac, 0x0, 0x0, 0xac, 0x0, 0x0, 0xac, 0x0,
    0x0, 0xac, 0x0, 0x0, 0xac, 0x0, 0x0, 0xac,
    0x0, 0x0, 0xac, 0x0, 0x0, 0xbc, 0x0, 0x25,
    0xf8, 0x0, 0x8f, 0xb1, 0x0,

    /* U+01F1 "Ǳ" */
    0xaf, 0xff, 0xe9, 0x10, 0x0, 0xbf, 0xff, 0xff,
    0xff, 0x3a, 0xe4, 0x46, 0xde, 0x20, 0x3, 0x44,
    0x44, 0x4d, 0xe1, 0xad, 0x0, 0x0, 0xdc, 0x0,
    0x0, 0x0, 0x6, 0xf5, 0xa, 0xd0, 0x0, 0x5,
    0xf3, 0x0, 0x0, 0x1, 0xea, 0x0, 0xad, 0x0,
    0x0, 0x1f, 0x60, 0x0, 0x0, 0xae, 0x10, 0xa,
    0xd0, 0x0, 0x0, 0xf8, 0x0, 0x0, 0x5f, 0x50,
    0x0, 0xad, 0x0, 0x0, 0xf, 0x80, 0x0, 0x1e,
    0xb0, 0x0, 0xa, 0xd0, 0x0, 0x1, 0xf6, 0x0,
    0xa, 0xf1, 0x0, 0x0, 0xad, 0x0, 0x0, 0x5f,
    0x30, 0x4, 0xf6, 0x0, 0x0, 0xa, 0xd0, 0x0,
    0xd, 0xc0, 0x0, 0xeb, 0x0, 0x0, 0x0, 0xad,
    0x44, 0x6d, 0xe2, 0x0, 0x9f, 0x64, 0x44, 0x44,
    0x1a, 0xff, 0xfe, 0x91, 0x0, 0xd, 0xff, 0xff,
    0xff, 0xf7,

    /* U+01F2 "ǲ" */
    0xaf, 0xff, 0xe9, 0x10, 0x0, 0x0, 0x0, 0x0,
    0xa, 0xe4, 0x46, 0xde, 0x20, 0x0, 0x0, 0x0,
    0x0, 0xad, 0x0, 0x0, 0xdc, 0x0, 0x0, 0x0,
    0x0, 0xa, 0xd0, 0x0, 0x5, 0xf3, 0xc, 0xff,
    0xff, 0xfa, 0xad, 0x0, 0x0, 0x1f, 0x60, 0x34,
    0x44, 0x9f, 0x5a, 0xd0, 0x0, 0x0, 0xf8, 0x0,
    0x0, 0x1e, 0xa0, 0xad, 0x0, 0x0, 0xf, 0x80,
    0x0, 0xb, 0xe0, 0xa, 0xd0, 0x0, 0x1, 0xf6,
    0x0, 0x6, 0xf3, 0x0, 0xad, 0x0, 0x0, 0x5f,
    0x30, 0x2, 0xf8, 0x0, 0xa, 0xd0, 0x0, 0xd,
    0xc0, 0x0, 0xcc, 0x0, 0x0, 0xad, 0x44, 0x6d,
    0xe2, 0x0, 0x8f, 0x64, 0x44, 0x3a, 0xff, 0xfe,
    0x91, 0x0, 0xd, 0xff, 0xff, 0xfe,

    /* U+01F3 "ǳ" */
    0x0, 0x0, 0x0, 0x9e, 0x0, 0x0, 0x0, 0x0,
    0x0, 0x0, 0x0, 0x9, 0xe0, 0x0, 0x0, 0x0,
    0x0, 0x0, 0x0, 0x0, 0x9e, 0x0, 0x0, 0x0,
    0x0, 0x0, 0x8, 0xef, 0xaa, 0xe0, 0x3f, 0xff,
    0xff, 0xf3, 0x7, 0xf9, 0x59, 0xfe, 0x0, 0x44,
    0x44, 0xee, 0x10, 0xea, 0x0, 0xa, 0xe0, 0x0,
    0x0, 0x7f, 0x40, 0x2f, 0x40, 0x0, 0x9e, 0x0,
    0x0, 0x3f, 0x90, 0x3, 0xf3, 0x0, 0x9, 0xe0,
    0x0, 0xd, 0xd0, 0x0, 0x2f, 0x40, 0x0, 0x9e,
    0x0, 0x9, 0xf3, 0x0, 0x0, 0xe8, 0x0, 0x9,
    0xe0, 0x4, 0xf7, 0x0, 0x0, 0x7, 0xf6, 0x26,
    0xfe, 0x1, 0xed, 0x22, 0x22, 0x0, 0x8, 0xee,
    0xa9, 0xe0, 0x4f, 0xff, 0xff, 0xf6,

    /* U+01F4 "Ǵ" */
    0x0, 0x0, 0x1, 0x83, 0x0, 0x0, 0x0, 0xa,
    0xd0, 0x0, 0x0, 0x0, 0x3e, 0x10, 0x0, 0x0,
    0x0, 0x0, 0x0, 0x0, 0x0, 0x8, 0xef, 0xd9,
    0x10, 0x0, 0xce, 0x74, 0x7e, 0xc0, 0x7, 0xf3,
    0x0, 0x3, 0xf6, 0xc, 0xc0, 0x0, 0x0, 0x75,
    0xf, 0x90, 0x0, 0x0, 0x0, 0xf, 0x70, 0x0,
    0x0, 0x0, 0xf, 0x70, 0x6, 0xff, 0xfb, 0xf,
    0x90, 0x1, 0x33, 0xdb, 0xb, 0xd0, 0x0, 0x0,
    0xcb, 0x5, 0xf5, 0x0, 0x0, 0xcb, 0x0, 0xaf,
    0x84, 0x6a, 0xf7, 0x0, 0x6, 0xdf, 0xec, 0x50,

    /* U+01F5 "ǵ" */
    0x0, 0x0, 0x5f, 0x50, 0x0, 0x1, 0xe4, 0x0,
    0x0, 0x0, 0x0, 0x0, 0x0, 0x8e, 0xfa, 0x8e,
    0x7, 0xf9, 0x59, 0xfe, 0xe, 0xa0, 0x0, 0xae,
    0x2f, 0x50, 0x0, 0x9e, 0x3f, 0x30, 0x0, 0x9e,
    0x1f, 0x40, 0x0, 0x9e, 0xe, 0x90, 0x0, 0xae,
    0x7, 0xf9, 0x59, 0xfe, 0x0, 0x8e, 0xfa, 0xad,
    0x0, 0x0, 0x0, 0xcb, 0x9, 0xc5, 0x49, 0xf4,
    0x0, 0x9e, 0xfc, 0x40,

    /* U+01F6 "Ƕ" */
    0xad, 0x0, 0x0, 0x7, 0xf1, 0x0, 0x0, 0x0,
    0xad, 0x0, 0x0, 0x7, 0xf1, 0x0, 0x0, 0x0,
    0xad, 0x0, 0x0, 0x7, 0xf1, 0x0, 0x0, 0x0,
    0xad, 0x0, 0x0, 0x7, 0xf1, 0x0, 0x1, 0xf6,
    0xad, 0x0, 0x0, 0x7, 0xf1, 0x0, 0x1, 0xf6,
    0xaf, 0xff, 0xff, 0xff, 0xf1, 0x0, 0x1, 0xf6,
    0xad, 0x33, 0x33, 0x39, 0xf1, 0x0, 0x1, 0xf6,
    0xad, 0x0, 0x0, 0x7, 0xf1, 0x0, 0x1, 0xf6,
    0xad, 0x0, 0x0, 0x6, 0xf1, 0x0, 0x2, 0xf5,
    0xad, 0x0, 0x0, 0x3, 0xf5, 0x0, 0x6, 0xf2,
    0xad, 0x0, 0x0, 0x0, 0xbf, 0x75, 0x7f, 0xa0,
    0xad, 0x0, 0x0, 0x0, 0x9, 0xef, 0xe8, 0x0,

    /* U+01F7 "Ƿ" */
    0xae, 0xbe, 0xfd, 0x60, 0xa, 0xfb, 0x55, 0x9f,
    0x90, 0xae, 0x0, 0x0, 0x7f, 0x3a, 0xd0, 0x0,
    0x0, 0xf7, 0xad, 0x0, 0x0, 0xe, 0x9a, 0xd0,
    0x0, 0x0, 0xe9, 0xad, 0x0, 0x0, 0xf, 0x7a,
    0xd0, 0x0, 0x5, 0xf3, 0xad, 0x0, 0x0, 0xcc,
    0xa, 0xd0, 0x0, 0x9f, 0x20, 0xad, 0x1, 0xaf,
    0x50, 0xa, 0xe9, 0xfd, 0x30, 0x0, 0xaf, 0xb5,
    0x0, 0x0, 0xa, 0xd0, 0x0, 0x0, 0x0, 0xad,
    0x0, 0x0, 0x0, 0x0,

    /* U+01F8 "Ǹ" */
    0x0, 0x5f, 0x40, 0x0, 0x0, 0x0, 0x8, 0xd0,
    0x0, 0x0, 0x0, 0x0, 0x72, 0x0, 0x0, 0xaf,
    0x20, 0x0, 0x6, 0xf1, 0xaf, 0xc0, 0x0, 0x6,
    0xf1, 0xaf, 0xf6, 0x0, 0x6, 0xf1, 0xad, 0xbe,
    0x10, 0x6, 0xf1, 0xad, 0x2f, 0x90, 0x6, 0xf1,
    0xad, 0x7, 0xf3, 0x6, 0xf1, 0xad, 0x0, 0xdd,
    0x6, 0xf1, 0xad, 0x0, 0x3f, 0x76, 0xf1, 0xad,
    0x0, 0x9, 0xf8, 0xf1, 0xad, 0x0, 0x1, 0xef,
    0xf1, 0xad, 0x0, 0x0, 0x5f, 0xf1, 0xad, 0x0,
    0x0, 0xb, 0xf1,

    /* U+01F9 "ǹ" */
    0x7, 0xf2, 0x0, 0x0, 0x7, 0xd0, 0x0, 0x0,
    0x0, 0x0, 0xe, 0x89, 0xee, 0x90, 0xef, 0xa5,
    0x8f, 0x6e, 0xb0, 0x0, 0xca, 0xe8, 0x0, 0xb,
    0xbe, 0x80, 0x0, 0xbc, 0xe8, 0x0, 0xb, 0xce,
    0x80, 0x0, 0xbc, 0xe8, 0x0, 0xb, 0xce, 0x80,
    0x0, 0xbc,

    /* U+01FA "Ǻ" */
    0x0, 0x0, 0x4, 0xd2, 0x0, 0x0, 0x0, 0x0,
    0x61, 0x0, 0x0, 0x0, 0x0, 0x8b, 0x30, 0x0,
    0x0, 0x0, 0xb, 0x38, 0x0, 0x0, 0x0, 0x0,
    0xff, 0x20, 0x0, 0x0, 0x0, 0xf, 0xf6, 0x0,
    0x0, 0x0, 0x5, 0xfb, 0xc0, 0x0, 0x0, 0x0,
    0xbb, 0x4f, 0x20, 0x0, 0x0, 0x1f, 0x60, 0xf8,
    0x0, 0x0, 0x6, 0xf1, 0xa, 0xd0, 0x0, 0x0,
    0xcc, 0x0, 0x5f, 0x30, 0x0, 0x2f, 0x70, 0x1,
    0xf9, 0x0, 0x8, 0xff, 0xff, 0xff, 0xe0, 0x0,
    0xdc, 0x33, 0x33, 0x6f, 0x50, 0x3f, 0x50, 0x0,
    0x0, 0xea, 0x9, 0xe0, 0x0, 0x0, 0x8, 0xf1,

    /* U+01FB "ǻ" */
    0x0, 0x0, 0x6, 0x40, 0x0, 0x0, 0x5a, 0x0,
    0x0, 0x3, 0xa5, 0x0, 0x0, 0xa, 0xb, 0x0,
    0x0, 0x8, 0x29, 0x0, 0x0, 0x9e, 0xfd, 0x50,
    0xb, 0xe5, 0x48, 0xf2, 0x4, 0x20, 0x0, 0xe7,
    0x0, 0x7c, 0xef, 0xf8, 0x9, 0xe5, 0x22, 0xe8,
    0xf, 0x60, 0x0, 0xe8, 0x1f, 0x60, 0x2, 0xf8,
    0xc, 0xe6, 0x6e, 0xf9, 0x2, 0xbf, 0xe6, 0xa9,

    /* U+01FC "Ǽ" */
    0x0, 0x0, 0x0, 0x0, 0x5f, 0x40, 0x0, 0x0,
    0x0, 0x0, 0x0, 0x2, 0xe4, 0x0, 0x0, 0x0,
    0x0, 0x0, 0x0, 0x0, 0x0, 0x0, 0x0, 0x0,
    0x0, 0x0, 0x0, 0x8, 0xff, 0xff, 0xff, 0xf3,
    0x0, 0x0, 0x0, 0x2f, 0xfd, 0x33, 0x33, 0x30,
    0x0, 0x0, 0x0, 0xad, 0x9d, 0x0, 0x0, 0x0,
    0x0, 0x0, 0x3, 0xf5, 0x8e, 0x0, 0x0, 0x0,
    0x0, 0x0, 0xc, 0xd0, 0x8e, 0x0, 0x0, 0x0,
    0x0, 0x0, 0x6f, 0x40, 0x7f, 0xff, 0xff, 0x90,
    0x0, 0x0, 0xec, 0x0, 0x7f, 0x33, 0x33, 0x10,
    0x0, 0x8, 0xf5, 0x11, 0x7f, 0x0, 0x0, 0x0,
    0x0, 0x2f, 0xff, 0xff, 0xff, 0x10, 0x0, 0x0,
    0x0, 0xaf, 0x54, 0x44, 0x8f, 0x10, 0x0, 0x0,
    0x4, 0xf8, 0x0, 0x0, 0x4f, 0x53, 0x33, 0x32,
    0xd, 0xe0, 0x0, 0x0, 0x3f, 0xff, 0xff, 0xfb,

    /* U+01FD "ǽ" */
    0x0, 0x0, 0x0, 0x1e, 0xa0, 0x0, 0x0, 0x0,
    0x0, 0xb, 0x90, 0x0, 0x0, 0x0, 0x0, 0x0,
    0x0, 0x0, 0x0, 0x0, 0x19, 0xef, 0xb2, 0x4d,
    0xfd, 0x60, 0xc, 0xe6, 0x4d, 0xef, 0xa4, 0x8f,
    0x41, 0xd5, 0x0, 0x4f, 0xc0, 0x0, 0xbb, 0x0,
    0x0, 0x2, 0xf7, 0x0, 0x8, 0xe0, 0x3b, 0xef,
    0xff, 0xff, 0xff, 0xff, 0x2f, 0xb3, 0x24, 0xf7,
    0x22, 0x22, 0x25, 0xf1, 0x0, 0x2f, 0xa0, 0x0,
    0x0, 0x2f, 0x94, 0x6d, 0xdf, 0x94, 0x49, 0x80,
    0x6d, 0xfd, 0x80, 0x4c, 0xfe, 0xb3,

    /* U+01FE "Ǿ" */
    0x0, 0x0, 0x1, 0xea, 0x0, 0x0, 0x0, 0x0,
    0x9c, 0x0, 0x0, 0x0, 0x0, 0x7, 0x10, 0x0,
    0x0, 0x0, 0x0, 0x0, 0x0, 0x0, 0x0, 0x7,
    0xdf, 0xd8, 0x4d, 0x0, 0xb, 0xf8, 0x69, 0xff,
    0x30, 0x6, 0xf4, 0x0, 0x9, 0xf6, 0x0, 0xcc,
    0x0, 0x3, 0xdc, 0xc0, 0xf, 0x80, 0x0, 0xc4,
    0x8f, 0x0, 0xf7, 0x0, 0x6b, 0x7, 0xf1, 0xf,
    0x70, 0x1e, 0x10, 0x7f, 0x0, 0xf8, 0x9, 0x70,
    0x8, 0xf0, 0xc, 0xc3, 0xd0, 0x0, 0xbc, 0x0,
    0x6f, 0xe4, 0x0, 0x3f, 0x60, 0x0, 0xcf, 0x85,
    0x8f, 0xc0, 0x0, 0x2e, 0x8d, 0xfd, 0x80, 0x0,
    0x4, 0x40, 0x0, 0x0, 0x0, 0x0,

    /* U+01FF "ǿ" */
    0x0, 0x0, 0x7e, 0x30, 0x0, 0x0, 0x3e, 0x30,
    0x0, 0x0, 0x0, 0x0, 0x55, 0x0, 0x5, 0xdf,
    0xde, 0x10, 0x6, 0xf9, 0x4b, 0xf8, 0x0, 0xea,
    0x0, 0xd9, 0xf1, 0x3f, 0x40, 0x69, 0x2f, 0x44,
    0xf2, 0xd, 0x21, 0xf6, 0x2f, 0x45, 0xa0, 0x2f,
    0x40, 0xea, 0xc2, 0x8, 0xf1, 0x6, 0xfd, 0x47,
    0xf8, 0x0, 0xd, 0xdf, 0xd7, 0x0, 0x3, 0xb0,
    0x0, 0x0, 0x0,

    /* U+0200 "Ȁ" */
    0x5, 0xf6, 0xbc, 0x0, 0x0, 0x0, 0x4, 0xe5,
    0xc7, 0x0, 0x0, 0x0, 0x1, 0x20, 0x20, 0x0,
    0x0, 0x0, 0x9, 0xf1, 0x0, 0x0, 0x0, 0x0,
    0xff, 0x60, 0x0, 0x0, 0x0, 0x5f, 0xbc, 0x0,
    0x0, 0x0, 0xb, 0xb4, 0xf2, 0x0, 0x0, 0x1,
    0xf6, 0xf, 0x80, 0x0, 0x0, 0x6f, 0x10, 0xad,
    0x0, 0x0, 0xc, 0xc0, 0x5, 0xf3, 0x0, 0x2,
    0xf7, 0x0, 0x1f, 0x90, 0x0, 0x8f, 0xff, 0xff,
    0xfe, 0x0, 0xd, 0xc3, 0x33, 0x36, 0xf5, 0x3,
    0xf5, 0x0, 0x0, 0xe, 0xa0, 0x9e, 0x0, 0x0,
    0x0, 0x8f, 0x10,

    /* U+0201 "ȁ" */
    0x2d, 0xa7, 0xf1, 0x0, 0x1, 0xc8, 0x9b, 0x0,
    0x0, 0x2, 0x2, 0x0, 0x0, 0x6d, 0xfd, 0x50,
    0x7, 0xf7, 0x48, 0xf2, 0xd, 0x90, 0x0, 0xe7,
    0x0, 0x7c, 0xef, 0xf8, 0x9, 0xe5, 0x22, 0xe8,
    0xf, 0x60, 0x0, 0xe8, 0x1f, 0x60, 0x2, 0xf8,
    0xc, 0xe6, 0x6e, 0xf9, 0x2, 0xbf, 0xe6, 0xa9,

    /* U+0202 "Ȃ" */
    0x0, 0x4, 0xde, 0xa0, 0x0, 0x0, 0x0, 0xf5,
    0xc, 0x70, 0x0, 0x0, 0x0, 0x0, 0x0, 0x0,
    0x0, 0x0, 0x9, 0xf1, 0x0, 0x0, 0x0, 0x0,
    0xff, 0x60, 0x0, 0x0, 0x0, 0x5f, 0xbc, 0x0,
    0x0, 0x0, 0xb, 0xb4, 0xf2, 0x0, 0x0, 0x1,
    0xf6, 0xf, 0x80, 0x0, 0x0, 0x6f, 0x10, 0xad,
    0x0, 0x0, 0xc, 0xc0, 0x5, 0xf3, 0x0, 0x2,
    0xf7, 0x0, 0x1f, 0x90, 0x0, 0x8f, 0xff, 0xff,
    0xfe, 0x0, 0xd, 0xc3, 0x33, 0x36, 0xf5, 0x3,
    0xf5, 0x0, 0x0, 0xe, 0xa0, 0x9e, 0x0, 0x0,
    0x0, 0x8f, 0x10,

    /* U+0203 "ȃ" */
    0x0, 0x2c, 0xfd, 0x30, 0x0, 0x98, 0x7, 0xb0,
    0x0, 0x0, 0x0, 0x0, 0x0, 0x9e, 0xfd, 0x50,
    0xb, 0xe5, 0x48, 0xf2, 0x4, 0x20, 0x0, 0xe7,
    0x0, 0x7c, 0xef, 0xf8, 0x9, 0xe5, 0x22, 0xe8,
    0xf, 0x60, 0x0, 0xe8, 0x1f, 0x60, 0x2, 0xf8,
    0xc, 0xe6, 0x6e, 0xf9, 0x2, 0xbf, 0xe6, 0xa9,

    /* U+0204 "Ȅ" */
    0xa, 0xd4, 0xf5, 0x0, 0x0, 0x9, 0xc5, 0xe1,
    0x0, 0x0, 0x2, 0x12, 0x10, 0x0, 0xaf, 0xff,
    0xff, 0xf7, 0xa, 0xe4, 0x44, 0x44, 0x20, 0xad,
    0x0, 0x0, 0x0, 0xa, 0xd0, 0x0, 0x0, 0x0,
    0xad, 0x0, 0x0, 0x0, 0xa, 0xff, 0xff, 0xfc,
    0x0, 0xad, 0x33, 0x33, 0x20, 0xa, 0xd0, 0x0,
    0x0, 0x0, 0xad, 0x0, 0x0, 0x0, 0xa, 0xd0,
    0x0, 0x0, 0x0, 0xae, 0x44, 0x44, 0x42, 0xa,
    0xff, 0xff, 0xff, 0x80,

    /* U+0205 "ȅ" */
    0x3e, 0x89, 0xe0, 0x0, 0x2, 0xd6, 0xa9, 0x0,
    0x0, 0x12, 0x2, 0x0, 0x0, 0x5d, 0xfd, 0x40,
    0x5, 0xf8, 0x4a, 0xf2, 0xe, 0xa0, 0x0, 0xd9,
    0x2f, 0x50, 0x0, 0x9d, 0x4f, 0xff, 0xff, 0xfe,
    0x3f, 0x63, 0x33, 0x33, 0xf, 0x80, 0x0, 0x10,
    0x6, 0xf8, 0x45, 0xd8, 0x0, 0x6d, 0xfe, 0x80,

    /* U+0206 "Ȇ" */
    0x0, 0x9e, 0xe6, 0x0, 0x6, 0xd0, 0x3f, 0x10,
    0x0, 0x0, 0x0, 0x0, 0xaf, 0xff, 0xff, 0xf7,
    0xae, 0x44, 0x44, 0x42, 0xad, 0x0, 0x0, 0x0,
    0xad, 0x0, 0x0, 0x0, 0xad, 0x0, 0x0, 0x0,
    0xaf, 0xff, 0xff, 0xc0, 0xad, 0x33, 0x33, 0x20,
    0xad, 0x0, 0x0, 0x0, 0xad, 0x0, 0x0, 0x0,
    0xad, 0x0, 0x0, 0x0, 0xae, 0x44, 0x44, 0x42,
    0xaf, 0xff, 0xff, 0xf8,

    /* U+0207 "ȇ" */
    0x0, 0x3d, 0xfc, 0x20, 0x0, 0xb6, 0x9, 0x90,
    0x0, 0x0, 0x0, 0x0, 0x0, 0x5d, 0xfd, 0x40,
    0x5, 0xf8, 0x4a, 0xf2, 0xe, 0xa0, 0x0, 0xd9,
    0x2f, 0x50, 0x0, 0x9d, 0x4f, 0xff, 0xff, 0xfe,
    0x3f, 0x63, 0x33, 0x33, 0xf, 0x80, 0x0, 0x10,
    0x6, 0xf8, 0x45, 0xd8, 0x0, 0x6d, 0xfe, 0x80,

    /* U+0208 "Ȉ" */
    0x6f, 0x5c, 0xa0, 0x4, 0xe4, 0xd5, 0x0, 0x11,
    0x12, 0x0, 0x9, 0xf0, 0x0, 0x9, 0xf0, 0x0,
    0x9, 0xf0, 0x0, 0x9, 0xf0, 0x0, 0x9, 0xf0,
    0x0, 0x9, 0xf0, 0x0, 0x9, 0xf0, 0x0, 0x9,
    0xf0, 0x0, 0x9, 0xf0, 0x0, 0x9, 0xf0, 0x0,
    0x9, 0xf0, 0x0, 0x9, 0xf0,

    /* U+0209 "ȉ" */
    0x9, 0xe4, 0xe7, 0x0, 0x7, 0xe4, 0xe2, 0x0,
    0x2, 0x11, 0x10, 0x0, 0xc, 0xa0, 0x0, 0x0,
    0xca, 0x0, 0x0, 0xc, 0xa0, 0x0, 0x0, 0xca,
    0x0, 0x0, 0xc, 0xa0, 0x0, 0x0, 0xca, 0x0,
    0x0, 0xc, 0xa0, 0x0, 0x0, 0xca, 0x0, 0x0,
    0xc, 0xa0,

    /* U+020A "Ȋ" */
    0x5, 0xde, 0xa0, 0x1f, 0x30, 0xc6, 0x0, 0x0,
    0x0, 0x0, 0x9f, 0x0, 0x0, 0x9f, 0x0, 0x0,
    0x9f, 0x0, 0x0, 0x9f, 0x0, 0x0, 0x9f, 0x0,
    0x0, 0x9f, 0x0, 0x0, 0x9f, 0x0, 0x0, 0x9f,
    0x0, 0x0, 0x9f, 0x0, 0x0, 0x9f, 0x0, 0x0,
    0x9f, 0x0, 0x0, 0x9f, 0x0,

    /* U+020B "ȋ" */
    0x9, 0xee, 0x80, 0x3c, 0x12, 0xc2, 0x0, 0x0,
    0x0, 0x0, 0xca, 0x0, 0x0, 0xca, 0x0, 0x0,
    0xca, 0x0, 0x0, 0xca, 0x0, 0x0, 0xca, 0x0,
    0x0, 0xca, 0x0, 0x0, 0xca, 0x0, 0x0, 0xca,
    0x0, 0x0, 0xca, 0x0,

    /* U+020C "Ȍ" */
    0x2, 0xea, 0x7e, 0x10, 0x0, 0x0, 0x1, 0xd8,
    0x9b, 0x0, 0x0, 0x0, 0x0, 0x20, 0x20, 0x0,
    0x0, 0x0, 0x7d, 0xfd, 0x70, 0x0, 0x0, 0xbf,
    0x85, 0x8f, 0xb0, 0x0, 0x6f, 0x40, 0x0, 0x4f,
    0x60, 0xc, 0xc0, 0x0, 0x0, 0xcc, 0x0, 0xf8,
    0x0, 0x0, 0x8, 0xf0, 0xf, 0x70, 0x0, 0x0,
    0x7f, 0x1, 0xf7, 0x0, 0x0, 0x7, 0xf0, 0xf,
    0x80, 0x0, 0x0, 0x8f, 0x0, 0xcc, 0x0, 0x0,
    0xb, 0xc0, 0x6, 0xf4, 0x0, 0x3, 0xf6, 0x0,
    0xb, 0xf8, 0x58, 0xfc, 0x0, 0x0, 0x7, 0xdf,
    0xd8, 0x0, 0x0,

    /* U+020D "ȍ" */
    0x2e, 0x97, 0xe1, 0x0, 0x0, 0x1d, 0x89, 0xb0,
    0x0, 0x0, 0x2, 0x2, 0x0, 0x0, 0x5, 0xdf,
    0xd7, 0x0, 0x6, 0xf9, 0x48, 0xf8, 0x0, 0xea,
    0x0, 0x8, 0xf1, 0x2f, 0x40, 0x0, 0x2f, 0x54,
    0xf3, 0x0, 0x1, 0xf6, 0x3f, 0x40, 0x0, 0x2f,
    0x40, 0xe9, 0x0, 0x8, 0xf1, 0x6, 0xf8, 0x47,
    0xf8, 0x0, 0x6, 0xdf, 0xd6, 0x0,

    /* U+020E "Ȏ" */
    0x0, 0x2, 0xcf, 0xc2, 0x0, 0x0, 0x0, 0xa9,
    0x8, 0xb0, 0x0, 0x0, 0x1, 0x0, 0x1, 0x0,
    0x0, 0x0, 0x7d, 0xfd, 0x70, 0x0, 0x0, 0xbf,
    0x85, 0x8f, 0xb0, 0x0, 0x6f, 0x40, 0x0, 0x4f,
    0x60, 0xc, 0xc0, 0x0, 0x0, 0xcc, 0x0, 0xf8,
    0x0, 0x0, 0x8, 0xf0, 0xf, 0x70, 0x0, 0x0,
    0x7f, 0x1, 0xf7, 0x0, 0x0, 0x7, 0xf0, 0xf,
    0x80, 0x0, 0x0, 0x8f, 0x0, 0xcc, 0x0, 0x0,
    0xb, 0xc0, 0x6, 0xf4, 0x0, 0x3, 0xf6, 0x0,
    0xb, 0xf8, 0x58, 0xfc, 0x0, 0x0, 0x7, 0xdf,
    0xd8, 0x0, 0x0,

    /* U+020F "ȏ" */
    0x0, 0x3c, 0xfc, 0x20, 0x0, 0xa, 0x70, 0x8a,
    0x0, 0x0, 0x0, 0x0, 0x0, 0x0, 0x5, 0xdf,
    0xd7, 0x0, 0x6, 0xf9, 0x48, 0xf8, 0x0, 0xea,
    0x0, 0x8, 0xf1, 0x2f, 0x40, 0x0, 0x2f, 0x54,
    0xf3, 0x0, 0x1, 0xf6, 0x3f, 0x40, 0x0, 0x2f,
    0x40, 0xe9, 0x0, 0x8, 0xf1, 0x6, 0xf8, 0x47,
    0xf8, 0x0, 0x6, 0xdf, 0xd6, 0x0,

    /* U+0210 "Ȑ" */
    0xb, 0xc5, 0xf4, 0x0, 0x0, 0x0, 0xab, 0x6e,
    0x10, 0x0, 0x0, 0x2, 0x2, 0x0, 0x0, 0xb,
    0xff, 0xff, 0xc5, 0x0, 0xb, 0xe4, 0x45, 0xaf,
    0x70, 0xb, 0xd0, 0x0, 0xb, 0xe0, 0xb, 0xd0,
    0x0, 0x7, 0xf0, 0xb, 0xd0, 0x0, 0xa, 0xf0,
    0xb, 0xd0, 0x1, 0x6f, 0x80, 0xb, 0xff, 0xff,
    0xf8, 0x0, 0xb, 0xd3, 0x37, 0xf3, 0x0, 0xb,
    0xd0, 0x0, 0xdb, 0x0, 0xb, 0xd0, 0x0, 0x5f,
    0x40, 0xb, 0xd0, 0x0, 0xc, 0xc0, 0xb, 0xd0,
    0x0, 0x4, 0xf5,

    /* U+0211 "ȑ" */
    0x6f, 0x5c, 0xb0, 0x0, 0x4e, 0x4d, 0x60, 0x0,
    0x11, 0x12, 0x0, 0xe, 0x9c, 0xf3, 0x0, 0xef,
    0x85, 0x10, 0xe, 0xa0, 0x0, 0x0, 0xe8, 0x0,
    0x0, 0xe, 0x80, 0x0, 0x0, 0xe8, 0x0, 0x0,
    0xe, 0x80, 0x0, 0x0, 0xe8, 0x0, 0x0, 0xe,
    0x80, 0x0,

    /* U+0212 "Ȓ" */
    0x0, 0xae, 0xd5, 0x0, 0x0, 0x7c, 0x4, 0xf0,
    0x0, 0x0, 0x0, 0x0, 0x0, 0xb, 0xff, 0xff,
    0xc5, 0x0, 0xbe, 0x44, 0x5a, 0xf7, 0xb, 0xd0,
    0x0, 0xb, 0xe0, 0xbd, 0x0, 0x0, 0x7f, 0xb,
    0xd0, 0x0, 0xa, 0xf0, 0xbd, 0x0, 0x16, 0xf8,
    0xb, 0xff, 0xff, 0xf8, 0x0, 0xbd, 0x33, 0x7f,
    0x30, 0xb, 0xd0, 0x0, 0xdb, 0x0, 0xbd, 0x0,
    0x5, 0xf4, 0xb, 0xd0, 0x0, 0xc, 0xc0, 0xbd,
    0x0, 0x0, 0x4f, 0x50,

    /* U+0213 "ȓ" */
    0x6, 0xef, 0xa0, 0xd, 0x31, 0xb5, 0x0, 0x0,
    0x0, 0xe, 0x9c, 0xf3, 0xe, 0xf8, 0x51, 0xe,
    0xa0, 0x0, 0xe, 0x80, 0x0, 0xe, 0x80, 0x0,
    0xe, 0x80, 0x0, 0xe, 0x80, 0x0, 0xe, 0x80,
    0x0, 0xe, 0x80, 0x0,

    /* U+0214 "Ȕ" */
    0x5f, 0x5c, 0xb0, 0x0, 0x0, 0x4e, 0x5d, 0x60,
    0x0, 0x0, 0x12, 0x12, 0x0, 0xe, 0x90, 0x0,
    0x2, 0xf5, 0xe9, 0x0, 0x0, 0x2f, 0x5e, 0x90,
    0x0, 0x2, 0xf5, 0xe9, 0x0, 0x0, 0x2f, 0x5e,
    0x90, 0x0, 0x2, 0xf5, 0xe9, 0x0, 0x0, 0x2f,
    0x5e, 0x90, 0x0, 0x2, 0xf5, 0xe9, 0x0, 0x0,
    0x2f, 0x5d, 0xa0, 0x0, 0x3, 0xf4, 0xae, 0x0,
    0x0, 0x8f, 0x13, 0xfc, 0x65, 0x9f, 0x80, 0x3,
    0xbf, 0xfc, 0x60, 0x0,

    /* U+0215 "ȕ" */
    0x3e, 0x88, 0xe0, 0x0, 0x2, 0xd7, 0xaa, 0x0,
    0x0, 0x2, 0x2, 0x0, 0xf, 0x80, 0x0, 0xbb,
    0xf, 0x80, 0x0, 0xbb, 0xf, 0x80, 0x0, 0xbb,
    0xf, 0x80, 0x0, 0xbb, 0xf, 0x80, 0x0, 0xbb,
    0xe, 0x80, 0x0, 0xbb, 0xd, 0xa0, 0x0, 0xdb,
    0x9, 0xf6, 0x5a, 0xfb, 0x1, 0xaf, 0xe9, 0xbb,

    /* U+0216 "Ȗ" */
    0x0, 0x5d, 0xea, 0x0, 0x0, 0xf, 0x40, 0xc7,
    0x0, 0x0, 0x0, 0x0, 0x0, 0xe, 0x90, 0x0,
    0x2, 0xf5, 0xe9, 0x0, 0x0, 0x2f, 0x5e, 0x90,
    0x0, 0x2, 0xf5, 0xe9, 0x0, 0x0, 0x2f, 0x5e,
    0x90, 0x0, 0x2, 0xf5, 0xe9, 0x0, 0x0, 0x2f,
    0x5e, 0x90, 0x0, 0x2, 0xf5, 0xe9, 0x0, 0x0,
    0x2f, 0x5d, 0xa0, 0x0, 0x3, 0xf4, 0xae, 0x0,
    0x0, 0x8f, 0x13, 0xfc, 0x65, 0x9f, 0x80, 0x3,
    0xbf, 0xfc, 0x60, 0x0,

    /* U+0217 "ȗ" */
    0x3, 0xdf, 0xc2, 0x0, 0xa6, 0x8, 0x90, 0x0,
    0x0, 0x0, 0xf, 0x80, 0x0, 0xbb, 0xf8, 0x0,
    0xb, 0xbf, 0x80, 0x0, 0xbb, 0xf8, 0x0, 0xb,
    0xbf, 0x80, 0x0, 0xbb, 0xe8, 0x0, 0xb, 0xbd,
    0xa0, 0x0, 0xdb, 0x9f, 0x65, 0xaf, 0xb1, 0xaf,
    0xe9, 0xbb,

    /* U+0218 "Ș" */
    0x0, 0x5c, 0xfe, 0xa2, 0x0, 0x7f, 0x95, 0x6c,
    0xf2, 0xe, 0xa0, 0x0, 0xe, 0xa0, 0xf9, 0x0,
    0x0, 0x67, 0xa, 0xf5, 0x0, 0x0, 0x0, 0xb,
    0xfe, 0x93, 0x0, 0x0, 0x3, 0x9e, 0xfa, 0x0,
    0x0, 0x0, 0x6, 0xf8, 0x39, 0x10, 0x0, 0xb,
    0xd2, 0xf7, 0x0, 0x0, 0xcc, 0x9, 0xf9, 0x55,
    0xaf, 0x60, 0x6, 0xcf, 0xec, 0x40, 0x0, 0x0,
    0x0, 0x0, 0x0, 0x0, 0xc, 0x90, 0x0, 0x0,
    0x0, 0xe7, 0x0, 0x0, 0x0, 0x2f, 0x10, 0x0,
    0x0, 0x0, 0x10, 0x0, 0x0,

    /* U+0219 "ș" */
    0x0, 0x9e, 0xfb, 0x30, 0xa, 0xe5, 0x4c, 0xe1,
    0xe, 0x80, 0x1, 0xb3, 0xb, 0xe6, 0x10, 0x0,
    0x0, 0x8e, 0xfd, 0x50, 0x0, 0x0, 0x29, 0xf3,
    0x2d, 0x40, 0x0, 0xf6, 0xd, 0xd5, 0x49, 0xf2,
    0x1, 0xae, 0xfc, 0x40, 0x0, 0x0, 0x0, 0x0,
    0x0, 0x4, 0xf1, 0x0, 0x0, 0x6, 0xe0, 0x0,
    0x0, 0xb, 0x80, 0x0, 0x0, 0x1, 0x0, 0x0,

    /* U+021A "Ț" */
    0x9f, 0xff, 0xff, 0xff, 0xf3, 0x24, 0x44, 0xfa,
    0x44, 0x40, 0x0, 0x0, 0xf8, 0x0, 0x0, 0x0,
    0x0, 0xf8, 0x0, 0x0, 0x0, 0x0, 0xf8, 0x0,
    0x0, 0x0, 0x0, 0xf8, 0x0, 0x0, 0x0, 0x0,
    0xf8, 0x0, 0x0, 0x0, 0x0, 0xf8, 0x0, 0x0,
    0x0, 0x0, 0xf8, 0x0, 0x0, 0x0, 0x0, 0xf8,
    0x0, 0x0, 0x0, 0x0, 0xf8, 0x0, 0x0, 0x0,
    0x0, 0xf8, 0x0, 0x0, 0x0, 0x0, 0x0, 0x0,
    0x0, 0x0, 0x0, 0xe7, 0x0, 0x0, 0x0, 0x0,
    0xf5, 0x0, 0x0, 0x0, 0x4, 0xe0, 0x0, 0x0,
    0x0, 0x0, 0x10, 0x0, 0x0,

    /* U+021B "ț" */
    0x6, 0xf1, 0x0, 0x6f, 0x10, 0xef, 0xff, 0xa2,
    0x7f, 0x31, 0x6, 0xf1, 0x0, 0x6f, 0x10, 0x6,
    0xf1, 0x0, 0x6f, 0x10, 0x6, 0xf1, 0x0, 0x4f,
    0x73, 0x0, 0xaf, 0x90, 0x0, 0x0, 0x0, 0x2f,
    0x30, 0x4, 0xf1, 0x0, 0x8a, 0x0, 0x0, 0x0,

    /* U+021C "Ȝ" */
    0x0, 0x7d, 0xfe, 0xa2, 0x0, 0xaf, 0x85, 0x7e,
    0xe1, 0x2f, 0x70, 0x0, 0x2f, 0x71, 0x41, 0x0,
    0x0, 0xf9, 0x0, 0x0, 0x0, 0x1f, 0x60, 0x0,
    0x0, 0xa, 0xe0, 0x0, 0x0, 0x1a, 0xfa, 0x0,
    0x2, 0x8f, 0xb6, 0xf5, 0x7, 0xfb, 0x40, 0xd,
    0xa0, 0x21, 0x0, 0x0, 0xcb, 0x0, 0x0, 0x0,
    0xe, 0xa0, 0x0, 0x0, 0x5, 0xf5, 0x0, 0x0,
    0x3, 0xeb, 0x0, 0x0, 0x3a, 0xfa, 0x0, 0x6,
    0xef, 0xb4, 0x0, 0x0, 0x45, 0x10, 0x0, 0x0,

    /* U+021D "ȝ" */
    0x2, 0xbf, 0xea, 0x10, 0x1e, 0xc4, 0x5e, 0xb0,
    0x3b, 0x20, 0x7, 0xf0, 0x0, 0x0, 0x9, 0xd0,
    0x0, 0x0, 0x4f, 0x60, 0x0, 0x29, 0xff, 0x80,
    0xa, 0xfa, 0x27, 0xf0, 0x2, 0x0, 0x4, 0xf2,
    0x0, 0x0, 0x6, 0xf1, 0x0, 0x0, 0xd, 0xc0,
    0x0, 0x4, 0xdf, 0x30, 0x7, 0xef, 0xb2, 0x0,
    0x6, 0x62, 0x0, 0x0,

    /* U+021E "Ȟ" */
    0x0, 0x5c, 0xa, 0x80, 0x0, 0x0, 0x6, 0xd8,
    0x0, 0x0, 0x0, 0x0, 0x0, 0x0, 0x0, 0xad,
    0x0, 0x0, 0x7, 0xf1, 0xad, 0x0, 0x0, 0x7,
    0xf1, 0xad, 0x0, 0x0, 0x7, 0xf1, 0xad, 0x0,
    0x0, 0x7, 0xf1, 0xad, 0x0, 0x0, 0x7, 0xf1,
    0xaf, 0xff, 0xff, 0xff, 0xf1, 0xad, 0x33, 0x33,
    0x39, 0xf1, 0xad, 0x0, 0x0, 0x7, 0xf1, 0xad,
    0x0, 0x0, 0x7, 0xf1, 0xad, 0x0, 0x0, 0x7,
    0xf1, 0xad, 0x0, 0x0, 0x7, 0xf1, 0xad, 0x0,
    0x0, 0x7, 0xf1,

    /* U+021F "ȟ" */
    0x2d, 0x35, 0xc1, 0x0, 0x2c, 0xc1, 0x0, 0x0,
    0x0, 0x0, 0xe, 0x80, 0x0, 0x0, 0xe8, 0x0,
    0x0, 0xe, 0x80, 0x0, 0x0, 0xe9, 0x9e, 0xe9,
    0xe, 0xfa, 0x58, 0xf6, 0xeb, 0x0, 0xc, 0xae,
    0x80, 0x0, 0xbb, 0xe8, 0x0, 0xb, 0xce, 0x80,
    0x0, 0xbc, 0xe8, 0x0, 0xb, 0xce, 0x80, 0x0,
    0xbc, 0xe8, 0x0, 0xb, 0xc0,

    /* U+0220 "Ƞ" */
    0xad, 0x9e, 0xfd, 0x70, 0xa, 0xfa, 0x65, 0x8f,
    0xb0, 0xac, 0x0, 0x0, 0x5f, 0x3a, 0xc0, 0x0,
    0x0, 0xf6, 0xac, 0x0, 0x0, 0xf, 0x7a, 0xc0,
    0x0, 0x0, 0xf7, 0xac, 0x0, 0x0, 0xf, 0x7a,
    0xc0, 0x0, 0x0, 0xf7, 0xac, 0x0, 0x0, 0xf,
    0x7a, 0xc0, 0x0, 0x0, 0xf7, 0xac, 0x0, 0x0,
    0xf, 0x7a, 0xc0, 0x0, 0x0, 0xf7, 0x0, 0x0,
    0x0, 0xf, 0x70, 0x0, 0x0, 0x0, 0xf7, 0x0,
    0x0, 0x0, 0xf, 0x70,

    /* U+0221 "ȡ" */
    0x0, 0x0, 0x0, 0x9e, 0x0, 0x0, 0x0, 0x0,
    0x0, 0x9e, 0x0, 0x0, 0x0, 0x0, 0x0, 0x9e,
    0x0, 0x0, 0x0, 0x8e, 0xfa, 0xae, 0x0, 0x0,
    0x7, 0xf9, 0x59, 0xfe, 0x0, 0x0, 0xe, 0x90,
    0x0, 0xae, 0x0, 0x0, 0x2f, 0x40, 0x0, 0x9e,
    0x0, 0x0, 0x3f, 0x30, 0x0, 0x9e, 0x0, 0x0,
    0x2f, 0x40, 0x0, 0x9e, 0x0, 0x0, 0xe, 0x90,
    0x0, 0xae, 0x0, 0x0, 0x7, 0xf8, 0x59, 0xfe,
    0x22, 0x0, 0x0, 0x8e, 0xf9, 0x9f, 0xff, 0x90,
    0x0, 0x0, 0x2, 0xee, 0x17, 0xf1, 0x0, 0x0,
    0x1e, 0xdf, 0x5a, 0xf0, 0x0, 0x0, 0x6, 0xa,
    0xfe, 0x50,

    /* U+0222 "Ȣ" */
    0x1, 0xae, 0x0, 0x4d, 0x70, 0xb, 0xf6, 0x0,
    0x19, 0xf6, 0xf, 0x80, 0x0, 0x0, 0xda, 0xf,
    0x80, 0x0, 0x0, 0xda, 0xa, 0xf5, 0x11, 0x29,
    0xf5, 0x0, 0xcf, 0xff, 0xff, 0x70, 0x5, 0xfa,
    0x54, 0x6d, 0xe1, 0xe, 0xb0, 0x0, 0x1, 0xf9,
    0xf, 0x70, 0x0, 0x0, 0xcb, 0xe, 0xb0, 0x0,
    0x1, 0xf9, 0x6, 0xfb, 0x65, 0x7d, 0xf2, 0x0,
    0x4b, 0xef, 0xd9, 0x20,

    /* U+0223 "ȣ" */
    0x1, 0xac, 0x0, 0x6d, 0x40, 0xc, 0xd3, 0x0,
    0x9, 0xf2, 0x1f, 0x50, 0x0, 0x0, 0xe7, 0x2f,
    0x50, 0x0, 0x0, 0xf8, 0xc, 0xe4, 0x10, 0x2a,
    0xf3, 0x1, 0xdf, 0xff, 0xff, 0x50, 0x7, 0xf8,
    0x43, 0x6d, 0xd0, 0xf, 0x80, 0x0, 0x2, 0xf6,
    0x2f, 0x50, 0x0, 0x0, 0xe8, 0xf, 0x80, 0x0,
    0x2, 0xf6, 0x8, 0xf9, 0x44, 0x6e, 0xe0, 0x0,
    0x5c, 0xef, 0xd8, 0x10,

    /* U+0224 "Ȥ" */
    0x3f, 0xff, 0xff, 0xff, 0xb0, 0x14, 0x44, 0x44,
    0x8f, 0x70, 0x0, 0x0, 0x0, 0xdc, 0x0, 0x0,
    0x0, 0x8, 0xf3, 0x0, 0x0, 0x0, 0x3f, 0x80,
    0x0, 0x0, 0x0, 0xdd, 0x0, 0x0, 0x0, 0x7,
    0xf3, 0x0, 0x0, 0x0, 0x2f, 0x80, 0x0, 0x0,
    0x0, 0xcd, 0x0, 0x0, 0x0, 0x7, 0xf4, 0x0,
    0x0, 0x0, 0x2f, 0xc4, 0x44, 0x42, 0x0, 0x5f,
    0xff, 0xff, 0xff, 0xd0, 0x0, 0x0, 0x0, 0x3,
    0xf6, 0x0, 0x0, 0x0, 0x0, 0xd6,

    /* U+0225 "ȥ" */
    0x3f, 0xff, 0xff, 0xf2, 0x4, 0x44, 0x4e, 0xd0,
    0x0, 0x0, 0x8f, 0x20, 0x0, 0x3, 0xf7, 0x0,
    0x0, 0xd, 0xb0, 0x0, 0x0, 0xae, 0x10, 0x0,
    0x5, 0xf5, 0x0, 0x0, 0x1e, 0xc3, 0x33, 0x0,
    0x5f, 0xff, 0xff, 0xf4, 0x0, 0x0, 0x0, 0xac,
    0x0, 0x0, 0x0, 0x6c,

    /* U+0226 "Ȧ" */
    0x0, 0x0, 0x49, 0x0, 0x0, 0x0, 0x0, 0x6,
    0xd0, 0x0, 0x0, 0x0, 0x0, 0x0, 0x0, 0x0,
    0x0, 0x0, 0x9, 0xf1, 0x0, 0x0, 0x0, 0x0,
    0xff, 0x60, 0x0, 0x0, 0x0, 0x5f, 0xbc, 0x0,
    0x0, 0x0, 0xb, 0xb4, 0xf2, 0x0, 0x0, 0x1,
    0xf6, 0xf, 0x80, 0x0, 0x0, 0x6f, 0x10, 0xad,
    0x0, 0x0, 0xc, 0xc0, 0x5, 0xf3, 0x0, 0x2,
    0xf7, 0x0, 0x1f, 0x90, 0x0, 0x8f, 0xff, 0xff,
    0xfe, 0x0, 0xd, 0xc3, 0x33, 0x36, 0xf5, 0x3,
    0xf5, 0x0, 0x0, 0xe, 0xa0, 0x9e, 0x0, 0x0,
    0x0, 0x8f, 0x10,

    /* U+0227 "ȧ" */
    0x0, 0x2, 0xe3, 0x0, 0x0, 0x1, 0xa2, 0x0,
    0x0, 0x0, 0x0, 0x0, 0x0, 0x9e, 0xfd, 0x50,
    0xb, 0xe5, 0x48, 0xf2, 0x4, 0x20, 0x0, 0xe7,
    0x0, 0x7c, 0xef, 0xf8, 0x9, 0xe5, 0x22, 0xe8,
    0xf, 0x60, 0x0, 0xe8, 0x1f, 0x60, 0x2, 0xf8,
    0xc, 0xe6, 0x6e, 0xf9, 0x2, 0xbf, 0xe6, 0xa9,

    /* U+0228 "Ȩ" */
    0xaf, 0xff, 0xff, 0xf7, 0xae, 0x44, 0x44, 0x42,
    0xad, 0x0, 0x0, 0x0, 0xad, 0x0, 0x0, 0x0,
    0xad, 0x0, 0x0, 0x0, 0xaf, 0xff, 0xff, 0xc0,
    0xad, 0x33, 0x33, 0x20, 0xad, 0x0, 0x0, 0x0,
    0xad, 0x0, 0x0, 0x0, 0xad, 0x0, 0x0, 0x0,
    0xae, 0x44, 0x44, 0x42, 0xaf, 0xff, 0xff, 0xf8,
    0x0, 0xb, 0xb1, 0x0, 0x0, 0x0, 0xc7, 0x0,
    0x0, 0xc, 0xb1, 0x0,

    /* U+0229 "ȩ" */
    0x0, 0x5d, 0xfd, 0x50, 0x5, 0xf7, 0x48, 0xf4,
    0xe, 0x60, 0x0, 0xab, 0x2f, 0xff, 0xff, 0xfd,
    0x4f, 0x63, 0x33, 0x33, 0x3f, 0x50, 0x0, 0x0,
    0xf, 0xc0, 0x0, 0x42, 0x6, 0xfa, 0x46, 0xf8,
    0x0, 0x6d, 0xfe, 0x70, 0x0, 0x2, 0xe8, 0x0,
    0x0, 0x0, 0x2f, 0x0, 0x0, 0x4, 0xe7, 0x0,

    /* U+022A "Ȫ" */
    0x0, 0x1f, 0xff, 0xff, 0x20, 0x0, 0x0, 0x22,
    0x22, 0x20, 0x0, 0x0, 0x9, 0x30, 0x39, 0x0,
    0x0, 0x0, 0xe6, 0x5, 0xe1, 0x0, 0x0, 0x0,
    0x0, 0x0, 0x0, 0x0, 0x0, 0x7d, 0xfd, 0x70,
    0x0, 0x0, 0xbf, 0x85, 0x8f, 0xb0, 0x0, 0x6f,
    0x40, 0x0, 0x4f, 0x60, 0xc, 0xc0, 0x0, 0x0,
    0xcc, 0x0, 0xf8, 0x0, 0x0, 0x8, 0xf0, 0xf,
    0x70, 0x0, 0x0, 0x7f, 0x1, 0xf7, 0x0, 0x0,
    0x7, 0xf0, 0xf, 0x80, 0x0, 0x0, 0x8f, 0x0,
    0xcc, 0x0, 0x0, 0xb, 0xc0, 0x6, 0xf4, 0x0,
    0x3, 0xf6, 0x0, 0xb, 0xf8, 0x58, 0xfc, 0x0,
    0x0, 0x7, 0xdf, 0xd8, 0x0, 0x0,

    /* U+022B "ȫ" */
    0x1, 0xff, 0xff, 0xf2, 0x0, 0x2, 0x22, 0x22,
    0x0, 0x0, 0xd7, 0x7, 0xd0, 0x0, 0x8, 0x40,
    0x49, 0x0, 0x0, 0x0, 0x0, 0x0, 0x0, 0x5,
    0xdf, 0xd7, 0x0, 0x6, 0xf9, 0x48, 0xf8, 0x0,
    0xea, 0x0, 0x8, 0xf1, 0x2f, 0x40, 0x0, 0x2f,
    0x54, 0xf3, 0x0, 0x1, 0xf6, 0x3f, 0x40, 0x0,
    0x2f, 0x40, 0xe9, 0x0, 0x8, 0xf1, 0x6, 0xf8,
    0x47, 0xf8, 0x0, 0x6, 0xdf, 0xd6, 0x0,

    /* U+022C "Ȭ" */
    0x0, 0x1f, 0xff, 0xff, 0x20, 0x0, 0x0, 0x22,
    0x22, 0x20, 0x0, 0x0, 0x2, 0xe7, 0x29, 0x0,
    0x0, 0x0, 0x83, 0x7e, 0x30, 0x0, 0x0, 0x0,
    0x0, 0x0, 0x0, 0x0, 0x0, 0x7d, 0xfd, 0x70,
    0x0, 0x0, 0xbf, 0x85, 0x8f, 0xb0, 0x0, 0x6f,
    0x40, 0x0, 0x4f, 0x60, 0xc, 0xc0, 0x0, 0x0,
    0xcc, 0x0, 0xf8, 0x0, 0x0, 0x8, 0xf0, 0xf,
    0x70, 0x0, 0x0, 0x7f, 0x1, 0xf7, 0x0, 0x0,
    0x7, 0xf0, 0xf, 0x80, 0x0, 0x0, 0x8f, 0x0,
    0xcc, 0x0, 0x0, 0xb, 0xc0, 0x6, 0xf4, 0x0,
    0x3, 0xf6, 0x0, 0xb, 0xf8, 0x58, 0xfc, 0x0,
    0x0, 0x7, 0xdf, 0xd8, 0x0, 0x0,

    /* U+022D "ȭ" */
    0x1, 0xff, 0xff, 0xf2, 0x0, 0x2, 0x22, 0x22,
    0x0, 0x0, 0x0, 0x0, 0x20, 0x0, 0xc, 0xff,
    0xfe, 0x10, 0x0, 0x22, 0x22, 0x0, 0x0, 0x0,
    0x0, 0x0, 0x0, 0x0, 0x5d, 0xfd, 0x70, 0x0,
    0x6f, 0x94, 0x8f, 0x80, 0xe, 0xa0, 0x0, 0x8f,
    0x12, 0xf4, 0x0, 0x2, 0xf5, 0x4f, 0x30, 0x0,
    0x1f, 0x63, 0xf4, 0x0, 0x2, 0xf4, 0xe, 0x90,
    0x0, 0x8f, 0x10, 0x6f, 0x84, 0x7f, 0x80, 0x0,
    0x6d, 0xfd, 0x60, 0x0,

    /* U+022E "Ȯ" */
    0x0, 0x0, 0x1a, 0x10, 0x0, 0x0, 0x0, 0x3,
    0xe3, 0x0, 0x0, 0x0, 0x0, 0x0, 0x0, 0x0,
    0x0, 0x0, 0x7d, 0xfd, 0x70, 0x0, 0x0, 0xbf,
    0x85, 0x8f, 0xb0, 0x0, 0x6f, 0x40, 0x0, 0x4f,
    0x60, 0xc, 0xc0, 0x0, 0x0, 0xcc, 0x0, 0xf8,
    0x0, 0x0, 0x8, 0xf0, 0xf, 0x70, 0x0, 0x0,
    0x7f, 0x1, 0xf7, 0x0, 0x0, 0x7, 0xf0, 0xf,
    0x80, 0x0, 0x0, 0x8f, 0x0, 0xcc, 0x0, 0x0,
    0xb, 0xc0, 0x6, 0xf4, 0x0, 0x3, 0xf6, 0x0,
    0xb, 0xf8, 0x58, 0xfc, 0x0, 0x0, 0x7, 0xdf,
    0xd8, 0x0, 0x0,

    /* U+022F "ȯ" */
    0x0, 0x3, 0xe3, 0x0, 0x0, 0x0, 0x1a, 0x10,
    0x0, 0x0, 0x0, 0x0, 0x0, 0x0, 0x5, 0xdf,
    0xd7, 0x0, 0x6, 0xf9, 0x48, 0xf8, 0x0, 0xea,
    0x0, 0x8, 0xf1, 0x2f, 0x40, 0x0, 0x2f, 0x54,
    0xf3, 0x0, 0x1, 0xf6, 0x3f, 0x40, 0x0, 0x2f,
    0x40, 0xe9, 0x0, 0x8, 0xf1, 0x6, 0xf8, 0x47,
    0xf8, 0x0, 0x6, 0xdf, 0xd6, 0x0,

    /* U+0230 "Ȱ" */
    0x0, 0x1f, 0xff, 0xff, 0x20, 0x0, 0x0, 0x22,
    0x22, 0x20, 0x0, 0x0, 0x0, 0x19, 0x10, 0x0,
    0x0, 0x0, 0x2, 0xe3, 0x0, 0x0, 0x0, 0x0,
    0x0, 0x0, 0x0, 0x0, 0x0, 0x7d, 0xfd, 0x70,
    0x0, 0x0, 0xbf, 0x85, 0x8f, 0xb0, 0x0, 0x6f,
    0x40, 0x0, 0x4f, 0x60, 0xc, 0xc0, 0x0, 0x0,
    0xcc, 0x0, 0xf8, 0x0, 0x0, 0x8, 0xf0, 0xf,
    0x70, 0x0, 0x0, 0x7f, 0x1, 0xf7, 0x0, 0x0,
    0x7, 0xf0, 0xf, 0x80, 0x0, 0x0, 0x8f, 0x0,
    0xcc, 0x0, 0x0, 0xb, 0xc0, 0x6, 0xf4, 0x0,
    0x3, 0xf6, 0x0, 0xb, 0xf8, 0x58, 0xfc, 0x0,
    0x0, 0x7, 0xdf, 0xd8, 0x0, 0x0,

    /* U+0231 "ȱ" */
    0x1, 0xff, 0xff, 0xf2, 0x0, 0x2, 0x22, 0x22,
    0x0, 0x0, 0x3, 0xe3, 0x0, 0x0, 0x0, 0x1a,
    0x10, 0x0, 0x0, 0x0, 0x0, 0x0, 0x0, 0x5,
    0xdf, 0xd7, 0x0, 0x6, 0xf9, 0x48, 0xf8, 0x0,
    0xea, 0x0, 0x8, 0xf1, 0x2f, 0x40, 0x0, 0x2f,
    0x54, 0xf3, 0x0, 0x1, 0xf6, 0x3f, 0x40, 0x0,
    0x2f, 0x40, 0xe9, 0x0, 0x8, 0xf1, 0x6, 0xf8,
    0x47, 0xf8, 0x0, 0x6, 0xdf, 0xd6, 0x0,

    /* U+0232 "Ȳ" */
    0x0, 0xcf, 0xff, 0xf7, 0x0, 0x0, 0x22, 0x22,
    0x21, 0x0, 0x9f, 0x10, 0x0, 0x7, 0xf3, 0x1f,
    0x90, 0x0, 0xe, 0xa0, 0x9, 0xf1, 0x0, 0x7f,
    0x20, 0x1, 0xf9, 0x0, 0xea, 0x0, 0x0, 0x8f,
    0x17, 0xf2, 0x0, 0x0, 0x1f, 0x9e, 0x90, 0x0,
    0x0, 0x7, 0xff, 0x10, 0x0, 0x0, 0x0, 0xf9,
    0x0, 0x0, 0x0, 0x0, 0xf8, 0x0, 0x0, 0x0,
    0x0, 0xf8, 0x0, 0x0, 0x0, 0x0, 0xf8, 0x0,
    0x0, 0x0, 0x0, 0xf8, 0x0, 0x0,

    /* U+0233 "ȳ" */
    0x9, 0xff, 0xff, 0xa0, 0x1, 0x22, 0x22, 0x10,
    0x0, 0x0, 0x0, 0x0, 0xae, 0x0, 0x5, 0xf3,
    0x4f, 0x30, 0x9, 0xd0, 0xe, 0x80, 0xe, 0x80,
    0x9, 0xd0, 0x3f, 0x20, 0x3, 0xf2, 0x8d, 0x0,
    0x0, 0xd8, 0xc7, 0x0, 0x0, 0x8e, 0xf2, 0x0,
    0x0, 0x2f, 0xc0, 0x0, 0x0, 0xe, 0x70, 0x0,
    0x0, 0x3f, 0x10, 0x0, 0x16, 0xda, 0x0, 0x0,
    0x5f, 0xb1, 0x0, 0x0,

    /* U+0234 "ȴ" */
    0x2, 0xf5, 0x0, 0x0, 0x2f, 0x50, 0x0, 0x2,
    0xf5, 0x0, 0x0, 0x2f, 0x50, 0x0, 0x2, 0xf5,
    0x0, 0x0, 0x2f, 0x50, 0x0, 0x2, 0xf5, 0x0,
    0x0, 0x2f, 0x50, 0x0, 0x2, 0xf5, 0x0, 0x0,
    0x2f, 0x50, 0x0, 0x2, 0xf5, 0x20, 0x0, 0x2f,
    0xff, 0xe2, 0xa, 0xf6, 0x1f, 0x88, 0xee, 0xa5,
    0xf7, 0x33, 0x4d, 0xfa, 0x0,

    /* U+0235 "ȵ" */
    0xe8, 0xae, 0xe9, 0x0, 0x0, 0xe, 0xf7, 0x25,
    0xf7, 0x0, 0x0, 0xea, 0x0, 0xc, 0xa0, 0x0,
    0xe, 0x80, 0x0, 0xbb, 0x0, 0x0, 0xe8, 0x0,
    0xb, 0xc0, 0x0, 0xe, 0x80, 0x0, 0xbc, 0x0,
    0x0, 0xe8, 0x0, 0xb, 0xc0, 0x0, 0xe, 0x80,
    0x0, 0xbc, 0x21, 0x0, 0xe8, 0x0, 0xb, 0xff,
    0xf7, 0x0, 0x0, 0x3, 0xfd, 0x9, 0xf0, 0x0,
    0x2, 0xfd, 0xf4, 0xbe, 0x0, 0x0, 0x6, 0x1b,
    0xfd, 0x40,

    /* U+0236 "ȶ" */
    0x1, 0xf5, 0x0, 0x0, 0x1f, 0x50, 0x0, 0xaf,
    0xff, 0xf0, 0x1, 0x3f, 0x72, 0x0, 0x1, 0xf5,
    0x0, 0x0, 0x1f, 0x50, 0x0, 0x1, 0xf5, 0x0,
    0x0, 0x1f, 0xef, 0xc1, 0x7, 0xf9, 0x4f, 0x87,
    0xfe, 0xa4, 0xf8, 0x23, 0x4d, 0xfb, 0x10,

    /* U+0237 "ȷ" */
    0x0, 0xac, 0x0, 0xac, 0x0, 0xac, 0x0, 0xac,
    0x0, 0xac, 0x0, 0xac, 0x0, 0xac, 0x0, 0xac,
    0x0, 0xac, 0x0, 0xbc, 0x25, 0xf8, 0x8f, 0xb1,

    /* U+0238 "ȸ" */
    0x0, 0x0, 0x0, 0x9e, 0x0, 0x0, 0x0, 0x0,
    0x0, 0x0, 0x9e, 0x0, 0x0, 0x0, 0x0, 0x0,
    0x0, 0x9e, 0x0, 0x0, 0x0, 0x0, 0x8e, 0xfa,
    0xae, 0x6e, 0xfb, 0x20, 0x7, 0xf9, 0x59, 0xff,
    0xc5, 0x6e, 0xd0, 0xe, 0x90, 0x0, 0xaf, 0x0,
    0x4, 0xf4, 0x2f, 0x40, 0x0, 0x9e, 0x0, 0x0,
    0xf7, 0x3f, 0x30, 0x0, 0x9e, 0x0, 0x0, 0xe9,
    0x2f, 0x40, 0x0, 0x9e, 0x0, 0x0, 0xf7, 0xe,
    0x90, 0x0, 0xaf, 0x10, 0x4, 0xf4, 0x7, 0xf8,
    0x59, 0xff, 0xc5, 0x6e, 0xd0, 0x0, 0x8e, 0xfa,
    0x8e, 0x6e, 0xfb, 0x20,

    /* U+0239 "ȹ" */
    0x0, 0x8e, 0xfa, 0x9c, 0x7e, 0xfb, 0x20, 0x7,
    0xf8, 0x48, 0xff, 0xb4, 0x6e, 0xd0, 0xe, 0x90,
    0x0, 0xae, 0x0, 0x4, 0xf4, 0x2f, 0x40, 0x0,
    0x9e, 0x0, 0x0, 0xf7, 0x3f, 0x30, 0x0, 0x9e,
    0x0, 0x0, 0xe8, 0x2f, 0x40, 0x0, 0x9e, 0x0,
    0x0, 0xf7, 0xe, 0x90, 0x0, 0xae, 0x0, 0x4,
    0xf4, 0x7, 0xf8, 0x48, 0xff, 0xb4, 0x6e, 0xd0,
    0x0, 0x8e, 0xea, 0xae, 0x7e, 0xfb, 0x20, 0x0,
    0x0, 0x0, 0x9e, 0x0, 0x0, 0x0, 0x0, 0x0,
    0x0, 0x9e, 0x0, 0x0, 0x0, 0x0, 0x0, 0x0,
    0x9e, 0x0, 0x0, 0x0,

    /* U+023A "Ⱥ" */
    0x0, 0x0, 0x0, 0x0, 0x0, 0x1b, 0x20, 0x0,
    0x0, 0x9, 0xf1, 0xb, 0x80, 0x0, 0x0, 0x0,
    0xff, 0x67, 0xc0, 0x0, 0x0, 0x0, 0x5f, 0xbd,
    0xe1, 0x0, 0x0, 0x0, 0xb, 0xb5, 0xf5, 0x0,
    0x0, 0x0, 0x1, 0xf6, 0xaf, 0x70, 0x0, 0x0,
    0x0, 0x6f, 0x8d, 0xad, 0x0, 0x0, 0x0, 0xc,
    0xef, 0x25, 0xf3, 0x0, 0x0, 0x2, 0xff, 0x70,
    0x1f, 0x90, 0x0, 0x0, 0x8f, 0xff, 0xff, 0xfe,
    0x0, 0x0, 0xe, 0xd3, 0x33, 0x36, 0xf4, 0x0,
    0x6, 0xf5, 0x0, 0x0, 0xe, 0xa0, 0x3, 0xfe,
    0x0, 0x0, 0x0, 0x8f, 0x11, 0xd5, 0x0, 0x0,
    0x0, 0x0, 0x0,

    /* U+023B "Ȼ" */
    0x0, 0x0, 0x0, 0x9, 0x60, 0x0, 0x8, 0xdf,
    0xef, 0x20, 0x0, 0xce, 0x75, 0xaf, 0xc0, 0x6,
    0xf3, 0x0, 0xa9, 0xf6, 0xc, 0xb0, 0x1, 0xe0,
    0x96, 0xf, 0x80, 0x6, 0x90, 0x0, 0xf, 0x70,
    0xc, 0x30, 0x0, 0xf, 0x70, 0x2d, 0x0, 0x0,
    0xf, 0x80, 0x87, 0x0, 0x0, 0xc, 0xb0, 0xe1,
    0x0, 0xe8, 0x7, 0xf8, 0xb0, 0x4, 0xf4, 0x0,
    0xcf, 0xa5, 0x7e, 0xb0, 0x0, 0x1f, 0xdf, 0xd8,
    0x0, 0x0, 0x6a, 0x0, 0x0, 0x0,

    /* U+023C "ȼ" */
    0x0, 0x0, 0x0, 0x96, 0x0, 0x0, 0x0, 0xe1,
    0x0, 0x0, 0x5, 0xa0, 0x0, 0x6d, 0xff, 0x80,
    0x7, 0xf8, 0x6f, 0xf5, 0xf, 0x80, 0x87, 0xbb,
    0x3f, 0x40, 0xe1, 0x1, 0x4f, 0x25, 0xb0, 0x0,
    0x3f, 0x4b, 0x40, 0x0, 0xf, 0xae, 0x0, 0x9b,
    0x7, 0xfb, 0x48, 0xf4, 0x0, 0xed, 0xfd, 0x50,
    0x5, 0xb0, 0x0, 0x0, 0xb, 0x40, 0x0, 0x0,
    0x2d, 0x0, 0x0, 0x0,

    /* U+023D "Ƚ" */
    0x2, 0xf6, 0x0, 0x0, 0x0, 0x2f, 0x60, 0x0,
    0x0, 0x2, 0xf6, 0x0, 0x0, 0x0, 0x2f, 0x60,
    0x0, 0x0, 0x2, 0xf6, 0x0, 0x0, 0xc, 0xff,
    0xff, 0x30, 0x0, 0x25, 0xf9, 0x30, 0x0, 0x0,
    0x2f, 0x60, 0x0, 0x0, 0x2, 0xf6, 0x0, 0x0,
    0x0, 0x2f, 0x60, 0x0, 0x0, 0x2, 0xf8, 0x44,
    0x44, 0x30, 0x2f, 0xff, 0xff, 0xfc,

    /* U+023E "Ⱦ" */
    0x0, 0x0, 0x0, 0x5, 0x80, 0x9f, 0xff, 0xff,
    0xff, 0xf3, 0x24, 0x44, 0xfa, 0x9b, 0x40, 0x0,
    0x0, 0xf8, 0xd3, 0x0, 0x0, 0x0, 0xfd, 0xb0,
    0x0, 0x0, 0x0, 0xff, 0x40, 0x0, 0x0, 0x0,
    0xfc, 0x0, 0x0, 0x0, 0x0, 0xf8, 0x0, 0x0,
    0x0, 0x4, 0xf8, 0x0, 0x0, 0x0, 0xc, 0xf8,
    0x0, 0x0, 0x0, 0x3d, 0xf8, 0x0, 0x0, 0x0,
    0xb5, 0xf8, 0x0, 0x0, 0x3, 0xd0, 0xf8, 0x0,
    0x0, 0xa, 0x60, 0x0, 0x0, 0x0,

    /* U+023F "ȿ" */
    0x0, 0x9e, 0xfb, 0x30, 0xa, 0xe5, 0x4c, 0xe1,
    0xe, 0x80, 0x1, 0xb3, 0xb, 0xe6, 0x10, 0x0,
    0x0, 0x8d, 0xfc, 0x40, 0x0, 0x0, 0x29, 0xf3,
    0x7, 0x0, 0x0, 0xf6, 0xe, 0xc5, 0x49, 0xf3,
    0x6, 0xff, 0xfc, 0x40, 0x0, 0xc8, 0x0, 0x0,
    0x0, 0x3f, 0x65, 0x20, 0x0, 0x5, 0xed, 0x20,

    /* U+0240 "ɀ" */
    0x3f, 0xff, 0xff, 0xf2, 0x0, 0x44, 0x44, 0xed,
    0x0, 0x0, 0x0, 0x8f, 0x20, 0x0, 0x0, 0x3f,
    0x70, 0x0, 0x0, 0xe, 0xb0, 0x0, 0x0, 0xa,
    0xe1, 0x0, 0x0, 0x5, 0xf5, 0x0, 0x0, 0x1,
    0xec, 0x20, 0x0, 0x0, 0x5f, 0xff, 0xd2, 0x0,
    0x0, 0x0, 0x3d, 0xc0, 0x0, 0x0, 0x0, 0x1e,
    0xa4, 0x40, 0x0, 0x0, 0x3d, 0xe5,

    /* U+0241 "Ɂ" */
    0x2, 0xae, 0xea, 0x10, 0xd, 0xd6, 0x7e, 0xd0,
    0x5f, 0x20, 0x3, 0xf5, 0x24, 0x0, 0x0, 0xe9,
    0x0, 0x0, 0x0, 0xcb, 0x0, 0x0, 0x0, 0xda,
    0x0, 0x0, 0x0, 0xf8, 0x0, 0x0, 0x6, 0xf3,
    0x0, 0x8, 0xcf, 0x80, 0x0, 0xc, 0xd4, 0x0,
    0x0, 0xc, 0xb0, 0x0, 0x0, 0xc, 0xb0, 0x0,

    /* U+0242 "ɂ" */
    0x3, 0xcf, 0xd7, 0x1, 0xfb, 0x47, 0xf6, 0x6f,
    0x10, 0xb, 0xc2, 0x30, 0x0, 0x9d, 0x0, 0x0,
    0xc, 0xa0, 0x0, 0xad, 0xe2, 0x0, 0xf, 0x90,
    0x0, 0x0, 0xf7, 0x0, 0x0, 0xf, 0x70, 0x0,

    /* U+0243 "Ƀ" */
    0x2, 0xff, 0xff, 0xea, 0x20, 0x2, 0xf8, 0x44,
    0x6e, 0xd0, 0x2, 0xf6, 0x0, 0x5, 0xf3, 0x2,
    0xf6, 0x0, 0x4, 0xf3, 0x2, 0xf6, 0x0, 0x3c,
    0xd0, 0x2, 0xff, 0xff, 0xfe, 0x20, 0x2, 0xf8,
    0x33, 0x5c, 0xd1, 0x2, 0xf6, 0x0, 0x1, 0xf7,
    0xcf, 0xff, 0xf3, 0x0, 0xe9, 0x25, 0xf9, 0x30,
    0x2, 0xf6, 0x2, 0xf8, 0x44, 0x6d, 0xe1, 0x2,
    0xff, 0xff, 0xea, 0x20,

    /* U+0244 "Ʉ" */
    0x0, 0xe9, 0x0, 0x0, 0x2f, 0x50, 0x0, 0xe,
    0x90, 0x0, 0x2, 0xf5, 0x0, 0x0, 0xe9, 0x0,
    0x0, 0x2f, 0x50, 0x0, 0xe, 0x90, 0x0, 0x2,
    0xf5, 0x0, 0x0, 0xe9, 0x0, 0x0, 0x2f, 0x50,
    0xc, 0xff, 0xff, 0xff, 0xff, 0xff, 0xf2, 0x23,
    0xea, 0x33, 0x33, 0x5f, 0x73, 0x0, 0xe, 0x90,
    0x0, 0x2, 0xf5, 0x0, 0x0, 0xda, 0x0, 0x0,
    0x3f, 0x40, 0x0, 0xa, 0xe0, 0x0, 0x8, 0xf1,
    0x0, 0x0, 0x2f, 0xc5, 0x48, 0xf9, 0x0, 0x0,
    0x0, 0x2b, 0xff, 0xd7, 0x0, 0x0,

    /* U+0245 "Ʌ" */
    0x0, 0x0, 0xce, 0x0, 0x0, 0x0, 0x1, 0xff,
    0x40, 0x0, 0x0, 0x7, 0xfd, 0xa0, 0x0, 0x0,
    0xc, 0xa7, 0xf0, 0x0, 0x0, 0x2f, 0x52, 0xf5,
    0x0, 0x0, 0x8f, 0x0, 0xda, 0x0, 0x0, 0xda,
    0x0, 0x7f, 0x0, 0x3, 0xf5, 0x0, 0x2f, 0x60,
    0x8, 0xf0, 0x0, 0xd, 0xb0, 0xe, 0xa0, 0x0,
    0x7, 0xf1, 0x4f, 0x50, 0x0, 0x2, 0xf7, 0x9f,
    0x0, 0x0, 0x0, 0xdc,

    /* U+0246 "Ɇ" */
    0x0, 0x0, 0x6, 0x70, 0xaf, 0xff, 0xff, 0xf7,
    0xae, 0x44, 0x5f, 0x42, 0xad, 0x0, 0x4b, 0x0,
    0xad, 0x0, 0x97, 0x0, 0xad, 0x0, 0xd3, 0x0,
    0xaf, 0xff, 0xff, 0xc0, 0xad, 0x38, 0xb3, 0x20,
    0xad, 0xa, 0x60, 0x0, 0xad, 0xe, 0x20, 0x0,
    0xad, 0x2e, 0x0, 0x0, 0xae, 0x8c, 0x44, 0x42,
    0xaf, 0xff, 0xff, 0xf8, 0x0, 0xe1, 0x0, 0x0,
    0x0, 0x0, 0x0, 0x0,

    /* U+0247 "ɇ" */
    0x0, 0x0, 0x0, 0x96, 0x0, 0x0, 0x0, 0xe1,
    0x0, 0x0, 0x5, 0xa0, 0x0, 0x5d, 0xff, 0x80,
    0x5, 0xf7, 0x7e, 0xf5, 0xe, 0x60, 0xb5, 0xab,
    0x2f, 0xff, 0xff, 0xfe, 0x4f, 0x6b, 0x83, 0x33,
    0x3f, 0x5e, 0x20, 0x0, 0xf, 0xec, 0x0, 0x42,
    0x6, 0xfc, 0x46, 0xf8, 0x0, 0xed, 0xfe, 0x70,
    0x5, 0xb0, 0x0, 0x0, 0xb, 0x40, 0x0, 0x0,
    0x2d, 0x0, 0x0, 0x0,

    /* U+0248 "Ɉ" */
    0x0, 0x0, 0x0, 0xe9, 0x0, 0x0, 0x0, 0x0,
    0xe9, 0x0, 0x0, 0x0, 0x0, 0xe9, 0x0, 0x0,
    0x0, 0x0, 0xe9, 0x0, 0x0, 0x0, 0x0, 0xe9,
    0x0, 0x0, 0x0, 0xaf, 0xff, 0xf5, 0x0, 0x0,
    0x23, 0xfc, 0x31, 0x0, 0x0, 0x0, 0xe9, 0x0,
    0x48, 0x0, 0x0, 0xe9, 0x0, 0x6f, 0x20, 0x2,
    0xf6, 0x0, 0x1e, 0xd5, 0x6d, 0xe0, 0x0, 0x2,
    0xbe, 0xeb, 0x20, 0x0,

    /* U+0249 "ɉ" */
    0x0, 0xd6, 0x0, 0x0, 0x93, 0x0, 0x0, 0x0,
    0x0, 0x0, 0xf7, 0x0, 0x0, 0xf7, 0x0, 0x0,
    0xf8, 0x0, 0xcf, 0xff, 0xf3, 0x23, 0xfb, 0x30,
    0x0, 0xf7, 0x0, 0x0, 0xf7, 0x0, 0x0, 0xf7,
    0x0, 0x0, 0xf7, 0x0, 0x0, 0xf7, 0x0, 0x37,
    0xf5, 0x0, 0x8f, 0xa0, 0x0,

    /* U+024A "Ɋ" */
    0x0, 0x7, 0xdf, 0xeb, 0xbb, 0x0, 0x0, 0xbf,
    0x85, 0x6b, 0xfb, 0x0, 0x5, 0xf4, 0x0, 0x0,
    0xcb, 0x0, 0xc, 0xc0, 0x0, 0x0, 0xcb, 0x0,
    0xf, 0x80, 0x0, 0x0, 0xcb, 0x0, 0xf, 0x60,
    0x0, 0x0, 0xcb, 0x0, 0xf, 0x70, 0x0, 0x0,
    0xcb, 0x0, 0xf, 0x80, 0x0, 0x0, 0xcb, 0x0,
    0xc, 0xc0, 0x0, 0x0, 0xcb, 0x0, 0x6, 0xf4,
    0x0, 0x0, 0xcb, 0x0, 0x0, 0xbf, 0x85, 0x6b,
    0xfb, 0x0, 0x0, 0x7, 0xdf, 0xec, 0xeb, 0x0,
    0x0, 0x0, 0x0, 0x0, 0xcb, 0x0, 0x0, 0x0,
    0x0, 0x0, 0x9f, 0x61, 0x0, 0x0, 0x0, 0x0,
    0x2c, 0xf4,

    /* U+024B "ɋ" */
    0x0, 0x8e, 0xfa, 0x9e, 0x0, 0x7, 0xf8, 0x48,
    0xfe, 0x0, 0xe, 0x90, 0x0, 0xae, 0x0, 0x2f,
    0x40, 0x0, 0x9e, 0x0, 0x3f, 0x30, 0x0, 0x9e,
    0x0, 0x2f, 0x40, 0x0, 0x9e, 0x0, 0xe, 0x90,
    0x0, 0xae, 0x0, 0x7, 0xf8, 0x48, 0xfe, 0x0,
    0x0, 0x8e, 0xea, 0xae, 0x0, 0x0, 0x0, 0x0,
    0x9e, 0x0, 0x0, 0x0, 0x0, 0x6f, 0x41, 0x0,
    0x0, 0x0, 0xa, 0xf8,

    /* U+024C "Ɍ" */
    0x3, 0xff, 0xff, 0xd9, 0x10, 0x0, 0x3f, 0x84,
    0x47, 0xee, 0x10, 0x3, 0xf5, 0x0, 0x3, 0xf6,
    0x0, 0x3f, 0x50, 0x0, 0xf, 0x80, 0x3, 0xf5,
    0x0, 0x2, 0xf6, 0x0, 0x3f, 0x50, 0x3, 0xce,
    0x10, 0xbf, 0xff, 0xff, 0xfd, 0x30, 0x2, 0x6f,
    0x73, 0x3d, 0xb0, 0x0, 0x3, 0xf5, 0x0, 0x5f,
    0x30, 0x0, 0x3f, 0x50, 0x0, 0xdc, 0x0, 0x3,
    0xf5, 0x0, 0x4, 0xf4, 0x0, 0x3f, 0x50, 0x0,
    0xc, 0xc0,

    /* U+024D "ɍ" */
    0x0, 0x0, 0x0, 0x3, 0xf7, 0xde, 0x3, 0xff,
    0x74, 0x3, 0xf6, 0x0, 0x3, 0xf4, 0x0, 0xcf,
    0xff, 0xf3, 0x26, 0xf7, 0x30, 0x3, 0xf4, 0x0,
    0x3, 0xf4, 0x0, 0x3, 0xf4, 0x0,

    /* U+024E "Ɏ" */
    0x1e, 0xb0, 0x0, 0x0, 0xec, 0x0, 0x6f, 0x40,
    0x0, 0x7f, 0x30, 0xbf, 0xff, 0xff, 0xff, 0xff,
    0x80, 0x5, 0xf4, 0x8, 0xf2, 0x0, 0x0, 0xd,
    0xc0, 0xe9, 0x0, 0x0, 0x0, 0x5f, 0xbf, 0x10,
    0x0, 0x0, 0x0, 0xcf, 0x90, 0x0, 0x0, 0x0,
    0x6, 0xf2, 0x0, 0x0, 0x0, 0x0, 0x5f, 0x20,
    0x0, 0x0, 0x0, 0x5, 0xf2, 0x0, 0x0, 0x0,
    0x0, 0x5f, 0x20, 0x0, 0x0, 0x0, 0x5, 0xf2,
    0x0, 0x0,

    /* U+024F "ɏ" */
    0x3f, 0x50, 0x0, 0xf8, 0xc, 0xb0, 0x6, 0xf1,
    0xbf, 0xff, 0xff, 0xfe, 0x1, 0xf7, 0xf, 0x50,
    0x0, 0xbc, 0x5f, 0x10, 0x0, 0x5f, 0xbb, 0x0,
    0x0, 0xf, 0xf6, 0x0, 0x0, 0xb, 0xf1, 0x0,
    0x0, 0x8, 0xc0, 0x0, 0x0, 0xd, 0x60, 0x0,
    0x5, 0xae, 0x0, 0x0, 0xe, 0xd4, 0x0, 0x0,

    /* U+1E00 "Ḁ" */
    0x0, 0x0, 0x9f, 0x10, 0x0, 0x0, 0x0, 0xf,
    0xf6, 0x0, 0x0, 0x0, 0x5, 0xe8, 0xc0, 0x0,
    0x0, 0x0, 0xb9, 0x2f, 0x20, 0x0, 0x0, 0x1f,
    0x30, 0xc8, 0x0, 0x0, 0x6, 0xd0, 0x6, 0xd0,
    0x0, 0x0, 0xc7, 0x0, 0x1f, 0x30, 0x0, 0x2f,
    0xff, 0xff, 0xf9, 0x0, 0x8, 0xc3, 0x33, 0x37,
    0xe0, 0x0, 0xd7, 0x0, 0x0, 0xf, 0x50, 0x3f,
    0x30, 0x0, 0x0, 0xba, 0x9, 0xe0, 0x0, 0x0,
    0x7, 0xf1, 0x0, 0x0, 0x7b, 0x30, 0x0, 0x0,
    0x0, 0xb, 0x19, 0x0, 0x0, 0x0, 0x0, 0x9b,
    0x40, 0x0, 0x0,

    /* U+1E01 "ḁ" */
    0x0, 0x9e, 0xfd, 0x50, 0xb, 0xe5, 0x48, 0xf2,
    0x4, 0x20, 0x0, 0xe7, 0x0, 0x7c, 0xef, 0xf8,
    0x9, 0xe5, 0x22, 0xe8, 0xf, 0x60, 0x0, 0xe8,
    0x1f, 0x60, 0x2, 0xf8, 0xc, 0xe6, 0x6e, 0xf9,
    0x2, 0xbf, 0xe6, 0xa9, 0x0, 0x1a, 0x90, 0x0,
    0x0, 0x65, 0x82, 0x0, 0x0, 0x2b, 0xb0, 0x0,

    /* U+1E02 "Ḃ" */
    0x0, 0xa, 0x40, 0x0, 0x0, 0x0, 0xe6, 0x0,
    0x0, 0x0, 0x0, 0x0, 0x0, 0xa, 0xff, 0xff,
    0xc5, 0x0, 0xae, 0x44, 0x5a, 0xf5, 0xa, 0xd0,
    0x0, 0xd, 0xa0, 0xad, 0x0, 0x0, 0xdb, 0xa,
    0xd0, 0x1, 0x7f, 0x40, 0xaf, 0xff, 0xff, 0x80,
    0xa, 0xd3, 0x34, 0x8f, 0x60, 0xad, 0x0, 0x0,
    0xae, 0xa, 0xd0, 0x0, 0x7, 0xf0, 0xad, 0x0,
    0x0, 0xbe, 0xa, 0xe4, 0x45, 0x9f, 0x60, 0xaf,
    0xff, 0xfd, 0x60, 0x0,

    /* U+1E03 "ḃ" */
    0x0, 0x7, 0x60, 0x0, 0x0, 0xb, 0x90, 0x0,
    0x0, 0x0, 0x0, 0x0, 0xe8, 0x0, 0x0, 0x0,
    0xe8, 0x0, 0x0, 0x0, 0xe8, 0x0, 0x0, 0x0,
    0xe9, 0xaf, 0xe9, 0x0, 0xef, 0x95, 0x8f, 0x80,
    0xea, 0x0, 0x9, 0xe0, 0xe8, 0x0, 0x4, 0xf2,
    0xe8, 0x0, 0x3, 0xf3, 0xe8, 0x0, 0x4, 0xf2,
    0xea, 0x0, 0x9, 0xe0, 0xef, 0x95, 0x8f, 0x70,
    0xe8, 0xaf, 0xe8, 0x0,

    /* U+1E04 "Ḅ" */
    0xaf, 0xff, 0xfc, 0x50, 0xa, 0xe4, 0x45, 0xaf,
    0x50, 0xad, 0x0, 0x0, 0xda, 0xa, 0xd0, 0x0,
    0xd, 0xb0, 0xad, 0x0, 0x17, 0xf4, 0xa, 0xff,
    0xff, 0xf8, 0x0, 0xad, 0x33, 0x48, 0xf6, 0xa,
    0xd0, 0x0, 0xa, 0xe0, 0xad, 0x0, 0x0, 0x7f,
    0xa, 0xd0, 0x0, 0xb, 0xe0, 0xae, 0x44, 0x59,
    0xf6, 0xa, 0xff, 0xff, 0xd6, 0x0, 0x0, 0x0,
    0x0, 0x0, 0x0, 0x0, 0xd6, 0x0, 0x0, 0x0,
    0x9, 0x40, 0x0, 0x0,

    /* U+1E05 "ḅ" */
    0xe8, 0x0, 0x0, 0x0, 0xe8, 0x0, 0x0, 0x0,
    0xe8, 0x0, 0x0, 0x0, 0xe9, 0xaf, 0xe9, 0x0,
    0xef, 0x95, 0x8f, 0x80, 0xea, 0x0, 0x9, 0xe0,
    0xe8, 0x0, 0x4, 0xf2, 0xe8, 0x0, 0x3, 0xf3,
    0xe8, 0x0, 0x4, 0xf2, 0xea, 0x0, 0x9, 0xe0,
    0xef, 0x95, 0x8f, 0x70, 0xe8, 0xaf, 0xe8, 0x0,
    0x0, 0x0, 0x0, 0x0, 0x0, 0x1e, 0x40, 0x0,
    0x0, 0xa, 0x20, 0x0,

    /* U+1E06 "Ḇ" */
    0xaf, 0xff, 0xfc, 0x50, 0xa, 0xe4, 0x45, 0xaf,
    0x50, 0xad, 0x0, 0x0, 0xda, 0xa, 0xd0, 0x0,
    0xd, 0xb0, 0xad, 0x0, 0x17, 0xf4, 0xa, 0xff,
    0xff, 0xf8, 0x0, 0xad, 0x33, 0x48, 0xf6, 0xa,
    0xd0, 0x0, 0xa, 0xe0, 0xad, 0x0, 0x0, 0x7f,
    0xa, 0xd0, 0x0, 0xb, 0xe0, 0xae, 0x44, 0x59,
    0xf6, 0xa, 0xff, 0xff, 0xd6, 0x0, 0x0, 0x0,
    0x0, 0x0, 0x0, 0xff, 0xff, 0xf9, 0x0, 0x2,
    0x22, 0x22, 0x10, 0x0,

    /* U+1E07 "ḇ" */
    0xe8, 0x0, 0x0, 0x0, 0xe8, 0x0, 0x0, 0x0,
    0xe8, 0x0, 0x0, 0x0, 0xe9, 0xaf, 0xe9, 0x0,
    0xef, 0x95, 0x8f, 0x80, 0xea, 0x0, 0x9, 0xe0,
    0xe8, 0x0, 0x4, 0xf2, 0xe8, 0x0, 0x3, 0xf3,
    0xe8, 0x0, 0x4, 0xf2, 0xea, 0x0, 0x9, 0xe0,
    0xef, 0x95, 0x8f, 0x70, 0xe8, 0xaf, 0xe8, 0x0,
    0x0, 0x0, 0x0, 0x0, 0x1f, 0xff, 0xff, 0x70,
    0x2, 0x22, 0x22, 0x10,

    /* U+1E08 "Ḉ" */
    0x0, 0x0, 0x4, 0xf5, 0x0, 0x0, 0x0, 0xd,
    0x80, 0x0, 0x0, 0x0, 0x26, 0x0, 0x0, 0x0,
    0x0, 0x0, 0x0, 0x0, 0x0, 0x8, 0xdf, 0xe8,
    0x0, 0x0, 0xce, 0x75, 0x7f, 0xb0, 0x6, 0xf3,
    0x0, 0x4, 0xf5, 0xc, 0xb0, 0x0, 0x0, 0xd8,
    0xf, 0x80, 0x0, 0x0, 0x0, 0xf, 0x70, 0x0,
    0x0, 0x0, 0xf, 0x70, 0x0, 0x0, 0x0, 0xf,
    0x80, 0x0, 0x0, 0x0, 0xd, 0xb0, 0x0, 0x0,
    0xc7, 0x7, 0xf3, 0x0, 0x4, 0xf5, 0x0, 0xce,
    0x74, 0x7e, 0xb0, 0x0, 0x9, 0xef, 0xd7, 0x0,
    0x0, 0x0, 0x4e, 0x60, 0x0, 0x0, 0x0, 0x4,
    0xe0, 0x0, 0x0, 0x0, 0x5d, 0x60, 0x0,

    /* U+1E09 "ḉ" */
    0x0, 0x0, 0x8e, 0x30, 0x0, 0x4, 0xe2, 0x0,
    0x0, 0x0, 0x0, 0x0, 0x0, 0x6d, 0xfd, 0x50,
    0x7, 0xf8, 0x49, 0xf4, 0xe, 0x90, 0x0, 0xbb,
    0x3f, 0x40, 0x0, 0x12, 0x4f, 0x20, 0x0, 0x0,
    0x3f, 0x40, 0x0, 0x0, 0xf, 0x80, 0x0, 0x9a,
    0x7, 0xf7, 0x48, 0xf5, 0x0, 0x7e, 0xfd, 0x50,
    0x0, 0x6, 0xd4, 0x0, 0x0, 0x0, 0x6c, 0x0,
    0x0, 0x7, 0xd4, 0x0,

    /* U+1E0A "Ḋ" */
    0x0, 0x9, 0x40, 0x0, 0x0, 0x0, 0xd6, 0x0,
    0x0, 0x0, 0x0, 0x0, 0x0, 0xa, 0xff, 0xfe,
    0x91, 0x0, 0xae, 0x44, 0x6d, 0xe2, 0xa, 0xd0,
    0x0, 0xd, 0xc0, 0xad, 0x0, 0x0, 0x5f, 0x3a,
    0xd0, 0x0, 0x1, 0xf6, 0xad, 0x0, 0x0, 0xf,
    0x8a, 0xd0, 0x0, 0x0, 0xf8, 0xad, 0x0, 0x0,
    0x1f, 0x6a, 0xd0, 0x0, 0x5, 0xf3, 0xad, 0x0,
    0x0, 0xdc, 0xa, 0xd4, 0x46, 0xde, 0x20, 0xaf,
    0xff, 0xe9, 0x10, 0x0,

    /* U+1E0B "ḋ" */
    0x0, 0x3, 0x90, 0x0, 0x0, 0x6, 0xe0, 0x0,
    0x0, 0x0, 0x0, 0x0, 0x0, 0x0, 0x0, 0x9e,
    0x0, 0x0, 0x0, 0x9e, 0x0, 0x0, 0x0, 0x9e,
    0x0, 0x8e, 0xfa, 0xae, 0x7, 0xf9, 0x59, 0xfe,
    0xe, 0xa0, 0x0, 0xae, 0x2f, 0x40, 0x0, 0x9e,
    0x3f, 0x30, 0x0, 0x9e, 0x2f, 0x40, 0x0, 0x9e,
    0xe, 0x80, 0x0, 0x9e, 0x7, 0xf6, 0x26, 0xfe,
    0x0, 0x8e, 0xea, 0x9e,

    /* U+1E0C "Ḍ" */
    0xaf, 0xff, 0xe9, 0x10, 0xa, 0xe4, 0x46, 0xde,
    0x20, 0xad, 0x0, 0x0, 0xdc, 0xa, 0xd0, 0x0,
    0x5, 0xf3, 0xad, 0x0, 0x0, 0x1f, 0x6a, 0xd0,
    0x0, 0x0, 0xf8, 0xad, 0x0, 0x0, 0xf, 0x8a,
    0xd0, 0x0, 0x1, 0xf6, 0xad, 0x0, 0x0, 0x5f,
    0x3a, 0xd0, 0x0, 0xd, 0xc0, 0xad, 0x44, 0x6d,
    0xe2, 0xa, 0xff, 0xfe, 0x91, 0x0, 0x0, 0x0,
    0x0, 0x0, 0x0, 0x0, 0xd6, 0x0, 0x0, 0x0,
    0x9, 0x40, 0x0, 0x0,

    /* U+1E0D "ḍ" */
    0x0, 0x0, 0x0, 0x9e, 0x0, 0x0, 0x0, 0x9e,
    0x0, 0x0, 0x0, 0x9e, 0x0, 0x8e, 0xfa, 0xae,
    0x7, 0xf9, 0x59, 0xfe, 0xe, 0xa0, 0x0, 0xae,
    0x2f, 0x40, 0x0, 0x9e, 0x3f, 0x30, 0x0, 0x9e,
    0x2f, 0x40, 0x0, 0x9e, 0xe, 0x80, 0x0, 0x9e,
    0x7, 0xf6, 0x26, 0xfe, 0x0, 0x8e, 0xea, 0x9e,
    0x0, 0x0, 0x0, 0x0, 0x0, 0x0, 0xe7, 0x0,
    0x0, 0x0, 0x94, 0x0,

    /* U+1E0E "Ḏ" */
    0xaf, 0xff, 0xe9, 0x10, 0xa, 0xe4, 0x46, 0xde,
    0x20, 0xad, 0x0, 0x0, 0xdc, 0xa, 0xd0, 0x0,
    0x5, 0xf3, 0xad, 0x0, 0x0, 0x1f, 0x6a, 0xd0,
    0x0, 0x0, 0xf8, 0xad, 0x0, 0x0, 0xf, 0x8a,
    0xd0, 0x0, 0x1, 0xf6, 0xad, 0x0, 0x0, 0x5f,
    0x3a, 0xd0, 0x0, 0xd, 0xc0, 0xad, 0x44, 0x6d,
    0xe2, 0xa, 0xff, 0xfe, 0x91, 0x0, 0x0, 0x0,
    0x0, 0x0, 0x0, 0xff, 0xff, 0xf9, 0x0, 0x2,
    0x22, 0x22, 0x10, 0x0,

    /* U+1E0F "ḏ" */
    0x0, 0x0, 0x0, 0x9e, 0x0, 0x0, 0x0, 0x9e,
    0x0, 0x0, 0x0, 0x9e, 0x0, 0x8e, 0xfa, 0xae,
    0x7, 0xf9, 0x59, 0xfe, 0xe, 0xa0, 0x0, 0xae,
    0x2f, 0x40, 0x0, 0x9e, 0x3f, 0x30, 0x0, 0x9e,
    0x2f, 0x40, 0x0, 0x9e, 0xe, 0x80, 0x0, 0x9e,
    0x7, 0xf6, 0x26, 0xfe, 0x0, 0x8e, 0xea, 0x9e,
    0x0, 0x0, 0x0, 0x0, 0x0, 0xff, 0xff, 0xf9,
    0x0, 0x22, 0x22, 0x21,

    /* U+1E10 "Ḑ" */
    0xaf, 0xff, 0xe9, 0x10, 0xa, 0xe4, 0x46, 0xde,
    0x20, 0xad, 0x0, 0x0, 0xdc, 0xa, 0xd0, 0x0,
    0x5, 0xf3, 0xad, 0x0, 0x0, 0x1f, 0x6a, 0xd0,
    0x0, 0x0, 0xf8, 0xad, 0x0, 0x0, 0xf, 0x8a,
    0xd0, 0x0, 0x1, 0xf6, 0xad, 0x0, 0x0, 0x5f,
    0x3a, 0xd0, 0x0, 0xd, 0xc0, 0xad, 0x44, 0x6d,
    0xe2, 0xa, 0xff, 0xfe, 0x91, 0x0, 0x0, 0x0,
    0x0, 0x0, 0x0, 0x0, 0xe7, 0x0, 0x0, 0x0,
    0xf, 0x50, 0x0, 0x0, 0x4, 0xe0, 0x0, 0x0,
    0x0, 0x1, 0x0, 0x0, 0x0,

    /* U+1E11 "ḑ" */
    0x0, 0x0, 0x0, 0x9e, 0x0, 0x0, 0x0, 0x9e,
    0x0, 0x0, 0x0, 0x9e, 0x0, 0x8e, 0xfa, 0xae,
    0x7, 0xf9, 0x59, 0xfe, 0xe, 0xa0, 0x0, 0xae,
    0x2f, 0x40, 0x0, 0x9e, 0x3f, 0x30, 0x0, 0x9e,
    0x2f, 0x40, 0x0, 0x9e, 0xe, 0x80, 0x0, 0x9e,
    0x7, 0xf6, 0x26, 0xfe, 0x0, 0x8e, 0xea, 0x9e,
    0x0, 0x0, 0x0, 0x0, 0x0, 0x0, 0xe7, 0x0,
    0x0, 0x0, 0xf5, 0x0, 0x0, 0x4, 0xe0, 0x0,
    0x0, 0x0, 0x10, 0x0,

    /* U+1E12 "Ḓ" */
    0xaf, 0xff, 0xe9, 0x10, 0xa, 0xe4, 0x46, 0xde,
    0x20, 0xad, 0x0, 0x0, 0xdc, 0xa, 0xd0, 0x0,
    0x5, 0xf3, 0xad, 0x0, 0x0, 0x1f, 0x6a, 0xd0,
    0x0, 0x0, 0xf8, 0xad, 0x0, 0x0, 0xf, 0x8a,
    0xd0, 0x0, 0x1, 0xf6, 0xad, 0x0, 0x0, 0x5f,
    0x3a, 0xd0, 0x0, 0xd, 0xc0, 0xad, 0x44, 0x6d,
    0xe2, 0xa, 0xff, 0xfe, 0x91, 0x0, 0x0, 0x1,
    0x0, 0x0, 0x0, 0x4, 0xec, 0x0, 0x0, 0x3,
    0xe2, 0x8a, 0x0, 0x0,

    /* U+1E13 "ḓ" */
    0x0, 0x0, 0x0, 0x9e, 0x0, 0x0, 0x0, 0x9e,
    0x0, 0x0, 0x0, 0x9e, 0x0, 0x8e, 0xfa, 0xae,
    0x7, 0xf9, 0x59, 0xfe, 0xe, 0xa0, 0x0, 0xae,
    0x2f, 0x40, 0x0, 0x9e, 0x3f, 0x30, 0x0, 0x9e,
    0x2f, 0x40, 0x0, 0x9e, 0xe, 0x80, 0x0, 0x9e,
    0x7, 0xf6, 0x26, 0xfe, 0x0, 0x8e, 0xea, 0x9e,
    0x0, 0x0, 0x10, 0x0, 0x0, 0x3, 0xec, 0x0,
    0x0, 0x3e, 0x28, 0xb0,

    /* U+1E14 "Ḕ" */
    0x0, 0x72, 0x0, 0x0, 0x0, 0x5c, 0x0, 0x0,
    0x0, 0x5, 0x10, 0x0, 0xc, 0xff, 0xff, 0x70,
    0x2, 0x22, 0x22, 0x10, 0xaf, 0xff, 0xff, 0xf7,
    0xae, 0x44, 0x44, 0x42, 0xad, 0x0, 0x0, 0x0,
    0xad, 0x0, 0x0, 0x0, 0xad, 0x0, 0x0, 0x0,
    0xaf, 0xff, 0xff, 0xc0, 0xad, 0x33, 0x33, 0x20,
    0xad, 0x0, 0x0, 0x0, 0xad, 0x0, 0x0, 0x0,
    0xad, 0x0, 0x0, 0x0, 0xae, 0x44, 0x44, 0x42,
    0xaf, 0xff, 0xff, 0xf8,

    /* U+1E15 "ḕ" */
    0x0, 0x9f, 0x10, 0x0, 0x0, 0xc, 0xa0, 0x0,
    0x0, 0x1, 0x70, 0x0, 0x2, 0xff, 0xff, 0xf1,
    0x0, 0x22, 0x22, 0x20, 0x0, 0x0, 0x0, 0x0,
    0x0, 0x5d, 0xfd, 0x40, 0x5, 0xf8, 0x4a, 0xf2,
    0xe, 0xa0, 0x0, 0xd9, 0x2f, 0x50, 0x0, 0x9d,
    0x4f, 0xff, 0xff, 0xfe, 0x3f, 0x63, 0x33, 0x33,
    0xf, 0x80, 0x0, 0x10, 0x6, 0xf8, 0x45, 0xd8,
    0x0, 0x6d, 0xfe, 0x80,

    /* U+1E16 "Ḗ" */
    0x0, 0x0, 0x73, 0x0, 0x0, 0x4, 0xd0, 0x0,
    0x0, 0x5, 0x20, 0x0, 0xc, 0xff, 0xff, 0x70,
    0x2, 0x22, 0x22, 0x10, 0xaf, 0xff, 0xff, 0xf7,
    0xae, 0x44, 0x44, 0x42, 0xad, 0x0, 0x0, 0x0,
    0xad, 0x0, 0x0, 0x0, 0xad, 0x0, 0x0, 0x0,
    0xaf, 0xff, 0xff, 0xc0, 0xad, 0x33, 0x33, 0x20,
    0xad, 0x0, 0x0, 0x0, 0xad, 0x0, 0x0, 0x0,
    0xad, 0x0, 0x0, 0x0, 0xae, 0x44, 0x44, 0x42,
    0xaf, 0xff, 0xff, 0xf8,

    /* U+1E17 "ḗ" */
    0x0, 0x0, 0x2f, 0x70, 0x0, 0x0, 0xc9, 0x0,
    0x0, 0x1, 0x70, 0x0, 0x2, 0xff, 0xff, 0xf1,
    0x0, 0x22, 0x22, 0x20, 0x0, 0x0, 0x0, 0x0,
    0x0, 0x5d, 0xfd, 0x40, 0x5, 0xf8, 0x4a, 0xf2,
    0xe, 0xa0, 0x0, 0xd9, 0x2f, 0x50, 0x0, 0x9d,
    0x4f, 0xff, 0xff, 0xfe, 0x3f, 0x63, 0x33, 0x33,
    0xf, 0x80, 0x0, 0x10, 0x6, 0xf8, 0x45, 0xd8,
    0x0, 0x6d, 0xfe, 0x80,

    /* U+1E18 "Ḙ" */
    0xaf, 0xff, 0xff, 0xf7, 0xae, 0x44, 0x44, 0x42,
    0xad, 0x0, 0x0, 0x0, 0xad, 0x0, 0x0, 0x0,
    0xad, 0x0, 0x0, 0x0, 0xaf, 0xff, 0xff, 0xc0,
    0xad, 0x33, 0x33, 0x20, 0xad, 0x0, 0x0, 0x0,
    0xad, 0x0, 0x0, 0x0, 0xad, 0x0, 0x0, 0x0,
    0xae, 0x44, 0x44, 0x42, 0xaf, 0xff, 0xff, 0xf8,
    0x0, 0x1, 0x0, 0x0, 0x0, 0x4e, 0xc0, 0x0,
    0x3, 0xe2, 0x7b, 0x0,

    /* U+1E19 "ḙ" */
    0x0, 0x5d, 0xfd, 0x40, 0x5, 0xf8, 0x4a, 0xf2,
    0xe, 0xa0, 0x0, 0xd9, 0x2f, 0x50, 0x0, 0x9d,
    0x4f, 0xff, 0xff, 0xfe, 0x3f, 0x63, 0x33, 0x33,
    0xf, 0x80, 0x0, 0x10, 0x6, 0xf8, 0x45, 0xd8,
    0x0, 0x6d, 0xfe, 0x80, 0x0, 0x0, 0x30, 0x0,
    0x0, 0xa, 0xe7, 0x0, 0x0, 0x9b, 0x1c, 0x50,

    /* U+1E1A "Ḛ" */
    0xaf, 0xff, 0xff, 0xf7, 0xae, 0x44, 0x44, 0x42,
    0xad, 0x0, 0x0, 0x0, 0xad, 0x0, 0x0, 0x0,
    0xad, 0x0, 0x0, 0x0, 0xaf, 0xff, 0xff, 0xc0,
    0xad, 0x33, 0x33, 0x20, 0xad, 0x0, 0x0, 0x0,
    0xad, 0x0, 0x0, 0x0, 0xad, 0x0, 0x0, 0x0,
    0xae, 0x44, 0x44, 0x42, 0xaf, 0xff, 0xff, 0xf8,
    0x0, 0x0, 0x0, 0x0, 0x5, 0xea, 0x1a, 0x70,
    0xe, 0x58, 0xfe, 0x10, 0x2, 0x0, 0x10, 0x0,

    /* U+1E1B "ḛ" */
    0x0, 0x5d, 0xfd, 0x40, 0x5, 0xf8, 0x4a, 0xf2,
    0xe, 0xa0, 0x0, 0xd9, 0x2f, 0x50, 0x0, 0x9d,
    0x4f, 0xff, 0xff, 0xfe, 0x3f, 0x63, 0x33, 0x33,
    0xf, 0x80, 0x0, 0x10, 0x6, 0xf8, 0x45, 0xd8,
    0x0, 0x6d, 0xfe, 0x80, 0x0, 0x0, 0x0, 0x10,
    0x0, 0xbe, 0x51, 0xf0, 0x4, 0xd3, 0xcf, 0x90,
    0x1, 0x10, 0x1, 0x0,

    /* U+1E1C "Ḝ" */
    0x3, 0x50, 0x7, 0x10, 0x4, 0xe1, 0x4f, 0x0,
    0x0, 0x8e, 0xd4, 0x0, 0x0, 0x0, 0x0, 0x0,
    0xaf, 0xff, 0xff, 0xf7, 0xae, 0x44, 0x44, 0x42,
    0xad, 0x0, 0x0, 0x0, 0xad, 0x0, 0x0, 0x0,
    0xad, 0x0, 0x0, 0x0, 0xaf, 0xff, 0xff, 0xc0,
    0xad, 0x33, 0x33, 0x20, 0xad, 0x0, 0x0, 0x0,
    0xad, 0x0, 0x0, 0x0, 0xad, 0x0, 0x0, 0x0,
    0xae, 0x44, 0x44, 0x42, 0xaf, 0xff, 0xff, 0xf8,
    0x0, 0xb, 0xb1, 0x0, 0x0, 0x0, 0xc7, 0x0,
    0x0, 0xc, 0xb1, 0x0,

    /* U+1E1D "ḝ" */
    0x0, 0x8e, 0xfd, 0x60, 0x0, 0x0, 0x0, 0x0,
    0x0, 0x0, 0x0, 0x0, 0x0, 0x5d, 0xfd, 0x50,
    0x5, 0xf7, 0x48, 0xf4, 0xe, 0x60, 0x0, 0xab,
    0x2f, 0xff, 0xff, 0xfd, 0x4f, 0x63, 0x33, 0x33,
    0x3f, 0x50, 0x0, 0x0, 0xf, 0xc0, 0x0, 0x42,
    0x6, 0xfa, 0x46, 0xf8, 0x0, 0x6d, 0xfe, 0x70,
    0x0, 0x2, 0xe8, 0x0, 0x0, 0x0, 0x2f, 0x0,
    0x0, 0x4, 0xe7, 0x0,

    /* U+1E1E "Ḟ" */
    0x0, 0x9, 0x50, 0x0, 0x0, 0xd, 0x80, 0x0,
    0x0, 0x0, 0x0, 0x0, 0xaf, 0xff, 0xff, 0xf6,
    0xae, 0x44, 0x44, 0x41, 0xad, 0x0, 0x0, 0x0,
    0xad, 0x0, 0x0, 0x0, 0xad, 0x0, 0x0, 0x0,
    0xad, 0x0, 0x0, 0x0, 0xaf, 0xff, 0xff, 0x90,
    0xad, 0x33, 0x33, 0x20, 0xad, 0x0, 0x0, 0x0,
    0xad, 0x0, 0x0, 0x0, 0xad, 0x0, 0x0, 0x0,
    0xad, 0x0, 0x0, 0x0,

    /* U+1E1F "ḟ" */
    0x0, 0x7, 0x50, 0x0, 0xb, 0x90, 0x0, 0x0,
    0x0, 0x0, 0x3d, 0xf8, 0x0, 0xdd, 0x42, 0x1,
    0xf5, 0x0, 0x2, 0xf4, 0x0, 0x8f, 0xff, 0xf1,
    0x15, 0xf6, 0x20, 0x3, 0xf4, 0x0, 0x3, 0xf4,
    0x0, 0x3, 0xf4, 0x0, 0x3, 0xf4, 0x0, 0x3,
    0xf4, 0x0, 0x3, 0xf4, 0x0, 0x3, 0xf4, 0x0,

    /* U+1E20 "Ḡ" */
    0x0, 0x5f, 0xff, 0xfe, 0x0, 0x0, 0x2, 0x22,
    0x22, 0x0, 0x0, 0x0, 0x0, 0x0, 0x0, 0x0,
    0x8, 0xef, 0xd9, 0x10, 0x0, 0xce, 0x74, 0x7e,
    0xc0, 0x7, 0xf3, 0x0, 0x3, 0xf6, 0xc, 0xc0,
    0x0, 0x0, 0x75, 0xf, 0x90, 0x0, 0x0, 0x0,
    0xf, 0x70, 0x0, 0x0, 0x0, 0xf, 0x70, 0x6,
    0xff, 0xfb, 0xf, 0x90, 0x1, 0x33, 0xdb, 0xb,
    0xd0, 0x0, 0x0, 0xcb, 0x5, 0xf5, 0x0, 0x0,
    0xcb, 0x0, 0xaf, 0x84, 0x6a, 0xf7, 0x0, 0x6,
    0xdf, 0xec, 0x50,

    /* U+1E21 "ḡ" */
    0x3, 0xff, 0xff, 0xf0, 0x0, 0x22, 0x22, 0x20,
    0x0, 0x0, 0x0, 0x0, 0x0, 0x8e, 0xfa, 0x8e,
    0x7, 0xf9, 0x59, 0xfe, 0xe, 0xa0, 0x0, 0xae,
    0x2f, 0x50, 0x0, 0x9e, 0x3f, 0x30, 0x0, 0x9e,
    0x1f, 0x40, 0x0, 0x9e, 0xe, 0x90, 0x0, 0xae,
    0x7, 0xf9, 0x59, 0xfe, 0x0, 0x8e, 0xfa, 0xad,
    0x0, 0x0, 0x0, 0xcb, 0x9, 0xc5, 0x49, 0xf4,
    0x0, 0x9e, 0xfc, 0x40,

    /* U+1E22 "Ḣ" */
    0x0, 0x1, 0xa2, 0x0, 0x0, 0x0, 0x2, 0xe4,
    0x0, 0x0, 0x0, 0x0, 0x0, 0x0, 0x0, 0xad,
    0x0, 0x0, 0x7, 0xf1, 0xad, 0x0, 0x0, 0x7,
    0xf1, 0xad, 0x0, 0x0, 0x7, 0xf1, 0xad, 0x0,
    0x0, 0x7, 0xf1, 0xad, 0x0, 0x0, 0x7, 0xf1,
    0xaf, 0xff, 0xff, 0xff, 0xf1, 0xad, 0x33, 0x33,
    0x39, 0xf1, 0xad, 0x0, 0x0, 0x7, 0xf1, 0xad,
    0x0, 0x0, 0x7, 0xf1, 0xad, 0x0, 0x0, 0x7,
    0xf1, 0xad, 0x0, 0x0, 0x7, 0xf1, 0xad, 0x0,
    0x0, 0x7, 0xf1,

    /* U+1E23 "ḣ" */
    0x0, 0x75, 0x0, 0x0, 0xb, 0x90, 0x0, 0x0,
    0x0, 0x0, 0xe, 0x80, 0x0, 0x0, 0xe8, 0x0,
    0x0, 0xe, 0x80, 0x0, 0x0, 0xe9, 0x9e, 0xe9,
    0xe, 0xfa, 0x58, 0xf6, 0xeb, 0x0, 0xc, 0xae,
    0x80, 0x0, 0xbb, 0xe8, 0x0, 0xb, 0xce, 0x80,
    0x0, 0xbc, 0xe8, 0x0, 0xb, 0xce, 0x80, 0x0,
    0xbc, 0xe8, 0x0, 0xb, 0xc0,

    /* U+1E24 "Ḥ" */
    0xad, 0x0, 0x0, 0x7, 0xf1, 0xad, 0x0, 0x0,
    0x7, 0xf1, 0xad, 0x0, 0x0, 0x7, 0xf1, 0xad,
    0x0, 0x0, 0x7, 0xf1, 0xad, 0x0, 0x0, 0x7,
    0xf1, 0xaf, 0xff, 0xff, 0xff, 0xf1, 0xad, 0x33,
    0x33, 0x39, 0xf1, 0xad, 0x0, 0x0, 0x7, 0xf1,
    0xad, 0x0, 0x0, 0x7, 0xf1, 0xad, 0x0, 0x0,
    0x7, 0xf1, 0xad, 0x0, 0x0, 0x7, 0xf1, 0xad,
    0x0, 0x0, 0x7, 0xf1, 0x0, 0x0, 0x0, 0x0,
    0x0, 0x0, 0x2, 0xe3, 0x0, 0x0, 0x0, 0x1,
    0xa2, 0x0, 0x0,

    /* U+1E25 "ḥ" */
    0xe8, 0x0, 0x0, 0xe, 0x80, 0x0, 0x0, 0xe8,
    0x0, 0x0, 0xe, 0x99, 0xee, 0x90, 0xef, 0xa5,
    0x8f, 0x6e, 0xb0, 0x0, 0xca, 0xe8, 0x0, 0xb,
    0xbe, 0x80, 0x0, 0xbc, 0xe8, 0x0, 0xb, 0xce,
    0x80, 0x0, 0xbc, 0xe8, 0x0, 0xb, 0xce, 0x80,
    0x0, 0xbc, 0x0, 0x0, 0x0, 0x0, 0x2, 0xe3,
    0x0, 0x0, 0x1a, 0x20, 0x0,

    /* U+1E26 "Ḧ" */
    0x0, 0x75, 0x4, 0x90, 0x0, 0x0, 0xc9, 0x6,
    0xe0, 0x0, 0x0, 0x0, 0x0, 0x0, 0x0, 0xad,
    0x0, 0x0, 0x7, 0xf1, 0xad, 0x0, 0x0, 0x7,
    0xf1, 0xad, 0x0, 0x0, 0x7, 0xf1, 0xad, 0x0,
    0x0, 0x7, 0xf1, 0xad, 0x0, 0x0, 0x7, 0xf1,
    0xaf, 0xff, 0xff, 0xff, 0xf1, 0xad, 0x33, 0x33,
    0x39, 0xf1, 0xad, 0x0, 0x0, 0x7, 0xf1, 0xad,
    0x0, 0x0, 0x7, 0xf1, 0xad, 0x0, 0x0, 0x7,
    0xf1, 0xad, 0x0, 0x0, 0x7, 0xf1, 0xad, 0x0,
    0x0, 0x7, 0xf1,

    /* U+1E27 "ḧ" */
    0x49, 0x0, 0x92, 0x6, 0xd0, 0x1e, 0x40, 0x0,
    0x0, 0x0, 0xe, 0x80, 0x0, 0x0, 0xe8, 0x0,
    0x0, 0xe, 0x80, 0x0, 0x0, 0xe9, 0x9e, 0xe9,
    0xe, 0xfa, 0x58, 0xf6, 0xeb, 0x0, 0xc, 0xae,
    0x80, 0x0, 0xbb, 0xe8, 0x0, 0xb, 0xce, 0x80,
    0x0, 0xbc, 0xe8, 0x0, 0xb, 0xce, 0x80, 0x0,
    0xbc, 0xe8, 0x0, 0xb, 0xc0,

    /* U+1E28 "Ḩ" */
    0xad, 0x0, 0x0, 0x7, 0xf1, 0xad, 0x0, 0x0,
    0x7, 0xf1, 0xad, 0x0, 0x0, 0x7, 0xf1, 0xad,
    0x0, 0x0, 0x7, 0xf1, 0xad, 0x0, 0x0, 0x7,
    0xf1, 0xaf, 0xff, 0xff, 0xff, 0xf1, 0xad, 0x33,
    0x33, 0x39, 0xf1, 0xad, 0x0, 0x0, 0x7, 0xf1,
    0xad, 0x0, 0x0, 0x7, 0xf1, 0xad, 0x0, 0x0,
    0x7, 0xf1, 0xad, 0x0, 0x0, 0x7, 0xf1, 0xad,
    0x0, 0x0, 0x7, 0xf1, 0x8d, 0x20, 0x0, 0x0,
    0x0, 0x8, 0xa0, 0x0, 0x0, 0x0, 0x9d, 0x30,
    0x0, 0x0, 0x0,

    /* U+1E29 "ḩ" */
    0xe8, 0x0, 0x0, 0xe, 0x80, 0x0, 0x0, 0xe8,
    0x0, 0x0, 0xe, 0x99, 0xee, 0x90, 0xef, 0xa5,
    0x8f, 0x6e, 0xb0, 0x0, 0xca, 0xe8, 0x0, 0xb,
    0xbe, 0x80, 0x0, 0xbc, 0xe8, 0x0, 0xb, 0xce,
    0x80, 0x0, 0xbc, 0xe8, 0x0, 0xb, 0xce, 0x80,
    0x0, 0xbc, 0xca, 0x10, 0x0, 0x0, 0xd6, 0x0,
    0x0, 0xdb, 0x10, 0x0, 0x0,

    /* U+1E2A "Ḫ" */
    0xad, 0x0, 0x0, 0x7, 0xf1, 0xad, 0x0, 0x0,
    0x7, 0xf1, 0xad, 0x0, 0x0, 0x7, 0xf1, 0xad,
    0x0, 0x0, 0x7, 0xf1, 0xad, 0x0, 0x0, 0x7,
    0xf1, 0xaf, 0xff, 0xff, 0xff, 0xf1, 0xad, 0x33,
    0x33, 0x39, 0xf1, 0xad, 0x0, 0x0, 0x7, 0xf1,
    0xad, 0x0, 0x0, 0x7, 0xf1, 0xad, 0x0, 0x0,
    0x7, 0xf1, 0xad, 0x0, 0x0, 0x7, 0xf1, 0xad,
    0x0, 0x0, 0x7, 0xf1, 0x0, 0x31, 0x1, 0x30,
    0x0, 0x0, 0x9a, 0x8, 0xc0, 0x0, 0x0, 0x1b,
    0xfc, 0x20, 0x0,

    /* U+1E2B "ḫ" */
    0xe8, 0x0, 0x0, 0xe, 0x80, 0x0, 0x0, 0xe8,
    0x0, 0x0, 0xe, 0x99, 0xee, 0x90, 0xef, 0xa5,
    0x8f, 0x6e, 0xb0, 0x0, 0xca, 0xe8, 0x0, 0xb,
    0xbe, 0x80, 0x0, 0xbc, 0xe8, 0x0, 0xb, 0xce,
    0x80, 0x0, 0xbc, 0xe8, 0x0, 0xb, 0xce, 0x80,
    0x0, 0xbc, 0x3, 0x10, 0x13, 0x0, 0x9a, 0x8,
    0xc0, 0x1, 0xbf, 0xc2, 0x0,

    /* U+1E2C "Ḭ" */
    0x0, 0xda, 0x0, 0x0, 0xda, 0x0, 0x0, 0xda,
    0x0, 0x0, 0xda, 0x0, 0x0, 0xda, 0x0, 0x0,
    0xda, 0x0, 0x0, 0xda, 0x0, 0x0, 0xda, 0x0,
    0x0, 0xda, 0x0, 0x0, 0xda, 0x0, 0x0, 0xda,
    0x0, 0x0, 0xda, 0x0, 0x0, 0x0, 0x0, 0x4e,
    0xb1, 0x98, 0xc6, 0x7f, 0xe2, 0x20, 0x1, 0x0,

    /* U+1E2D "ḭ" */
    0x0, 0xc8, 0x0, 0x0, 0x85, 0x0, 0x0, 0x0,
    0x0, 0x0, 0xd9, 0x0, 0x0, 0xd9, 0x0, 0x0,
    0xd9, 0x0, 0x0, 0xd9, 0x0, 0x0, 0xd9, 0x0,
    0x0, 0xd9, 0x0, 0x0, 0xd9, 0x0, 0x0, 0xd9,
    0x0, 0x0, 0xd9, 0x0, 0x0, 0x0, 0x0, 0x5e,
    0xa1, 0x98, 0xd6, 0x7f, 0xe2, 0x20, 0x1, 0x0,

    /* U+1E2E "Ḯ" */
    0x0, 0x1e, 0x30, 0x66, 0x76, 0x92, 0xaa, 0x1,
    0xe5, 0x0, 0x0, 0x0, 0x0, 0xe9, 0x0, 0x0,
    0xe9, 0x0, 0x0, 0xe9, 0x0, 0x0, 0xe9, 0x0,
    0x0, 0xe9, 0x0, 0x0, 0xe9, 0x0, 0x0, 0xe9,
    0x0, 0x0, 0xe9, 0x0, 0x0, 0xe9, 0x0, 0x0,
    0xe9, 0x0, 0x0, 0xe9, 0x0, 0x0, 0xe9, 0x0,

    /* U+1E2F "ḯ" */
    0x0, 0x1e, 0xa0, 0x0, 0x9c, 0x0, 0x0, 0x71,
    0x0, 0xb9, 0x5, 0xe0, 0x76, 0x3, 0x90, 0x0,
    0x0, 0x0, 0x2, 0xf5, 0x0, 0x2, 0xf5, 0x0,
    0x2, 0xf5, 0x0, 0x2, 0xf5, 0x0, 0x2, 0xf5,
    0x0, 0x2, 0xf5, 0x0, 0x2, 0xf5, 0x0, 0x2,
    0xf5, 0x0, 0x2, 0xf5, 0x0,

    /* U+1E30 "Ḱ" */
    0x0, 0x0, 0xdb, 0x0, 0x0, 0x0, 0x7, 0xd1,
    0x0, 0x0, 0x0, 0x7, 0x20, 0x0, 0x0, 0xad,
    0x0, 0x0, 0x8f, 0x40, 0xad, 0x0, 0x6, 0xf6,
    0x0, 0xad, 0x0, 0x4f, 0x90, 0x0, 0xad, 0x2,
    0xfb, 0x0, 0x0, 0xad, 0x1d, 0xd0, 0x0, 0x0,
    0xad, 0xcf, 0x60, 0x0, 0x0, 0xaf, 0xfc, 0xf2,
    0x0, 0x0, 0xaf, 0x41, 0xec, 0x0, 0x0, 0xad,
    0x0, 0x4f, 0x80, 0x0, 0xad, 0x0, 0x8, 0xf4,
    0x0, 0xad, 0x0, 0x0, 0xce, 0x10, 0xad, 0x0,
    0x0, 0x2f, 0xa0,

    /* U+1E31 "ḱ" */
    0x0, 0x6, 0xf4, 0x0, 0x0, 0x2e, 0x30, 0x0,
    0x0, 0x0, 0x0, 0x0, 0xe8, 0x0, 0x0, 0x0,
    0xe8, 0x0, 0x0, 0x0, 0xe8, 0x0, 0x0, 0x0,
    0xe8, 0x0, 0x7f, 0x40, 0xe8, 0x6, 0xf6, 0x0,
    0xe8, 0x4f, 0x80, 0x0, 0xeb, 0xfb, 0x0, 0x0,
    0xef, 0xfe, 0x0, 0x0, 0xed, 0x3f, 0xa0, 0x0,
    0xe8, 0x6, 0xf5, 0x0, 0xe8, 0x0, 0xae, 0x10,
    0xe8, 0x0, 0x1e, 0xb0,

    /* U+1E32 "Ḳ" */
    0xad, 0x0, 0x0, 0x8f, 0x40, 0xad, 0x0, 0x6,
    0xf6, 0x0, 0xad, 0x0, 0x4f, 0x90, 0x0, 0xad,
    0x2, 0xfb, 0x0, 0x0, 0xad, 0x1d, 0xd0, 0x0,
    0x0, 0xad, 0xcf, 0x60, 0x0, 0x0, 0xaf, 0xfc,
    0xf2, 0x0, 0x0, 0xaf, 0x41, 0xec, 0x0, 0x0,
    0xad, 0x0, 0x4f, 0x80, 0x0, 0xad, 0x0, 0x8,
    0xf4, 0x0, 0xad, 0x0, 0x0, 0xce, 0x10, 0xad,
    0x0, 0x0, 0x2f, 0xa0, 0x0, 0x5, 0x70, 0x0,
    0x0, 0x0, 0x8, 0xc0, 0x0, 0x0,

    /* U+1E33 "ḳ" */
    0xe8, 0x0, 0x0, 0x0, 0xe8, 0x0, 0x0, 0x0,
    0xe8, 0x0, 0x0, 0x0, 0xe8, 0x0, 0x7f, 0x40,
    0xe8, 0x6, 0xf6, 0x0, 0xe8, 0x4f, 0x80, 0x0,
    0xeb, 0xfb, 0x0, 0x0, 0xef, 0xfe, 0x0, 0x0,
    0xed, 0x3f, 0xa0, 0x0, 0xe8, 0x6, 0xf5, 0x0,
    0xe8, 0x0, 0xae, 0x10, 0xe8, 0x0, 0x1e, 0xb0,
    0x0, 0x57, 0x0, 0x0, 0x0, 0x9b, 0x0, 0x0,

    /* U+1E34 "Ḵ" */
    0xad, 0x0, 0x0, 0x8f, 0x40, 0xad, 0x0, 0x6,
    0xf6, 0x0, 0xad, 0x0, 0x4f, 0x90, 0x0, 0xad,
    0x2, 0xfb, 0x0, 0x0, 0xad, 0x1d, 0xd0, 0x0,
    0x0, 0xad, 0xcf, 0x60, 0x0, 0x0, 0xaf, 0xfc,
    0xf2, 0x0, 0x0, 0xaf, 0x41, 0xec, 0x0, 0x0,
    0xad, 0x0, 0x4f, 0x80, 0x0, 0xad, 0x0, 0x8,
    0xf4, 0x0, 0xad, 0x0, 0x0, 0xce, 0x10, 0xad,
    0x0, 0x0, 0x2f, 0xa0, 0x0, 0x0, 0x0, 0x0,
    0x0, 0x9, 0xff, 0xff, 0xf0, 0x0, 0x1, 0x22,
    0x22, 0x20, 0x0,

    /* U+1E35 "ḵ" */
    0xe8, 0x0, 0x0, 0x0, 0xe8, 0x0, 0x0, 0x0,
    0xe8, 0x0, 0x0, 0x0, 0xe8, 0x0, 0x7f, 0x40,
    0xe8, 0x6, 0xf6, 0x0, 0xe8, 0x4f, 0x80, 0x0,
    0xeb, 0xfb, 0x0, 0x0, 0xef, 0xfe, 0x0, 0x0,
    0xed, 0x3f, 0xa0, 0x0, 0xe8, 0x6, 0xf5, 0x0,
    0xe8, 0x0, 0xae, 0x10, 0xe8, 0x0, 0x1e, 0xb0,
    0x0, 0x0, 0x0, 0x0, 0xaf, 0xff, 0xfe, 0x0,
    0x12, 0x22, 0x22, 0x0,

    /* U+1E36 "Ḷ" */
    0xad, 0x0, 0x0, 0x0, 0xad, 0x0, 0x0, 0x0,
    0xad, 0x0, 0x0, 0x0, 0xad, 0x0, 0x0, 0x0,
    0xad, 0x0, 0x0, 0x0, 0xad, 0x0, 0x0, 0x0,
    0xad, 0x0, 0x0, 0x0, 0xad, 0x0, 0x0, 0x0,
    0xad, 0x0, 0x0, 0x0, 0xad, 0x0, 0x0, 0x0,
    0xae, 0x44, 0x44, 0x40, 0xaf, 0xff, 0xff, 0xf3,
    0x0, 0x0, 0x0, 0x0, 0x0, 0xd, 0x70, 0x0,
    0x0, 0x9, 0x40, 0x0,

    /* U+1E37 "ḷ" */
    0xca, 0xca, 0xca, 0xca, 0xca, 0xca, 0xca, 0xca,
    0xca, 0xca, 0xca, 0xca, 0x0, 0xb8, 0x85,

    /* U+1E38 "Ḹ" */
    0x8f, 0xff, 0xfb, 0x0, 0x0, 0x12, 0x22, 0x22,
    0x0, 0x0, 0x0, 0xad, 0x0, 0x0, 0x0, 0x0,
    0xad, 0x0, 0x0, 0x0, 0x0, 0xad, 0x0, 0x0,
    0x0, 0x0, 0xad, 0x0, 0x0, 0x0, 0x0, 0xad,
    0x0, 0x0, 0x0, 0x0, 0xad, 0x0, 0x0, 0x0,
    0x0, 0xad, 0x0, 0x0, 0x0, 0x0, 0xad, 0x0,
    0x0, 0x0, 0x0, 0xad, 0x0, 0x0, 0x0, 0x0,
    0xad, 0x0, 0x0, 0x0, 0x0, 0xae, 0x44, 0x44,
    0x40, 0x0, 0xaf, 0xff, 0xff, 0xf3, 0x0, 0x0,
    0x0, 0x0, 0x0, 0x0, 0x0, 0xd, 0x70, 0x0,
    0x0, 0x0, 0x9, 0x40, 0x0,

    /* U+1E39 "ḹ" */
    0xaf, 0xff, 0xf9, 0x12, 0x22, 0x21, 0x0, 0x0,
    0x0, 0x0, 0xca, 0x0, 0x0, 0xca, 0x0, 0x0,
    0xca, 0x0, 0x0, 0xca, 0x0, 0x0, 0xca, 0x0,
    0x0, 0xca, 0x0, 0x0, 0xca, 0x0, 0x0, 0xca,
    0x0, 0x0, 0xca, 0x0, 0x0, 0xca, 0x0, 0x0,
    0xca, 0x0, 0x0, 0xca, 0x0, 0x0, 0x0, 0x0,
    0x0, 0xb8, 0x0, 0x0, 0x85, 0x0,

    /* U+1E3A "Ḻ" */
    0xad, 0x0, 0x0, 0x0, 0xad, 0x0, 0x0, 0x0,
    0xad, 0x0, 0x0, 0x0, 0xad, 0x0, 0x0, 0x0,
    0xad, 0x0, 0x0, 0x0, 0xad, 0x0, 0x0, 0x0,
    0xad, 0x0, 0x0, 0x0, 0xad, 0x0, 0x0, 0x0,
    0xad, 0x0, 0x0, 0x0, 0xad, 0x0, 0x0, 0x0,
    0xae, 0x44, 0x44, 0x40, 0xaf, 0xff, 0xff, 0xf3,
    0x0, 0x0, 0x0, 0x0, 0xe, 0xff, 0xff, 0xa0,
    0x2, 0x22, 0x22, 0x10,

    /* U+1E3B "ḻ" */
    0x0, 0xca, 0x0, 0x0, 0xca, 0x0, 0x0, 0xca,
    0x0, 0x0, 0xca, 0x0, 0x0, 0xca, 0x0, 0x0,
    0xca, 0x0, 0x0, 0xca, 0x0, 0x0, 0xca, 0x0,
    0x0, 0xca, 0x0, 0x0, 0xca, 0x0, 0x0, 0xca,
    0x0, 0x0, 0xca, 0x0, 0x0, 0x0, 0x0, 0xdf,
    0xff, 0xfb, 0x22, 0x22, 0x22,

    /* U+1E3C "Ḽ" */
    0xad, 0x0, 0x0, 0x0, 0xad, 0x0, 0x0, 0x0,
    0xad, 0x0, 0x0, 0x0, 0xad, 0x0, 0x0, 0x0,
    0xad, 0x0, 0x0, 0x0, 0xad, 0x0, 0x0, 0x0,
    0xad, 0x0, 0x0, 0x0, 0xad, 0x0, 0x0, 0x0,
    0xad, 0x0, 0x0, 0x0, 0xad, 0x0, 0x0, 0x0,
    0xae, 0x44, 0x44, 0x40, 0xaf, 0xff, 0xff, 0xf3,
    0x0, 0x1, 0x0, 0x0, 0x0, 0x4e, 0xc0, 0x0,
    0x3, 0xe2, 0x7b, 0x0,

    /* U+1E3D "ḽ" */
    0x0, 0xca, 0x0, 0x0, 0xca, 0x0, 0x0, 0xca,
    0x0, 0x0, 0xca, 0x0, 0x0, 0xca, 0x0, 0x0,
    0xca, 0x0, 0x0, 0xca, 0x0, 0x0, 0xca, 0x0,
    0x0, 0xca, 0x0, 0x0, 0xca, 0x0, 0x0, 0xca,
    0x0, 0x0, 0xca, 0x0, 0x0, 0x11, 0x0, 0x2,
    0xed, 0x10, 0x2e, 0x45, 0xc0,

    /* U+1E3E "Ḿ" */
    0x0, 0x0, 0x0, 0xae, 0x10, 0x0, 0x0, 0x0,
    0x3, 0xf3, 0x0, 0x0, 0x0, 0x0, 0x5, 0x40,
    0x0, 0x0, 0xaf, 0x70, 0x0, 0x0, 0x7, 0xfa,
    0xaf, 0xd0, 0x0, 0x0, 0xd, 0xfa, 0xae, 0xf3,
    0x0, 0x0, 0x3f, 0xea, 0xab, 0xd9, 0x0, 0x0,
    0xac, 0xca, 0xab, 0x7f, 0x0, 0x0, 0xf6, 0xca,
    0xac, 0x1f, 0x50, 0x6, 0xf1, 0xca, 0xac, 0xb,
    0xb0, 0xc, 0xa0, 0xda, 0xad, 0x5, 0xf1, 0x2f,
    0x40, 0xda, 0xad, 0x0, 0xe7, 0x8e, 0x0, 0xda,
    0xad, 0x0, 0x8d, 0xe8, 0x0, 0xda, 0xad, 0x0,
    0x2f, 0xf2, 0x0, 0xda, 0xad, 0x0, 0xc, 0xb0,
    0x0, 0xda,

    /* U+1E3F "ḿ" */
    0x0, 0x0, 0x0, 0x8e, 0x20, 0x0, 0x0, 0x0,
    0x4, 0xe2, 0x0, 0x0, 0x0, 0x0, 0x0, 0x0,
    0x0, 0x0, 0xe8, 0xaf, 0xf9, 0x8, 0xee, 0xa1,
    0xef, 0x85, 0x9f, 0xdb, 0x57, 0xf9, 0xe9, 0x0,
    0xd, 0xe0, 0x0, 0x9d, 0xe8, 0x0, 0xb, 0xb0,
    0x0, 0x8e, 0xe8, 0x0, 0xb, 0xb0, 0x0, 0x8f,
    0xe8, 0x0, 0xb, 0xb0, 0x0, 0x8f, 0xe8, 0x0,
    0xb, 0xb0, 0x0, 0x8f, 0xe8, 0x0, 0xb, 0xb0,
    0x0, 0x8f, 0xe8, 0x0, 0xb, 0xb0, 0x0, 0x8f,

    /* U+1E40 "Ṁ" */
    0x0, 0x0, 0x7, 0x60, 0x0, 0x0, 0x0, 0x0,
    0xb, 0x90, 0x0, 0x0, 0x0, 0x0, 0x0, 0x0,
    0x0, 0x0, 0xaf, 0x70, 0x0, 0x0, 0x7, 0xfa,
    0xaf, 0xd0, 0x0, 0x0, 0xd, 0xfa, 0xae, 0xf3,
    0x0, 0x0, 0x3f, 0xea, 0xab, 0xd9, 0x0, 0x0,
    0xac, 0xca, 0xab, 0x7f, 0x0, 0x0, 0xf6, 0xca,
    0xac, 0x1f, 0x50, 0x6, 0xf1, 0xca, 0xac, 0xb,
    0xb0, 0xc, 0xa0, 0xda, 0xad, 0x5, 0xf1, 0x2f,
    0x40, 0xda, 0xad, 0x0, 0xe7, 0x8e, 0x0, 0xda,
    0xad, 0x0, 0x8d, 0xe8, 0x0, 0xda, 0xad, 0x0,
    0x2f, 0xf2, 0x0, 0xda, 0xad, 0x0, 0xc, 0xb0,
    0x0, 0xda,

    /* U+1E41 "ṁ" */
    0x0, 0x0, 0x8, 0xc0, 0x0, 0x0, 0x0, 0x0,
    0x5, 0x80, 0x0, 0x0, 0x0, 0x0, 0x0, 0x0,
    0x0, 0x0, 0xe8, 0xaf, 0xf9, 0x8, 0xee, 0xa1,
    0xef, 0x85, 0x9f, 0xdb, 0x57, 0xf9, 0xe9, 0x0,
    0xd, 0xe0, 0x0, 0x9d, 0xe8, 0x0, 0xb, 0xb0,
    0x0, 0x8e, 0xe8, 0x0, 0xb, 0xb0, 0x0, 0x8f,
    0xe8, 0x0, 0xb, 0xb0, 0x0, 0x8f, 0xe8, 0x0,
    0xb, 0xb0, 0x0, 0x8f, 0xe8, 0x0, 0xb, 0xb0,
    0x0, 0x8f, 0xe8, 0x0, 0xb, 0xb0, 0x0, 0x8f,

    /* U+1E42 "Ṃ" */
    0xaf, 0x70, 0x0, 0x0, 0x7, 0xfa, 0xaf, 0xd0,
    0x0, 0x0, 0xd, 0xfa, 0xae, 0xf3, 0x0, 0x0,
    0x3f, 0xea, 0xab, 0xd9, 0x0, 0x0, 0xac, 0xca,
    0xab, 0x7f, 0x0, 0x0, 0xf6, 0xca, 0xac, 0x1f,
    0x50, 0x6, 0xf1, 0xca, 0xac, 0xb, 0xb0, 0xc,
    0xa0, 0xda, 0xad, 0x5, 0xf1, 0x2f, 0x40, 0xda,
    0xad, 0x0, 0xe7, 0x8e, 0x0, 0xda, 0xad, 0x0,
    0x8d, 0xe8, 0x0, 0xda, 0xad, 0x0, 0x2f, 0xf2,
    0x0, 0xda, 0xad, 0x0, 0xc, 0xb0, 0x0, 0xda,
    0x0, 0x0, 0x0, 0x0, 0x0, 0x0, 0x0, 0x0,
    0xb, 0x90, 0x0, 0x0, 0x0, 0x0, 0x7, 0x60,
    0x0, 0x0,

    /* U+1E43 "ṃ" */
    0xe8, 0xaf, 0xf9, 0x8, 0xee, 0xa1, 0xef, 0x85,
    0x9f, 0xdb, 0x57, 0xf9, 0xe9, 0x0, 0xd, 0xe0,
    0x0, 0x9d, 0xe8, 0x0, 0xb, 0xb0, 0x0, 0x8e,
    0xe8, 0x0, 0xb, 0xb0, 0x0, 0x8f, 0xe8, 0x0,
    0xb, 0xb0, 0x0, 0x8f, 0xe8, 0x0, 0xb, 0xb0,
    0x0, 0x8f, 0xe8, 0x0, 0xb, 0xb0, 0x0, 0x8f,
    0xe8, 0x0, 0xb, 0xb0, 0x0, 0x8f, 0x0, 0x0,
    0x0, 0x0, 0x0, 0x0, 0x0, 0x0, 0xa, 0x90,
    0x0, 0x0, 0x0, 0x0, 0x7, 0x60, 0x0, 0x0,

    /* U+1E44 "Ṅ" */
    0x0, 0x0, 0x93, 0x0, 0x0, 0x0, 0x1, 0xe5,
    0x0, 0x0, 0x0, 0x0, 0x0, 0x0, 0x0, 0xaf,
    0x20, 0x0, 0x6, 0xf1, 0xaf, 0xc0, 0x0, 0x6,
    0xf1, 0xaf, 0xf6, 0x0, 0x6, 0xf1, 0xad, 0xbe,
    0x10, 0x6, 0xf1, 0xad, 0x2f, 0x90, 0x6, 0xf1,
    0xad, 0x7, 0xf3, 0x6, 0xf1, 0xad, 0x0, 0xdd,
    0x6, 0xf1, 0xad, 0x0, 0x3f, 0x76, 0xf1, 0xad,
    0x0, 0x9, 0xf8, 0xf1, 0xad, 0x0, 0x1, 0xef,
    0xf1, 0xad, 0x0, 0x0, 0x5f, 0xf1, 0xad, 0x0,
    0x0, 0xb, 0xf1,

    /* U+1E45 "ṅ" */
    0x0, 0x3e, 0x20, 0x0, 0x2, 0xa1, 0x0, 0x0,
    0x0, 0x0, 0xe, 0x89, 0xee, 0x90, 0xef, 0xa5,
    0x8f, 0x6e, 0xb0, 0x0, 0xca, 0xe8, 0x0, 0xb,
    0xbe, 0x80, 0x0, 0xbc, 0xe8, 0x0, 0xb, 0xce,
    0x80, 0x0, 0xbc, 0xe8, 0x0, 0xb, 0xce, 0x80,
    0x0, 0xbc,

    /* U+1E46 "Ṇ" */
    0xaf, 0x20, 0x0, 0x6, 0xf1, 0xaf, 0xc0, 0x0,
    0x6, 0xf1, 0xaf, 0xf6, 0x0, 0x6, 0xf1, 0xad,
    0xbe, 0x10, 0x6, 0xf1, 0xad, 0x2f, 0x90, 0x6,
    0xf1, 0xad, 0x7, 0xf3, 0x6, 0xf1, 0xad, 0x0,
    0xdd, 0x6, 0xf1, 0xad, 0x0, 0x3f, 0x76, 0xf1,
    0xad, 0x0, 0x9, 0xf8, 0xf1, 0xad, 0x0, 0x1,
    0xef, 0xf1, 0xad, 0x0, 0x0, 0x5f, 0xf1, 0xad,
    0x0, 0x0, 0xb, 0xf1, 0x0, 0x0, 0x0, 0x0,
    0x0, 0x0, 0x2, 0xe4, 0x0, 0x0, 0x0, 0x1,
    0xa2, 0x0, 0x0,

    /* U+1E47 "ṇ" */
    0xe8, 0x9e, 0xe9, 0xe, 0xfa, 0x58, 0xf6, 0xeb,
    0x0, 0xc, 0xae, 0x80, 0x0, 0xbb, 0xe8, 0x0,
    0xb, 0xce, 0x80, 0x0, 0xbc, 0xe8, 0x0, 0xb,
    0xce, 0x80, 0x0, 0xbc, 0xe8, 0x0, 0xb, 0xc0,
    0x0, 0x0, 0x0, 0x0, 0x5e, 0x10, 0x0, 0x3,
    0xa0, 0x0,

    /* U+1E48 "Ṉ" */
    0xaf, 0x20, 0x0, 0x6, 0xf1, 0xaf, 0xc0, 0x0,
    0x6, 0xf1, 0xaf, 0xf6, 0x0, 0x6, 0xf1, 0xad,
    0xbe, 0x10, 0x6, 0xf1, 0xad, 0x2f, 0x90, 0x6,
    0xf1, 0xad, 0x7, 0xf3, 0x6, 0xf1, 0xad, 0x0,
    0xdd, 0x6, 0xf1, 0xad, 0x0, 0x3f, 0x76, 0xf1,
    0xad, 0x0, 0x9, 0xf8, 0xf1, 0xad, 0x0, 0x1,
    0xef, 0xf1, 0xad, 0x0, 0x0, 0x5f, 0xf1, 0xad,
    0x0, 0x0, 0xb, 0xf1, 0x0, 0x0, 0x0, 0x0,
    0x0, 0x2, 0xff, 0xff, 0xf6, 0x0, 0x0, 0x22,
    0x22, 0x21, 0x0,

    /* U+1E49 "ṉ" */
    0xe8, 0x9e, 0xe9, 0xe, 0xfa, 0x58, 0xf6, 0xeb,
    0x0, 0xc, 0xae, 0x80, 0x0, 0xbb, 0xe8, 0x0,
    0xb, 0xce, 0x80, 0x0, 0xbc, 0xe8, 0x0, 0xb,
    0xce, 0x80, 0x0, 0xbc, 0xe8, 0x0, 0xb, 0xc0,
    0x0, 0x0, 0x0, 0x6f, 0xff, 0xff, 0x21, 0x22,
    0x22, 0x20,

    /* U+1E4A "Ṋ" */
    0xaf, 0x20, 0x0, 0x6, 0xf1, 0xaf, 0xc0, 0x0,
    0x6, 0xf1, 0xaf, 0xf6, 0x0, 0x6, 0xf1, 0xad,
    0xbe, 0x10, 0x6, 0xf1, 0xad, 0x2f, 0x90, 0x6,
    0xf1, 0xad, 0x7, 0xf3, 0x6, 0xf1, 0xad, 0x0,
    0xdd, 0x6, 0xf1, 0xad, 0x0, 0x3f, 0x76, 0xf1,
    0xad, 0x0, 0x9, 0xf8, 0xf1, 0xad, 0x0, 0x1,
    0xef, 0xf1, 0xad, 0x0, 0x0, 0x5f, 0xf1, 0xad,
    0x0, 0x0, 0xb, 0xf1, 0x0, 0x0, 0x20, 0x0,
    0x0, 0x0, 0x7, 0xea, 0x0, 0x0, 0x0, 0x5d,
    0x1a, 0x80, 0x0,

    /* U+1E4B "ṋ" */
    0xe8, 0x9e, 0xe9, 0xe, 0xfa, 0x58, 0xf6, 0xeb,
    0x0, 0xc, 0xae, 0x80, 0x0, 0xbb, 0xe8, 0x0,
    0xb, 0xce, 0x80, 0x0, 0xbc, 0xe8, 0x0, 0xb,
    0xce, 0x80, 0x0, 0xbc, 0xe8, 0x0, 0xb, 0xc0,
    0x0, 0x20, 0x0, 0x0, 0xae, 0x60, 0x0, 0x9a,
    0x1d, 0x40,

    /* U+1E4C "Ṍ" */
    0x0, 0x0, 0x1, 0x70, 0x0, 0x0, 0x0, 0x0,
    0xb5, 0x0, 0x0, 0x0, 0x2, 0xe7, 0x29, 0x0,
    0x0, 0x0, 0x83, 0x7e, 0x30, 0x0, 0x0, 0x0,
    0x0, 0x0, 0x0, 0x0, 0x0, 0x7d, 0xfd, 0x70,
    0x0, 0x0, 0xbf, 0x85, 0x8f, 0xb0, 0x0, 0x6f,
    0x40, 0x0, 0x4f, 0x60, 0xc, 0xc0, 0x0, 0x0,
    0xcc, 0x0, 0xf8, 0x0, 0x0, 0x8, 0xf0, 0xf,
    0x70, 0x0, 0x0, 0x7f, 0x1, 0xf7, 0x0, 0x0,
    0x7, 0xf0, 0xf, 0x80, 0x0, 0x0, 0x8f, 0x0,
    0xcc, 0x0, 0x0, 0xb, 0xc0, 0x6, 0xf4, 0x0,
    0x3, 0xf6, 0x0, 0xb, 0xf8, 0x58, 0xfc, 0x0,
    0x0, 0x7, 0xdf, 0xd8, 0x0, 0x0,

    /* U+1E4D "ṍ" */
    0x0, 0x0, 0x7, 0x50, 0x0, 0x0, 0x6, 0xf2,
    0x0, 0x0, 0x1, 0xe4, 0x0, 0x0, 0x0, 0x0,
    0x3, 0x0, 0x0, 0xcf, 0xff, 0xe1, 0x0, 0x2,
    0x22, 0x20, 0x0, 0x0, 0x0, 0x0, 0x0, 0x0,
    0x5, 0xdf, 0xd7, 0x0, 0x6, 0xf9, 0x48, 0xf8,
    0x0, 0xea, 0x0, 0x8, 0xf1, 0x2f, 0x40, 0x0,
    0x2f, 0x54, 0xf3, 0x0, 0x1, 0xf6, 0x3f, 0x40,
    0x0, 0x2f, 0x40, 0xe9, 0x0, 0x8, 0xf1, 0x6,
    0xf8, 0x47, 0xf8, 0x0, 0x6, 0xdf, 0xd6, 0x0,

    /* U+1E4E "Ṏ" */
    0x0, 0x9, 0x30, 0x39, 0x0, 0x0, 0x0, 0xe6,
    0x5, 0xe1, 0x0, 0x0, 0x2, 0xd7, 0x19, 0x0,
    0x0, 0x0, 0x83, 0x7e, 0x30, 0x0, 0x0, 0x0,
    0x0, 0x0, 0x0, 0x0, 0x0, 0x7d, 0xfd, 0x70,
    0x0, 0x0, 0xbf, 0x85, 0x8f, 0xb0, 0x0, 0x6f,
    0x40, 0x0, 0x4f, 0x60, 0xc, 0xc0, 0x0, 0x0,
    0xcc, 0x0, 0xf8, 0x0, 0x0, 0x8, 0xf0, 0xf,
    0x70, 0x0, 0x0, 0x7f, 0x1, 0xf7, 0x0, 0x0,
    0x7, 0xf0, 0xf, 0x80, 0x0, 0x0, 0x8f, 0x0,
    0xcc, 0x0, 0x0, 0xb, 0xc0, 0x6, 0xf4, 0x0,
    0x3, 0xf6, 0x0, 0xb, 0xf8, 0x58, 0xfc, 0x0,
    0x0, 0x7, 0xdf, 0xd8, 0x0, 0x0,

    /* U+1E4F "ṏ" */
    0x0, 0x95, 0x4, 0x90, 0x0, 0xd, 0x70, 0x7d,
    0x0, 0x0, 0x0, 0x0, 0x20, 0x0, 0xc, 0xff,
    0xfe, 0x10, 0x0, 0x22, 0x22, 0x0, 0x0, 0x0,
    0x0, 0x0, 0x0, 0x0, 0x5d, 0xfd, 0x70, 0x0,
    0x6f, 0x94, 0x8f, 0x80, 0xe, 0xa0, 0x0, 0x8f,
    0x12, 0xf4, 0x0, 0x2, 0xf5, 0x4f, 0x30, 0x0,
    0x1f, 0x63, 0xf4, 0x0, 0x2, 0xf4, 0xe, 0x90,
    0x0, 0x8f, 0x10, 0x6f, 0x84, 0x7f, 0x80, 0x0,
    0x6d, 0xfd, 0x60, 0x0,

    /* U+1E50 "Ṑ" */
    0x0, 0x2, 0x70, 0x0, 0x0, 0x0, 0x0, 0xa,
    0x70, 0x0, 0x0, 0x0, 0x0, 0x6, 0x0, 0x0,
    0x0, 0x1, 0xff, 0xff, 0xf2, 0x0, 0x0, 0x2,
    0x22, 0x22, 0x0, 0x0, 0x0, 0x7d, 0xfd, 0x70,
    0x0, 0x0, 0xbf, 0x85, 0x8f, 0xb0, 0x0, 0x6f,
    0x40, 0x0, 0x4f, 0x60, 0xc, 0xc0, 0x0, 0x0,
    0xcc, 0x0, 0xf8, 0x0, 0x0, 0x8, 0xf0, 0xf,
    0x70, 0x0, 0x0, 0x7f, 0x1, 0xf7, 0x0, 0x0,
    0x7, 0xf0, 0xf, 0x80, 0x0, 0x0, 0x8f, 0x0,
    0xcc, 0x0, 0x0, 0xb, 0xc0, 0x6, 0xf4, 0x0,
    0x3, 0xf6, 0x0, 0xb, 0xf8, 0x58, 0xfc, 0x0,
    0x0, 0x7, 0xdf, 0xd8, 0x0, 0x0,

    /* U+1E51 "ṑ" */
    0x0, 0x8f, 0x20, 0x0, 0x0, 0x0, 0xbb, 0x0,
    0x0, 0x0, 0x1, 0x71, 0x0, 0x0, 0x1f, 0xff,
    0xff, 0x20, 0x0, 0x22, 0x22, 0x20, 0x0, 0x0,
    0x0, 0x0, 0x0, 0x0, 0x5d, 0xfd, 0x70, 0x0,
    0x6f, 0x94, 0x8f, 0x80, 0xe, 0xa0, 0x0, 0x8f,
    0x12, 0xf4, 0x0, 0x2, 0xf5, 0x4f, 0x30, 0x0,
    0x1f, 0x63, 0xf4, 0x0, 0x2, 0xf4, 0xe, 0x90,
    0x0, 0x8f, 0x10, 0x6f, 0x84, 0x7f, 0x80, 0x0,
    0x6d, 0xfd, 0x60, 0x0,

    /* U+1E52 "Ṓ" */
    0x0, 0x0, 0x1, 0x70, 0x0, 0x0, 0x0, 0x0,
    0xb5, 0x0, 0x0, 0x0, 0x0, 0x0, 0x0, 0x0,
    0x0, 0x1, 0xff, 0xff, 0xf2, 0x0, 0x0, 0x2,
    0x22, 0x22, 0x0, 0x0, 0x0, 0x7d, 0xfd, 0x70,
    0x0, 0x0, 0xbf, 0x85, 0x8f, 0xb0, 0x0, 0x6f,
    0x40, 0x0, 0x4f, 0x60, 0xc, 0xc0, 0x0, 0x0,
    0xcc, 0x0, 0xf8, 0x0, 0x0, 0x8, 0xf0, 0xf,
    0x70, 0x0, 0x0, 0x7f, 0x1, 0xf7, 0x0, 0x0,
    0x7, 0xf0, 0xf, 0x80, 0x0, 0x0, 0x8f, 0x0,
    0xcc, 0x0, 0x0, 0xb, 0xc0, 0x6, 0xf4, 0x0,
    0x3, 0xf6, 0x0, 0xb, 0xf8, 0x58, 0xfc, 0x0,
    0x0, 0x7, 0xdf, 0xd8, 0x0, 0x0,

    /* U+1E53 "ṓ" */
    0x0, 0x0, 0x1f, 0x80, 0x0, 0x0, 0xb, 0xb0,
    0x0, 0x0, 0x1, 0x70, 0x0, 0x0, 0x1f, 0xff,
    0xff, 0x20, 0x0, 0x22, 0x22, 0x20, 0x0, 0x0,
    0x0, 0x0, 0x0, 0x0, 0x5d, 0xfd, 0x70, 0x0,
    0x6f, 0x94, 0x8f, 0x80, 0xe, 0xa0, 0x0, 0x8f,
    0x12, 0xf4, 0x0, 0x2, 0xf5, 0x4f, 0x30, 0x0,
    0x1f, 0x63, 0xf4, 0x0, 0x2, 0xf4, 0xe, 0x90,
    0x0, 0x8f, 0x10, 0x6f, 0x84, 0x7f, 0x80, 0x0,
    0x6d, 0xfd, 0x60, 0x0,

    /* U+1E54 "Ṕ" */
    0x0, 0x1, 0xda, 0x0, 0x0, 0x0, 0xa9, 0x0,
    0x0, 0x0, 0x0, 0x0, 0x0, 0xa, 0xff, 0xff,
    0xd8, 0x0, 0xae, 0x55, 0x57, 0xfd, 0xa, 0xd0,
    0x0, 0x4, 0xf5, 0xad, 0x0, 0x0, 0xf, 0x7a,
    0xd0, 0x0, 0x2, 0xf6, 0xad, 0x0, 0x13, 0xcf,
    0x1a, 0xff, 0xff, 0xfd, 0x30, 0xad, 0x33, 0x31,
    0x0, 0xa, 0xd0, 0x0, 0x0, 0x0, 0xad, 0x0,
    0x0, 0x0, 0xa, 0xd0, 0x0, 0x0, 0x0, 0xad,
    0x0, 0x0, 0x0, 0x0,

    /* U+1E55 "ṕ" */
    0x0, 0x0, 0xbc, 0x10, 0x0, 0x8, 0xb0, 0x0,
    0x0, 0x0, 0x0, 0x0, 0xe8, 0xae, 0xe8, 0x0,
    0xef, 0x62, 0x7f, 0x70, 0xe9, 0x0, 0x9, 0xe0,
    0xe8, 0x0, 0x4, 0xf1, 0xe8, 0x0, 0x3, 0xf3,
    0xe8, 0x0, 0x5, 0xf1, 0xe9, 0x0, 0xa, 0xe0,
    0xef, 0x74, 0x8f, 0x70, 0xea, 0xaf, 0xe8, 0x0,
    0xe8, 0x0, 0x0, 0x0, 0xe8, 0x0, 0x0, 0x0,
    0xe8, 0x0, 0x0, 0x0,

    /* U+1E56 "Ṗ" */
    0x0, 0xa, 0x40, 0x0, 0x0, 0x0, 0xe6, 0x0,
    0x0, 0x0, 0x0, 0x0, 0x0, 0xa, 0xff, 0xff,
    0xd8, 0x0, 0xae, 0x55, 0x57, 0xfd, 0xa, 0xd0,
    0x0, 0x4, 0xf5, 0xad, 0x0, 0x0, 0xf, 0x7a,
    0xd0, 0x0, 0x2, 0xf6, 0xad, 0x0, 0x13, 0xcf,
    0x1a, 0xff, 0xff, 0xfd, 0x30, 0xad, 0x33, 0x31,
    0x0, 0xa, 0xd0, 0x0, 0x0, 0x0, 0xad, 0x0,
    0x0, 0x0, 0xa, 0xd0, 0x0, 0x0, 0x0, 0xad,
    0x0, 0x0, 0x0, 0x0,

    /* U+1E57 "ṗ" */
    0x0, 0xc, 0x90, 0x0, 0x0, 0x8, 0x50, 0x0,
    0x0, 0x0, 0x0, 0x0, 0xe8, 0xae, 0xe8, 0x0,
    0xef, 0x62, 0x7f, 0x70, 0xe9, 0x0, 0x9, 0xe0,
    0xe8, 0x0, 0x4, 0xf1, 0xe8, 0x0, 0x3, 0xf3,
    0xe8, 0x0, 0x5, 0xf1, 0xe9, 0x0, 0xa, 0xe0,
    0xef, 0x74, 0x8f, 0x70, 0xea, 0xaf, 0xe8, 0x0,
    0xe8, 0x0, 0x0, 0x0, 0xe8, 0x0, 0x0, 0x0,
    0xe8, 0x0, 0x0, 0x0,

    /* U+1E58 "Ṙ" */
    0x0, 0x9, 0x40, 0x0, 0x0, 0x0, 0xd7, 0x0,
    0x0, 0x0, 0x0, 0x0, 0x0, 0xb, 0xff, 0xff,
    0xc5, 0x0, 0xbe, 0x44, 0x5a, 0xf7, 0xb, 0xd0,
    0x0, 0xb, 0xe0, 0xbd, 0x0, 0x0, 0x7f, 0xb,
    0xd0, 0x0, 0xa, 0xf0, 0xbd, 0x0, 0x16, 0xf8,
    0xb, 0xff, 0xff, 0xf8, 0x0, 0xbd, 0x33, 0x7f,
    0x30, 0xb, 0xd0, 0x0, 0xdb, 0x0, 0xbd, 0x0,
    0x5, 0xf4, 0xb, 0xd0, 0x0, 0xc, 0xc0, 0xbd,
    0x0, 0x0, 0x4f, 0x50,

    /* U+1E59 "ṙ" */
    0x7, 0xd0, 0x0, 0x48, 0x0, 0x0, 0x0, 0xe,
    0x9c, 0xf3, 0xef, 0x85, 0x1e, 0xa0, 0x0, 0xe8,
    0x0, 0xe, 0x80, 0x0, 0xe8, 0x0, 0xe, 0x80,
    0x0, 0xe8, 0x0, 0xe, 0x80, 0x0,

    /* U+1E5A "Ṛ" */
    0xbf, 0xff, 0xfc, 0x50, 0xb, 0xe4, 0x45, 0xaf,
    0x70, 0xbd, 0x0, 0x0, 0xbe, 0xb, 0xd0, 0x0,
    0x7, 0xf0, 0xbd, 0x0, 0x0, 0xaf, 0xb, 0xd0,
    0x1, 0x6f, 0x80, 0xbf, 0xff, 0xff, 0x80, 0xb,
    0xd3, 0x37, 0xf3, 0x0, 0xbd, 0x0, 0xd, 0xb0,
    0xb, 0xd0, 0x0, 0x5f, 0x40, 0xbd, 0x0, 0x0,
    0xcc, 0xb, 0xd0, 0x0, 0x4, 0xf5, 0x0, 0x0,
    0x0, 0x0, 0x0, 0x0, 0xe6, 0x0, 0x0, 0x0,
    0x9, 0x30, 0x0, 0x0,

    /* U+1E5B "ṛ" */
    0x0, 0x0, 0xe, 0x9c, 0xf3, 0xef, 0x85, 0x1e,
    0xa0, 0x0, 0xe8, 0x0, 0xe, 0x80, 0x0, 0xe8,
    0x0, 0xe, 0x80, 0x0, 0xe8, 0x0, 0xe, 0x80,
    0x0, 0x0, 0x0, 0xc, 0x80, 0x0, 0x85, 0x0,
    0x0,

    /* U+1E5C "Ṝ" */
    0xd, 0xff, 0xff, 0x60, 0x0, 0x22, 0x22, 0x21,
    0x0, 0xbf, 0xff, 0xfc, 0x50, 0xb, 0xe4, 0x45,
    0xaf, 0x70, 0xbd, 0x0, 0x0, 0xbe, 0xb, 0xd0,
    0x0, 0x7, 0xf0, 0xbd, 0x0, 0x0, 0xaf, 0xb,
    0xd0, 0x1, 0x6f, 0x80, 0xbf, 0xff, 0xff, 0x80,
    0xb, 0xd3, 0x37, 0xf3, 0x0, 0xbd, 0x0, 0xd,
    0xb0, 0xb, 0xd0, 0x0, 0x5f, 0x40, 0xbd, 0x0,
    0x0, 0xcc, 0xb, 0xd0, 0x0, 0x4, 0xf5, 0x0,
    0x0, 0x0, 0x0, 0x0, 0x0, 0xe6, 0x0, 0x0,
    0x0, 0x9, 0x30, 0x0, 0x0,

    /* U+1E5D "ṝ" */
    0x6f, 0xff, 0xfd, 0x2, 0x22, 0x22, 0x0, 0x0,
    0x0, 0xe, 0x9c, 0xf3, 0xe, 0xf8, 0x51, 0xe,
    0xa0, 0x0, 0xe, 0x80, 0x0, 0xe, 0x80, 0x0,
    0xe, 0x80, 0x0, 0xe, 0x80, 0x0, 0xe, 0x80,
    0x0, 0xe, 0x80, 0x0, 0x0, 0x0, 0x0, 0xc,
    0x80, 0x0, 0x8, 0x50, 0x0,

    /* U+1E5E "Ṟ" */
    0xbf, 0xff, 0xfc, 0x50, 0xb, 0xe4, 0x45, 0xaf,
    0x70, 0xbd, 0x0, 0x0, 0xbe, 0xb, 0xd0, 0x0,
    0x7, 0xf0, 0xbd, 0x0, 0x0, 0xaf, 0xb, 0xd0,
    0x1, 0x6f, 0x80, 0xbf, 0xff, 0xff, 0x80, 0xb,
    0xd3, 0x37, 0xf3, 0x0, 0xbd, 0x0, 0xd, 0xb0,
    0xb, 0xd0, 0x0, 0x5f, 0x40, 0xbd, 0x0, 0x0,
    0xcc, 0xb, 0xd0, 0x0, 0x4, 0xf5, 0x0, 0x0,
    0x0, 0x0, 0x0, 0xff, 0xff, 0xf8, 0x0, 0x2,
    0x22, 0x22, 0x10, 0x0,

    /* U+1E5F "ṟ" */
    0x0, 0x0, 0x0, 0x0, 0xe, 0x9c, 0xf3, 0x0,
    0xef, 0x85, 0x10, 0xe, 0xa0, 0x0, 0x0, 0xe8,
    0x0, 0x0, 0xe, 0x80, 0x0, 0x0, 0xe8, 0x0,
    0x0, 0xe, 0x80, 0x0, 0x0, 0xe8, 0x0, 0x0,
    0xe, 0x80, 0x0, 0x0, 0x0, 0x0, 0xd, 0xff,
    0xff, 0xb0, 0x22, 0x22, 0x21, 0x0,

    /* U+1E60 "Ṡ" */
    0x0, 0x0, 0x85, 0x0, 0x0, 0x0, 0xc, 0x80,
    0x0, 0x0, 0x0, 0x0, 0x0, 0x0, 0x5, 0xcf,
    0xea, 0x20, 0x7, 0xf9, 0x56, 0xcf, 0x20, 0xea,
    0x0, 0x0, 0xea, 0xf, 0x90, 0x0, 0x6, 0x70,
    0xaf, 0x50, 0x0, 0x0, 0x0, 0xbf, 0xe9, 0x30,
    0x0, 0x0, 0x39, 0xef, 0xa0, 0x0, 0x0, 0x0,
    0x6f, 0x83, 0x91, 0x0, 0x0, 0xbd, 0x2f, 0x70,
    0x0, 0xc, 0xc0, 0x9f, 0x95, 0x5a, 0xf6, 0x0,
    0x6c, 0xfe, 0xc4, 0x0,

    /* U+1E61 "ṡ" */
    0x0, 0x4, 0xe1, 0x0, 0x0, 0x2, 0x90, 0x0,
    0x0, 0x0, 0x0, 0x0, 0x0, 0x9e, 0xfb, 0x30,
    0xa, 0xe5, 0x4c, 0xe1, 0xe, 0x80, 0x1, 0xb3,
    0xb, 0xe6, 0x10, 0x0, 0x0, 0x8e, 0xfd, 0x50,
    0x0, 0x0, 0x29, 0xf3, 0x2d, 0x40, 0x0, 0xf6,
    0xd, 0xd5, 0x49, 0xf2, 0x1, 0xae, 0xfc, 0x40,

    /* U+1E62 "Ṣ" */
    0x0, 0x5c, 0xfe, 0xa2, 0x0, 0x7f, 0x95, 0x6c,
    0xf2, 0xe, 0xa0, 0x0, 0xe, 0xa0, 0xf9, 0x0,
    0x0, 0x67, 0xa, 0xf5, 0x0, 0x0, 0x0, 0xb,
    0xfe, 0x93, 0x0, 0x0, 0x3, 0x9e, 0xfa, 0x0,
    0x0, 0x0, 0x6, 0xf8, 0x39, 0x10, 0x0, 0xb,
    0xd2, 0xf7, 0x0, 0x0, 0xcc, 0x9, 0xf9, 0x55,
    0xaf, 0x60, 0x6, 0xcf, 0xec, 0x40, 0x0, 0x0,
    0x0, 0x0, 0x0, 0x0, 0xc, 0x80, 0x0, 0x0,
    0x0, 0x85, 0x0, 0x0,

    /* U+1E63 "ṣ" */
    0x0, 0x9e, 0xfb, 0x30, 0xa, 0xe5, 0x4c, 0xe1,
    0xe, 0x80, 0x1, 0xb3, 0xb, 0xe6, 0x10, 0x0,
    0x0, 0x8e, 0xfd, 0x50, 0x0, 0x0, 0x29, 0xf3,
    0x2d, 0x40, 0x0, 0xf6, 0xd, 0xd5, 0x49, 0xf2,
    0x1, 0xae, 0xfc, 0x40, 0x0, 0x0, 0x0, 0x0,
    0x0, 0x5, 0xe1, 0x0, 0x0, 0x3, 0xa0, 0x0,

    /* U+1E64 "Ṥ" */
    0x0, 0xc, 0x80, 0x0, 0x0, 0x0, 0x85, 0x99,
    0x0, 0x0, 0x0, 0x3e, 0x10, 0x0, 0x0, 0x1,
    0x10, 0x0, 0x0, 0x5c, 0xfe, 0xa2, 0x0, 0x7f,
    0x95, 0x6c, 0xf2, 0xe, 0xa0, 0x0, 0xe, 0xa0,
    0xf9, 0x0, 0x0, 0x67, 0xa, 0xf5, 0x0, 0x0,
    0x0, 0xb, 0xfe, 0x93, 0x0, 0x0, 0x3, 0x9e,
    0xfa, 0x0, 0x0, 0x0, 0x6, 0xf8, 0x39, 0x10,
    0x0, 0xb, 0xd2, 0xf7, 0x0, 0x0, 0xcc, 0x9,
    0xf9, 0x55, 0xaf, 0x60, 0x6, 0xcf, 0xec, 0x40,

    /* U+1E65 "ṥ" */
    0x0, 0x4, 0xe1, 0x0, 0x0, 0x2, 0x90, 0x0,
    0x0, 0x0, 0x0, 0x0, 0x0, 0x0, 0x4f, 0x50,
    0x0, 0x1, 0xe5, 0x0, 0x0, 0x0, 0x0, 0x0,
    0x0, 0x9e, 0xea, 0x10, 0xa, 0xe5, 0x5d, 0xd0,
    0xe, 0x80, 0x4, 0xf4, 0xb, 0xe6, 0x10, 0x51,
    0x0, 0x8e, 0xfd, 0x50, 0x0, 0x0, 0x29, 0xf3,
    0x2a, 0x20, 0x0, 0xf6, 0xd, 0xd5, 0x49, 0xf2,
    0x1, 0xae, 0xfc, 0x40,

    /* U+1E66 "Ṧ" */
    0x0, 0x0, 0x85, 0x0, 0x0, 0x0, 0xc, 0x80,
    0x0, 0x0, 0x3a, 0x14, 0xa1, 0x0, 0x0, 0x7e,
    0xe3, 0x0, 0x0, 0x0, 0x32, 0x0, 0x0, 0x5,
    0xcf, 0xea, 0x20, 0x7, 0xf9, 0x56, 0xcf, 0x20,
    0xea, 0x0, 0x0, 0xea, 0xf, 0x90, 0x0, 0x6,
    0x70, 0xaf, 0x50, 0x0, 0x0, 0x0, 0xbf, 0xe9,
    0x30, 0x0, 0x0, 0x39, 0xef, 0xa0, 0x0, 0x0,
    0x0, 0x6f, 0x83, 0x91, 0x0, 0x0, 0xbd, 0x2f,
    0x70, 0x0, 0xc, 0xc0, 0x9f, 0x95, 0x5a, 0xf6,
    0x0, 0x6c, 0xfe, 0xc4, 0x0,

    /* U+1E67 "ṧ" */
    0x0, 0x4, 0xe1, 0x0, 0x0, 0x2, 0x90, 0x0,
    0x0, 0x0, 0x0, 0x0, 0x0, 0x8a, 0xc, 0x50,
    0x0, 0x8, 0xd5, 0x0, 0x0, 0x0, 0x0, 0x0,
    0x0, 0x9e, 0xea, 0x10, 0xa, 0xe5, 0x5d, 0xd0,
    0xe, 0x80, 0x4, 0xf4, 0xb, 0xe6, 0x10, 0x51,
    0x0, 0x8e, 0xfd, 0x50, 0x0, 0x0, 0x29, 0xf3,
    0x2a, 0x20, 0x0, 0xf6, 0xd, 0xd5, 0x49, 0xf2,
    0x1, 0xae, 0xfc, 0x40,

    /* U+1E68 "Ṩ" */
    0x0, 0x0, 0x85, 0x0, 0x0, 0x0, 0xc, 0x80,
    0x0, 0x0, 0x0, 0x0, 0x0, 0x0, 0x5, 0xcf,
    0xea, 0x20, 0x7, 0xf9, 0x56, 0xcf, 0x20, 0xea,
    0x0, 0x0, 0xea, 0xf, 0x90, 0x0, 0x6, 0x70,
    0xaf, 0x50, 0x0, 0x0, 0x0, 0xbf, 0xe9, 0x30,
    0x0, 0x0, 0x39, 0xef, 0xa0, 0x0, 0x0, 0x0,
    0x6f, 0x83, 0x91, 0x0, 0x0, 0xbd, 0x2f, 0x70,
    0x0, 0xc, 0xc0, 0x9f, 0x95, 0x5a, 0xf6, 0x0,
    0x6c, 0xfe, 0xc4, 0x0, 0x0, 0x0, 0x0, 0x0,
    0x0, 0x0, 0xc8, 0x0, 0x0, 0x0, 0x8, 0x50,
    0x0,

    /* U+1E69 "ṩ" */
    0x0, 0x4, 0xe1, 0x0, 0x0, 0x2, 0x90, 0x0,
    0x0, 0x0, 0x0, 0x0, 0x0, 0x9e, 0xfb, 0x30,
    0xa, 0xe5, 0x4c, 0xe1, 0xe, 0x80, 0x1, 0xb3,
    0xb, 0xe6, 0x10, 0x0, 0x0, 0x8e, 0xfd, 0x50,
    0x0, 0x0, 0x29, 0xf3, 0x2d, 0x40, 0x0, 0xf6,
    0xd, 0xd5, 0x49, 0xf2, 0x1, 0xae, 0xfc, 0x40,
    0x0, 0x0, 0x0, 0x0, 0x0, 0x5, 0xe1, 0x0,
    0x0, 0x3, 0xa0, 0x0,

    /* U+1E6A "Ṫ" */
    0x0, 0x0, 0x94, 0x0, 0x0, 0x0, 0x0, 0xd7,
    0x0, 0x0, 0x0, 0x0, 0x0, 0x0, 0x0, 0x9f,
    0xff, 0xff, 0xff, 0xf3, 0x24, 0x44, 0xfa, 0x44,
    0x40, 0x0, 0x0, 0xf8, 0x0, 0x0, 0x0, 0x0,
    0xf8, 0x0, 0x0, 0x0, 0x0, 0xf8, 0x0, 0x0,
    0x0, 0x0, 0xf8, 0x0, 0x0, 0x0, 0x0, 0xf8,
    0x0, 0x0, 0x0, 0x0, 0xf8, 0x0, 0x0, 0x0,
    0x0, 0xf8, 0x0, 0x0, 0x0, 0x0, 0xf8, 0x0,
    0x0, 0x0, 0x0, 0xf8, 0x0, 0x0, 0x0, 0x0,
    0xf8, 0x0, 0x0,

    /* U+1E6B "ṫ" */
    0x2, 0xa1, 0x0, 0x4e, 0x20, 0x0, 0x10, 0x0,
    0x6f, 0x10, 0x6, 0xf1, 0xe, 0xff, 0xfa, 0x27,
    0xf3, 0x10, 0x6f, 0x10, 0x6, 0xf1, 0x0, 0x6f,
    0x10, 0x6, 0xf1, 0x0, 0x6f, 0x10, 0x4, 0xf7,
    0x30, 0xa, 0xf9,

    /* U+1E6C "Ṭ" */
    0x9f, 0xff, 0xff, 0xff, 0xf3, 0x24, 0x44, 0xfa,
    0x44, 0x40, 0x0, 0x0, 0xf8, 0x0, 0x0, 0x0,
    0x0, 0xf8, 0x0, 0x0, 0x0, 0x0, 0xf8, 0x0,
    0x0, 0x0, 0x0, 0xf8, 0x0, 0x0, 0x0, 0x0,
    0xf8, 0x0, 0x0, 0x0, 0x0, 0xf8, 0x0, 0x0,
    0x0, 0x0, 0xf8, 0x0, 0x0, 0x0, 0x0, 0xf8,
    0x0, 0x0, 0x0, 0x0, 0xf8, 0x0, 0x0, 0x0,
    0x0, 0xf8, 0x0, 0x0, 0x0, 0x0, 0x0, 0x0,
    0x0, 0x0, 0x0, 0xe6, 0x0, 0x0, 0x0, 0x0,
    0x94, 0x0, 0x0,

    /* U+1E6D "ṭ" */
    0x6, 0xf1, 0x0, 0x6f, 0x10, 0xef, 0xff, 0xa2,
    0x7f, 0x31, 0x6, 0xf1, 0x0, 0x6f, 0x10, 0x6,
    0xf1, 0x0, 0x6f, 0x10, 0x6, 0xf1, 0x0, 0x4f,
    0x73, 0x0, 0xaf, 0x90, 0x0, 0x0, 0x0, 0x3f,
    0x20, 0x1, 0xa1,

    /* U+1E6E "Ṯ" */
    0x9f, 0xff, 0xff, 0xff, 0xf3, 0x24, 0x44, 0xfa,
    0x44, 0x40, 0x0, 0x0, 0xf8, 0x0, 0x0, 0x0,
    0x0, 0xf8, 0x0, 0x0, 0x0, 0x0, 0xf8, 0x0,
    0x0, 0x0, 0x0, 0xf8, 0x0, 0x0, 0x0, 0x0,
    0xf8, 0x0, 0x0, 0x0, 0x0, 0xf8, 0x0, 0x0,
    0x0, 0x0, 0xf8, 0x0, 0x0, 0x0, 0x0, 0xf8,
    0x0, 0x0, 0x0, 0x0, 0xf8, 0x0, 0x0, 0x0,
    0x0, 0xf8, 0x0, 0x0, 0x0, 0x0, 0x0, 0x0,
    0x0, 0x0, 0xff, 0xff, 0xf9, 0x0, 0x0, 0x22,
    0x22, 0x21, 0x0,

    /* U+1E6F "ṯ" */
    0x6, 0xf1, 0x0, 0x0, 0x6f, 0x10, 0x0, 0xef,
    0xff, 0xa0, 0x2, 0x7f, 0x31, 0x0, 0x6, 0xf1,
    0x0, 0x0, 0x6f, 0x10, 0x0, 0x6, 0xf1, 0x0,
    0x0, 0x6f, 0x10, 0x0, 0x6, 0xf1, 0x0, 0x0,
    0x4f, 0x73, 0x0, 0x0, 0xaf, 0x90, 0x0, 0x0,
    0x0, 0x0, 0x3f, 0xff, 0xff, 0x50, 0x22, 0x22,
    0x20,

    /* U+1E70 "Ṱ" */
    0x9f, 0xff, 0xff, 0xff, 0xf3, 0x24, 0x44, 0xfa,
    0x44, 0x40, 0x0, 0x0, 0xf8, 0x0, 0x0, 0x0,
    0x0, 0xf8, 0x0, 0x0, 0x0, 0x0, 0xf8, 0x0,
    0x0, 0x0, 0x0, 0xf8, 0x0, 0x0, 0x0, 0x0,
    0xf8, 0x0, 0x0, 0x0, 0x0, 0xf8, 0x0, 0x0,
    0x0, 0x0, 0xf8, 0x0, 0x0, 0x0, 0x0, 0xf8,
    0x0, 0x0, 0x0, 0x0, 0xf8, 0x0, 0x0, 0x0,
    0x0, 0xf8, 0x0, 0x0, 0x0, 0x0, 0x10, 0x0,
    0x0, 0x0, 0x4, 0xeb, 0x0, 0x0, 0x0, 0x3d,
    0x28, 0xa0, 0x0,

    /* U+1E71 "ṱ" */
    0x6, 0xf1, 0x0, 0x6, 0xf1, 0x0, 0xef, 0xff,
    0xa0, 0x27, 0xf3, 0x10, 0x6, 0xf1, 0x0, 0x6,
    0xf1, 0x0, 0x6, 0xf1, 0x0, 0x6, 0xf1, 0x0,
    0x6, 0xf1, 0x0, 0x4, 0xf7, 0x30, 0x0, 0xaf,
    0x90, 0x0, 0x3, 0x0, 0x0, 0x9e, 0x90, 0x7,
    0xc0, 0xb7,

    /* U+1E72 "Ṳ" */
    0xe9, 0x0, 0x0, 0x2f, 0x5e, 0x90, 0x0, 0x2,
    0xf5, 0xe9, 0x0, 0x0, 0x2f, 0x5e, 0x90, 0x0,
    0x2, 0xf5, 0xe9, 0x0, 0x0, 0x2f, 0x5e, 0x90,
    0x0, 0x2, 0xf5, 0xe9, 0x0, 0x0, 0x2f, 0x5e,
    0x90, 0x0, 0x2, 0xf5, 0xda, 0x0, 0x0, 0x3f,
    0x4a, 0xe0, 0x0, 0x8, 0xf1, 0x3f, 0xc6, 0x59,
    0xf8, 0x0, 0x3b, 0xff, 0xc6, 0x0, 0x0, 0x0,
    0x0, 0x0, 0x0, 0x3f, 0x30, 0xc8, 0x0, 0x1,
    0xa2, 0x8, 0x50, 0x0,

    /* U+1E73 "ṳ" */
    0xf8, 0x0, 0xb, 0xbf, 0x80, 0x0, 0xbb, 0xf8,
    0x0, 0xb, 0xbf, 0x80, 0x0, 0xbb, 0xf8, 0x0,
    0xb, 0xbe, 0x80, 0x0, 0xbb, 0xda, 0x0, 0xd,
    0xb9, 0xf6, 0x5a, 0xfb, 0x1a, 0xfe, 0x9b, 0xb0,
    0x0, 0x0, 0x0, 0xe, 0x60, 0x9b, 0x0, 0x93,
    0x6, 0x70,

    /* U+1E74 "Ṵ" */
    0xe9, 0x0, 0x0, 0x2f, 0x5e, 0x90, 0x0, 0x2,
    0xf5, 0xe9, 0x0, 0x0, 0x2f, 0x5e, 0x90, 0x0,
    0x2, 0xf5, 0xe9, 0x0, 0x0, 0x2f, 0x5e, 0x90,
    0x0, 0x2, 0xf5, 0xe9, 0x0, 0x0, 0x2f, 0x5e,
    0x90, 0x0, 0x2, 0xf5, 0xda, 0x0, 0x0, 0x3f,
    0x4a, 0xe0, 0x0, 0x8, 0xf1, 0x3f, 0xc6, 0x59,
    0xf8, 0x0, 0x3b, 0xff, 0xc6, 0x0, 0x0, 0x0,
    0x0, 0x10, 0x0, 0x1d, 0xd3, 0x4d, 0x0, 0x8,
    0xa5, 0xef, 0x60, 0x0, 0x10, 0x0, 0x10, 0x0,

    /* U+1E75 "ṵ" */
    0xf8, 0x0, 0xb, 0xbf, 0x80, 0x0, 0xbb, 0xf8,
    0x0, 0xb, 0xbf, 0x80, 0x0, 0xbb, 0xf8, 0x0,
    0xb, 0xbe, 0x80, 0x0, 0xbb, 0xda, 0x0, 0xd,
    0xb9, 0xf6, 0x5a, 0xfb, 0x1a, 0xfe, 0x9b, 0xb0,
    0x0, 0x0, 0x10, 0xb, 0xe5, 0x2f, 0x5, 0xc4,
    0xcf, 0x90, 0x11, 0x0, 0x10, 0x0,

    /* U+1E76 "Ṷ" */
    0xe9, 0x0, 0x0, 0x2f, 0x5e, 0x90, 0x0, 0x2,
    0xf5, 0xe9, 0x0, 0x0, 0x2f, 0x5e, 0x90, 0x0,
    0x2, 0xf5, 0xe9, 0x0, 0x0, 0x2f, 0x5e, 0x90,
    0x0, 0x2, 0xf5, 0xe9, 0x0, 0x0, 0x2f, 0x5e,
    0x90, 0x0, 0x2, 0xf5, 0xda, 0x0, 0x0, 0x3f,
    0x4a, 0xe0, 0x0, 0x8, 0xf1, 0x3f, 0xc6, 0x59,
    0xf8, 0x0, 0x3b, 0xff, 0xc6, 0x0, 0x0, 0x1,
    0x20, 0x0, 0x0, 0x1, 0xde, 0x40, 0x0, 0x0,
    0xc7, 0x2d, 0x20, 0x0,

    /* U+1E77 "ṷ" */
    0xf8, 0x0, 0xb, 0xbf, 0x80, 0x0, 0xbb, 0xf8,
    0x0, 0xb, 0xbf, 0x80, 0x0, 0xbb, 0xf8, 0x0,
    0xb, 0xbe, 0x80, 0x0, 0xbb, 0xda, 0x0, 0xd,
    0xb9, 0xf6, 0x5a, 0xfb, 0x1a, 0xfe, 0x9b, 0xb0,
    0x1, 0x10, 0x0, 0x2, 0xed, 0x10, 0x2, 0xe4,
    0x5d, 0x0,

    /* U+1E78 "Ṹ" */
    0x0, 0x0, 0x45, 0x0, 0x0, 0x0, 0x1d, 0x20,
    0x0, 0x0, 0x6d, 0x46, 0x40, 0x0, 0xb, 0x1b,
    0xc0, 0x0, 0x0, 0x0, 0x0, 0x0, 0xe, 0x90,
    0x0, 0x2, 0xf5, 0xe9, 0x0, 0x0, 0x2f, 0x5e,
    0x90, 0x0, 0x2, 0xf5, 0xe9, 0x0, 0x0, 0x2f,
    0x5e, 0x90, 0x0, 0x2, 0xf5, 0xe9, 0x0, 0x0,
    0x2f, 0x5e, 0x90, 0x0, 0x2, 0xf5, 0xe9, 0x0,
    0x0, 0x2f, 0x5d, 0xa0, 0x0, 0x3, 0xf4, 0xae,
    0x0, 0x0, 0x8f, 0x13, 0xfc, 0x65, 0x9f, 0x80,
    0x3, 0xbf, 0xfc, 0x60, 0x0,

    /* U+1E79 "ṹ" */
    0x0, 0x0, 0x75, 0x0, 0x0, 0x7e, 0x20, 0x0,
    0x1e, 0x30, 0x0, 0x0, 0x0, 0x30, 0x1c, 0xff,
    0xfd, 0x0, 0x22, 0x22, 0x0, 0x0, 0x0, 0x0,
    0xf, 0x80, 0x0, 0xbb, 0xf8, 0x0, 0xb, 0xbf,
    0x80, 0x0, 0xbb, 0xf8, 0x0, 0xb, 0xbf, 0x80,
    0x0, 0xbb, 0xe8, 0x0, 0xb, 0xbd, 0xa0, 0x0,
    0xdb, 0x9f, 0x65, 0xaf, 0xb1, 0xaf, 0xe9, 0xbb,

    /* U+1E7A "Ṻ" */
    0x4, 0xe2, 0x9, 0xa0, 0x0, 0x29, 0x10, 0x67,
    0x0, 0x0, 0x0, 0x0, 0x0, 0x0, 0x6f, 0xff,
    0xfd, 0x0, 0x1, 0x22, 0x22, 0x20, 0xe, 0x90,
    0x0, 0x2, 0xf5, 0xe9, 0x0, 0x0, 0x2f, 0x5e,
    0x90, 0x0, 0x2, 0xf5, 0xe9, 0x0, 0x0, 0x2f,
    0x5e, 0x90, 0x0, 0x2, 0xf5, 0xe9, 0x0, 0x0,
    0x2f, 0x5e, 0x90, 0x0, 0x2, 0xf5, 0xe9, 0x0,
    0x0, 0x2f, 0x5d, 0xa0, 0x0, 0x3, 0xf4, 0xae,
    0x0, 0x0, 0x8f, 0x13, 0xfc, 0x65, 0x9f, 0x80,
    0x3, 0xbf, 0xfc, 0x60, 0x0,

    /* U+1E7B "ṻ" */
    0x9, 0x40, 0x58, 0x0, 0xd7, 0x8, 0xc0, 0x0,
    0x0, 0x0, 0x2, 0xff, 0xff, 0xf1, 0x2, 0x22,
    0x22, 0x0, 0x0, 0x0, 0x0, 0xf8, 0x0, 0xb,
    0xbf, 0x80, 0x0, 0xbb, 0xf8, 0x0, 0xb, 0xbf,
    0x80, 0x0, 0xbb, 0xf8, 0x0, 0xb, 0xbe, 0x80,
    0x0, 0xbb, 0xda, 0x0, 0xd, 0xb9, 0xf6, 0x5a,
    0xfb, 0x1a, 0xfe, 0x9b, 0xb0,

    /* U+1E7C "Ṽ" */
    0x0, 0x0, 0x0, 0x0, 0x0, 0x0, 0x1d, 0xd3,
    0x4d, 0x0, 0x0, 0x8a, 0x4e, 0xf6, 0x0, 0x0,
    0x11, 0x0, 0x10, 0x0, 0x9f, 0x0, 0x0, 0x0,
    0xdc, 0x4f, 0x50, 0x0, 0x2, 0xf7, 0xe, 0xa0,
    0x0, 0x7, 0xf1, 0x8, 0xf0, 0x0, 0xd, 0xc0,
    0x3, 0xf5, 0x0, 0x2f, 0x60, 0x0, 0xda, 0x0,
    0x7f, 0x10, 0x0, 0x8f, 0x0, 0xcb, 0x0, 0x0,
    0x2f, 0x52, 0xf5, 0x0, 0x0, 0xc, 0xa7, 0xf0,
    0x0, 0x0, 0x7, 0xfd, 0xa0, 0x0, 0x0, 0x1,
    0xff, 0x40, 0x0, 0x0, 0x0, 0xbe, 0x0, 0x0,

    /* U+1E7D "ṽ" */
    0x0, 0x0, 0x0, 0x0, 0x3, 0xec, 0x27, 0xa0,
    0xb, 0x76, 0xff, 0x30, 0x2, 0x0, 0x11, 0x0,
    0x9e, 0x0, 0x2, 0xf4, 0x3f, 0x30, 0x7, 0xe0,
    0xe, 0x80, 0xc, 0x90, 0x8, 0xd0, 0x1f, 0x40,
    0x3, 0xf2, 0x6e, 0x0, 0x0, 0xd7, 0xb9, 0x0,
    0x0, 0x8d, 0xf4, 0x0, 0x0, 0x2f, 0xe0, 0x0,
    0x0, 0xd, 0x90, 0x0,

    /* U+1E7E "Ṿ" */
    0x9f, 0x0, 0x0, 0x0, 0xdc, 0x4f, 0x50, 0x0,
    0x2, 0xf7, 0xe, 0xa0, 0x0, 0x7, 0xf1, 0x8,
    0xf0, 0x0, 0xd, 0xc0, 0x3, 0xf5, 0x0, 0x2f,
    0x60, 0x0, 0xda, 0x0, 0x7f, 0x10, 0x0, 0x8f,
    0x0, 0xcb, 0x0, 0x0, 0x2f, 0x52, 0xf5, 0x0,
    0x0, 0xc, 0xa7, 0xf0, 0x0, 0x0, 0x7, 0xfd,
    0xa0, 0x0, 0x0, 0x1, 0xff, 0x40, 0x0, 0x0,
    0x0, 0xbe, 0x0, 0x0, 0x0, 0x0, 0x0, 0x0,
    0x0, 0x0, 0x0, 0x9b, 0x0, 0x0, 0x0, 0x0,
    0x67, 0x0, 0x0,

    /* U+1E7F "ṿ" */
    0x9e, 0x0, 0x2, 0xf4, 0x3f, 0x30, 0x7, 0xe0,
    0xe, 0x80, 0xc, 0x90, 0x8, 0xd0, 0x1f, 0x40,
    0x3, 0xf2, 0x6e, 0x0, 0x0, 0xd7, 0xb9, 0x0,
    0x0, 0x8d, 0xf4, 0x0, 0x0, 0x2f, 0xe0, 0x0,
    0x0, 0xd, 0x90, 0x0, 0x0, 0x0, 0x0, 0x0,
    0x0, 0xc, 0x80, 0x0, 0x0, 0x8, 0x50, 0x0,

    /* U+1E80 "Ẁ" */
    0x0, 0x0, 0xc, 0xd0, 0x0, 0x0, 0x0, 0x0,
    0x0, 0x1, 0xe7, 0x0, 0x0, 0x0, 0x0, 0x0,
    0x0, 0x37, 0x0, 0x0, 0x0, 0x6f, 0x10, 0x0,
    0x9f, 0x0, 0x0, 0xcb, 0x2f, 0x40, 0x0, 0xdf,
    0x30, 0x0, 0xf8, 0xe, 0x80, 0x1, 0xfe, 0x70,
    0x3, 0xf4, 0xb, 0xb0, 0x6, 0xf8, 0xb0, 0x6,
    0xf0, 0x7, 0xf0, 0xa, 0xa4, 0xf0, 0x9, 0xd0,
    0x4, 0xf2, 0xe, 0x60, 0xf4, 0xd, 0x90, 0x0,
    0xf6, 0x2f, 0x10, 0xb8, 0xf, 0x50, 0x0, 0xc9,
    0x7d, 0x0, 0x7c, 0x4f, 0x20, 0x0, 0x9d, 0xb9,
    0x0, 0x3f, 0x8e, 0x0, 0x0, 0x5f, 0xe4, 0x0,
    0xe, 0xea, 0x0, 0x0, 0x1f, 0xf0, 0x0, 0xa,
    0xf6, 0x0, 0x0, 0xe, 0xb0, 0x0, 0x6, 0xf3,
    0x0,

    /* U+1E81 "ẁ" */
    0x0, 0x1, 0xda, 0x0, 0x0, 0x0, 0x0, 0x0,
    0x1c, 0x60, 0x0, 0x0, 0x0, 0x0, 0x0, 0x0,
    0x0, 0x0, 0x8e, 0x0, 0xb, 0xb0, 0x0, 0xe8,
    0x4f, 0x20, 0xf, 0xf0, 0x2, 0xf3, 0xf, 0x60,
    0x5d, 0xe5, 0x6, 0xf0, 0xb, 0xa0, 0x99, 0xa9,
    0xa, 0xb0, 0x6, 0xe0, 0xe4, 0x5e, 0xe, 0x60,
    0x2, 0xf5, 0xf0, 0xf, 0x5f, 0x20, 0x0, 0xed,
    0xb0, 0xb, 0xdd, 0x0, 0x0, 0x9f, 0x60, 0x6,
    0xf9, 0x0, 0x0, 0x5f, 0x10, 0x2, 0xf5, 0x0,

    /* U+1E82 "Ẃ" */
    0x0, 0x0, 0x0, 0x5, 0xf4, 0x0, 0x0, 0x0,
    0x0, 0x0, 0x1e, 0x60, 0x0, 0x0, 0x0, 0x0,
    0x0, 0x36, 0x0, 0x0, 0x0, 0x6f, 0x10, 0x0,
    0x9f, 0x0, 0x0, 0xcb, 0x2f, 0x40, 0x0, 0xdf,
    0x30, 0x0, 0xf8, 0xe, 0x80, 0x1, 0xfe, 0x70,
    0x3, 0xf4, 0xb, 0xb0, 0x6, 0xf8, 0xb0, 0x6,
    0xf0, 0x7, 0xf0, 0xa, 0xa4, 0xf0, 0x9, 0xd0,
    0x4, 0xf2, 0xe, 0x60, 0xf4, 0xd, 0x90, 0x0,
    0xf6, 0x2f, 0x10, 0xb8, 0xf, 0x50, 0x0, 0xc9,
    0x7d, 0x0, 0x7c, 0x4f, 0x20, 0x0, 0x9d, 0xb9,
    0x0, 0x3f, 0x8e, 0x0, 0x0, 0x5f, 0xe4, 0x0,
    0xe, 0xea, 0x0, 0x0, 0x1f, 0xf0, 0x0, 0xa,
    0xf6, 0x0, 0x0, 0xe, 0xb0, 0x0, 0x6, 0xf3,
    0x0,

    /* U+1E83 "ẃ" */
    0x0, 0x0, 0x0, 0xbc, 0x10, 0x0, 0x0, 0x0,
    0x7, 0xb0, 0x0, 0x0, 0x0, 0x0, 0x0, 0x0,
    0x0, 0x0, 0x8e, 0x0, 0xb, 0xb0, 0x0, 0xe8,
    0x4f, 0x20, 0xf, 0xf0, 0x2, 0xf3, 0xf, 0x60,
    0x5d, 0xe5, 0x6, 0xf0, 0xb, 0xa0, 0x99, 0xa9,
    0xa, 0xb0, 0x6, 0xe0, 0xe4, 0x5e, 0xe, 0x60,
    0x2, 0xf5, 0xf0, 0xf, 0x5f, 0x20, 0x0, 0xed,
    0xb0, 0xb, 0xdd, 0x0, 0x0, 0x9f, 0x60, 0x6,
    0xf9, 0x0, 0x0, 0x5f, 0x10, 0x2, 0xf5, 0x0,

    /* U+1E84 "Ẅ" */
    0x0, 0x0, 0x19, 0x20, 0x76, 0x0, 0x0, 0x0,
    0x0, 0x2e, 0x40, 0xb9, 0x0, 0x0, 0x0, 0x0,
    0x0, 0x0, 0x0, 0x0, 0x0, 0x6f, 0x10, 0x0,
    0x9f, 0x0, 0x0, 0xcb, 0x2f, 0x40, 0x0, 0xdf,
    0x30, 0x0, 0xf8, 0xe, 0x80, 0x1, 0xfe, 0x70,
    0x3, 0xf4, 0xb, 0xb0, 0x6, 0xf8, 0xb0, 0x6,
    0xf0, 0x7, 0xf0, 0xa, 0xa4, 0xf0, 0x9, 0xd0,
    0x4, 0xf2, 0xe, 0x60, 0xf4, 0xd, 0x90, 0x0,
    0xf6, 0x2f, 0x10, 0xb8, 0xf, 0x50, 0x0, 0xc9,
    0x7d, 0x0, 0x7c, 0x4f, 0x20, 0x0, 0x9d, 0xb9,
    0x0, 0x3f, 0x8e, 0x0, 0x0, 0x5f, 0xe4, 0x0,
    0xe, 0xea, 0x0, 0x0, 0x1f, 0xf0, 0x0, 0xa,
    0xf6, 0x0, 0x0, 0xe, 0xb0, 0x0, 0x6, 0xf3,
    0x0,

    /* U+1E85 "ẅ" */
    0x0, 0x5, 0xe0, 0x1e, 0x50, 0x0, 0x0, 0x3,
    0x90, 0x9, 0x30, 0x0, 0x0, 0x0, 0x0, 0x0,
    0x0, 0x0, 0x8e, 0x0, 0xb, 0xb0, 0x0, 0xe8,
    0x4f, 0x20, 0xf, 0xf0, 0x2, 0xf3, 0xf, 0x60,
    0x5d, 0xe5, 0x6, 0xf0, 0xb, 0xa0, 0x99, 0xa9,
    0xa, 0xb0, 0x6, 0xe0, 0xe4, 0x5e, 0xe, 0x60,
    0x2, 0xf5, 0xf0, 0xf, 0x5f, 0x20, 0x0, 0xed,
    0xb0, 0xb, 0xdd, 0x0, 0x0, 0x9f, 0x60, 0x6,
    0xf9, 0x0, 0x0, 0x5f, 0x10, 0x2, 0xf5, 0x0,

    /* U+1E86 "Ẇ" */
    0x0, 0x0, 0x0, 0x49, 0x0, 0x0, 0x0, 0x0,
    0x0, 0x0, 0x7d, 0x0, 0x0, 0x0, 0x0, 0x0,
    0x0, 0x0, 0x0, 0x0, 0x0, 0x6f, 0x10, 0x0,
    0x9f, 0x0, 0x0, 0xcb, 0x2f, 0x40, 0x0, 0xdf,
    0x30, 0x0, 0xf8, 0xe, 0x80, 0x1, 0xfe, 0x70,
    0x3, 0xf4, 0xb, 0xb0, 0x6, 0xf8, 0xb0, 0x6,
    0xf0, 0x7, 0xf0, 0xa, 0xa4, 0xf0, 0x9, 0xd0,
    0x4, 0xf2, 0xe, 0x60, 0xf4, 0xd, 0x90, 0x0,
    0xf6, 0x2f, 0x10, 0xb8, 0xf, 0x50, 0x0, 0xc9,
    0x7d, 0x0, 0x7c, 0x4f, 0x20, 0x0, 0x9d, 0xb9,
    0x0, 0x3f, 0x8e, 0x0, 0x0, 0x5f, 0xe4, 0x0,
    0xe, 0xea, 0x0, 0x0, 0x1f, 0xf0, 0x0, 0xa,
    0xf6, 0x0, 0x0, 0xe, 0xb0, 0x0, 0x6, 0xf3,
    0x0,

    /* U+1E87 "ẇ" */
    0x0, 0x0, 0xa, 0x90, 0x0, 0x0, 0x0, 0x0,
    0x7, 0x60, 0x0, 0x0, 0x0, 0x0, 0x0, 0x0,
    0x0, 0x0, 0x8e, 0x0, 0xb, 0xb0, 0x0, 0xe8,
    0x4f, 0x20, 0xf, 0xf0, 0x2, 0xf3, 0xf, 0x60,
    0x5d, 0xe5, 0x6, 0xf0, 0xb, 0xa0, 0x99, 0xa9,
    0xa, 0xb0, 0x6, 0xe0, 0xe4, 0x5e, 0xe, 0x60,
    0x2, 0xf5, 0xf0, 0xf, 0x5f, 0x20, 0x0, 0xed,
    0xb0, 0xb, 0xdd, 0x0, 0x0, 0x9f, 0x60, 0x6,
    0xf9, 0x0, 0x0, 0x5f, 0x10, 0x2, 0xf5, 0x0,

    /* U+1E88 "Ẉ" */
    0x6f, 0x10, 0x0, 0x9f, 0x0, 0x0, 0xcb, 0x2f,
    0x40, 0x0, 0xdf, 0x30, 0x0, 0xf8, 0xe, 0x80,
    0x1, 0xfe, 0x70, 0x3, 0xf4, 0xb, 0xb0, 0x6,
    0xf8, 0xb0, 0x6, 0xf0, 0x7, 0xf0, 0xa, 0xa4,
    0xf0, 0x9, 0xd0, 0x4, 0xf2, 0xe, 0x60, 0xf4,
    0xd, 0x90, 0x0, 0xf6, 0x2f, 0x10, 0xb8, 0xf,
    0x50, 0x0, 0xc9, 0x7d, 0x0, 0x7c, 0x4f, 0x20,
    0x0, 0x9d, 0xb9, 0x0, 0x3f, 0x8e, 0x0, 0x0,
    0x5f, 0xe4, 0x0, 0xe, 0xea, 0x0, 0x0, 0x1f,
    0xf0, 0x0, 0xa, 0xf6, 0x0, 0x0, 0xe, 0xb0,
    0x0, 0x6, 0xf3, 0x0, 0x0, 0x0, 0x0, 0x0,
    0x0, 0x0, 0x0, 0x0, 0x0, 0x0, 0x7c, 0x0,
    0x0, 0x0, 0x0, 0x0, 0x0, 0x58, 0x0, 0x0,
    0x0,

    /* U+1E89 "ẉ" */
    0x8e, 0x0, 0xb, 0xb0, 0x0, 0xe8, 0x4f, 0x20,
    0xf, 0xf0, 0x2, 0xf3, 0xf, 0x60, 0x5d, 0xe5,
    0x6, 0xf0, 0xb, 0xa0, 0x99, 0xa9, 0xa, 0xb0,
    0x6, 0xe0, 0xe4, 0x5e, 0xe, 0x60, 0x2, 0xf5,
    0xf0, 0xf, 0x5f, 0x20, 0x0, 0xed, 0xb0, 0xb,
    0xdd, 0x0, 0x0, 0x9f, 0x60, 0x6, 0xf9, 0x0,
    0x0, 0x5f, 0x10, 0x2, 0xf5, 0x0, 0x0, 0x0,
    0x0, 0x0, 0x0, 0x0, 0x0, 0x0, 0xb, 0x90,
    0x0, 0x0, 0x0, 0x0, 0x7, 0x60, 0x0, 0x0,

    /* U+1E8A "Ẋ" */
    0x0, 0x0, 0x58, 0x0, 0x0, 0x0, 0x0, 0x8c,
    0x0, 0x0, 0x0, 0x0, 0x0, 0x0, 0x0, 0x2f,
    0x90, 0x0, 0x8, 0xf3, 0x8, 0xf3, 0x0, 0x2f,
    0x90, 0x0, 0xec, 0x0, 0xbe, 0x10, 0x0, 0x5f,
    0x65, 0xf6, 0x0, 0x0, 0xb, 0xee, 0xc0, 0x0,
    0x0, 0x2, 0xff, 0x30, 0x0, 0x0, 0x3, 0xff,
    0x40, 0x0, 0x0, 0xc, 0xed, 0xd0, 0x0, 0x0,
    0x6f, 0x54, 0xf7, 0x0, 0x1, 0xeb, 0x0, 0xaf,
    0x20, 0xa, 0xf2, 0x0, 0x1f, 0xb0, 0x3f, 0x80,
    0x0, 0x7, 0xf4,

    /* U+1E8B "ẋ" */
    0x0, 0xb, 0xa0, 0x0, 0x0, 0x7, 0x60, 0x0,
    0x0, 0x0, 0x0, 0x0, 0x4f, 0x50, 0x7, 0xf3,
    0xa, 0xe0, 0x1f, 0x90, 0x1, 0xf8, 0xae, 0x0,
    0x0, 0x6f, 0xf5, 0x0, 0x0, 0xf, 0xe0, 0x0,
    0x0, 0x7f, 0xf6, 0x0, 0x2, 0xf7, 0x8e, 0x10,
    0xb, 0xd0, 0xe, 0xa0, 0x5f, 0x40, 0x6, 0xf4,

    /* U+1E8C "Ẍ" */
    0x0, 0x29, 0x10, 0x94, 0x0, 0x0, 0x4e, 0x20,
    0xd7, 0x0, 0x0, 0x0, 0x0, 0x0, 0x0, 0x2f,
    0x90, 0x0, 0x8, 0xf3, 0x8, 0xf3, 0x0, 0x2f,
    0x90, 0x0, 0xec, 0x0, 0xbe, 0x10, 0x0, 0x5f,
    0x65, 0xf6, 0x0, 0x0, 0xb, 0xee, 0xc0, 0x0,
    0x0, 0x2, 0xff, 0x30, 0x0, 0x0, 0x3, 0xff,
    0x40, 0x0, 0x0, 0xc, 0xed, 0xd0, 0x0, 0x0,
    0x6f, 0x54, 0xf7, 0x0, 0x1, 0xeb, 0x0, 0xaf,
    0x20, 0xa, 0xf2, 0x0, 0x1f, 0xb0, 0x3f, 0x80,
    0x0, 0x7, 0xf4,

    /* U+1E8D "ẍ" */
    0x5, 0xe0, 0x1e, 0x50, 0x3, 0x90, 0x9, 0x30,
    0x0, 0x0, 0x0, 0x0, 0x4f, 0x50, 0x7, 0xf3,
    0xa, 0xe0, 0x1f, 0x90, 0x1, 0xf8, 0xae, 0x0,
    0x0, 0x6f, 0xf5, 0x0, 0x0, 0xf, 0xe0, 0x0,
    0x0, 0x7f, 0xf6, 0x0, 0x2, 0xf7, 0x8e, 0x10,
    0xb, 0xd0, 0xe, 0xa0, 0x5f, 0x40, 0x6, 0xf4,

    /* U+1E8E "Ẏ" */
    0x0, 0x0, 0x84, 0x0, 0x0, 0x0, 0x0, 0xd7,
    0x0, 0x0, 0x0, 0x0, 0x0, 0x0, 0x0, 0x9f,
    0x10, 0x0, 0x7, 0xf3, 0x1f, 0x90, 0x0, 0xe,
    0xa0, 0x9, 0xf1, 0x0, 0x7f, 0x20, 0x1, 0xf9,
    0x0, 0xea, 0x0, 0x0, 0x8f, 0x17, 0xf2, 0x0,
    0x0, 0x1f, 0x9e, 0x90, 0x0, 0x0, 0x7, 0xff,
    0x10, 0x0, 0x0, 0x0, 0xf9, 0x0, 0x0, 0x0,
    0x0, 0xf8, 0x0, 0x0, 0x0, 0x0, 0xf8, 0x0,
    0x0, 0x0, 0x0, 0xf8, 0x0, 0x0, 0x0, 0x0,
    0xf8, 0x0, 0x0,

    /* U+1E8F "ẏ" */
    0x0, 0xa, 0x90, 0x0, 0x0, 0x7, 0x60, 0x0,
    0x0, 0x0, 0x0, 0x0, 0xae, 0x0, 0x5, 0xf3,
    0x4f, 0x30, 0x9, 0xd0, 0xe, 0x80, 0xe, 0x80,
    0x9, 0xd0, 0x3f, 0x20, 0x3, 0xf2, 0x8d, 0x0,
    0x0, 0xd8, 0xc7, 0x0, 0x0, 0x8e, 0xf2, 0x0,
    0x0, 0x2f, 0xc0, 0x0, 0x0, 0xe, 0x70, 0x0,
    0x0, 0x3f, 0x10, 0x0, 0x16, 0xda, 0x0, 0x0,
    0x5f, 0xb1, 0x0, 0x0,

    /* U+1E90 "Ẑ" */
    0x0, 0x3, 0xeb, 0x0, 0x0, 0x3, 0xd3, 0x8a,
    0x0, 0x0, 0x0, 0x0, 0x0, 0x3, 0xff, 0xff,
    0xff, 0xfb, 0x14, 0x44, 0x44, 0x8f, 0x70, 0x0,
    0x0, 0xd, 0xc0, 0x0, 0x0, 0x8, 0xf3, 0x0,
    0x0, 0x3, 0xf8, 0x0, 0x0, 0x0, 0xdd, 0x0,
    0x0, 0x0, 0x7f, 0x30, 0x0, 0x0, 0x2f, 0x80,
    0x0, 0x0, 0xc, 0xd0, 0x0, 0x0, 0x7, 0xf4,
    0x0, 0x0, 0x2, 0xfc, 0x44, 0x44, 0x44, 0x5f,
    0xff, 0xff, 0xff, 0xf0,

    /* U+1E91 "ẑ" */
    0x0, 0x1d, 0xd1, 0x0, 0x1, 0xb4, 0x3b, 0x10,
    0x0, 0x0, 0x0, 0x0, 0x3f, 0xff, 0xff, 0xf2,
    0x4, 0x44, 0x4e, 0xd0, 0x0, 0x0, 0x8f, 0x20,
    0x0, 0x3, 0xf7, 0x0, 0x0, 0xd, 0xb0, 0x0,
    0x0, 0xae, 0x10, 0x0, 0x5, 0xf5, 0x0, 0x0,
    0x1e, 0xc3, 0x33, 0x31, 0x5f, 0xff, 0xff, 0xf6,

    /* U+1E92 "Ẓ" */
    0x3f, 0xff, 0xff, 0xff, 0xb1, 0x44, 0x44, 0x48,
    0xf7, 0x0, 0x0, 0x0, 0xdc, 0x0, 0x0, 0x0,
    0x8f, 0x30, 0x0, 0x0, 0x3f, 0x80, 0x0, 0x0,
    0xd, 0xd0, 0x0, 0x0, 0x7, 0xf3, 0x0, 0x0,
    0x2, 0xf8, 0x0, 0x0, 0x0, 0xcd, 0x0, 0x0,
    0x0, 0x7f, 0x40, 0x0, 0x0, 0x2f, 0xc4, 0x44,
    0x44, 0x45, 0xff, 0xff, 0xff, 0xff, 0x0, 0x0,
    0x0, 0x0, 0x0, 0x0, 0xd, 0x60, 0x0, 0x0,
    0x0, 0x94, 0x0, 0x0,

    /* U+1E93 "ẓ" */
    0x3f, 0xff, 0xff, 0xf2, 0x4, 0x44, 0x4e, 0xd0,
    0x0, 0x0, 0x8f, 0x20, 0x0, 0x3, 0xf7, 0x0,
    0x0, 0xd, 0xb0, 0x0, 0x0, 0xae, 0x10, 0x0,
    0x5, 0xf5, 0x0, 0x0, 0x1e, 0xc3, 0x33, 0x31,
    0x5f, 0xff, 0xff, 0xf6, 0x0, 0x0, 0x0, 0x0,
    0x0, 0x9, 0xb0, 0x0, 0x0, 0x6, 0x70, 0x0,

    /* U+1E94 "Ẕ" */
    0x3f, 0xff, 0xff, 0xff, 0xb1, 0x44, 0x44, 0x48,
    0xf7, 0x0, 0x0, 0x0, 0xdc, 0x0, 0x0, 0x0,
    0x8f, 0x30, 0x0, 0x0, 0x3f, 0x80, 0x0, 0x0,
    0xd, 0xd0, 0x0, 0x0, 0x7, 0xf3, 0x0, 0x0,
    0x2, 0xf8, 0x0, 0x0, 0x0, 0xcd, 0x0, 0x0,
    0x0, 0x7f, 0x40, 0x0, 0x0, 0x2f, 0xc4, 0x44,
    0x44, 0x45, 0xff, 0xff, 0xff, 0xff, 0x0, 0x0,
    0x0, 0x0, 0x0, 0xf, 0xff, 0xff, 0x90, 0x0,
    0x22, 0x22, 0x21, 0x0,

    /* U+1E95 "ẕ" */
    0x3f, 0xff, 0xff, 0xf2, 0x4, 0x44, 0x4e, 0xd0,
    0x0, 0x0, 0x8f, 0x20, 0x0, 0x3, 0xf7, 0x0,
    0x0, 0xd, 0xb0, 0x0, 0x0, 0xae, 0x10, 0x0,
    0x5, 0xf5, 0x0, 0x0, 0x1e, 0xc3, 0x33, 0x31,
    0x5f, 0xff, 0xff, 0xf6, 0x0, 0x0, 0x0, 0x0,
    0xa, 0xff, 0xff, 0xe0, 0x1, 0x22, 0x22, 0x20,

    /* U+1E96 "ẖ" */
    0xe8, 0x0, 0x0, 0xe, 0x80, 0x0, 0x0, 0xe8,
    0x0, 0x0, 0xe, 0x99, 0xee, 0x90, 0xef, 0xa5,
    0x8f, 0x6e, 0xb0, 0x0, 0xca, 0xe8, 0x0, 0xb,
    0xbe, 0x80, 0x0, 0xbc, 0xe8, 0x0, 0xb, 0xce,
    0x80, 0x0, 0xbc, 0xe8, 0x0, 0xb, 0xce, 0x80,
    0x0, 0xbc, 0x0, 0x0, 0x0, 0x2, 0xff, 0xff,
    0xf6, 0x2, 0x22, 0x22, 0x10,

    /* U+1E97 "ẗ" */
    0x9, 0x40, 0x58, 0xd, 0x70, 0x8c, 0x0, 0x1,
    0x0, 0x0, 0x6f, 0x10, 0x0, 0x6f, 0x10, 0xe,
    0xff, 0xfa, 0x2, 0x7f, 0x31, 0x0, 0x6f, 0x10,
    0x0, 0x6f, 0x10, 0x0, 0x6f, 0x10, 0x0, 0x6f,
    0x10, 0x0, 0x6f, 0x10, 0x0, 0x4f, 0x73, 0x0,
    0xa, 0xf9,

    /* U+1E98 "ẘ" */
    0x0, 0x0, 0x3b, 0xb2, 0x0, 0x0, 0x0, 0x0,
    0xa3, 0x39, 0x0, 0x0, 0x0, 0x0, 0x3b, 0xb2,
    0x0, 0x0, 0x0, 0x0, 0x0, 0x0, 0x0, 0x0,
    0x8e, 0x0, 0xb, 0xb0, 0x0, 0xe8, 0x4f, 0x20,
    0xf, 0xf0, 0x2, 0xf3, 0xf, 0x60, 0x5d, 0xe5,
    0x6, 0xf0, 0xb, 0xa0, 0x99, 0xa9, 0xa, 0xb0,
    0x6, 0xe0, 0xe4, 0x5e, 0xe, 0x60, 0x2, 0xf5,
    0xf0, 0xf, 0x5f, 0x20, 0x0, 0xed, 0xb0, 0xb,
    0xdd, 0x0, 0x0, 0x9f, 0x60, 0x6, 0xf9, 0x0,
    0x0, 0x5f, 0x10, 0x2, 0xf5, 0x0,

    /* U+1E99 "ẙ" */
    0x0, 0x1b, 0xa1, 0x0, 0x0, 0x93, 0x48, 0x0,
    0x0, 0x93, 0x48, 0x0, 0x0, 0x2b, 0xa1, 0x0,
    0x0, 0x0, 0x0, 0x0, 0xae, 0x0, 0x5, 0xf3,
    0x4f, 0x30, 0x9, 0xd0, 0xe, 0x80, 0xe, 0x80,
    0x9, 0xd0, 0x3f, 0x20, 0x3, 0xf2, 0x8d, 0x0,
    0x0, 0xd8, 0xc7, 0x0, 0x0, 0x8e, 0xf2, 0x0,
    0x0, 0x2f, 0xc0, 0x0, 0x0, 0xe, 0x70, 0x0,
    0x0, 0x3f, 0x10, 0x0, 0x16, 0xda, 0x0, 0x0,
    0x5f, 0xb1, 0x0, 0x0,

    /* U+1E9A "ẚ" */
    0x0, 0x0, 0x0, 0x64, 0x0, 0x0, 0x0, 0xc,
    0x0, 0x0, 0x0, 0xc, 0x0, 0x0, 0x0, 0x65,
    0x0, 0x0, 0x0, 0x0, 0x0, 0x9e, 0xfd, 0x50,
    0xb, 0xe5, 0x48, 0xf2, 0x4, 0x20, 0x0, 0xe7,
    0x0, 0x7c, 0xef, 0xf8, 0x9, 0xe5, 0x22, 0xe8,
    0xf, 0x60, 0x0, 0xe8, 0x1f, 0x60, 0x2, 0xf8,
    0xc, 0xe6, 0x6e, 0xf9, 0x2, 0xbf, 0xe6, 0xa9,

    /* U+1E9B "ẛ" */
    0x0, 0x49, 0x0, 0x7, 0xd0, 0x0, 0x0, 0x0,
    0x3d, 0xf8, 0xd, 0xc4, 0x21, 0xf5, 0x0, 0x3f,
    0x40, 0x3, 0xf4, 0x0, 0x3f, 0x40, 0x3, 0xf4,
    0x0, 0x3f, 0x40, 0x3, 0xf4, 0x0, 0x3f, 0x40,
    0x3, 0xf4, 0x0, 0x3f, 0x40, 0x3, 0xf4, 0x0,

    /* U+1E9C "ẜ" */
    0x0, 0x0, 0x0, 0x0, 0x3d, 0xf8, 0x0, 0xdc,
    0x42, 0x1, 0xf5, 0x0, 0x3, 0xf4, 0x0, 0x3,
    0xf4, 0x0, 0x3, 0xf9, 0x50, 0x1a, 0xfe, 0x40,
    0x5d, 0xf4, 0x0, 0x3, 0xf4, 0x0, 0x3, 0xf4,
    0x0, 0x3, 0xf4, 0x0, 0x3, 0xf4, 0x0, 0x3,
    0xf4, 0x0,

    /* U+1E9D "ẝ" */
    0x0, 0x0, 0x0, 0x0, 0x2c, 0xf8, 0x0, 0xcd,
    0x42, 0x1, 0xf6, 0x0, 0x8f, 0xff, 0xf0, 0x15,
    0xf6, 0x20, 0x3, 0xf4, 0x0, 0x3, 0xf4, 0x0,
    0x3, 0xf4, 0x0, 0x3, 0xf4, 0x0, 0x3, 0xf4,
    0x0, 0x3, 0xf4, 0x0, 0x3, 0xf4, 0x0, 0x3,
    0xf4, 0x0,

    /* U+1E9E "ẞ" */
    0x6, 0xdf, 0xe9, 0x10, 0x4, 0xf9, 0x46, 0xdf,
    0x30, 0xad, 0x0, 0x8, 0xe1, 0xd, 0xa0, 0x6,
    0xf3, 0x0, 0xd9, 0x3, 0xf6, 0x0, 0xe, 0x90,
    0x9f, 0xeb, 0x20, 0xe9, 0x1, 0x24, 0xce, 0x1e,
    0x90, 0x0, 0x1, 0xf7, 0xe9, 0x0, 0x0, 0xd,
    0x9e, 0x90, 0x0, 0x0, 0xf7, 0xe9, 0x4, 0x12,
    0xbe, 0x1e, 0x93, 0xdf, 0xea, 0x20,

    /* U+1E9F "ẟ" */
    0x0, 0x0, 0x0, 0x0, 0x0, 0x4, 0xdf, 0xf9,
    0x0, 0x1, 0xfa, 0x45, 0x70, 0x0, 0x3f, 0x40,
    0x0, 0x0, 0x0, 0xee, 0x50, 0x0, 0x0, 0x2,
    0xef, 0xd4, 0x0, 0x1, 0xea, 0x6c, 0xf5, 0x0,
    0xbb, 0x0, 0xc, 0xe0, 0x1f, 0x50, 0x0, 0x5f,
    0x23, 0xf3, 0x0, 0x2, 0xf4, 0x2f, 0x50, 0x0,
    0x4f, 0x30, 0xea, 0x0, 0x9, 0xf0, 0x6, 0xf8,
    0x48, 0xf7, 0x0, 0x6, 0xdf, 0xd6, 0x0,

    /* U+1EA0 "Ạ" */
    0x0, 0x0, 0x9f, 0x10, 0x0, 0x0, 0x0, 0xf,
    0xf6, 0x0, 0x0, 0x0, 0x5, 0xfb, 0xc0, 0x0,
    0x0, 0x0, 0xbb, 0x4f, 0x20, 0x0, 0x0, 0x1f,
    0x60, 0xf8, 0x0, 0x0, 0x6, 0xf1, 0xa, 0xd0,
    0x0, 0x0, 0xcc, 0x0, 0x5f, 0x30, 0x0, 0x2f,
    0x70, 0x1, 0xf9, 0x0, 0x8, 0xff, 0xff, 0xff,
    0xe0, 0x0, 0xdc, 0x33, 0x33, 0x6f, 0x50, 0x3f,
    0x50, 0x0, 0x0, 0xea, 0x9, 0xe0, 0x0, 0x0,
    0x8, 0xf1, 0x0, 0x0, 0x0, 0x0, 0x0, 0x0,
    0x0, 0x5, 0xe0, 0x0, 0x0, 0x0, 0x0, 0x3a,
    0x0, 0x0, 0x0,

    /* U+1EA1 "ạ" */
    0x0, 0x9e, 0xfd, 0x50, 0xb, 0xe5, 0x48, 0xf2,
    0x4, 0x20, 0x0, 0xe7, 0x0, 0x7c, 0xef, 0xf8,
    0x9, 0xe5, 0x22, 0xe8, 0xf, 0x60, 0x0, 0xe8,
    0x1f, 0x60, 0x2, 0xf8, 0xc, 0xe6, 0x6e, 0xf9,
    0x2, 0xbf, 0xe6, 0xa9, 0x0, 0x0, 0x0, 0x0,
    0x0, 0xc, 0x80, 0x0, 0x0, 0x8, 0x50, 0x0,

    /* U+1EA2 "Ả" */
    0x0, 0x0, 0x5d, 0x60, 0x0, 0x0, 0x0, 0x0,
    0x5f, 0x0, 0x0, 0x0, 0x0, 0x3e, 0x50, 0x0,
    0x0, 0x0, 0x0, 0x20, 0x0, 0x0, 0x0, 0x0,
    0x9f, 0x10, 0x0, 0x0, 0x0, 0xf, 0xf6, 0x0,
    0x0, 0x0, 0x5, 0xfb, 0xc0, 0x0, 0x0, 0x0,
    0xbb, 0x4f, 0x20, 0x0, 0x0, 0x1f, 0x60, 0xf8,
    0x0, 0x0, 0x6, 0xf1, 0xa, 0xd0, 0x0, 0x0,
    0xcc, 0x0, 0x5f, 0x30, 0x0, 0x2f, 0x70, 0x1,
    0xf9, 0x0, 0x8, 0xff, 0xff, 0xff, 0xe0, 0x0,
    0xdc, 0x33, 0x33, 0x6f, 0x50, 0x3f, 0x50, 0x0,
    0x0, 0xea, 0x9, 0xe0, 0x0, 0x0, 0x8, 0xf1,

    /* U+1EA3 "ả" */
    0x0, 0x1, 0xd9, 0x0, 0x0, 0x0, 0x1e, 0x40,
    0x0, 0x0, 0xf9, 0x0, 0x0, 0x0, 0x30, 0x0,
    0x0, 0x0, 0x0, 0x0, 0x0, 0x9e, 0xfd, 0x50,
    0xb, 0xe5, 0x48, 0xf2, 0x4, 0x20, 0x0, 0xe7,
    0x0, 0x7c, 0xef, 0xf8, 0x9, 0xe5, 0x22, 0xe8,
    0xf, 0x60, 0x0, 0xe8, 0x1f, 0x60, 0x2, 0xf8,
    0xc, 0xe6, 0x6e, 0xf9, 0x2, 0xbf, 0xe6, 0xa9,

    /* U+1EA4 "Ấ" */
    0x0, 0x0, 0x0, 0x0, 0xac, 0x0, 0x0, 0xc,
    0xf5, 0x2e, 0x10, 0x0, 0xa, 0xd7, 0xf3, 0x0,
    0x0, 0x3, 0x71, 0x5, 0x70, 0x0, 0x0, 0x0,
    0x9f, 0x10, 0x0, 0x0, 0x0, 0xf, 0xf6, 0x0,
    0x0, 0x0, 0x5, 0xfb, 0xc0, 0x0, 0x0, 0x0,
    0xbb, 0x4f, 0x20, 0x0, 0x0, 0x1f, 0x60, 0xf8,
    0x0, 0x0, 0x6, 0xf1, 0xa, 0xd0, 0x0, 0x0,
    0xcc, 0x0, 0x5f, 0x30, 0x0, 0x2f, 0x70, 0x1,
    0xf9, 0x0, 0x8, 0xff, 0xff, 0xff, 0xe0, 0x0,
    0xdc, 0x33, 0x33, 0x6f, 0x50, 0x3f, 0x50, 0x0,
    0x0, 0xea, 0x9, 0xe0, 0x0, 0x0, 0x8, 0xf1,

    /* U+1EA5 "ấ" */
    0x0, 0x0, 0x0, 0x4, 0xf3, 0x0, 0x0, 0x0,
    0xb, 0x90, 0x0, 0x9, 0xfa, 0x1a, 0x10, 0x0,
    0xbb, 0xa, 0xb1, 0x0, 0x0, 0x0, 0x0, 0x0,
    0x0, 0x0, 0x9e, 0xfd, 0x50, 0x0, 0xb, 0xe5,
    0x48, 0xf2, 0x0, 0x4, 0x20, 0x0, 0xe7, 0x0,
    0x0, 0x7c, 0xef, 0xf8, 0x0, 0x9, 0xe5, 0x22,
    0xe8, 0x0, 0xf, 0x60, 0x0, 0xe8, 0x0, 0x1f,
    0x60, 0x2, 0xf8, 0x0, 0xc, 0xe6, 0x6e, 0xf9,
    0x0, 0x2, 0xbf, 0xe6, 0xa9, 0x0,

    /* U+1EA6 "Ầ" */
    0x5f, 0x20, 0x0, 0x0, 0x0, 0x0, 0x8a, 0xc,
    0xf4, 0x0, 0x0, 0x0, 0xb, 0xd7, 0xf3, 0x0,
    0x0, 0x3, 0x71, 0x5, 0x60, 0x0, 0x0, 0x0,
    0x9f, 0x10, 0x0, 0x0, 0x0, 0xf, 0xf6, 0x0,
    0x0, 0x0, 0x5, 0xfb, 0xc0, 0x0, 0x0, 0x0,
    0xbb, 0x4f, 0x20, 0x0, 0x0, 0x1f, 0x60, 0xf8,
    0x0, 0x0, 0x6, 0xf1, 0xa, 0xd0, 0x0, 0x0,
    0xcc, 0x0, 0x5f, 0x30, 0x0, 0x2f, 0x70, 0x1,
    0xf9, 0x0, 0x8, 0xff, 0xff, 0xff, 0xe0, 0x0,
    0xdc, 0x33, 0x33, 0x6f, 0x50, 0x3f, 0x50, 0x0,
    0x0, 0xea, 0x9, 0xe0, 0x0, 0x0, 0x8, 0xf1,

    /* U+1EA7 "ầ" */
    0x2f, 0x50, 0x0, 0x0, 0x0, 0x8c, 0x0, 0x0,
    0x0, 0x0, 0x91, 0x9f, 0xa0, 0x0, 0x0, 0xba,
    0xa, 0xb1, 0x0, 0x0, 0x0, 0x0, 0x0, 0x0,
    0x9e, 0xfd, 0x50, 0x0, 0xbe, 0x54, 0x8f, 0x20,
    0x4, 0x20, 0x0, 0xe7, 0x0, 0x7, 0xce, 0xff,
    0x80, 0x9, 0xe5, 0x22, 0xe8, 0x0, 0xf6, 0x0,
    0xe, 0x80, 0x1f, 0x60, 0x2, 0xf8, 0x0, 0xce,
    0x66, 0xef, 0x90, 0x2, 0xbf, 0xe6, 0xa9,

    /* U+1EA8 "Ẩ" */
    0x0, 0x0, 0x0, 0x7, 0xa0, 0x0, 0x0, 0x0,
    0x0, 0xb, 0x50, 0x0, 0x1, 0xcd, 0x68, 0xa0,
    0x0, 0x1, 0xc7, 0x1d, 0x70, 0x0, 0x0, 0x12,
    0x0, 0x13, 0x0, 0x0, 0x0, 0x9, 0xf1, 0x0,
    0x0, 0x0, 0x0, 0xff, 0x60, 0x0, 0x0, 0x0,
    0x5f, 0xbc, 0x0, 0x0, 0x0, 0xb, 0xb4, 0xf2,
    0x0, 0x0, 0x1, 0xf6, 0xf, 0x80, 0x0, 0x0,
    0x6f, 0x10, 0xad, 0x0, 0x0, 0xc, 0xc0, 0x5,
    0xf3, 0x0, 0x2, 0xf7, 0x0, 0x1f, 0x90, 0x0,
    0x8f, 0xff, 0xff, 0xfe, 0x0, 0xd, 0xc3, 0x33,
    0x36, 0xf5, 0x3, 0xf5, 0x0, 0x0, 0xe, 0xa0,
    0x9e, 0x0, 0x0, 0x0, 0x8f, 0x10,

    /* U+1EA9 "ẩ" */
    0x0, 0x0, 0x0, 0x4b, 0x30, 0x0, 0x0, 0x0,
    0x6a, 0x0, 0xa, 0xdb, 0x4c, 0x20, 0xa, 0xa0,
    0x9b, 0x0, 0x0, 0x20, 0x0, 0x20, 0x0, 0x9,
    0xef, 0xd5, 0x0, 0xb, 0xe5, 0x48, 0xf2, 0x0,
    0x42, 0x0, 0xe, 0x70, 0x0, 0x7c, 0xef, 0xf8,
    0x0, 0x9e, 0x52, 0x2e, 0x80, 0xf, 0x60, 0x0,
    0xe8, 0x1, 0xf6, 0x0, 0x2f, 0x80, 0xc, 0xe6,
    0x6e, 0xf9, 0x0, 0x2b, 0xfe, 0x6a, 0x90,

    /* U+1EAA "Ẫ" */
    0x0, 0x7, 0xdd, 0xb1, 0x0, 0x0, 0x0, 0x4,
    0x70, 0x0, 0x0, 0x0, 0x6, 0xc7, 0xc1, 0x0,
    0x0, 0x2, 0x70, 0x4, 0x60, 0x0, 0x0, 0x0,
    0x9f, 0x10, 0x0, 0x0, 0x0, 0xf, 0xf6, 0x0,
    0x0, 0x0, 0x5, 0xfb, 0xc0, 0x0, 0x0, 0x0,
    0xbb, 0x4f, 0x20, 0x0, 0x0, 0x1f, 0x60, 0xf8,
    0x0, 0x0, 0x6, 0xf1, 0xa, 0xd0, 0x0, 0x0,
    0xcc, 0x0, 0x5f, 0x30, 0x0, 0x2f, 0x70, 0x1,
    0xf9, 0x0, 0x8, 0xff, 0xff, 0xff, 0xe0, 0x0,
    0xdc, 0x33, 0x33, 0x6f, 0x50, 0x3f, 0x50, 0x0,
    0x0, 0xea, 0x9, 0xe0, 0x0, 0x0, 0x8, 0xf1,

    /* U+1EAB "ẫ" */
    0x0, 0x4c, 0xdc, 0x40, 0x0, 0x0, 0x0, 0x0,
    0x0, 0x8, 0xe9, 0x0, 0x0, 0xaa, 0x9, 0xa0,
    0x0, 0x10, 0x0, 0x10, 0x0, 0x9e, 0xfd, 0x50,
    0xb, 0xe5, 0x48, 0xf2, 0x4, 0x20, 0x0, 0xe7,
    0x0, 0x7c, 0xef, 0xf8, 0x9, 0xe5, 0x22, 0xe8,
    0xf, 0x60, 0x0, 0xe8, 0x1f, 0x60, 0x2, 0xf8,
    0xc, 0xe6, 0x6e, 0xf9, 0x2, 0xbf, 0xe6, 0xa9,

    /* U+1EAC "Ậ" */
    0x0, 0x0, 0xae, 0x30, 0x0, 0x0, 0x0, 0xa9,
    0x2d, 0x30, 0x0, 0x0, 0x0, 0x0, 0x0, 0x0,
    0x0, 0x0, 0x9, 0xf1, 0x0, 0x0, 0x0, 0x0,
    0xff, 0x60, 0x0, 0x0, 0x0, 0x5f, 0xbc, 0x0,
    0x0, 0x0, 0xb, 0xb4, 0xf2, 0x0, 0x0, 0x1,
    0xf6, 0xf, 0x80, 0x0, 0x0, 0x6f, 0x10, 0xad,
    0x0, 0x0, 0xc, 0xc0, 0x5, 0xf3, 0x0, 0x2,
    0xf7, 0x0, 0x1f, 0x90, 0x0, 0x8f, 0xff, 0xff,
    0xfe, 0x0, 0xd, 0xc3, 0x33, 0x36, 0xf5, 0x3,
    0xf5, 0x0, 0x0, 0xe, 0xa0, 0x9e, 0x0, 0x0,
    0x0, 0x8f, 0x10, 0x0, 0x0, 0x0, 0x0, 0x0,
    0x0, 0x0, 0x5e, 0x0, 0x0, 0x0, 0x0, 0x3,
    0xa0, 0x0, 0x0,

    /* U+1EAD "ậ" */
    0x0, 0x6, 0xf7, 0x0, 0x0, 0x6b, 0x1a, 0x60,
    0x0, 0x0, 0x0, 0x0, 0x0, 0x9e, 0xfd, 0x50,
    0xb, 0xe5, 0x48, 0xf2, 0x4, 0x20, 0x0, 0xe7,
    0x0, 0x7c, 0xef, 0xf8, 0x9, 0xe5, 0x22, 0xe8,
    0xf, 0x60, 0x0, 0xe8, 0x1f, 0x60, 0x2, 0xf8,
    0xc, 0xe6, 0x6e, 0xf9, 0x2, 0xbf, 0xe6, 0xa9,
    0x0, 0x0, 0x0, 0x0, 0x0, 0xc, 0x80, 0x0,
    0x0, 0x8, 0x50, 0x0,

    /* U+1EAE "Ắ" */
    0x0, 0x0, 0xa, 0x60, 0x0, 0x0, 0x0, 0x82,
    0x65, 0x40, 0x0, 0x0, 0x6, 0xcc, 0xa1, 0x0,
    0x0, 0x0, 0x0, 0x0, 0x0, 0x0, 0x0, 0x0,
    0x9f, 0x10, 0x0, 0x0, 0x0, 0xf, 0xf6, 0x0,
    0x0, 0x0, 0x5, 0xfb, 0xc0, 0x0, 0x0, 0x0,
    0xbb, 0x4f, 0x20, 0x0, 0x0, 0x1f, 0x60, 0xf8,
    0x0, 0x0, 0x6, 0xf1, 0xa, 0xd0, 0x0, 0x0,
    0xcc, 0x0, 0x5f, 0x30, 0x0, 0x2f, 0x70, 0x1,
    0xf9, 0x0, 0x8, 0xff, 0xff, 0xff, 0xe0, 0x0,
    0xdc, 0x33, 0x33, 0x6f, 0x50, 0x3f, 0x50, 0x0,
    0x0, 0xea, 0x9, 0xe0, 0x0, 0x0, 0x8, 0xf1,

    /* U+1EAF "ắ" */
    0x0, 0x0, 0x4c, 0x0, 0x0, 0x0, 0xb2, 0x0,
    0x0, 0xc7, 0x7, 0xc0, 0x0, 0x2b, 0xcb, 0x20,
    0x0, 0x0, 0x0, 0x0, 0x0, 0x8e, 0xfd, 0x50,
    0xa, 0xe6, 0x48, 0xf2, 0x6, 0x30, 0x0, 0xe7,
    0x0, 0x7c, 0xef, 0xf8, 0x9, 0xe5, 0x22, 0xe8,
    0xf, 0x60, 0x0, 0xe8, 0x1f, 0x60, 0x2, 0xf8,
    0xc, 0xe6, 0x6e, 0xf9, 0x2, 0xbf, 0xe6, 0xa9,

    /* U+1EB0 "Ằ" */
    0x0, 0x0, 0xd3, 0x0, 0x0, 0x0, 0x0, 0x83,
    0x45, 0x40, 0x0, 0x0, 0x6, 0xcc, 0xa1, 0x0,
    0x0, 0x0, 0x0, 0x0, 0x0, 0x0, 0x0, 0x0,
    0x9f, 0x10, 0x0, 0x0, 0x0, 0xf, 0xf6, 0x0,
    0x0, 0x0, 0x5, 0xfb, 0xc0, 0x0, 0x0, 0x0,
    0xbb, 0x4f, 0x20, 0x0, 0x0, 0x1f, 0x60, 0xf8,
    0x0, 0x0, 0x6, 0xf1, 0xa, 0xd0, 0x0, 0x0,
    0xcc, 0x0, 0x5f, 0x30, 0x0, 0x2f, 0x70, 0x1,
    0xf9, 0x0, 0x8, 0xff, 0xff, 0xff, 0xe0, 0x0,
    0xdc, 0x33, 0x33, 0x6f, 0x50, 0x3f, 0x50, 0x0,
    0x0, 0xea, 0x9, 0xe0, 0x0, 0x0, 0x8, 0xf1,

    /* U+1EB1 "ằ" */
    0x0, 0xb, 0x60, 0x0, 0x0, 0x1, 0xc0, 0x0,
    0x0, 0xc7, 0x7, 0xc0, 0x0, 0x2b, 0xcb, 0x20,
    0x0, 0x0, 0x0, 0x0, 0x0, 0x8e, 0xfd, 0x50,
    0xa, 0xe6, 0x48, 0xf2, 0x6, 0x30, 0x0, 0xe7,
    0x0, 0x7c, 0xef, 0xf8, 0x9, 0xe5, 0x22, 0xe8,
    0xf, 0x60, 0x0, 0xe8, 0x1f, 0x60, 0x2, 0xf8,
    0xc, 0xe6, 0x6e, 0xf9, 0x2, 0xbf, 0xe6, 0xa9,

    /* U+1EB2 "Ẳ" */
    0x0, 0x0, 0x4a, 0x70, 0x0, 0x0, 0x0, 0x4,
    0xd5, 0x0, 0x0, 0x0, 0xc, 0x21, 0xa4, 0x0,
    0x0, 0x0, 0x5c, 0xc8, 0x0, 0x0, 0x0, 0x0,
    0x0, 0x0, 0x0, 0x0, 0x0, 0x9, 0xf1, 0x0,
    0x0, 0x0, 0x0, 0xff, 0x60, 0x0, 0x0, 0x0,
    0x5f, 0xbc, 0x0, 0x0, 0x0, 0xb, 0xb4, 0xf2,
    0x0, 0x0, 0x1, 0xf6, 0xf, 0x80, 0x0, 0x0,
    0x6f, 0x10, 0xad, 0x0, 0x0, 0xc, 0xc0, 0x5,
    0xf3, 0x0, 0x2, 0xf7, 0x0, 0x1f, 0x90, 0x0,
    0x8f, 0xff, 0xff, 0xfe, 0x0, 0xd, 0xc3, 0x33,
    0x36, 0xf5, 0x3, 0xf5, 0x0, 0x0, 0xe, 0xa0,
    0x9e, 0x0, 0x0, 0x0, 0x8f, 0x10,

    /* U+1EB3 "ẳ" */
    0x0, 0x1, 0xb7, 0x0, 0x0, 0x0, 0xf, 0x20,
    0x0, 0x0, 0xf5, 0x0, 0x0, 0xb7, 0x9, 0x90,
    0x0, 0x2a, 0xca, 0x10, 0x0, 0x0, 0x0, 0x0,
    0x0, 0x8e, 0xfd, 0x50, 0x9, 0xe6, 0x48, 0xf2,
    0x8, 0x40, 0x0, 0xe7, 0x0, 0x7c, 0xef, 0xf8,
    0x9, 0xe5, 0x22, 0xe8, 0xf, 0x60, 0x0, 0xe8,
    0x1f, 0x60, 0x2, 0xf8, 0xc, 0xe6, 0x6e, 0xf9,
    0x2, 0xbf, 0xe6, 0xa9,

    /* U+1EB4 "Ẵ" */
    0x0, 0x0, 0x0, 0x0, 0x0, 0x0, 0x0, 0x5d,
    0x46, 0x50, 0x0, 0x0, 0xa, 0x1a, 0xd1, 0x0,
    0x0, 0x0, 0x81, 0x7, 0x30, 0x0, 0x0, 0x6,
    0xcc, 0xa1, 0x0, 0x0, 0x0, 0x0, 0x0, 0x0,
    0x0, 0x0, 0x0, 0x9f, 0x10, 0x0, 0x0, 0x0,
    0xf, 0xf6, 0x0, 0x0, 0x0, 0x5, 0xfb, 0xc0,
    0x0, 0x0, 0x0, 0xbb, 0x4f, 0x20, 0x0, 0x0,
    0x1f, 0x60, 0xf8, 0x0, 0x0, 0x6, 0xf1, 0xa,
    0xd0, 0x0, 0x0, 0xcc, 0x0, 0x5f, 0x30, 0x0,
    0x2f, 0x70, 0x1, 0xf9, 0x0, 0x8, 0xff, 0xff,
    0xff, 0xe0, 0x0, 0xdc, 0x33, 0x33, 0x6f, 0x50,
    0x3f, 0x50, 0x0, 0x0, 0xea, 0x9, 0xe0, 0x0,
    0x0, 0x8, 0xf1,

    /* U+1EB5 "ẵ" */
    0x0, 0x0, 0x0, 0x0, 0x0, 0x5e, 0xee, 0x70,
    0x0, 0x0, 0x0, 0x0, 0x0, 0xb8, 0x8, 0xa0,
    0x0, 0x2b, 0xca, 0x10, 0x0, 0x0, 0x0, 0x0,
    0x0, 0x8e, 0xfd, 0x50, 0x9, 0xf6, 0x48, 0xf2,
    0x8, 0x50, 0x0, 0xe7, 0x0, 0x7c, 0xef, 0xf8,
    0x9, 0xe5, 0x22, 0xe8, 0xf, 0x60, 0x0, 0xe8,
    0x1f, 0x60, 0x2, 0xf8, 0xc, 0xe6, 0x6e, 0xf9,
    0x2, 0xbf, 0xe6, 0xa9,

    /* U+1EB6 "Ặ" */
    0x0, 0xf, 0x40, 0xc7, 0x0, 0x0, 0x0, 0x5d,
    0xfa, 0x0, 0x0, 0x0, 0x0, 0x0, 0x0, 0x0,
    0x0, 0x0, 0x9, 0xf1, 0x0, 0x0, 0x0, 0x0,
    0xff, 0x60, 0x0, 0x0, 0x0, 0x5f, 0xbc, 0x0,
    0x0, 0x0, 0xb, 0xb4, 0xf2, 0x0, 0x0, 0x1,
    0xf6, 0xf, 0x80, 0x0, 0x0, 0x6f, 0x10, 0xad,
    0x0, 0x0, 0xc, 0xc0, 0x5, 0xf3, 0x0, 0x2,
    0xf7, 0x0, 0x1f, 0x90, 0x0, 0x8f, 0xff, 0xff,
    0xfe, 0x0, 0xd, 0xc3, 0x33, 0x36, 0xf5, 0x3,
    0xf5, 0x0, 0x0, 0xe, 0xa0, 0x9e, 0x0, 0x0,
    0x0, 0x8f, 0x10, 0x0, 0x0, 0x0, 0x0, 0x0,
    0x0, 0x0, 0x5e, 0x0, 0x0, 0x0, 0x0, 0x3,
    0xa0, 0x0, 0x0,

    /* U+1EB7 "ặ" */
    0x0, 0xb9, 0x7, 0xc0, 0x0, 0x2c, 0xfc, 0x30,
    0x0, 0x0, 0x0, 0x0, 0x0, 0x7d, 0xfd, 0x50,
    0x8, 0xf6, 0x48, 0xf2, 0xb, 0x70, 0x0, 0xe7,
    0x0, 0x7c, 0xef, 0xf8, 0x9, 0xe5, 0x22, 0xe8,
    0xf, 0x60, 0x0, 0xe8, 0x1f, 0x60, 0x2, 0xf8,
    0xc, 0xe6, 0x6e, 0xf9, 0x2, 0xbf, 0xe6, 0xa9,
    0x0, 0x0, 0x0, 0x0, 0x0, 0xc, 0x80, 0x0,
    0x0, 0x8, 0x50, 0x0,

    /* U+1EB8 "Ẹ" */
    0xaf, 0xff, 0xff, 0xf7, 0xae, 0x44, 0x44, 0x42,
    0xad, 0x0, 0x0, 0x0, 0xad, 0x0, 0x0, 0x0,
    0xad, 0x0, 0x0, 0x0, 0xaf, 0xff, 0xff, 0xc0,
    0xad, 0x33, 0x33, 0x20, 0xad, 0x0, 0x0, 0x0,
    0xad, 0x0, 0x0, 0x0, 0xad, 0x0, 0x0, 0x0,
    0xae, 0x44, 0x44, 0x42, 0xaf, 0xff, 0xff, 0xf8,
    0x0, 0x0, 0x0, 0x0, 0x0, 0xd, 0x70, 0x0,
    0x0, 0x9, 0x40, 0x0,

    /* U+1EB9 "ẹ" */
    0x0, 0x5d, 0xfd, 0x40, 0x5, 0xf8, 0x4a, 0xf2,
    0xe, 0xa0, 0x0, 0xd9, 0x2f, 0x50, 0x0, 0x9d,
    0x4f, 0xff, 0xff, 0xfe, 0x3f, 0x63, 0x33, 0x33,
    0xf, 0x80, 0x0, 0x10, 0x6, 0xf8, 0x45, 0xd8,
    0x0, 0x6d, 0xfe, 0x80, 0x0, 0x0, 0x0, 0x0,
    0x0, 0x4, 0xe1, 0x0, 0x0, 0x2, 0xa0, 0x0,

    /* U+1EBA "Ẻ" */
    0x0, 0xa, 0xb2, 0x0, 0x0, 0x0, 0xb8, 0x0,
    0x0, 0xa, 0xb1, 0x0, 0x0, 0x2, 0x10, 0x0,
    0xaf, 0xff, 0xff, 0xf7, 0xae, 0x44, 0x44, 0x42,
    0xad, 0x0, 0x0, 0x0, 0xad, 0x0, 0x0, 0x0,
    0xad, 0x0, 0x0, 0x0, 0xaf, 0xff, 0xff, 0xc0,
    0xad, 0x33, 0x33, 0x20, 0xad, 0x0, 0x0, 0x0,
    0xad, 0x0, 0x0, 0x0, 0xad, 0x0, 0x0, 0x0,
    0xae, 0x44, 0x44, 0x42, 0xaf, 0xff, 0xff, 0xf8,

    /* U+1EBB "ẻ" */
    0x0, 0x2, 0xd8, 0x0, 0x0, 0x0, 0x2f, 0x20,
    0x0, 0x1, 0xf7, 0x0, 0x0, 0x0, 0x40, 0x0,
    0x0, 0x0, 0x0, 0x0, 0x0, 0x5d, 0xfd, 0x40,
    0x5, 0xf8, 0x4a, 0xf2, 0xe, 0xa0, 0x0, 0xd9,
    0x2f, 0x50, 0x0, 0x9d, 0x4f, 0xff, 0xff, 0xfe,
    0x3f, 0x63, 0x33, 0x33, 0xf, 0x80, 0x0, 0x10,
    0x6, 0xf8, 0x45, 0xd8, 0x0, 0x6d, 0xfe, 0x80,

    /* U+1EBC "Ẽ" */
    0x0, 0x0, 0x0, 0x0, 0x4, 0xeb, 0x19, 0x80,
    0xc, 0x67, 0xfe, 0x20, 0x2, 0x0, 0x10, 0x0,
    0xaf, 0xff, 0xff, 0xf7, 0xae, 0x44, 0x44, 0x42,
    0xad, 0x0, 0x0, 0x0, 0xad, 0x0, 0x0, 0x0,
    0xad, 0x0, 0x0, 0x0, 0xaf, 0xff, 0xff, 0xc0,
    0xad, 0x33, 0x33, 0x20, 0xad, 0x0, 0x0, 0x0,
    0xad, 0x0, 0x0, 0x0, 0xad, 0x0, 0x0, 0x0,
    0xae, 0x44, 0x44, 0x42, 0xaf, 0xff, 0xff, 0xf8,

    /* U+1EBD "ẽ" */
    0x0, 0x0, 0x0, 0x10, 0x1, 0xdf, 0xff, 0xd0,
    0x0, 0x22, 0x22, 0x0, 0x0, 0x0, 0x0, 0x0,
    0x0, 0x5d, 0xfd, 0x40, 0x5, 0xf8, 0x4a, 0xf2,
    0xe, 0xa0, 0x0, 0xd9, 0x2f, 0x50, 0x0, 0x9d,
    0x4f, 0xff, 0xff, 0xfe, 0x3f, 0x63, 0x33, 0x33,
    0xf, 0x80, 0x0, 0x10, 0x6, 0xf8, 0x45, 0xd8,
    0x0, 0x6d, 0xfe, 0x80,

    /* U+1EBE "Ế" */
    0x0, 0x0, 0x0, 0x7, 0x50, 0x0, 0x0, 0x3,
    0xf2, 0x0, 0x5f, 0xd2, 0xa8, 0x0, 0x7e, 0x58,
    0xe3, 0x0, 0x0, 0x0, 0x0, 0x0, 0xa, 0xff,
    0xff, 0xff, 0x70, 0xae, 0x44, 0x44, 0x42, 0xa,
    0xd0, 0x0, 0x0, 0x0, 0xad, 0x0, 0x0, 0x0,
    0xa, 0xd0, 0x0, 0x0, 0x0, 0xaf, 0xff, 0xff,
    0xc0, 0xa, 0xd3, 0x33, 0x32, 0x0, 0xad, 0x0,
    0x0, 0x0, 0xa, 0xd0, 0x0, 0x0, 0x0, 0xad,
    0x0, 0x0, 0x0, 0xa, 0xe4, 0x44, 0x44, 0x20,
    0xaf, 0xff, 0xff, 0xf8, 0x0,

    /* U+1EBF "ế" */
    0x0, 0x0, 0x0, 0x6, 0xf1, 0x0, 0x0, 0x0,
    0xd, 0x70, 0x0, 0xb, 0xf9, 0x19, 0x0, 0x1,
    0xc9, 0x1b, 0xa0, 0x0, 0x0, 0x0, 0x0, 0x0,
    0x0, 0x0, 0x5d, 0xfd, 0x40, 0x0, 0x5, 0xf8,
    0x4a, 0xf2, 0x0, 0xe, 0xa0, 0x0, 0xd9, 0x0,
    0x2f, 0x50, 0x0, 0x9d, 0x0, 0x4f, 0xff, 0xff,
    0xfe, 0x0, 0x3f, 0x63, 0x33, 0x33, 0x0, 0xf,
    0x80, 0x0, 0x10, 0x0, 0x6, 0xf8, 0x45, 0xd8,
    0x0, 0x0, 0x6d, 0xfe, 0x80, 0x0,

    /* U+1EC0 "Ề" */
    0x7, 0x40, 0x0, 0x0, 0x0, 0x8, 0xd0, 0x0,
    0x0, 0x0, 0x0, 0xd4, 0x3f, 0xd0, 0x0, 0x0,
    0x2, 0xf8, 0xcb, 0x0, 0x0, 0x6, 0x50, 0x7,
    0x30, 0x0, 0xaf, 0xff, 0xff, 0xf7, 0x0, 0xae,
    0x44, 0x44, 0x42, 0x0, 0xad, 0x0, 0x0, 0x0,
    0x0, 0xad, 0x0, 0x0, 0x0, 0x0, 0xad, 0x0,
    0x0, 0x0, 0x0, 0xaf, 0xff, 0xff, 0xc0, 0x0,
    0xad, 0x33, 0x33, 0x20, 0x0, 0xad, 0x0, 0x0,
    0x0, 0x0, 0xad, 0x0, 0x0, 0x0, 0x0, 0xad,
    0x0, 0x0, 0x0, 0x0, 0xae, 0x44, 0x44, 0x42,
    0x0, 0xaf, 0xff, 0xff, 0xf8,

    /* U+1EC1 "ề" */
    0x4f, 0x30, 0x0, 0x0, 0x0, 0xaa, 0x0, 0x0,
    0x0, 0x1, 0x91, 0xbf, 0x90, 0x0, 0x1, 0xc9,
    0xb, 0xa0, 0x0, 0x0, 0x0, 0x0, 0x0, 0x0,
    0x5d, 0xfd, 0x40, 0x0, 0x5f, 0x84, 0xaf, 0x20,
    0xe, 0xa0, 0x0, 0xd9, 0x2, 0xf5, 0x0, 0x9,
    0xd0, 0x4f, 0xff, 0xff, 0xfe, 0x3, 0xf6, 0x33,
    0x33, 0x30, 0xf, 0x80, 0x0, 0x10, 0x0, 0x6f,
    0x84, 0x5d, 0x80, 0x0, 0x6d, 0xfe, 0x80,

    /* U+1EC2 "Ể" */
    0x0, 0x0, 0x0, 0xc6, 0x0, 0x0, 0x0, 0x1f,
    0x0, 0x5d, 0xc1, 0xe5, 0x5, 0xd2, 0x5d, 0x30,
    0x3, 0x10, 0x2, 0x20, 0xaf, 0xff, 0xff, 0xf7,
    0xae, 0x44, 0x44, 0x42, 0xad, 0x0, 0x0, 0x0,
    0xad, 0x0, 0x0, 0x0, 0xad, 0x0, 0x0, 0x0,
    0xaf, 0xff, 0xff, 0xc0, 0xad, 0x33, 0x33, 0x20,
    0xad, 0x0, 0x0, 0x0, 0xad, 0x0, 0x0, 0x0,
    0xad, 0x0, 0x0, 0x0, 0xae, 0x44, 0x44, 0x42,
    0xaf, 0xff, 0xff, 0xf8,

    /* U+1EC3 "ể" */
    0x0, 0x0, 0x0, 0x5b, 0x20, 0x0, 0x0, 0x0,
    0x88, 0x0, 0xc, 0xda, 0x6b, 0x10, 0xc, 0x80,
    0xaa, 0x0, 0x0, 0x20, 0x0, 0x20, 0x0, 0x5,
    0xdf, 0xd4, 0x0, 0x5, 0xf8, 0x4a, 0xf2, 0x0,
    0xea, 0x0, 0xd, 0x90, 0x2f, 0x50, 0x0, 0x9d,
    0x4, 0xff, 0xff, 0xff, 0xe0, 0x3f, 0x63, 0x33,
    0x33, 0x0, 0xf8, 0x0, 0x1, 0x0, 0x6, 0xf8,
    0x45, 0xd8, 0x0, 0x6, 0xdf, 0xe8, 0x0,

    /* U+1EC4 "Ễ" */
    0x0, 0xaa, 0x19, 0x0, 0x2, 0x73, 0xd6, 0x0,
    0x0, 0x7, 0x40, 0x0, 0x1, 0xc7, 0xb8, 0x0,
    0x5, 0x30, 0x6, 0x20, 0xaf, 0xff, 0xff, 0xf7,
    0xae, 0x44, 0x44, 0x42, 0xad, 0x0, 0x0, 0x0,
    0xad, 0x0, 0x0, 0x0, 0xad, 0x0, 0x0, 0x0,
    0xaf, 0xff, 0xff, 0xc0, 0xad, 0x33, 0x33, 0x20,
    0xad, 0x0, 0x0, 0x0, 0xad, 0x0, 0x0, 0x0,
    0xad, 0x0, 0x0, 0x0, 0xae, 0x44, 0x44, 0x42,
    0xaf, 0xff, 0xff, 0xf8,

    /* U+1EC5 "ễ" */
    0x0, 0x5d, 0xdc, 0x20, 0x0, 0x0, 0x0, 0x0,
    0x0, 0xa, 0xe7, 0x0, 0x0, 0xb8, 0xb, 0x90,
    0x0, 0x10, 0x0, 0x10, 0x0, 0x5d, 0xfd, 0x40,
    0x5, 0xf8, 0x4a, 0xf2, 0xe, 0xa0, 0x0, 0xd9,
    0x2f, 0x50, 0x0, 0x9d, 0x4f, 0xff, 0xff, 0xfe,
    0x3f, 0x63, 0x33, 0x33, 0xf, 0x80, 0x0, 0x10,
    0x6, 0xf8, 0x45, 0xd8, 0x0, 0x6d, 0xfe, 0x80,

    /* U+1EC6 "Ệ" */
    0x0, 0x2e, 0xb0, 0x0, 0x2, 0xd3, 0x7b, 0x0,
    0x0, 0x0, 0x0, 0x0, 0xaf, 0xff, 0xff, 0xf7,
    0xae, 0x44, 0x44, 0x42, 0xad, 0x0, 0x0, 0x0,
    0xad, 0x0, 0x0, 0x0, 0xad, 0x0, 0x0, 0x0,
    0xaf, 0xff, 0xff, 0xc0, 0xad, 0x33, 0x33, 0x20,
    0xad, 0x0, 0x0, 0x0, 0xad, 0x0, 0x0, 0x0,
    0xad, 0x0, 0x0, 0x0, 0xae, 0x44, 0x44, 0x42,
    0xaf, 0xff, 0xff, 0xf8, 0x0, 0x0, 0x0, 0x0,
    0x0, 0xd, 0x70, 0x0, 0x0, 0x9, 0x40, 0x0,

    /* U+1EC7 "ệ" */
    0x0, 0x8, 0xf5, 0x0, 0x0, 0x8a, 0x1b, 0x40,
    0x0, 0x0, 0x0, 0x0, 0x0, 0x5d, 0xfd, 0x40,
    0x5, 0xf8, 0x4a, 0xf2, 0xe, 0xa0, 0x0, 0xd9,
    0x2f, 0x50, 0x0, 0x9d, 0x4f, 0xff, 0xff, 0xfe,
    0x3f, 0x63, 0x33, 0x33, 0xf, 0x80, 0x0, 0x10,
    0x6, 0xf8, 0x45, 0xd8, 0x0, 0x6d, 0xfe, 0x80,
    0x0, 0x0, 0x0, 0x0, 0x0, 0x4, 0xe1, 0x0,
    0x0, 0x2, 0xa0, 0x0,

    /* U+1EC8 "Ỉ" */
    0x6c, 0x50, 0x6e, 0x5e, 0x41, 0x20, 0x9f, 0x9,
    0xf0, 0x9f, 0x9, 0xf0, 0x9f, 0x9, 0xf0, 0x9f,
    0x9, 0xf0, 0x9f, 0x9, 0xf0, 0x9f, 0x9, 0xf0,

    /* U+1EC9 "ỉ" */
    0x9c, 0x30, 0x9a, 0x8d, 0x32, 0x20, 0x0, 0xc,
    0xa0, 0xca, 0xc, 0xa0, 0xca, 0xc, 0xa0, 0xca,
    0xc, 0xa0, 0xca, 0xc, 0xa0,

    /* U+1ECA "Ị" */
    0x9f, 0x9f, 0x9f, 0x9f, 0x9f, 0x9f, 0x9f, 0x9f,
    0x9f, 0x9f, 0x9f, 0x9f, 0x0, 0x8c, 0x58,

    /* U+1ECB "ị" */
    0xb9, 0x76, 0x0, 0xca, 0xca, 0xca, 0xca, 0xca,
    0xca, 0xca, 0xca, 0xca, 0x0, 0xc8, 0x85,

    /* U+1ECC "Ọ" */
    0x0, 0x7, 0xdf, 0xd7, 0x0, 0x0, 0xb, 0xf8,
    0x58, 0xfb, 0x0, 0x6, 0xf4, 0x0, 0x4, 0xf6,
    0x0, 0xcc, 0x0, 0x0, 0xc, 0xc0, 0xf, 0x80,
    0x0, 0x0, 0x8f, 0x0, 0xf7, 0x0, 0x0, 0x7,
    0xf0, 0x1f, 0x70, 0x0, 0x0, 0x7f, 0x0, 0xf8,
    0x0, 0x0, 0x8, 0xf0, 0xc, 0xc0, 0x0, 0x0,
    0xbc, 0x0, 0x6f, 0x40, 0x0, 0x3f, 0x60, 0x0,
    0xbf, 0x85, 0x8f, 0xc0, 0x0, 0x0, 0x7d, 0xfd,
    0x80, 0x0, 0x0, 0x0, 0x0, 0x0, 0x0, 0x0,
    0x0, 0x3, 0xf2, 0x0, 0x0, 0x0, 0x0, 0x2a,
    0x10, 0x0, 0x0,

    /* U+1ECD "ọ" */
    0x0, 0x5d, 0xfd, 0x70, 0x0, 0x6f, 0x94, 0x8f,
    0x80, 0xe, 0xa0, 0x0, 0x8f, 0x12, 0xf4, 0x0,
    0x2, 0xf5, 0x4f, 0x30, 0x0, 0x1f, 0x63, 0xf4,
    0x0, 0x2, 0xf4, 0xe, 0x90, 0x0, 0x8f, 0x10,
    0x6f, 0x84, 0x7f, 0x80, 0x0, 0x6d, 0xfd, 0x60,
    0x0, 0x0, 0x0, 0x0, 0x0, 0x0, 0x2, 0xf3,
    0x0, 0x0, 0x0, 0x1a, 0x20, 0x0,

    /* U+1ECE "Ỏ" */
    0x0, 0x0, 0x1d, 0x90, 0x0, 0x0, 0x0, 0x0,
    0x1f, 0x30, 0x0, 0x0, 0x0, 0xf, 0x80, 0x0,
    0x0, 0x0, 0x0, 0x30, 0x0, 0x0, 0x0, 0x7,
    0xdf, 0xd7, 0x0, 0x0, 0xb, 0xf8, 0x58, 0xfb,
    0x0, 0x6, 0xf4, 0x0, 0x4, 0xf6, 0x0, 0xcc,
    0x0, 0x0, 0xc, 0xc0, 0xf, 0x80, 0x0, 0x0,
    0x8f, 0x0, 0xf7, 0x0, 0x0, 0x7, 0xf0, 0x1f,
    0x70, 0x0, 0x0, 0x7f, 0x0, 0xf8, 0x0, 0x0,
    0x8, 0xf0, 0xc, 0xc0, 0x0, 0x0, 0xbc, 0x0,
    0x6f, 0x40, 0x0, 0x3f, 0x60, 0x0, 0xbf, 0x85,
    0x8f, 0xc0, 0x0, 0x0, 0x7d, 0xfd, 0x80, 0x0,

    /* U+1ECF "ỏ" */
    0x0, 0x1, 0xd8, 0x0, 0x0, 0x0, 0x1, 0xf3,
    0x0, 0x0, 0x0, 0xf8, 0x0, 0x0, 0x0, 0x4,
    0x0, 0x0, 0x0, 0x0, 0x0, 0x0, 0x0, 0x5,
    0xdf, 0xd7, 0x0, 0x6, 0xf9, 0x48, 0xf8, 0x0,
    0xea, 0x0, 0x8, 0xf1, 0x2f, 0x40, 0x0, 0x2f,
    0x54, 0xf3, 0x0, 0x1, 0xf6, 0x3f, 0x40, 0x0,
    0x2f, 0x40, 0xe9, 0x0, 0x8, 0xf1, 0x6, 0xf8,
    0x47, 0xf8, 0x0, 0x6, 0xdf, 0xd6, 0x0,

    /* U+1ED0 "Ố" */
    0x0, 0x0, 0x0, 0x0, 0x18, 0x20, 0x0, 0x0,
    0x0, 0xa, 0xb0, 0x0, 0x0, 0x9e, 0xa0, 0x70,
    0x0, 0x0, 0xba, 0xa, 0xc1, 0x0, 0x0, 0x0,
    0x0, 0x0, 0x0, 0x0, 0x0, 0x7d, 0xfd, 0x70,
    0x0, 0x0, 0xbf, 0x85, 0x8f, 0xb0, 0x0, 0x6f,
    0x40, 0x0, 0x4f, 0x60, 0xc, 0xc0, 0x0, 0x0,
    0xcc, 0x0, 0xf8, 0x0, 0x0, 0x8, 0xf0, 0xf,
    0x70, 0x0, 0x0, 0x7f, 0x1, 0xf7, 0x0, 0x0,
    0x7, 0xf0, 0xf, 0x80, 0x0, 0x0, 0x8f, 0x0,
    0xcc, 0x0, 0x0, 0xb, 0xc0, 0x6, 0xf4, 0x0,
    0x3, 0xf6, 0x0, 0xb, 0xf8, 0x58, 0xfc, 0x0,
    0x0, 0x7, 0xdf, 0xd8, 0x0, 0x0,

    /* U+1ED1 "ố" */
    0x0, 0x0, 0x0, 0x5, 0xf2, 0x0, 0x0, 0x0,
    0xb, 0x90, 0x0, 0xa, 0xfa, 0x1a, 0x0, 0x0,
    0xba, 0xa, 0xb0, 0x0, 0x0, 0x0, 0x0, 0x0,
    0x0, 0x0, 0x5d, 0xfd, 0x70, 0x0, 0x6, 0xf9,
    0x48, 0xf8, 0x0, 0xe, 0xa0, 0x0, 0x8f, 0x10,
    0x2f, 0x40, 0x0, 0x2f, 0x50, 0x4f, 0x30, 0x0,
    0x1f, 0x60, 0x3f, 0x40, 0x0, 0x2f, 0x40, 0xe,
    0x90, 0x0, 0x8f, 0x10, 0x6, 0xf8, 0x47, 0xf8,
    0x0, 0x0, 0x6d, 0xfd, 0x60, 0x0,

    /* U+1ED2 "Ồ" */
    0x18, 0x10, 0x0, 0x0, 0x0, 0x0, 0xaa, 0x0,
    0x0, 0x0, 0x0, 0x0, 0x71, 0xae, 0xa0, 0x0,
    0x0, 0x0, 0xba, 0xa, 0xb0, 0x0, 0x0, 0x0,
    0x0, 0x0, 0x0, 0x0, 0x0, 0x7d, 0xfd, 0x70,
    0x0, 0x0, 0xbf, 0x85, 0x8f, 0xb0, 0x0, 0x6f,
    0x40, 0x0, 0x4f, 0x60, 0xc, 0xc0, 0x0, 0x0,
    0xcc, 0x0, 0xf8, 0x0, 0x0, 0x8, 0xf0, 0xf,
    0x70, 0x0, 0x0, 0x7f, 0x1, 0xf7, 0x0, 0x0,
    0x7, 0xf0, 0xf, 0x80, 0x0, 0x0, 0x8f, 0x0,
    0xcc, 0x0, 0x0, 0xb, 0xc0, 0x6, 0xf4, 0x0,
    0x3, 0xf6, 0x0, 0xb, 0xf8, 0x58, 0xfc, 0x0,
    0x0, 0x7, 0xdf, 0xd8, 0x0, 0x0,

    /* U+1ED3 "ồ" */
    0x2f, 0x40, 0x0, 0x0, 0x0, 0x9, 0xb0, 0x0,
    0x0, 0x0, 0x1, 0x91, 0xaf, 0xa0, 0x0, 0x0,
    0xb, 0xa0, 0xab, 0x0, 0x0, 0x0, 0x0, 0x0,
    0x0, 0x0, 0x5, 0xdf, 0xd7, 0x0, 0x0, 0x6f,
    0x94, 0x8f, 0x80, 0x0, 0xea, 0x0, 0x8, 0xf1,
    0x2, 0xf4, 0x0, 0x2, 0xf5, 0x4, 0xf3, 0x0,
    0x1, 0xf6, 0x3, 0xf4, 0x0, 0x2, 0xf4, 0x0,
    0xe9, 0x0, 0x8, 0xf1, 0x0, 0x6f, 0x84, 0x7f,
    0x80, 0x0, 0x6, 0xdf, 0xd6, 0x0,

    /* U+1ED4 "Ổ" */
    0x0, 0x0, 0x0, 0x4, 0xb3, 0x0, 0x0, 0x0,
    0x0, 0x7, 0x90, 0x0, 0x0, 0xbd, 0xb4, 0xc1,
    0x0, 0x0, 0xa9, 0x9, 0xb0, 0x0, 0x0, 0x2,
    0x0, 0x2, 0x0, 0x0, 0x0, 0x7d, 0xfd, 0x70,
    0x0, 0x0, 0xbf, 0x85, 0x8f, 0xb0, 0x0, 0x6f,
    0x40, 0x0, 0x4f, 0x60, 0xc, 0xc0, 0x0, 0x0,
    0xcc, 0x0, 0xf8, 0x0, 0x0, 0x8, 0xf0, 0xf,
    0x70, 0x0, 0x0, 0x7f, 0x1, 0xf7, 0x0, 0x0,
    0x7, 0xf0, 0xf, 0x80, 0x0, 0x0, 0x8f, 0x0,
    0xcc, 0x0, 0x0, 0xb, 0xc0, 0x6, 0xf4, 0x0,
    0x3, 0xf6, 0x0, 0xb, 0xf8, 0x58, 0xfc, 0x0,
    0x0, 0x7, 0xdf, 0xd8, 0x0, 0x0,

    /* U+1ED5 "ổ" */
    0x0, 0x0, 0x0, 0x4b, 0x30, 0x0, 0x0, 0x0,
    0x79, 0x0, 0xb, 0xdb, 0x5c, 0x10, 0xb, 0x90,
    0x9b, 0x0, 0x0, 0x20, 0x0, 0x20, 0x0, 0x5,
    0xdf, 0xd7, 0x0, 0x6, 0xf9, 0x48, 0xf8, 0x0,
    0xea, 0x0, 0x8, 0xf1, 0x2f, 0x40, 0x0, 0x2f,
    0x54, 0xf3, 0x0, 0x1, 0xf6, 0x3f, 0x40, 0x0,
    0x2f, 0x40, 0xe9, 0x0, 0x8, 0xf1, 0x6, 0xf8,
    0x47, 0xf8, 0x0, 0x6, 0xdf, 0xd6, 0x0,

    /* U+1ED6 "Ỗ" */
    0x0, 0x2, 0xc6, 0x36, 0x0, 0x0, 0x0, 0x63,
    0x7c, 0x20, 0x0, 0x0, 0x0, 0x17, 0x10, 0x0,
    0x0, 0x0, 0x2d, 0x8d, 0x20, 0x0, 0x0, 0x9,
    0x30, 0x39, 0x0, 0x0, 0x0, 0x7d, 0xfd, 0x70,
    0x0, 0x0, 0xbf, 0x85, 0x8f, 0xb0, 0x0, 0x6f,
    0x40, 0x0, 0x4f, 0x60, 0xc, 0xc0, 0x0, 0x0,
    0xcc, 0x0, 0xf8, 0x0, 0x0, 0x8, 0xf0, 0xf,
    0x70, 0x0, 0x0, 0x7f, 0x1, 0xf7, 0x0, 0x0,
    0x7, 0xf0, 0xf, 0x80, 0x0, 0x0, 0x8f, 0x0,
    0xcc, 0x0, 0x0, 0xb, 0xc0, 0x6, 0xf4, 0x0,
    0x3, 0xf6, 0x0, 0xb, 0xf8, 0x58, 0xfc, 0x0,
    0x0, 0x7, 0xdf, 0xd8, 0x0, 0x0,

    /* U+1ED7 "ỗ" */
    0x0, 0x4d, 0xdc, 0x30, 0x0, 0x0, 0x0, 0x0,
    0x0, 0x0, 0x9, 0xe8, 0x0, 0x0, 0xa, 0x90,
    0xaa, 0x0, 0x0, 0x10, 0x0, 0x10, 0x0, 0x5,
    0xdf, 0xd7, 0x0, 0x6, 0xf9, 0x48, 0xf8, 0x0,
    0xea, 0x0, 0x8, 0xf1, 0x2f, 0x40, 0x0, 0x2f,
    0x54, 0xf3, 0x0, 0x1, 0xf6, 0x3f, 0x40, 0x0,
    0x2f, 0x40, 0xe9, 0x0, 0x8, 0xf1, 0x6, 0xf8,
    0x47, 0xf8, 0x0, 0x6, 0xdf, 0xd6, 0x0,

    /* U+1ED8 "Ộ" */
    0x0, 0x0, 0x17, 0x10, 0x0, 0x0, 0x0, 0xb,
    0xdb, 0x0, 0x0, 0x0, 0x8, 0xb0, 0xb8, 0x0,
    0x0, 0x0, 0x0, 0x0, 0x0, 0x0, 0x0, 0x7,
    0xdf, 0xd7, 0x0, 0x0, 0xb, 0xf8, 0x58, 0xfb,
    0x0, 0x6, 0xf4, 0x0, 0x4, 0xf6, 0x0, 0xcc,
    0x0, 0x0, 0xc, 0xc0, 0xf, 0x80, 0x0, 0x0,
    0x8f, 0x0, 0xf7, 0x0, 0x0, 0x7, 0xf0, 0x1f,
    0x70, 0x0, 0x0, 0x7f, 0x0, 0xf8, 0x0, 0x0,
    0x8, 0xf0, 0xc, 0xc0, 0x0, 0x0, 0xbc, 0x0,
    0x6f, 0x40, 0x0, 0x3f, 0x60, 0x0, 0xbf, 0x85,
    0x8f, 0xc0, 0x0, 0x0, 0x7d, 0xfd, 0x80, 0x0,
    0x0, 0x0, 0x0, 0x0, 0x0, 0x0, 0x0, 0x3,
    0xf2, 0x0, 0x0, 0x0, 0x0, 0x2a, 0x10, 0x0,
    0x0,

    /* U+1ED9 "ộ" */
    0x0, 0x7, 0xf6, 0x0, 0x0, 0x6, 0xb1, 0xb5,
    0x0, 0x0, 0x0, 0x0, 0x0, 0x0, 0x5, 0xdf,
    0xd7, 0x0, 0x6, 0xf9, 0x48, 0xf8, 0x0, 0xea,
    0x0, 0x8, 0xf1, 0x2f, 0x40, 0x0, 0x2f, 0x54,
    0xf3, 0x0, 0x1, 0xf6, 0x3f, 0x40, 0x0, 0x2f,
    0x40, 0xe9, 0x0, 0x8, 0xf1, 0x6, 0xf8, 0x47,
    0xf8, 0x0, 0x6, 0xdf, 0xd6, 0x0, 0x0, 0x0,
    0x0, 0x0, 0x0, 0x0, 0x2f, 0x30, 0x0, 0x0,
    0x1, 0xa2, 0x0, 0x0,

    /* U+1EDA "Ớ" */
    0x0, 0x0, 0x3, 0xf6, 0x0, 0x0, 0x0, 0x0,
    0x1d, 0x60, 0x0, 0x0, 0x0, 0x0, 0x0, 0x0,
    0x2, 0xf2, 0x0, 0x18, 0xef, 0xd7, 0x6, 0xf0,
    0x0, 0xde, 0x75, 0x9f, 0xdf, 0x60, 0x8, 0xf2,
    0x0, 0x6, 0xf5, 0x0, 0xe, 0xa0, 0x0, 0x0,
    0xea, 0x0, 0x1f, 0x60, 0x0, 0x0, 0xad, 0x0,
    0x2f, 0x40, 0x0, 0x0, 0x9e, 0x0, 0x3f, 0x40,
    0x0, 0x0, 0x9e, 0x0, 0x1f, 0x60, 0x0, 0x0,
    0xad, 0x0, 0xe, 0xa0, 0x0, 0x0, 0xea, 0x0,
    0x8, 0xf2, 0x0, 0x5, 0xf4, 0x0, 0x0, 0xde,
    0x75, 0x8f, 0xa0, 0x0, 0x0, 0x8, 0xef, 0xd7,
    0x0, 0x0,

    /* U+1EDB "ớ" */
    0x0, 0x0, 0x2f, 0x80, 0x0, 0x0, 0x0, 0xd7,
    0x0, 0x0, 0x0, 0x0, 0x0, 0x0, 0x74, 0x0,
    0x5d, 0xfd, 0x70, 0xe4, 0x6, 0xf9, 0x48, 0xff,
    0x90, 0xe, 0xa0, 0x0, 0x8f, 0x10, 0x3f, 0x40,
    0x0, 0x2f, 0x40, 0x4f, 0x20, 0x0, 0x1f, 0x60,
    0x3f, 0x40, 0x0, 0x2f, 0x40, 0xe, 0x90, 0x0,
    0x8f, 0x10, 0x6, 0xf8, 0x47, 0xf8, 0x0, 0x0,
    0x6d, 0xfd, 0x70, 0x0,

    /* U+1EDC "Ờ" */
    0x0, 0x7, 0xf3, 0x0, 0x0, 0x0, 0x0, 0x0,
    0x6d, 0x10, 0x0, 0x0, 0x0, 0x0, 0x0, 0x0,
    0x2, 0xf2, 0x0, 0x18, 0xef, 0xd7, 0x6, 0xf0,
    0x0, 0xde, 0x75, 0x9f, 0xdf, 0x60, 0x8, 0xf2,
    0x0, 0x6, 0xf5, 0x0, 0xe, 0xa0, 0x0, 0x0,
    0xea, 0x0, 0x1f, 0x60, 0x0, 0x0, 0xad, 0x0,
    0x2f, 0x40, 0x0, 0x0, 0x9e, 0x0, 0x3f, 0x40,
    0x0, 0x0, 0x9e, 0x0, 0x1f, 0x60, 0x0, 0x0,
    0xad, 0x0, 0xe, 0xa0, 0x0, 0x0, 0xea, 0x0,
    0x8, 0xf2, 0x0, 0x5, 0xf4, 0x0, 0x0, 0xde,
    0x75, 0x8f, 0xa0, 0x0, 0x0, 0x8, 0xef, 0xd7,
    0x0, 0x0,

    /* U+1EDD "ờ" */
    0x0, 0x6f, 0x30, 0x0, 0x0, 0x0, 0x6, 0xe1,
    0x0, 0x0, 0x0, 0x0, 0x0, 0x0, 0x74, 0x0,
    0x5d, 0xfd, 0x70, 0xe4, 0x6, 0xf9, 0x48, 0xff,
    0x90, 0xe, 0xa0, 0x0, 0x8f, 0x10, 0x3f, 0x40,
    0x0, 0x2f, 0x40, 0x4f, 0x20, 0x0, 0x1f, 0x60,
    0x3f, 0x40, 0x0, 0x2f, 0x40, 0xe, 0x90, 0x0,
    0x8f, 0x10, 0x6, 0xf8, 0x47, 0xf8, 0x0, 0x0,
    0x6d, 0xfd, 0x70, 0x0,

    /* U+1EDE "Ở" */
    0x0, 0x0, 0x1d, 0x80, 0x0, 0x0, 0x0, 0x0,
    0x2, 0xf3, 0x0, 0x0, 0x0, 0x0, 0xf, 0x80,
    0x0, 0x0, 0x0, 0x0, 0x3, 0x0, 0x2, 0xf2,
    0x0, 0x18, 0xef, 0xd7, 0x6, 0xf0, 0x0, 0xde,
    0x75, 0x9f, 0xdf, 0x60, 0x8, 0xf2, 0x0, 0x6,
    0xf5, 0x0, 0xe, 0xa0, 0x0, 0x0, 0xea, 0x0,
    0x1f, 0x60, 0x0, 0x0, 0xad, 0x0, 0x2f, 0x40,
    0x0, 0x0, 0x9e, 0x0, 0x3f, 0x40, 0x0, 0x0,
    0x9e, 0x0, 0x1f, 0x60, 0x0, 0x0, 0xad, 0x0,
    0xe, 0xa0, 0x0, 0x0, 0xea, 0x0, 0x8, 0xf2,
    0x0, 0x5, 0xf4, 0x0, 0x0, 0xde, 0x75, 0x8f,
    0xa0, 0x0, 0x0, 0x8, 0xef, 0xd7, 0x0, 0x0,

    /* U+1EDF "ở" */
    0x0, 0x1, 0xd9, 0x0, 0x0, 0x0, 0x0, 0x1e,
    0x40, 0x0, 0x0, 0x0, 0xf9, 0x0, 0x0, 0x0,
    0x0, 0x30, 0x0, 0x10, 0x0, 0x0, 0x0, 0x0,
    0xc6, 0x0, 0x5d, 0xfd, 0x71, 0xe3, 0x6, 0xf9,
    0x48, 0xff, 0x80, 0xe, 0xa0, 0x0, 0x8f, 0x10,
    0x3f, 0x40, 0x0, 0x2f, 0x40, 0x4f, 0x20, 0x0,
    0x1f, 0x60, 0x3f, 0x40, 0x0, 0x2f, 0x40, 0xe,
    0x90, 0x0, 0x8f, 0x10, 0x6, 0xf8, 0x47, 0xf8,
    0x0, 0x0, 0x6d, 0xfd, 0x70, 0x0,

    /* U+1EE0 "Ỡ" */
    0x0, 0x0, 0x0, 0x1, 0x0, 0x0, 0x0, 0x9,
    0xe7, 0xe, 0x30, 0x0, 0x0, 0x2e, 0x3b, 0xfb,
    0x0, 0x10, 0x0, 0x2, 0x0, 0x10, 0x2, 0xf2,
    0x0, 0x18, 0xef, 0xd7, 0x6, 0xf0, 0x0, 0xde,
    0x75, 0x9f, 0xdf, 0x60, 0x8, 0xf2, 0x0, 0x6,
    0xf5, 0x0, 0xe, 0xa0, 0x0, 0x0, 0xea, 0x0,
    0x1f, 0x60, 0x0, 0x0, 0xad, 0x0, 0x2f, 0x40,
    0x0, 0x0, 0x9e, 0x0, 0x3f, 0x40, 0x0, 0x0,
    0x9e, 0x0, 0x1f, 0x60, 0x0, 0x0, 0xad, 0x0,
    0xe, 0xa0, 0x0, 0x0, 0xea, 0x0, 0x8, 0xf2,
    0x0, 0x5, 0xf4, 0x0, 0x0, 0xde, 0x75, 0x8f,
    0xa0, 0x0, 0x0, 0x8, 0xef, 0xd7, 0x0, 0x0,

    /* U+1EE1 "ỡ" */
    0x0, 0x0, 0x0, 0x10, 0x0, 0x0, 0xcf, 0xff,
    0xe2, 0x0, 0x0, 0x22, 0x22, 0x0, 0x10, 0x0,
    0x0, 0x0, 0x0, 0xc6, 0x0, 0x5d, 0xfd, 0x71,
    0xe3, 0x6, 0xf9, 0x48, 0xff, 0x80, 0xe, 0xa0,
    0x0, 0x8f, 0x10, 0x3f, 0x40, 0x0, 0x2f, 0x40,
    0x4f, 0x20, 0x0, 0x1f, 0x60, 0x3f, 0x40, 0x0,
    0x2f, 0x40, 0xe, 0x90, 0x0, 0x8f, 0x10, 0x6,
    0xf8, 0x47, 0xf8, 0x0, 0x0, 0x6d, 0xfd, 0x70,
    0x0,

    /* U+1EE2 "Ợ" */
    0x0, 0x0, 0x0, 0x0, 0x2, 0xf2, 0x0, 0x18,
    0xef, 0xd7, 0x6, 0xf0, 0x0, 0xde, 0x75, 0x9f,
    0xdf, 0x60, 0x8, 0xf2, 0x0, 0x6, 0xf5, 0x0,
    0xe, 0xa0, 0x0, 0x0, 0xea, 0x0, 0x1f, 0x60,
    0x0, 0x0, 0xad, 0x0, 0x2f, 0x40, 0x0, 0x0,
    0x9e, 0x0, 0x3f, 0x40, 0x0, 0x0, 0x9e, 0x0,
    0x1f, 0x60, 0x0, 0x0, 0xad, 0x0, 0xe, 0xa0,
    0x0, 0x0, 0xea, 0x0, 0x8, 0xf2, 0x0, 0x5,
    0xf4, 0x0, 0x0, 0xde, 0x75, 0x8f, 0xa0, 0x0,
    0x0, 0x8, 0xef, 0xd7, 0x0, 0x0, 0x0, 0x0,
    0x0, 0x0, 0x0, 0x0, 0x0, 0x0, 0x5e, 0x10,
    0x0, 0x0, 0x0, 0x0, 0x3a, 0x0, 0x0, 0x0,

    /* U+1EE3 "ợ" */
    0x0, 0x0, 0x0, 0x0, 0xc6, 0x0, 0x5d, 0xfd,
    0x71, 0xe3, 0x6, 0xf9, 0x48, 0xff, 0x90, 0xe,
    0xa0, 0x0, 0x8f, 0x10, 0x3f, 0x40, 0x0, 0x2f,
    0x40, 0x4f, 0x20, 0x0, 0x1f, 0x60, 0x3f, 0x40,
    0x0, 0x2f, 0x40, 0xe, 0x90, 0x0, 0x8f, 0x10,
    0x6, 0xf8, 0x47, 0xf8, 0x0, 0x0, 0x6d, 0xfd,
    0x70, 0x0, 0x0, 0x0, 0x0, 0x0, 0x0, 0x0,
    0x3, 0xe3, 0x0, 0x0, 0x0, 0x1, 0xa1, 0x0,
    0x0,

    /* U+1EE4 "Ụ" */
    0xe9, 0x0, 0x0, 0x2f, 0x5e, 0x90, 0x0, 0x2,
    0xf5, 0xe9, 0x0, 0x0, 0x2f, 0x5e, 0x90, 0x0,
    0x2, 0xf5, 0xe9, 0x0, 0x0, 0x2f, 0x5e, 0x90,
    0x0, 0x2, 0xf5, 0xe9, 0x0, 0x0, 0x2f, 0x5e,
    0x90, 0x0, 0x2, 0xf5, 0xda, 0x0, 0x0, 0x3f,
    0x4a, 0xe0, 0x0, 0x8, 0xf1, 0x3f, 0xc6, 0x59,
    0xf8, 0x0, 0x3b, 0xff, 0xc6, 0x0, 0x0, 0x0,
    0x0, 0x0, 0x0, 0x0, 0x8d, 0x0, 0x0, 0x0,
    0x5, 0x80, 0x0, 0x0,

    /* U+1EE5 "ụ" */
    0xf8, 0x0, 0xb, 0xbf, 0x80, 0x0, 0xbb, 0xf8,
    0x0, 0xb, 0xbf, 0x80, 0x0, 0xbb, 0xf8, 0x0,
    0xb, 0xbe, 0x80, 0x0, 0xbb, 0xda, 0x0, 0xd,
    0xb9, 0xf6, 0x5a, 0xfb, 0x1a, 0xfe, 0x9b, 0xb0,
    0x0, 0x0, 0x0, 0x0, 0xb9, 0x0, 0x0, 0x7,
    0x60, 0x0,

    /* U+1EE6 "Ủ" */
    0x0, 0x5, 0xd6, 0x0, 0x0, 0x0, 0x5, 0xe0,
    0x0, 0x0, 0x4, 0xe5, 0x0, 0x0, 0x0, 0x2,
    0x0, 0x0, 0xe9, 0x0, 0x0, 0x2f, 0x5e, 0x90,
    0x0, 0x2, 0xf5, 0xe9, 0x0, 0x0, 0x2f, 0x5e,
    0x90, 0x0, 0x2, 0xf5, 0xe9, 0x0, 0x0, 0x2f,
    0x5e, 0x90, 0x0, 0x2, 0xf5, 0xe9, 0x0, 0x0,
    0x2f, 0x5e, 0x90, 0x0, 0x2, 0xf5, 0xda, 0x0,
    0x0, 0x3f, 0x4a, 0xe0, 0x0, 0x8, 0xf1, 0x3f,
    0xc6, 0x59, 0xf8, 0x0, 0x3b, 0xff, 0xc6, 0x0,

    /* U+1EE7 "ủ" */
    0x0, 0x2d, 0x80, 0x0, 0x0, 0x2f, 0x20, 0x0,
    0xf, 0x70, 0x0, 0x0, 0x40, 0x0, 0x0, 0x0,
    0x0, 0xf, 0x80, 0x0, 0xbb, 0xf8, 0x0, 0xb,
    0xbf, 0x80, 0x0, 0xbb, 0xf8, 0x0, 0xb, 0xbf,
    0x80, 0x0, 0xbb, 0xe8, 0x0, 0xb, 0xbd, 0xa0,
    0x0, 0xdb, 0x9f, 0x65, 0xaf, 0xb1, 0xaf, 0xe9,
    0xbb,

    /* U+1EE8 "Ứ" */
    0x0, 0x0, 0x7, 0x50, 0x0, 0x0, 0x0, 0x0,
    0x7e, 0x10, 0x0, 0x0, 0x0, 0x1, 0xe3, 0x0,
    0x0, 0x0, 0x0, 0x0, 0x0, 0x0, 0x0, 0x0,
    0xe9, 0x0, 0x0, 0x2f, 0x51, 0xf2, 0xe9, 0x0,
    0x0, 0x2f, 0x8b, 0xd0, 0xe9, 0x0, 0x0, 0x2f,
    0xd9, 0x20, 0xe9, 0x0, 0x0, 0x2f, 0x50, 0x0,
    0xe9, 0x0, 0x0, 0x2f, 0x50, 0x0, 0xe9, 0x0,
    0x0, 0x2f, 0x50, 0x0, 0xe9, 0x0, 0x0, 0x2f,
    0x50, 0x0, 0xe9, 0x0, 0x0, 0x2f, 0x50, 0x0,
    0xda, 0x0, 0x0, 0x3f, 0x40, 0x0, 0xae, 0x0,
    0x0, 0x8f, 0x10, 0x0, 0x3f, 0xc6, 0x59, 0xf8,
    0x0, 0x0, 0x3, 0xbf, 0xfc, 0x60, 0x0, 0x0,

    /* U+1EE9 "ứ" */
    0x0, 0x2, 0xf7, 0x0, 0x0, 0x0, 0xd, 0x70,
    0x0, 0x0, 0x0, 0x0, 0x0, 0x0, 0x90, 0xf8,
    0x0, 0xb, 0xb3, 0xf0, 0xf8, 0x0, 0xb, 0xfd,
    0x50, 0xf8, 0x0, 0xb, 0xb0, 0x0, 0xf8, 0x0,
    0xb, 0xb0, 0x0, 0xf8, 0x0, 0xb, 0xb0, 0x0,
    0xe8, 0x0, 0xb, 0xb0, 0x0, 0xd9, 0x0, 0xc,
    0xb0, 0x0, 0x9e, 0x42, 0x8f, 0xb0, 0x0, 0x1a,
    0xfe, 0x9b, 0xb0, 0x0,

    /* U+1EEA "Ừ" */
    0x0, 0x67, 0x0, 0x0, 0x0, 0x0, 0x0, 0x3f,
    0x50, 0x0, 0x0, 0x0, 0x0, 0x6, 0xe0, 0x0,
    0x0, 0x0, 0x0, 0x0, 0x0, 0x0, 0x0, 0x0,
    0xe9, 0x0, 0x0, 0x2f, 0x51, 0xf2, 0xe9, 0x0,
    0x0, 0x2f, 0x8b, 0xd0, 0xe9, 0x0, 0x0, 0x2f,
    0xd9, 0x20, 0xe9, 0x0, 0x0, 0x2f, 0x50, 0x0,
    0xe9, 0x0, 0x0, 0x2f, 0x50, 0x0, 0xe9, 0x0,
    0x0, 0x2f, 0x50, 0x0, 0xe9, 0x0, 0x0, 0x2f,
    0x50, 0x0, 0xe9, 0x0, 0x0, 0x2f, 0x50, 0x0,
    0xda, 0x0, 0x0, 0x3f, 0x40, 0x0, 0xae, 0x0,
    0x0, 0x8f, 0x10, 0x0, 0x3f, 0xc6, 0x59, 0xf8,
    0x0, 0x0, 0x3, 0xbf, 0xfc, 0x60, 0x0, 0x0,

    /* U+1EEB "ừ" */
    0x6, 0xf3, 0x0, 0x0, 0x0, 0x0, 0x6e, 0x10,
    0x0, 0x0, 0x0, 0x0, 0x0, 0x0, 0x90, 0xf8,
    0x0, 0xb, 0xb3, 0xf0, 0xf8, 0x0, 0xb, 0xfd,
    0x50, 0xf8, 0x0, 0xb, 0xb0, 0x0, 0xf8, 0x0,
    0xb, 0xb0, 0x0, 0xf8, 0x0, 0xb, 0xb0, 0x0,
    0xe8, 0x0, 0xb, 0xb0, 0x0, 0xd9, 0x0, 0xc,
    0xb0, 0x0, 0x9e, 0x42, 0x8f, 0xb0, 0x0, 0x1a,
    0xfe, 0x9b, 0xb0, 0x0,

    /* U+1EEC "Ử" */
    0x0, 0x2, 0xd8, 0x0, 0x0, 0x0, 0x0, 0x0,
    0x2f, 0x20, 0x0, 0x0, 0x0, 0x1, 0xf7, 0x0,
    0x0, 0x0, 0x0, 0x0, 0x30, 0x0, 0x0, 0x0,
    0xe9, 0x0, 0x0, 0x2f, 0x51, 0xf2, 0xe9, 0x0,
    0x0, 0x2f, 0x8b, 0xd0, 0xe9, 0x0, 0x0, 0x2f,
    0xd9, 0x20, 0xe9, 0x0, 0x0, 0x2f, 0x50, 0x0,
    0xe9, 0x0, 0x0, 0x2f, 0x50, 0x0, 0xe9, 0x0,
    0x0, 0x2f, 0x50, 0x0, 0xe9, 0x0, 0x0, 0x2f,
    0x50, 0x0, 0xe9, 0x0, 0x0, 0x2f, 0x50, 0x0,
    0xda, 0x0, 0x0, 0x3f, 0x40, 0x0, 0xae, 0x0,
    0x0, 0x8f, 0x10, 0x0, 0x3f, 0xc6, 0x59, 0xf8,
    0x0, 0x0, 0x3, 0xbf, 0xfc, 0x60, 0x0, 0x0,

    /* U+1EED "ử" */
    0x0, 0x1d, 0x70, 0x0, 0x0, 0x0, 0x1, 0xe2,
    0x0, 0x0, 0x0, 0x1, 0xe3, 0x0, 0x0, 0x0,
    0xf, 0x70, 0x0, 0x0, 0x0, 0x3, 0x0, 0x0,
    0x60, 0xf8, 0x0, 0xb, 0xb2, 0xf0, 0xf8, 0x0,
    0xb, 0xfd, 0x50, 0xf8, 0x0, 0xb, 0xb0, 0x0,
    0xf8, 0x0, 0xb, 0xb0, 0x0, 0xf8, 0x0, 0xb,
    0xb0, 0x0, 0xe8, 0x0, 0xb, 0xb0, 0x0, 0xd9,
    0x0, 0xc, 0xb0, 0x0, 0x9e, 0x42, 0x8f, 0xb0,
    0x0, 0x1a, 0xfe, 0x9b, 0xb0, 0x0,

    /* U+1EEE "Ữ" */
    0x0, 0x0, 0x0, 0x10, 0x0, 0x0, 0x0, 0xae,
    0x61, 0xe1, 0x0, 0x0, 0x3, 0xd3, 0xbf, 0xa0,
    0x0, 0x0, 0x0, 0x10, 0x1, 0x0, 0x0, 0x0,
    0xe9, 0x0, 0x0, 0x2f, 0x51, 0xf2, 0xe9, 0x0,
    0x0, 0x2f, 0x8b, 0xd0, 0xe9, 0x0, 0x0, 0x2f,
    0xd9, 0x20, 0xe9, 0x0, 0x0, 0x2f, 0x50, 0x0,
    0xe9, 0x0, 0x0, 0x2f, 0x50, 0x0, 0xe9, 0x0,
    0x0, 0x2f, 0x50, 0x0, 0xe9, 0x0, 0x0, 0x2f,
    0x50, 0x0, 0xe9, 0x0, 0x0, 0x2f, 0x50, 0x0,
    0xda, 0x0, 0x0, 0x3f, 0x40, 0x0, 0xae, 0x0,
    0x0, 0x8f, 0x10, 0x0, 0x3f, 0xc6, 0x59, 0xf8,
    0x0, 0x0, 0x3, 0xbf, 0xfc, 0x60, 0x0, 0x0,

    /* U+1EEF "ữ" */
    0x0, 0x0, 0x1, 0x0, 0x0, 0x8, 0xf8, 0xd,
    0x30, 0x0, 0x1e, 0x3a, 0xfc, 0x0, 0x0, 0x2,
    0x0, 0x10, 0x0, 0x70, 0xf8, 0x0, 0xb, 0xb2,
    0xf0, 0xf8, 0x0, 0xb, 0xfd, 0x50, 0xf8, 0x0,
    0xb, 0xb0, 0x0, 0xf8, 0x0, 0xb, 0xb0, 0x0,
    0xf8, 0x0, 0xb, 0xb0, 0x0, 0xe8, 0x0, 0xb,
    0xb0, 0x0, 0xd9, 0x0, 0xc, 0xb0, 0x0, 0x9e,
    0x42, 0x8f, 0xb0, 0x0, 0x1a, 0xfe, 0x9b, 0xb0,
    0x0,

    /* U+1EF0 "Ự" */
    0xe9, 0x0, 0x0, 0x2f, 0x51, 0xf2, 0xe9, 0x0,
    0x0, 0x2f, 0x8b, 0xd0, 0xe9, 0x0, 0x0, 0x2f,
    0xd9, 0x20, 0xe9, 0x0, 0x0, 0x2f, 0x50, 0x0,
    0xe9, 0x0, 0x0, 0x2f, 0x50, 0x0, 0xe9, 0x0,
    0x0, 0x2f, 0x50, 0x0, 0xe9, 0x0, 0x0, 0x2f,
    0x50, 0x0, 0xe9, 0x0, 0x0, 0x2f, 0x50, 0x0,
    0xda, 0x0, 0x0, 0x3f, 0x40, 0x0, 0xae, 0x0,
    0x0, 0x8f, 0x10, 0x0, 0x3f, 0xc6, 0x59, 0xf8,
    0x0, 0x0, 0x3, 0xbf, 0xfc, 0x60, 0x0, 0x0,
    0x0, 0x0, 0x0, 0x0, 0x0, 0x0, 0x0, 0x5,
    0xe1, 0x0, 0x0, 0x0, 0x0, 0x3, 0xa0, 0x0,
    0x0, 0x0,

    /* U+1EF1 "ự" */
    0x0, 0x0, 0x0, 0x0, 0x70, 0xf8, 0x0, 0xb,
    0xb2, 0xf0, 0xf8, 0x0, 0xb, 0xfd, 0x50, 0xf8,
    0x0, 0xb, 0xb0, 0x0, 0xf8, 0x0, 0xb, 0xb0,
    0x0, 0xf8, 0x0, 0xb, 0xb0, 0x0, 0xe8, 0x0,
    0xb, 0xb0, 0x0, 0xd9, 0x0, 0xc, 0xb0, 0x0,
    0x9e, 0x42, 0x8f, 0xb0, 0x0, 0x1a, 0xfe, 0x9b,
    0xb0, 0x0, 0x0, 0x0, 0x0, 0x0, 0x0, 0x0,
    0x5e, 0x10, 0x0, 0x0, 0x0, 0x3a, 0x0, 0x0,
    0x0,

    /* U+1EF2 "Ỳ" */
    0x0, 0x3f, 0x70, 0x0, 0x0, 0x0, 0x6, 0xf1,
    0x0, 0x0, 0x0, 0x0, 0x64, 0x0, 0x0, 0x9f,
    0x10, 0x0, 0x7, 0xf3, 0x1f, 0x90, 0x0, 0xe,
    0xa0, 0x9, 0xf1, 0x0, 0x7f, 0x20, 0x1, 0xf9,
    0x0, 0xea, 0x0, 0x0, 0x8f, 0x17, 0xf2, 0x0,
    0x0, 0x1f, 0x9e, 0x90, 0x0, 0x0, 0x7, 0xff,
    0x10, 0x0, 0x0, 0x0, 0xf9, 0x0, 0x0, 0x0,
    0x0, 0xf8, 0x0, 0x0, 0x0, 0x0, 0xf8, 0x0,
    0x0, 0x0, 0x0, 0xf8, 0x0, 0x0, 0x0, 0x0,
    0xf8, 0x0, 0x0,

    /* U+1EF3 "ỳ" */
    0x1, 0xda, 0x0, 0x0, 0x0, 0x1c, 0x60, 0x0,
    0x0, 0x0, 0x0, 0x0, 0xae, 0x0, 0x5, 0xf3,
    0x4f, 0x30, 0x9, 0xd0, 0xe, 0x80, 0xe, 0x80,
    0x9, 0xd0, 0x3f, 0x20, 0x3, 0xf2, 0x8d, 0x0,
    0x0, 0xd8, 0xc7, 0x0, 0x0, 0x8e, 0xf2, 0x0,
    0x0, 0x2f, 0xc0, 0x0, 0x0, 0xe, 0x70, 0x0,
    0x0, 0x3f, 0x10, 0x0, 0x16, 0xda, 0x0, 0x0,
    0x5f, 0xb1, 0x0, 0x0,

    /* U+1EF4 "Ỵ" */
    0x9f, 0x10, 0x0, 0x7, 0xf3, 0x1f, 0x90, 0x0,
    0xe, 0xa0, 0x9, 0xf1, 0x0, 0x7f, 0x20, 0x1,
    0xf9, 0x0, 0xea, 0x0, 0x0, 0x8f, 0x17, 0xf2,
    0x0, 0x0, 0x1f, 0x9e, 0x90, 0x0, 0x0, 0x7,
    0xff, 0x10, 0x0, 0x0, 0x0, 0xf9, 0x0, 0x0,
    0x0, 0x0, 0xf8, 0x0, 0x0, 0x0, 0x0, 0xf8,
    0x0, 0x0, 0x0, 0x0, 0xf8, 0x0, 0x0, 0x0,
    0x0, 0xf8, 0x0, 0x0, 0x0, 0x0, 0x0, 0x0,
    0x0, 0x0, 0x0, 0xe6, 0x0, 0x0, 0x0, 0x0,
    0x94, 0x0, 0x0,

    /* U+1EF5 "ỵ" */
    0xae, 0x0, 0x5, 0xf3, 0x4f, 0x30, 0x9, 0xd0,
    0xe, 0x80, 0xe, 0x80, 0x9, 0xd0, 0x3f, 0x20,
    0x3, 0xf2, 0x8d, 0x0, 0x0, 0xd8, 0xc7, 0x0,
    0x0, 0x8e, 0xf2, 0x0, 0x0, 0x2f, 0xc0, 0x0,
    0x0, 0xe, 0x70, 0x0, 0x0, 0x3f, 0x10, 0x0,
    0x16, 0xda, 0x4, 0x0, 0x5f, 0xb1, 0x4f, 0x40,
    0x0, 0x0, 0x8, 0x10,

    /* U+1EF6 "Ỷ" */
    0x0, 0x0, 0xbb, 0x20, 0x0, 0x0, 0x0, 0xb,
    0x80, 0x0, 0x0, 0x0, 0xab, 0x10, 0x0, 0x0,
    0x0, 0x21, 0x0, 0x0, 0x9f, 0x10, 0x0, 0x7,
    0xf3, 0x1f, 0x90, 0x0, 0xe, 0xa0, 0x9, 0xf1,
    0x0, 0x7f, 0x20, 0x1, 0xf9, 0x0, 0xea, 0x0,
    0x0, 0x8f, 0x17, 0xf2, 0x0, 0x0, 0x1f, 0x9e,
    0x90, 0x0, 0x0, 0x7, 0xff, 0x10, 0x0, 0x0,
    0x0, 0xf9, 0x0, 0x0, 0x0, 0x0, 0xf8, 0x0,
    0x0, 0x0, 0x0, 0xf8, 0x0, 0x0, 0x0, 0x0,
    0xf8, 0x0, 0x0, 0x0, 0x0, 0xf8, 0x0, 0x0,

    /* U+1EF7 "ỷ" */
    0x0, 0x9, 0xc3, 0x0, 0x0, 0x0, 0x9a, 0x0,
    0x0, 0x8, 0xd3, 0x0, 0x0, 0x2, 0x20, 0x0,
    0x0, 0x0, 0x0, 0x0, 0xae, 0x0, 0x5, 0xf3,
    0x4f, 0x30, 0x9, 0xd0, 0xe, 0x80, 0xe, 0x80,
    0x9, 0xd0, 0x3f, 0x20, 0x3, 0xf2, 0x8d, 0x0,
    0x0, 0xd8, 0xc7, 0x0, 0x0, 0x8e, 0xf2, 0x0,
    0x0, 0x2f, 0xc0, 0x0, 0x0, 0xe, 0x70, 0x0,
    0x0, 0x3f, 0x10, 0x0, 0x16, 0xda, 0x0, 0x0,
    0x5f, 0xb1, 0x0, 0x0,

    /* U+1EF8 "Ỹ" */
    0x0, 0x0, 0x0, 0x0, 0x0, 0x0, 0x4e, 0xa1,
    0x98, 0x0, 0x0, 0xd6, 0x7f, 0xe2, 0x0, 0x0,
    0x20, 0x1, 0x0, 0x0, 0x9f, 0x10, 0x0, 0x7,
    0xf3, 0x1f, 0x90, 0x0, 0xe, 0xa0, 0x9, 0xf1,
    0x0, 0x7f, 0x20, 0x1, 0xf9, 0x0, 0xea, 0x0,
    0x0, 0x8f, 0x17, 0xf2, 0x0, 0x0, 0x1f, 0x9e,
    0x90, 0x0, 0x0, 0x7, 0xff, 0x10, 0x0, 0x0,
    0x0, 0xf9, 0x0, 0x0, 0x0, 0x0, 0xf8, 0x0,
    0x0, 0x0, 0x0, 0xf8, 0x0, 0x0, 0x0, 0x0,
    0xf8, 0x0, 0x0, 0x0, 0x0, 0xf8, 0x0, 0x0,

    /* U+1EF9 "ỹ" */
    0x0, 0x0, 0x0, 0x0, 0x6, 0xff, 0xff, 0x70,
    0x1, 0x22, 0x21, 0x0, 0x0, 0x0, 0x0, 0x0,
    0xae, 0x0, 0x5, 0xf3, 0x4f, 0x30, 0x9, 0xd0,
    0xe, 0x80, 0xe, 0x80, 0x9, 0xd0, 0x3f, 0x20,
    0x3, 0xf2, 0x8d, 0x0, 0x0, 0xd8, 0xc7, 0x0,
    0x0, 0x8e, 0xf2, 0x0, 0x0, 0x2f, 0xc0, 0x0,
    0x0, 0xe, 0x70, 0x0, 0x0, 0x3f, 0x10, 0x0,
    0x16, 0xda, 0x0, 0x0, 0x5f, 0xb1, 0x0, 0x0,

    /* U+1EFA "Ỻ" */
    0xad, 0xb, 0xc0, 0x0, 0x0, 0xa, 0xd0, 0xbc,
    0x0, 0x0, 0x0, 0xad, 0xb, 0xc0, 0x0, 0x0,
    0xa, 0xd0, 0xbc, 0x0, 0x0, 0x0, 0xad, 0xb,
    0xc0, 0x0, 0x0, 0xa, 0xd0, 0xbc, 0x0, 0x0,
    0x0, 0xad, 0xb, 0xc0, 0x0, 0x0, 0xa, 0xd0,
    0xbc, 0x0, 0x0, 0x0, 0xad, 0xb, 0xc0, 0x0,
    0x0, 0xa, 0xd0, 0xbc, 0x0, 0x0, 0x0, 0xae,
    0x4f, 0xf9, 0x95, 0x44, 0xa, 0xff, 0xff, 0xff,
    0xff, 0xf3,

    /* U+1EFB "ỻ" */
    0x5, 0xf2, 0xac, 0x0, 0xdf, 0xff, 0xff, 0xf4,
    0x27, 0xf5, 0xbd, 0x31, 0x5, 0xf2, 0xac, 0x0,
    0x5, 0xf2, 0xac, 0x0, 0x5, 0xf2, 0xac, 0x0,
    0x5, 0xf2, 0xac, 0x0, 0x5, 0xf2, 0xac, 0x0,
    0x5, 0xf2, 0xac, 0x0, 0x5, 0xf2, 0xac, 0x0,
    0x5, 0xf2, 0xac, 0x0, 0x5, 0xf2, 0xac, 0x0,

    /* U+1EFC "Ỽ" */
    0x0, 0x0, 0x0, 0x0, 0x0, 0x0, 0x2a, 0xd0,
    0x0, 0x0, 0x5f, 0xd7, 0x0, 0x0, 0x1f, 0xb0,
    0x0, 0x0, 0x8, 0xf1, 0x0, 0x0, 0x0, 0xda,
    0x3, 0xd4, 0x0, 0xf, 0x80, 0x1a, 0xf3, 0x0,
    0xf6, 0x0, 0xc, 0xc0, 0xf, 0x60, 0x0, 0x6f,
    0x0, 0xe8, 0x0, 0x5, 0xf0, 0xa, 0xd0, 0x0,
    0x9e, 0x0, 0x2f, 0xb4, 0x7f, 0x70, 0x0, 0x4c,
    0xfd, 0x70, 0x0,

    /* U+1EFD "ỽ" */
    0x0, 0x0, 0x66, 0x0, 0x0, 0xa, 0xf6, 0x0,
    0x0, 0x9f, 0x30, 0x0, 0x3, 0xf5, 0x0, 0x0,
    0xa, 0xd0, 0x0, 0x0, 0xf, 0x70, 0x7c, 0x20,
    0x2f, 0x50, 0x3c, 0xe1, 0x3f, 0x30, 0x1, 0xe9,
    0x3f, 0x30, 0x0, 0xac, 0x1f, 0x50, 0x0, 0x9d,
    0xd, 0xa0, 0x0, 0xcb, 0x5, 0xf9, 0x49, 0xf4,
    0x0, 0x6d, 0xfc, 0x50,

    /* U+1EFE "Ỿ" */
    0xe, 0xb0, 0x0, 0x0, 0xdd, 0x0, 0x7f, 0x30,
    0x0, 0x4f, 0x50, 0x0, 0xea, 0x0, 0xb, 0xe0,
    0x0, 0x7, 0xf2, 0x2, 0xf6, 0x0, 0x0, 0x1f,
    0x90, 0x9e, 0x0, 0x0, 0x0, 0x8f, 0x2f, 0x80,
    0x0, 0x0, 0x2, 0xfe, 0xf1, 0x0, 0x0, 0xaf,
    0xff, 0xf9, 0x0, 0x0, 0x8e, 0x57, 0xff, 0x20,
    0x0, 0xb, 0x90, 0xe, 0xa0, 0x0, 0x0, 0x8f,
    0x79, 0xf3, 0x0, 0x0, 0x0, 0x9f, 0xe5, 0x0,
    0x0, 0x0,

    /* U+1EFF "ỿ" */
    0x4, 0xf5, 0x0, 0xf, 0x90, 0xe, 0xa0, 0x5,
    0xf3, 0x0, 0x9e, 0x0, 0xae, 0x0, 0x4, 0xf3,
    0xe, 0x90, 0x0, 0xe, 0x83, 0xf3, 0x0, 0x0,
    0x9d, 0x8e, 0x0, 0x0, 0x3, 0xfe, 0x90, 0x0,
    0xaf, 0xff, 0xf3, 0x0, 0x9e, 0x57, 0xfe, 0x0,
    0xc, 0x90, 0xe, 0x80, 0x0, 0x9e, 0x79, 0xf2,
    0x0, 0x0, 0xaf, 0xe5, 0x0, 0x0,

    /* U+F000 "" */
    0xb, 0xff, 0xff, 0xff, 0xff, 0xff, 0xff, 0xff,
    0xb0, 0xd, 0xff, 0xff, 0xff, 0xff, 0xff, 0xff,
    0xff, 0xd0, 0x2, 0xef, 0xff, 0xff, 0xff, 0xff,
    0xff, 0xfe, 0x10, 0x0, 0x2e, 0xff, 0xff, 0xff,
    0xff, 0xff, 0xe1, 0x0, 0x0, 0x2, 0xef, 0xff,
    0xff, 0xff, 0xfe, 0x10, 0x0, 0x0, 0x0, 0x2e,
    0xff, 0xff, 0xff, 0xe1, 0x0, 0x0, 0x0, 0x0,
    0x2, 0xef, 0xff, 0xfe, 0x10, 0x0, 0x0, 0x0,
    0x0, 0x0, 0x2e, 0xff, 0xe1, 0x0, 0x0, 0x0,
    0x0, 0x0, 0x0, 0x2, 0xff, 0x10, 0x0, 0x0,
    0x0, 0x0, 0x0, 0x0, 0x0, 0xff, 0x0, 0x0,
    0x0, 0x0, 0x0, 0x0, 0x0, 0x0, 0xff, 0x0,
    0x0, 0x0, 0x0, 0x0, 0x0, 0x0, 0x0, 0xff,
    0x0, 0x0, 0x0, 0x0, 0x0, 0x0, 0x0, 0x0,
    0xff, 0x0, 0x0, 0x0, 0x0, 0x0, 0x0, 0x0,
    0x0, 0xff, 0x0, 0x0, 0x0, 0x0, 0x0, 0x0,
    0x3, 0x78, 0xff, 0x87, 0x30, 0x0, 0x0, 0x0,
    0x0, 0xe, 0xff, 0xff, 0xff, 0xe0, 0x0, 0x0,

    /* U+F001 "" */
    0x0, 0x0, 0x0, 0x0, 0x0, 0x0, 0x0, 0x0,
    0x0, 0x0, 0x0, 0x0, 0x0, 0x0, 0x49, 0xdc,
    0x0, 0x0, 0x0, 0x0, 0x16, 0xbf, 0xff, 0xff,
    0x0, 0x0, 0x3, 0x8d, 0xff, 0xff, 0xff, 0xff,
    0x0, 0x0, 0xcf, 0xff, 0xff, 0xff, 0xff, 0xff,
    0x0, 0x0, 0xff, 0xff, 0xff, 0xff, 0xc7, 0xff,
    0x0, 0x0, 0xff, 0xff, 0xfa, 0x51, 0x0, 0xff,
    0x0, 0x0, 0xff, 0x84, 0x0, 0x0, 0x0, 0xff,
    0x0, 0x0, 0xff, 0x0, 0x0, 0x0, 0x0, 0xff,
    0x0, 0x0, 0xff, 0x0, 0x0, 0x0, 0x0, 0xff,
    0x0, 0x0, 0xff, 0x0, 0x0, 0x0, 0x0, 0xff,
    0x0, 0x0, 0xff, 0x0, 0x0, 0x2b, 0xee, 0xff,
    0x0, 0x0, 0xff, 0x0, 0x0, 0xdf, 0xff, 0xff,
    0x2b, 0xee, 0xff, 0x0, 0x0, 0xdf, 0xff, 0xfd,
    0xdf, 0xff, 0xff, 0x0, 0x0, 0x2b, 0xff, 0xb2,
    0xdf, 0xff, 0xfd, 0x0, 0x0, 0x0, 0x0, 0x0,
    0x2b, 0xff, 0xb2, 0x0, 0x0, 0x0, 0x0, 0x0,

    /* U+F002 "" */
    0x0, 0x3, 0xae, 0xfe, 0xa3, 0x0, 0x0, 0x0,
    0x0, 0x9f, 0xff, 0xff, 0xff, 0x90, 0x0, 0x0,
    0x9, 0xff, 0xfa, 0x8a, 0xff, 0xf9, 0x0, 0x0,
    0x3f, 0xfc, 0x10, 0x0, 0x1c, 0xff, 0x30, 0x0,
    0xaf, 0xf1, 0x0, 0x0, 0x1, 0xff, 0xa0, 0x0,
    0xef, 0xa0, 0x0, 0x0, 0x0, 0xaf, 0xe0, 0x0,
    0xff, 0x80, 0x0, 0x0, 0x0, 0x8f, 0xf0, 0x0,
    0xef, 0xa0, 0x0, 0x0, 0x0, 0xaf, 0xe0, 0x0,
    0xaf, 0xf1, 0x0, 0x0, 0x1, 0xff, 0xa0, 0x0,
    0x4f, 0xfc, 0x10, 0x0, 0x1c, 0xff, 0x40, 0x0,
    0x9, 0xff, 0xfa, 0x8a, 0xff, 0xfe, 0x40, 0x0,
    0x0, 0x9f, 0xff, 0xff, 0xff, 0xef, 0xf6, 0x0,
    0x0, 0x4, 0xae, 0xfe, 0xa4, 0x4f, 0xff, 0x60,
    0x0, 0x0, 0x0, 0x0, 0x0, 0x7, 0xff, 0xf6,
    0x0, 0x0, 0x0, 0x0, 0x0, 0x0, 0x7f, 0xfe,
    0x0, 0x0, 0x0, 0x0, 0x0, 0x0, 0x6, 0xe3,

    /* U+F004 "" */
    0x0, 0x0, 0x0, 0x0, 0x0, 0x0, 0x0, 0x0,
    0x0, 0x0, 0x19, 0xef, 0xc4, 0x0, 0x4c, 0xfe,
    0x91, 0x0, 0x1, 0xdf, 0xff, 0xff, 0x77, 0xff,
    0xff, 0xfd, 0x10, 0x9, 0xff, 0xff, 0xff, 0xff,
    0xff, 0xff, 0xff, 0x90, 0xe, 0xff, 0xff, 0xff,
    0xff, 0xff, 0xff, 0xff, 0xe0, 0xf, 0xff, 0xff,
    0xff, 0xff, 0xff, 0xff, 0xff, 0xf0, 0xd, 0xff,
    0xff, 0xff, 0xff, 0xff, 0xff, 0xff, 0xd0, 0x7,
    0xff, 0xff, 0xff, 0xff, 0xff, 0xff, 0xff, 0x70,
    0x0, 0xaf, 0xff, 0xff, 0xff, 0xff, 0xff, 0xfa,
    0x0, 0x0, 0xb, 0xff, 0xff, 0xff, 0xff, 0xff,
    0xb0, 0x0, 0x0, 0x0, 0xbf, 0xff, 0xff, 0xff,
    0xfb, 0x0, 0x0, 0x0, 0x0, 0xc, 0xff, 0xff,
    0xff, 0xc0, 0x0, 0x0, 0x0, 0x0, 0x0, 0xcf,
    0xff, 0xfc, 0x0, 0x0, 0x0, 0x0, 0x0, 0x0,
    0x1c, 0xff, 0xc0, 0x0, 0x0, 0x0, 0x0, 0x0,
    0x0, 0x1, 0xcc, 0x10, 0x0, 0x0, 0x0,

    /* U+F005 "" */
    0x0, 0x0, 0x0, 0x0, 0xcc, 0x0, 0x0, 0x0,
    0x0, 0x0, 0x0, 0x0, 0x5, 0xff, 0x50, 0x0,
    0x0, 0x0, 0x0, 0x0, 0x0, 0xd, 0xff, 0xd0,
    0x0, 0x0, 0x0, 0x0, 0x0, 0x0, 0x5f, 0xff,
    0xf5, 0x0, 0x0, 0x0, 0x0, 0x0, 0x13, 0xdf,
    0xff, 0xfd, 0x31, 0x0, 0x0, 0x19, 0xce, 0xff,
    0xff, 0xff, 0xff, 0xff, 0xec, 0x91, 0x4f, 0xff,
    0xff, 0xff, 0xff, 0xff, 0xff, 0xff, 0xf4, 0x9,
    0xff, 0xff, 0xff, 0xff, 0xff, 0xff, 0xff, 0x90,
    0x0, 0x9f, 0xff, 0xff, 0xff, 0xff, 0xff, 0xf9,
    0x0, 0x0, 0x8, 0xff, 0xff, 0xff, 0xff, 0xff,
    0x80, 0x0, 0x0, 0x0, 0xdf, 0xff, 0xff, 0xff,
    0xfd, 0x0, 0x0, 0x0, 0x0, 0xff, 0xff, 0xff,
    0xff, 0xff, 0x0, 0x0, 0x0, 0x2, 0xff, 0xff,
    0xff, 0xff, 0xff, 0x20, 0x0, 0x0, 0x4, 0xff,
    0xff, 0xff, 0xff, 0xff, 0x40, 0x0, 0x0, 0x7,
    0xff, 0xf8, 0x11, 0x8f, 0xff, 0x70, 0x0, 0x0,
    0x5, 0xe9, 0x10, 0x0, 0x1, 0x9e, 0x50, 0x0,
    0x0, 0x0, 0x0, 0x0, 0x0, 0x0, 0x0, 0x0,
    0x0,

    /* U+F007 "" */
    0x0, 0x0, 0x2b, 0xff, 0xb2, 0x0, 0x0, 0x0,
    0x2, 0xef, 0xff, 0xfe, 0x20, 0x0, 0x0, 0xb,
    0xff, 0xff, 0xff, 0xb0, 0x0, 0x0, 0xf, 0xff,
    0xff, 0xff, 0xf0, 0x0, 0x0, 0xf, 0xff, 0xff,
    0xff, 0xf0, 0x0, 0x0, 0xb, 0xff, 0xff, 0xff,
    0xb0, 0x0, 0x0, 0x2, 0xef, 0xff, 0xfe, 0x20,
    0x0, 0x0, 0x0, 0x2b, 0xff, 0xb2, 0x0, 0x0,
    0x0, 0x0, 0x0, 0x0, 0x0, 0x0, 0x0, 0x1,
    0x9e, 0xfb, 0x88, 0xbf, 0xe9, 0x10, 0x1e, 0xff,
    0xff, 0xff, 0xff, 0xff, 0xe1, 0x9f, 0xff, 0xff,
    0xff, 0xff, 0xff, 0xf9, 0xef, 0xff, 0xff, 0xff,
    0xff, 0xff, 0xfe, 0xff, 0xff, 0xff, 0xff, 0xff,
    0xff, 0xff, 0xff, 0xff, 0xff, 0xff, 0xff, 0xff,
    0xff, 0x8f, 0xff, 0xff, 0xff, 0xff, 0xff, 0xf8,

    /* U+F008 "" */
    0xd0, 0xf, 0xff, 0xff, 0xff, 0xff, 0xf0, 0xd,
    0xff, 0xff, 0xc8, 0x88, 0x88, 0x8c, 0xff, 0xff,
    0xf0, 0xf, 0x80, 0x0, 0x0, 0x8, 0xf0, 0xf,
    0xf0, 0xf, 0x80, 0x0, 0x0, 0x8, 0xf0, 0xf,
    0xff, 0xff, 0x80, 0x0, 0x0, 0x8, 0xff, 0xff,
    0xf0, 0xf, 0xec, 0xcc, 0xcc, 0xce, 0xf0, 0xf,
    0xf0, 0xf, 0xec, 0xcc, 0xcc, 0xce, 0xf0, 0xf,
    0xff, 0xff, 0x80, 0x0, 0x0, 0x8, 0xff, 0xff,
    0xf0, 0xf, 0x80, 0x0, 0x0, 0x8, 0xf0, 0xf,
    0xf0, 0xf, 0x80, 0x0, 0x0, 0x8, 0xf0, 0xf,
    0xff, 0xff, 0xc8, 0x88, 0x88, 0x8c, 0xff, 0xff,
    0xd0, 0xf, 0xff, 0xff, 0xff, 0xff, 0xf0, 0xd,

    /* U+F009 "" */
    0xdf, 0xff, 0xff, 0xf5, 0x5f, 0xff, 0xff, 0xfd,
    0xff, 0xff, 0xff, 0xf8, 0x8f, 0xff, 0xff, 0xff,
    0xff, 0xff, 0xff, 0xf8, 0x8f, 0xff, 0xff, 0xff,
    0xff, 0xff, 0xff, 0xf8, 0x8f, 0xff, 0xff, 0xff,
    0xff, 0xff, 0xff, 0xf8, 0x8f, 0xff, 0xff, 0xff,
    0xff, 0xff, 0xff, 0xf7, 0x7f, 0xff, 0xff, 0xff,
    0x58, 0x88, 0x88, 0x71, 0x17, 0x88, 0x88, 0x85,
    0x58, 0x88, 0x88, 0x71, 0x17, 0x88, 0x88, 0x85,
    0xff, 0xff, 0xff, 0xf7, 0x7f, 0xff, 0xff, 0xff,
    0xff, 0xff, 0xff, 0xf8, 0x8f, 0xff, 0xff, 0xff,
    0xff, 0xff, 0xff, 0xf8, 0x8f, 0xff, 0xff, 0xff,
    0xff, 0xff, 0xff, 0xf8, 0x8f, 0xff, 0xff, 0xff,
    0xff, 0xff, 0xff, 0xf8, 0x8f, 0xff, 0xff, 0xff,
    0xdf, 0xff, 0xff, 0xf5, 0x5f, 0xff, 0xff, 0xfd,

    /* U+F00A "" */
    0xdf, 0xff, 0x70, 0xef, 0xff, 0x62, 0xff, 0xff,
    0x4f, 0xff, 0xfa, 0x2f, 0xff, 0xf9, 0x4f, 0xff,
    0xf6, 0xff, 0xff, 0xa2, 0xff, 0xff, 0x94, 0xff,
    0xff, 0x6d, 0xff, 0xf7, 0xe, 0xff, 0xf6, 0x2f,
    0xff, 0xf4, 0x0, 0x0, 0x0, 0x0, 0x0, 0x0,
    0x0, 0x0, 0xd, 0xff, 0xf7, 0xe, 0xff, 0xf6,
    0x2f, 0xff, 0xf4, 0xff, 0xff, 0xa2, 0xff, 0xff,
    0x94, 0xff, 0xff, 0x6f, 0xff, 0xfa, 0x2f, 0xff,
    0xf9, 0x4f, 0xff, 0xf6, 0xdf, 0xff, 0x70, 0xef,
    0xff, 0x62, 0xff, 0xff, 0x40, 0x0, 0x0, 0x0,
    0x0, 0x0, 0x0, 0x0, 0x0, 0xdf, 0xff, 0x70,
    0xef, 0xff, 0x62, 0xff, 0xff, 0x4f, 0xff, 0xfa,
    0x2f, 0xff, 0xf9, 0x4f, 0xff, 0xf6, 0xff, 0xff,
    0xa2, 0xff, 0xff, 0x94, 0xff, 0xff, 0x6d, 0xff,
    0xf7, 0xe, 0xff, 0xf6, 0x2f, 0xff, 0xf4,

    /* U+F00B "" */
    0xdf, 0xff, 0x73, 0xff, 0xff, 0xff, 0xff, 0xfd,
    0xff, 0xff, 0xa5, 0xff, 0xff, 0xff, 0xff, 0xff,
    0xff, 0xff, 0xa5, 0xff, 0xff, 0xff, 0xff, 0xff,
    0xdf, 0xff, 0x73, 0xff, 0xff, 0xff, 0xff, 0xfd,
    0x0, 0x0, 0x0, 0x0, 0x0, 0x0, 0x0, 0x0,
    0xdf, 0xff, 0x73, 0xff, 0xff, 0xff, 0xff, 0xfd,
    0xff, 0xff, 0xa5, 0xff, 0xff, 0xff, 0xff, 0xff,
    0xff, 0xff, 0xa5, 0xff, 0xff, 0xff, 0xff, 0xff,
    0xdf, 0xff, 0x73, 0xff, 0xff, 0xff, 0xff, 0xfd,
    0x0, 0x0, 0x0, 0x0, 0x0, 0x0, 0x0, 0x0,
    0xdf, 0xff, 0x73, 0xff, 0xff, 0xff, 0xff, 0xfd,
    0xff, 0xff, 0xa5, 0xff, 0xff, 0xff, 0xff, 0xff,
    0xff, 0xff, 0xa5, 0xff, 0xff, 0xff, 0xff, 0xff,
    0xdf, 0xff, 0x73, 0xff, 0xff, 0xff, 0xff, 0xfd,

    /* U+F00C "" */
    0x0, 0x0, 0x0, 0x0, 0x0, 0x0, 0xa, 0xb1,
    0x0, 0x0, 0x0, 0x0, 0x0, 0x0, 0xbf, 0xfc,
    0x0, 0x0, 0x0, 0x0, 0x0, 0xb, 0xff, 0xfb,
    0x0, 0x0, 0x0, 0x0, 0x0, 0xbf, 0xff, 0xc0,
    0x1b, 0xa0, 0x0, 0x0, 0xb, 0xff, 0xfc, 0x0,
    0xcf, 0xfb, 0x0, 0x0, 0xbf, 0xff, 0xc0, 0x0,
    0xbf, 0xff, 0xb0, 0xb, 0xff, 0xfc, 0x0, 0x0,
    0xc, 0xff, 0xfb, 0xbf, 0xff, 0xc0, 0x0, 0x0,
    0x0, 0xcf, 0xff, 0xff, 0xfb, 0x0, 0x0, 0x0,
    0x0, 0xc, 0xff, 0xff, 0xb0, 0x0, 0x0, 0x0,
    0x0, 0x0, 0xbf, 0xfb, 0x0, 0x0, 0x0, 0x0,
    0x0, 0x0, 0xb, 0xb0, 0x0, 0x0, 0x0, 0x0,

    /* U+F00D "" */
    0x3, 0x0, 0x0, 0x0, 0x3, 0x8, 0xfc, 0x10,
    0x0, 0x1c, 0xf8, 0xff, 0xfc, 0x10, 0x1c, 0xff,
    0xf5, 0xff, 0xfc, 0x2c, 0xff, 0xf5, 0x5, 0xff,
    0xff, 0xff, 0xf5, 0x0, 0x5, 0xff, 0xff, 0xf5,
    0x0, 0x0, 0x1d, 0xff, 0xfd, 0x10, 0x0, 0x1c,
    0xff, 0xff, 0xfc, 0x10, 0x1c, 0xff, 0xf9, 0xff,
    0xfc, 0x1c, 0xff, 0xf5, 0x5, 0xff, 0xfc, 0xdf,
    0xf5, 0x0, 0x5, 0xff, 0xd1, 0xa4, 0x0, 0x0,
    0x4, 0xa1,

    /* U+F00E "" */
    0x0, 0x3, 0xae, 0xfe, 0xa3, 0x0, 0x0, 0x0,
    0x0, 0x9f, 0xff, 0xff, 0xff, 0x90, 0x0, 0x0,
    0x9, 0xff, 0xc6, 0x46, 0xcf, 0xf9, 0x0, 0x0,
    0x3f, 0xf8, 0x2, 0x40, 0x8, 0xff, 0x30, 0x0,
    0xaf, 0xc0, 0x9, 0xf2, 0x0, 0xcf, 0xa0, 0x0,
    0xef, 0x61, 0x2a, 0xf4, 0x20, 0x6f, 0xe0, 0x0,
    0xff, 0x4b, 0xff, 0xff, 0xf4, 0x4f, 0xf0, 0x0,
    0xef, 0x66, 0x9d, 0xfa, 0x92, 0x6f, 0xe0, 0x0,
    0xaf, 0xc0, 0x9, 0xf2, 0x0, 0xcf, 0xa0, 0x0,
    0x4f, 0xf8, 0x6, 0xb1, 0x8, 0xff, 0x40, 0x0,
    0x9, 0xff, 0xc6, 0x46, 0xcf, 0xfe, 0x40, 0x0,
    0x0, 0x9f, 0xff, 0xff, 0xff, 0xef, 0xf6, 0x0,
    0x0, 0x4, 0xae, 0xfe, 0xa3, 0x5f, 0xff, 0x60,
    0x0, 0x0, 0x0, 0x0, 0x0, 0x7, 0xff, 0xf6,
    0x0, 0x0, 0x0, 0x0, 0x0, 0x0, 0x7f, 0xfe,
    0x0, 0x0, 0x0, 0x0, 0x0, 0x0, 0x7, 0xe3,

    /* U+F010 "" */
    0x0, 0x3, 0xae, 0xfe, 0xa3, 0x0, 0x0, 0x0,
    0x0, 0x9f, 0xff, 0xff, 0xff, 0x90, 0x0, 0x0,
    0x9, 0xff, 0xc6, 0x46, 0xcf, 0xf9, 0x0, 0x0,
    0x3f, 0xf8, 0x0, 0x0, 0x8, 0xff, 0x30, 0x0,
    0xaf, 0xc0, 0x0, 0x0, 0x0, 0xcf, 0xa0, 0x0,
    0xef, 0x66, 0x99, 0x99, 0x92, 0x6f, 0xe0, 0x0,
    0xff, 0x4b, 0xff, 0xff, 0xf4, 0x4f, 0xf0, 0x0,
    0xef, 0x61, 0x22, 0x22, 0x20, 0x6f, 0xe0, 0x0,
    0xaf, 0xc0, 0x0, 0x0, 0x0, 0xcf, 0xa0, 0x0,
    0x4f, 0xf8, 0x0, 0x0, 0x8, 0xff, 0x30, 0x0,
    0x9, 0xff, 0xc6, 0x46, 0xcf, 0xfe, 0x50, 0x0,
    0x0, 0x9f, 0xff, 0xff, 0xff, 0xef, 0xf7, 0x0,
    0x0, 0x4, 0xae, 0xfe, 0xa3, 0x5f, 0xff, 0x70,
    0x0, 0x0, 0x0, 0x0, 0x0, 0x7, 0xff, 0xf6,
    0x0, 0x0, 0x0, 0x0, 0x0, 0x0, 0x7f, 0xfe,
    0x0, 0x0, 0x0, 0x0, 0x0, 0x0, 0x7, 0xe3,

    /* U+F011 "" */
    0x0, 0x0, 0x0, 0x4f, 0xe0, 0x0, 0x0, 0x0,
    0x0, 0x2, 0x10, 0x6f, 0xf1, 0x3, 0x10, 0x0,
    0x0, 0x5f, 0xd0, 0x6f, 0xf1, 0x3f, 0xd1, 0x0,
    0x3, 0xff, 0xf1, 0x6f, 0xf1, 0x5f, 0xfd, 0x0,
    0xd, 0xff, 0x40, 0x6f, 0xf1, 0x9, 0xff, 0x70,
    0x4f, 0xf7, 0x0, 0x6f, 0xf1, 0x0, 0xcf, 0xe0,
    0x9f, 0xf0, 0x0, 0x6f, 0xf1, 0x0, 0x5f, 0xf3,
    0xbf, 0xc0, 0x0, 0x6f, 0xf1, 0x0, 0x2f, 0xf5,
    0xbf, 0xc0, 0x0, 0x4f, 0xe0, 0x0, 0x1f, 0xf6,
    0xaf, 0xe0, 0x0, 0x0, 0x0, 0x0, 0x4f, 0xf4,
    0x6f, 0xf4, 0x0, 0x0, 0x0, 0x0, 0xaf, 0xf0,
    0xf, 0xfe, 0x10, 0x0, 0x0, 0x5, 0xff, 0xa0,
    0x6, 0xff, 0xd3, 0x0, 0x0, 0x7f, 0xff, 0x20,
    0x0, 0x9f, 0xff, 0xda, 0xbe, 0xff, 0xf4, 0x0,
    0x0, 0x6, 0xff, 0xff, 0xff, 0xfd, 0x30, 0x0,
    0x0, 0x0, 0x17, 0xbd, 0xca, 0x50, 0x0, 0x0,

    /* U+F012 "" */
    0x0, 0x0, 0x0, 0x0, 0x0, 0x0, 0x0, 0x0,
    0xf, 0xf5, 0x0, 0x0, 0x0, 0x0, 0x0, 0x0,
    0x0, 0x0, 0x1f, 0xf6, 0x0, 0x0, 0x0, 0x0,
    0x0, 0x0, 0x0, 0x0, 0x1f, 0xf6, 0x0, 0x0,
    0x0, 0x0, 0x0, 0x0, 0xf, 0xf5, 0x1f, 0xf6,
    0x0, 0x0, 0x0, 0x0, 0x0, 0x0, 0x1f, 0xf6,
    0x1f, 0xf6, 0x0, 0x0, 0x0, 0x0, 0x0, 0x0,
    0x1f, 0xf6, 0x1f, 0xf6, 0x0, 0x0, 0x0, 0x0,
    0xf, 0xf5, 0x1f, 0xf6, 0x1f, 0xf6, 0x0, 0x0,
    0x0, 0x0, 0x1f, 0xf6, 0x1f, 0xf6, 0x1f, 0xf6,
    0x0, 0x0, 0x0, 0x0, 0x1f, 0xf6, 0x1f, 0xf6,
    0x1f, 0xf6, 0x0, 0x0, 0xf, 0xf5, 0x1f, 0xf6,
    0x1f, 0xf6, 0x1f, 0xf6, 0x0, 0x0, 0x1f, 0xf6,
    0x1f, 0xf6, 0x1f, 0xf6, 0x1f, 0xf6, 0x0, 0x0,
    0x1f, 0xf6, 0x1f, 0xf6, 0x1f, 0xf6, 0x1f, 0xf6,
    0xf, 0xf5, 0x1f, 0xf6, 0x1f, 0xf6, 0x1f, 0xf6,
    0x1f, 0xf6, 0x1f, 0xf6, 0x1f, 0xf6, 0x1f, 0xf6,
    0x1f, 0xf6, 0x1f, 0xf6, 0x1f, 0xf6, 0x1f, 0xf6,
    0x1f, 0xf6, 0x1f, 0xf6, 0x1f, 0xf6, 0xf, 0xf5,
    0xf, 0xf5, 0xf, 0xf5, 0xf, 0xf5, 0xf, 0xf5,

    /* U+F013 "" */
    0x0, 0x0, 0x0, 0x8b, 0xb8, 0x0, 0x0, 0x0,
    0x0, 0x0, 0x0, 0xff, 0xff, 0x0, 0x0, 0x0,
    0x0, 0x30, 0x6, 0xff, 0xff, 0x60, 0x3, 0x0,
    0x4, 0xfd, 0xdf, 0xff, 0xff, 0xfd, 0xef, 0x40,
    0xd, 0xff, 0xff, 0xff, 0xff, 0xff, 0xff, 0xd0,
    0x4f, 0xff, 0xff, 0xf9, 0x9f, 0xff, 0xff, 0xf4,
    0x8, 0xff, 0xff, 0x20, 0x2, 0xff, 0xff, 0x80,
    0x0, 0xff, 0xf9, 0x0, 0x0, 0x9f, 0xff, 0x0,
    0x0, 0xff, 0xf9, 0x0, 0x0, 0x9f, 0xff, 0x0,
    0x8, 0xff, 0xff, 0x20, 0x2, 0xff, 0xff, 0x80,
    0x4f, 0xff, 0xff, 0xf9, 0x9f, 0xff, 0xff, 0xf4,
    0xd, 0xff, 0xff, 0xff, 0xff, 0xff, 0xff, 0xd0,
    0x4, 0xfe, 0xdf, 0xff, 0xff, 0xfd, 0xdf, 0x40,
    0x0, 0x30, 0x6, 0xff, 0xff, 0x60, 0x3, 0x0,
    0x0, 0x0, 0x0, 0xff, 0xff, 0x0, 0x0, 0x0,
    0x0, 0x0, 0x0, 0x8b, 0xb8, 0x0, 0x0, 0x0,

    /* U+F015 "" */
    0x0, 0x0, 0x0, 0x3, 0xdd, 0x30, 0x3f, 0xf3,
    0x0, 0x0, 0x0, 0x0, 0x6f, 0xff, 0xf5, 0x4f,
    0xf4, 0x0, 0x0, 0x0, 0x9, 0xff, 0x99, 0xff,
    0xbf, 0xf4, 0x0, 0x0, 0x1, 0xbf, 0xf6, 0x22,
    0x6f, 0xff, 0xf4, 0x0, 0x0, 0x2d, 0xfe, 0x35,
    0xff, 0x53, 0xef, 0xf4, 0x0, 0x4, 0xff, 0xc1,
    0x8f, 0xff, 0xf8, 0x1c, 0xfe, 0x40, 0x7f, 0xfa,
    0x1a, 0xff, 0xff, 0xff, 0xa1, 0xaf, 0xf7, 0xcf,
    0x82, 0xdf, 0xff, 0xff, 0xff, 0xfd, 0x28, 0xfc,
    0x14, 0xe, 0xff, 0xff, 0xff, 0xff, 0xff, 0xe0,
    0x41, 0x0, 0xf, 0xff, 0xff, 0xff, 0xff, 0xff,
    0xf0, 0x0, 0x0, 0xf, 0xff, 0xf9, 0x0, 0x8f,
    0xff, 0xf0, 0x0, 0x0, 0xf, 0xff, 0xf8, 0x0,
    0x8f, 0xff, 0xf0, 0x0, 0x0, 0xf, 0xff, 0xf8,
    0x0, 0x8f, 0xff, 0xf0, 0x0, 0x0, 0xe, 0xff,
    0xf6, 0x0, 0x6f, 0xff, 0xe0, 0x0,

    /* U+F017 "" */
    0x0, 0x0, 0x18, 0xce, 0xec, 0x81, 0x0, 0x0,
    0x0, 0x7, 0xff, 0xff, 0xff, 0xff, 0x70, 0x0,
    0x0, 0x9f, 0xff, 0xff, 0xff, 0xff, 0xf9, 0x0,
    0x6, 0xff, 0xff, 0xf0, 0xf, 0xff, 0xff, 0x60,
    0xe, 0xff, 0xff, 0xe0, 0xe, 0xff, 0xff, 0xe0,
    0x5f, 0xff, 0xff, 0xe0, 0xe, 0xff, 0xff, 0xf5,
    0x9f, 0xff, 0xff, 0xe0, 0xe, 0xff, 0xff, 0xf9,
    0xaf, 0xff, 0xff, 0xe0, 0xd, 0xff, 0xff, 0xfa,
    0xaf, 0xff, 0xff, 0xf0, 0x1, 0xbf, 0xff, 0xfa,
    0x8f, 0xff, 0xff, 0xfb, 0x10, 0xe, 0xff, 0xf8,
    0x3f, 0xff, 0xff, 0xff, 0xe3, 0x6f, 0xff, 0xf3,
    0xc, 0xff, 0xff, 0xff, 0xff, 0xff, 0xff, 0xc0,
    0x2, 0xff, 0xff, 0xff, 0xff, 0xff, 0xff, 0x20,
    0x0, 0x3e, 0xff, 0xff, 0xff, 0xff, 0xe3, 0x0,
    0x0, 0x2, 0xbf, 0xff, 0xff, 0xfb, 0x20, 0x0,
    0x0, 0x0, 0x1, 0x68, 0x86, 0x10, 0x0, 0x0,

    /* U+F018 "" */
    0x0, 0x0, 0x6, 0xff, 0xf5, 0x5f, 0xff, 0x60,
    0x0, 0x0, 0x0, 0x0, 0xe, 0xff, 0xff, 0xff,
    0xff, 0xe0, 0x0, 0x0, 0x0, 0x0, 0x5f, 0xff,
    0xf1, 0x2f, 0xff, 0xf5, 0x0, 0x0, 0x0, 0x0,
    0xcf, 0xff, 0xf0, 0xf, 0xff, 0xfc, 0x0, 0x0,
    0x0, 0x3, 0xff, 0xff, 0xff, 0xff, 0xff, 0xff,
    0x30, 0x0, 0x0, 0xa, 0xff, 0xff, 0xd0, 0xd,
    0xff, 0xff, 0xa0, 0x0, 0x0, 0x2f, 0xff, 0xff,
    0xb0, 0xb, 0xff, 0xff, 0xf2, 0x0, 0x0, 0x8f,
    0xff, 0xff, 0xc4, 0x4c, 0xff, 0xff, 0xf8, 0x0,
    0x0, 0xff, 0xff, 0xff, 0xeb, 0xbe, 0xff, 0xff,
    0xff, 0x0, 0x6, 0xff, 0xff, 0xff, 0x60, 0x6,
    0xff, 0xff, 0xff, 0x60, 0xd, 0xff, 0xff, 0xff,
    0x40, 0x4, 0xff, 0xff, 0xff, 0xd0, 0xc, 0xff,
    0xff, 0xff, 0x20, 0x2, 0xff, 0xff, 0xff, 0xc0,

    /* U+F019 "" */
    0x0, 0x0, 0x0, 0xdf, 0xfd, 0x0, 0x0, 0x0,
    0x0, 0x0, 0x0, 0xff, 0xff, 0x0, 0x0, 0x0,
    0x0, 0x0, 0x0, 0xff, 0xff, 0x0, 0x0, 0x0,
    0x0, 0x0, 0x0, 0xff, 0xff, 0x0, 0x0, 0x0,
    0x0, 0x0, 0x0, 0xff, 0xff, 0x0, 0x0, 0x0,
    0x0, 0x0, 0x0, 0xff, 0xff, 0x0, 0x0, 0x0,
    0x0, 0x4f, 0xff, 0xff, 0xff, 0xff, 0xf4, 0x0,
    0x0, 0xb, 0xff, 0xff, 0xff, 0xff, 0xb0, 0x0,
    0x0, 0x0, 0xbf, 0xff, 0xff, 0xfb, 0x0, 0x0,
    0x0, 0x0, 0xb, 0xff, 0xff, 0xb0, 0x0, 0x0,
    0x0, 0x0, 0x0, 0xbf, 0xfb, 0x0, 0x0, 0x0,
    0xdf, 0xff, 0xfc, 0x1b, 0xb1, 0xcf, 0xff, 0xfd,
    0xff, 0xff, 0xff, 0xc2, 0x2c, 0xff, 0xff, 0xff,
    0xff, 0xff, 0xff, 0xff, 0xff, 0xff, 0xff, 0xff,
    0xff, 0xff, 0xff, 0xff, 0xff, 0xf0, 0xe0, 0xff,
    0xdf, 0xff, 0xff, 0xff, 0xff, 0xff, 0xff, 0xfd,

    /* U+F01C "" */
    0x0, 0x4, 0xef, 0xff, 0xff, 0xff, 0xfe, 0x40,
    0x0, 0x0, 0x1e, 0xff, 0xff, 0xff, 0xff, 0xff,
    0xe1, 0x0, 0x0, 0xaf, 0xb0, 0x0, 0x0, 0x0,
    0xb, 0xfa, 0x0, 0x5, 0xff, 0x10, 0x0, 0x0,
    0x0, 0x1, 0xff, 0x50, 0x1e, 0xf6, 0x0, 0x0,
    0x0, 0x0, 0x0, 0x6f, 0xe1, 0xaf, 0xb0, 0x0,
    0x0, 0x0, 0x0, 0x0, 0xb, 0xfa, 0xff, 0xff,
    0xff, 0x70, 0x0, 0x8, 0xff, 0xff, 0xff, 0xff,
    0xff, 0xff, 0xe0, 0x0, 0xf, 0xff, 0xff, 0xff,
    0xff, 0xff, 0xff, 0xff, 0xff, 0xff, 0xff, 0xff,
    0xff, 0xff, 0xff, 0xff, 0xff, 0xff, 0xff, 0xff,
    0xff, 0xff, 0xff, 0xff, 0xff, 0xff, 0xff, 0xff,
    0xff, 0xff, 0xff, 0x8f, 0xff, 0xff, 0xff, 0xff,
    0xff, 0xff, 0xff, 0xf8,

    /* U+F01E "" */
    0x0, 0x0, 0x16, 0xbd, 0xca, 0x50, 0x3, 0xff,
    0x0, 0x5, 0xef, 0xff, 0xff, 0xfd, 0x42, 0xff,
    0x0, 0x7f, 0xfe, 0x97, 0x7b, 0xff, 0xf9, 0xff,
    0x5, 0xff, 0xa1, 0x0, 0x0, 0x2c, 0xff, 0xff,
    0xe, 0xfb, 0x0, 0x0, 0x2, 0x22, 0xdf, 0xff,
    0x5f, 0xf1, 0x0, 0x0, 0xf, 0xff, 0xff, 0xff,
    0x9f, 0xb0, 0x0, 0x0, 0xf, 0xff, 0xff, 0xff,
    0xbf, 0x80, 0x0, 0x0, 0x0, 0x0, 0x0, 0x0,
    0xbf, 0x80, 0x0, 0x0, 0x0, 0x0, 0x0, 0x0,
    0x9f, 0xb0, 0x0, 0x0, 0x0, 0x0, 0x0, 0x0,
    0x5f, 0xf1, 0x0, 0x0, 0x0, 0x0, 0x0, 0x0,
    0xe, 0xfb, 0x0, 0x0, 0x0, 0x0, 0x0, 0x0,
    0x5, 0xff, 0xa1, 0x0, 0x0, 0x1a, 0x60, 0x0,
    0x0, 0x8f, 0xfe, 0x96, 0x7a, 0xff, 0xf2, 0x0,
    0x0, 0x5, 0xff, 0xff, 0xff, 0xfe, 0x50, 0x0,
    0x0, 0x0, 0x17, 0xbd, 0xca, 0x50, 0x0, 0x0,

    /* U+F021 "" */
    0x0, 0x0, 0x6, 0xbd, 0xda, 0x50, 0x2, 0xff,
    0x0, 0x5, 0xef, 0xff, 0xff, 0xfe, 0x42, 0xff,
    0x0, 0x7f, 0xff, 0xa7, 0x7b, 0xff, 0xf9, 0xff,
    0x5, 0xff, 0xc1, 0x0, 0x0, 0x2c, 0xff, 0xff,
    0xe, 0xfc, 0x0, 0x0, 0x2, 0x22, 0xdf, 0xff,
    0x5f, 0xf2, 0x0, 0x0, 0xf, 0xff, 0xff, 0xff,
    0x8f, 0xb0, 0x0, 0x0, 0xf, 0xff, 0xff, 0xff,
    0x0, 0x0, 0x0, 0x0, 0x0, 0x0, 0x0, 0x0,
    0x0, 0x0, 0x0, 0x0, 0x0, 0x0, 0x0, 0x0,
    0xff, 0xff, 0xff, 0xf0, 0x0, 0x0, 0xb, 0xf8,
    0xff, 0xff, 0xff, 0xf0, 0x0, 0x0, 0x2f, 0xf4,
    0xff, 0xfd, 0x22, 0x20, 0x0, 0x0, 0xcf, 0xe0,
    0xff, 0xff, 0xc2, 0x0, 0x0, 0x2c, 0xff, 0x40,
    0xff, 0x9f, 0xff, 0xb7, 0x6a, 0xff, 0xf7, 0x0,
    0xff, 0x24, 0xdf, 0xff, 0xff, 0xfe, 0x50, 0x0,
    0xff, 0x20, 0x5, 0xac, 0xdb, 0x60, 0x0, 0x0,

    /* U+F022 "" */
    0x8f, 0xff, 0xff, 0xff, 0xff, 0xff, 0xff, 0xf8,
    0xff, 0xff, 0xff, 0xff, 0xff, 0xff, 0xff, 0xff,
    0xff, 0xfe, 0xef, 0xff, 0xff, 0xff, 0xff, 0xff,
    0xff, 0xe0, 0xe, 0x22, 0x22, 0x22, 0x2f, 0xff,
    0xff, 0xe0, 0xe, 0x22, 0x22, 0x22, 0x2f, 0xff,
    0xff, 0xfc, 0xcf, 0xff, 0xff, 0xff, 0xff, 0xff,
    0xff, 0xe0, 0xe, 0x22, 0x22, 0x22, 0x2f, 0xff,
    0xff, 0xe0, 0xe, 0x22, 0x22, 0x22, 0x2f, 0xff,
    0xff, 0xfc, 0xcf, 0xff, 0xff, 0xff, 0xff, 0xff,
    0xff, 0xe0, 0xe, 0x22, 0x22, 0x22, 0x2f, 0xff,
    0xff, 0xe0, 0xe, 0x22, 0x22, 0x22, 0x2f, 0xff,
    0xff, 0xfe, 0xef, 0xff, 0xff, 0xff, 0xff, 0xff,
    0xff, 0xff, 0xff, 0xff, 0xff, 0xff, 0xff, 0xff,
    0x8f, 0xff, 0xff, 0xff, 0xff, 0xff, 0xff, 0xf8,

    /* U+F023 "" */
    0x0, 0x0, 0x4b, 0xff, 0xb4, 0x0, 0x0, 0x0,
    0x6, 0xff, 0xff, 0xff, 0x60, 0x0, 0x0, 0x2f,
    0xff, 0x99, 0xff, 0xf2, 0x0, 0x0, 0x9f, 0xf3,
    0x0, 0x3f, 0xf9, 0x0, 0x0, 0xbf, 0xc0, 0x0,
    0xc, 0xfb, 0x0, 0x0, 0xcf, 0xc0, 0x0, 0xc,
    0xfc, 0x0, 0x0, 0xcf, 0xc0, 0x0, 0xc, 0xfc,
    0x0, 0x8f, 0xff, 0xff, 0xff, 0xff, 0xff, 0xf8,
    0xff, 0xff, 0xff, 0xff, 0xff, 0xff, 0xff, 0xff,
    0xff, 0xff, 0xff, 0xff, 0xff, 0xff, 0xff, 0xff,
    0xff, 0xff, 0xff, 0xff, 0xff, 0xff, 0xff, 0xff,
    0xff, 0xff, 0xff, 0xff, 0xff, 0xff, 0xff, 0xff,
    0xff, 0xff, 0xff, 0xff, 0xff, 0xff, 0xff, 0xff,
    0xff, 0xff, 0xff, 0xff, 0xff, 0xff, 0xff, 0xff,
    0xff, 0x8f, 0xff, 0xff, 0xff, 0xff, 0xff, 0xf8,

    /* U+F024 "" */
    0x0, 0x0, 0x0, 0x0, 0x0, 0x0, 0x0, 0x0,
    0x3e, 0xe3, 0x0, 0x0, 0x0, 0x0, 0x0, 0x0,
    0xbf, 0xfb, 0x0, 0x0, 0x0, 0x0, 0x0, 0x0,
    0x8f, 0xfe, 0xdf, 0xeb, 0x72, 0x0, 0x27, 0xdc,
    0xf, 0xff, 0xff, 0xff, 0xff, 0xff, 0xff, 0xff,
    0xf, 0xff, 0xff, 0xff, 0xff, 0xff, 0xff, 0xff,
    0xf, 0xff, 0xff, 0xff, 0xff, 0xff, 0xff, 0xff,
    0xf, 0xff, 0xff, 0xff, 0xff, 0xff, 0xff, 0xff,
    0xf, 0xff, 0xff, 0xff, 0xff, 0xff, 0xff, 0xff,
    0xf, 0xff, 0xff, 0xff, 0xff, 0xff, 0xff, 0xff,
    0xf, 0xff, 0xff, 0xff, 0xff, 0xff, 0xff, 0xff,
    0xf, 0xff, 0xff, 0xff, 0xff, 0xff, 0xff, 0xff,
    0xf, 0xff, 0xdb, 0x9b, 0xff, 0xff, 0xff, 0xf6,
    0xf, 0xf2, 0x0, 0x0, 0x4, 0x8a, 0x96, 0x10,
    0xf, 0xf0, 0x0, 0x0, 0x0, 0x0, 0x0, 0x0,
    0xf, 0xf0, 0x0, 0x0, 0x0, 0x0, 0x0, 0x0,
    0xd, 0xd0, 0x0, 0x0, 0x0, 0x0, 0x0, 0x0,

    /* U+F025 "" */
    0x0, 0x0, 0x39, 0xdf, 0xfd, 0x93, 0x0, 0x0,
    0x0, 0x9, 0xff, 0xff, 0xff, 0xff, 0x90, 0x0,
    0x0, 0xbf, 0xf9, 0x30, 0x3, 0x9f, 0xfb, 0x0,
    0x9, 0xfe, 0x30, 0x0, 0x0, 0x3, 0xef, 0x90,
    0x3f, 0xf3, 0x0, 0x0, 0x0, 0x0, 0x3f, 0xf3,
    0x9f, 0x90, 0x0, 0x0, 0x0, 0x0, 0x9, 0xf9,
    0xdf, 0x30, 0x0, 0x0, 0x0, 0x0, 0x3, 0xfd,
    0xff, 0x6d, 0xfd, 0x0, 0x0, 0xdf, 0xd6, 0xff,
    0xff, 0xff, 0xff, 0x0, 0x0, 0xff, 0xff, 0xff,
    0xff, 0xff, 0xff, 0x0, 0x0, 0xff, 0xff, 0xff,
    0x4f, 0xff, 0xff, 0x0, 0x0, 0xff, 0xff, 0xf4,
    0xc, 0xff, 0xff, 0x0, 0x0, 0xff, 0xff, 0xc0,
    0x4, 0xff, 0xff, 0x0, 0x0, 0xff, 0xff, 0x40,
    0x0, 0x4c, 0xfd, 0x0, 0x0, 0xdf, 0xc4, 0x0,

    /* U+F026 "" */
    0x0, 0x0, 0x0, 0x0, 0x0, 0x0, 0x0, 0x8d,
    0x0, 0x0, 0x8, 0xff, 0x0, 0x0, 0x8f, 0xff,
    0xdf, 0xff, 0xff, 0xff, 0xff, 0xff, 0xff, 0xff,
    0xff, 0xff, 0xff, 0xff, 0xff, 0xff, 0xff, 0xff,
    0xff, 0xff, 0xff, 0xff, 0xdf, 0xff, 0xff, 0xff,
    0x0, 0x0, 0x9f, 0xff, 0x0, 0x0, 0x9, 0xff,
    0x0, 0x0, 0x0, 0x8d, 0x0, 0x0, 0x0, 0x0,

    /* U+F027 "" */
    0x0, 0x0, 0x0, 0x0, 0x0, 0x0, 0x0, 0x0,
    0x0, 0x8d, 0x0, 0x0, 0x0, 0x0, 0x8, 0xff,
    0x0, 0x0, 0x0, 0x0, 0x8f, 0xff, 0x0, 0x0,
    0xcf, 0xff, 0xff, 0xff, 0x1, 0x50, 0xff, 0xff,
    0xff, 0xff, 0x6, 0xf7, 0xff, 0xff, 0xff, 0xff,
    0x0, 0xbe, 0xff, 0xff, 0xff, 0xff, 0x0, 0xae,
    0xff, 0xff, 0xff, 0xff, 0x5, 0xf8, 0xdf, 0xff,
    0xff, 0xff, 0x2, 0x60, 0x0, 0x0, 0x9f, 0xff,
    0x0, 0x0, 0x0, 0x0, 0x9, 0xff, 0x0, 0x0,
    0x0, 0x0, 0x0, 0x9e, 0x0, 0x0, 0x0, 0x0,
    0x0, 0x0, 0x0, 0x0,

    /* U+F028 "" */
    0x0, 0x0, 0x0, 0x0, 0x0, 0x0, 0x6, 0x10,
    0x0, 0x0, 0x0, 0x0, 0x0, 0x0, 0x0, 0x1f,
    0xd2, 0x0, 0x0, 0x0, 0x0, 0x8d, 0x0, 0x0,
    0x3, 0xee, 0x10, 0x0, 0x0, 0x8, 0xff, 0x0,
    0xa, 0xb1, 0x2f, 0xb0, 0x0, 0x0, 0x8f, 0xff,
    0x0, 0x5, 0xfc, 0x7, 0xf4, 0xdf, 0xff, 0xff,
    0xff, 0x2, 0x50, 0x5f, 0x60, 0xf9, 0xff, 0xff,
    0xff, 0xff, 0x6, 0xf7, 0xd, 0xc0, 0xbd, 0xff,
    0xff, 0xff, 0xff, 0x0, 0xae, 0x9, 0xf0, 0x9f,
    0xff, 0xff, 0xff, 0xff, 0x0, 0xae, 0x9, 0xe0,
    0x8f, 0xff, 0xff, 0xff, 0xff, 0x6, 0xf7, 0xd,
    0xc0, 0xad, 0xdf, 0xff, 0xff, 0xff, 0x2, 0x50,
    0x5f, 0x60, 0xe9, 0x0, 0x0, 0x9f, 0xff, 0x0,
    0x5, 0xfc, 0x6, 0xf4, 0x0, 0x0, 0x9, 0xff,
    0x0, 0xa, 0xb1, 0x2f, 0xb0, 0x0, 0x0, 0x0,
    0x8d, 0x0, 0x0, 0x2, 0xee, 0x10, 0x0, 0x0,
    0x0, 0x0, 0x0, 0x0, 0x1f, 0xd2, 0x0, 0x0,
    0x0, 0x0, 0x0, 0x0, 0x0, 0x6, 0x10, 0x0,

    /* U+F029 "" */
    0xff, 0xff, 0xff, 0x0, 0xff, 0xff, 0xff, 0xff,
    0xff, 0xff, 0x0, 0xff, 0xff, 0xff, 0xff, 0x0,
    0xff, 0x0, 0xff, 0x0, 0xff, 0xff, 0x0, 0xff,
    0x0, 0xff, 0x0, 0xff, 0xff, 0xff, 0xff, 0x0,
    0xff, 0xff, 0xff, 0xff, 0xff, 0xff, 0x0, 0xff,
    0xff, 0xff, 0x0, 0x0, 0x0, 0x0, 0x0, 0x0,
    0x0, 0x0, 0x0, 0x0, 0x0, 0x0, 0x0, 0x0,
    0xff, 0xff, 0xff, 0x0, 0xff, 0xf0, 0xf, 0xff,
    0xff, 0xff, 0x0, 0xff, 0xff, 0xff, 0xff, 0x0,
    0xff, 0x0, 0xff, 0xff, 0xff, 0xff, 0x0, 0xff,
    0x0, 0xff, 0xf, 0xff, 0xff, 0xff, 0xff, 0x0,
    0xff, 0x0, 0x0, 0xff, 0xff, 0xff, 0x0, 0xff,
    0xf, 0xf,

    /* U+F02A "" */
    0xb6, 0x4, 0x94, 0x82, 0x98, 0x98, 0xa3, 0xbb,
    0x2b, 0x60, 0x49, 0x48, 0x29, 0x89, 0x8a, 0x3b,
    0xb2, 0xb6, 0x4, 0x94, 0x82, 0x98, 0x98, 0xa3,
    0xbb, 0x2b, 0x60, 0x49, 0x48, 0x29, 0x89, 0x8a,
    0x3b, 0xb2, 0xb6, 0x4, 0x94, 0x82, 0x98, 0x98,
    0xa3, 0xbb, 0x2b, 0x60, 0x49, 0x48, 0x29, 0x89,
    0x8a, 0x3b, 0xb2, 0xb6, 0x4, 0x94, 0x82, 0x98,
    0x98, 0xa3, 0xbb, 0x2b, 0x60, 0x49, 0x48, 0x29,
    0x89, 0x8a, 0x3b, 0xb2, 0xb6, 0x4, 0x94, 0x82,
    0x98, 0x98, 0xa3, 0xbb, 0x2b, 0x60, 0x49, 0x48,
    0x29, 0x89, 0x8a, 0x3b, 0xb2, 0xb6, 0x4, 0x94,
    0x82, 0x98, 0x98, 0xa3, 0xbb, 0x2b, 0x60, 0x49,
    0x48, 0x29, 0x89, 0x8a, 0x3b, 0xb2,

    /* U+F02B "" */
    0x8f, 0xff, 0xff, 0xff, 0xc1, 0x0, 0x0, 0x0,
    0xff, 0xff, 0xff, 0xff, 0xfd, 0x10, 0x0, 0x0,
    0xff, 0x70, 0x7f, 0xff, 0xff, 0xd1, 0x0, 0x0,
    0xff, 0x0, 0xf, 0xff, 0xff, 0xfd, 0x10, 0x0,
    0xff, 0x70, 0x7f, 0xff, 0xff, 0xff, 0xd1, 0x0,
    0xff, 0xff, 0xff, 0xff, 0xff, 0xff, 0xfd, 0x10,
    0xff, 0xff, 0xff, 0xff, 0xff, 0xff, 0xff, 0xd1,
    0xff, 0xff, 0xff, 0xff, 0xff, 0xff, 0xff, 0xfc,
    0xcf, 0xff, 0xff, 0xff, 0xff, 0xff, 0xff, 0xfe,
    0x2e, 0xff, 0xff, 0xff, 0xff, 0xff, 0xff, 0xf4,
    0x2, 0xef, 0xff, 0xff, 0xff, 0xff, 0xff, 0x40,
    0x0, 0x2e, 0xff, 0xff, 0xff, 0xff, 0xf4, 0x0,
    0x0, 0x2, 0xef, 0xff, 0xff, 0xff, 0x40, 0x0,
    0x0, 0x0, 0x2e, 0xff, 0xff, 0xf4, 0x0, 0x0,
    0x0, 0x0, 0x2, 0xef, 0xff, 0x40, 0x0, 0x0,
    0x0, 0x0, 0x0, 0x2c, 0xe4, 0x0, 0x0, 0x0,

    /* U+F02C "" */
    0x8f, 0xff, 0xff, 0xff, 0xc1, 0x3f, 0xc1, 0x0,
    0x0, 0x0, 0xff, 0xff, 0xff, 0xff, 0xfd, 0x13,
    0xfd, 0x10, 0x0, 0x0, 0xff, 0x70, 0x7f, 0xff,
    0xff, 0xd1, 0x3e, 0xd1, 0x0, 0x0, 0xff, 0x0,
    0xf, 0xff, 0xff, 0xfd, 0x13, 0xed, 0x10, 0x0,
    0xff, 0x70, 0x7f, 0xff, 0xff, 0xff, 0xd1, 0x3e,
    0xd1, 0x0, 0xff, 0xff, 0xff, 0xff, 0xff, 0xff,
    0xfd, 0x13, 0xed, 0x10, 0xff, 0xff, 0xff, 0xff,
    0xff, 0xff, 0xff, 0xd1, 0x4f, 0xd1, 0xff, 0xff,
    0xff, 0xff, 0xff, 0xff, 0xff, 0xfc, 0xc, 0xfc,
    0xcf, 0xff, 0xff, 0xff, 0xff, 0xff, 0xff, 0xfe,
    0xc, 0xfe, 0x2e, 0xff, 0xff, 0xff, 0xff, 0xff,
    0xff, 0xf4, 0x2f, 0xf4, 0x2, 0xef, 0xff, 0xff,
    0xff, 0xff, 0xff, 0x41, 0xcf, 0x40, 0x0, 0x2e,
    0xff, 0xff, 0xff, 0xff, 0xf4, 0x1c, 0xf4, 0x0,
    0x0, 0x2, 0xef, 0xff, 0xff, 0xff, 0x41, 0xcf,
    0x40, 0x0, 0x0, 0x0, 0x2e, 0xff, 0xff, 0xf4,
    0x1c, 0xf4, 0x0, 0x0, 0x0, 0x0, 0x2, 0xef,
    0xff, 0x41, 0xcf, 0x40, 0x0, 0x0, 0x0, 0x0,
    0x0, 0x2c, 0xe4, 0x9, 0xe4, 0x0, 0x0, 0x0,

    /* U+F02D "" */
    0x8, 0xef, 0xff, 0xff, 0xff, 0xff, 0xfd, 0x8f,
    0xff, 0xff, 0xff, 0xff, 0xff, 0xff, 0xef, 0xff,
    0xff, 0xff, 0xff, 0xff, 0xff, 0xff, 0xff, 0xff,
    0xff, 0xff, 0xff, 0xff, 0xff, 0xff, 0x0, 0x0,
    0x0, 0xf, 0xff, 0xff, 0xff, 0xff, 0xff, 0xff,
    0xff, 0xff, 0xff, 0xff, 0x0, 0x0, 0x0, 0xf,
    0xff, 0xff, 0xff, 0xff, 0xff, 0xff, 0xff, 0xff,
    0xff, 0xff, 0xff, 0xff, 0xff, 0xff, 0xff, 0xff,
    0xff, 0xff, 0xff, 0xff, 0xff, 0xff, 0xff, 0xff,
    0xff, 0xff, 0xff, 0xff, 0xff, 0xff, 0xff, 0xff,
    0xff, 0xff, 0xff, 0xfe, 0xff, 0x30, 0x0, 0x0,
    0x0, 0x1, 0xfa, 0xef, 0x30, 0x0, 0x0, 0x0,
    0x1, 0xfa, 0x8f, 0xff, 0xff, 0xff, 0xff, 0xff,
    0xfe, 0x8, 0xef, 0xff, 0xff, 0xff, 0xff, 0xfd,

    /* U+F02E "" */
    0x8f, 0xff, 0xff, 0xff, 0xff, 0xf8, 0xff, 0xff,
    0xff, 0xff, 0xff, 0xff, 0xff, 0xff, 0xff, 0xff,
    0xff, 0xff, 0xff, 0xff, 0xff, 0xff, 0xff, 0xff,
    0xff, 0xff, 0xff, 0xff, 0xff, 0xff, 0xff, 0xff,
    0xff, 0xff, 0xff, 0xff, 0xff, 0xff, 0xff, 0xff,
    0xff, 0xff, 0xff, 0xff, 0xff, 0xff, 0xff, 0xff,
    0xff, 0xff, 0xff, 0xff, 0xff, 0xff, 0xff, 0xff,
    0xff, 0xff, 0xff, 0xff, 0xff, 0xff, 0xff, 0xff,
    0xff, 0xff, 0xff, 0xff, 0xff, 0xff, 0xff, 0xff,
    0xff, 0xff, 0xfc, 0xcf, 0xff, 0xff, 0xff, 0xfe,
    0x60, 0x6, 0xef, 0xff, 0xff, 0x80, 0x0, 0x0,
    0x8, 0xff, 0xb2, 0x0, 0x0, 0x0, 0x0, 0x2b,

    /* U+F02F "" */
    0x0, 0xcf, 0xff, 0xff, 0xff, 0xff, 0x70, 0x0,
    0x0, 0xff, 0xff, 0xff, 0xff, 0xff, 0xf7, 0x0,
    0x0, 0xff, 0x0, 0x0, 0x0, 0xff, 0xff, 0x0,
    0x0, 0xff, 0x0, 0x0, 0x0, 0xef, 0xff, 0x0,
    0x0, 0xff, 0x0, 0x0, 0x0, 0x0, 0xff, 0x0,
    0x0, 0xff, 0x0, 0x0, 0x0, 0x0, 0xff, 0x0,
    0x4e, 0xff, 0x0, 0x0, 0x0, 0x0, 0xff, 0xe4,
    0xef, 0xff, 0xff, 0xff, 0xff, 0xff, 0xfd, 0xfe,
    0xff, 0xff, 0xff, 0xff, 0xff, 0xff, 0xd0, 0xdf,
    0xff, 0xff, 0xff, 0xff, 0xff, 0xff, 0xfd, 0xff,
    0xff, 0xff, 0xff, 0xff, 0xff, 0xff, 0xff, 0xff,
    0xef, 0xff, 0x0, 0x0, 0x0, 0x0, 0xff, 0xfe,
    0x0, 0xff, 0x0, 0x0, 0x0, 0x0, 0xff, 0x0,
    0x0, 0xff, 0x0, 0x0, 0x0, 0x0, 0xff, 0x0,
    0x0, 0xff, 0xff, 0xff, 0xff, 0xff, 0xff, 0x0,
    0x0, 0xcf, 0xff, 0xff, 0xff, 0xff, 0xfc, 0x0,

    /* U+F030 "" */
    0x0, 0x0, 0x1d, 0xff, 0xff, 0xd1, 0x0, 0x0,
    0x0, 0x0, 0x9f, 0xff, 0xff, 0xf9, 0x0, 0x0,
    0x8f, 0xff, 0xff, 0xff, 0xff, 0xff, 0xff, 0xf8,
    0xff, 0xff, 0xff, 0xff, 0xff, 0xff, 0xff, 0xff,
    0xff, 0xff, 0xff, 0x94, 0x49, 0xff, 0xff, 0xff,
    0xff, 0xff, 0xf4, 0x28, 0x82, 0x4f, 0xff, 0xff,
    0xff, 0xff, 0x93, 0xff, 0xff, 0x29, 0xff, 0xff,
    0xff, 0xff, 0x4a, 0xff, 0xff, 0x94, 0xff, 0xff,
    0xff, 0xff, 0x4b, 0xff, 0xff, 0xa4, 0xff, 0xff,
    0xff, 0xff, 0x95, 0xff, 0xff, 0x49, 0xff, 0xff,
    0xff, 0xff, 0xf4, 0x5c, 0xc5, 0x4f, 0xff, 0xff,
    0xff, 0xff, 0xff, 0x94, 0x49, 0xff, 0xff, 0xff,
    0xff, 0xff, 0xff, 0xff, 0xff, 0xff, 0xff, 0xff,
    0x8f, 0xff, 0xff, 0xff, 0xff, 0xff, 0xff, 0xf8,

    /* U+F031 "" */
    0x0, 0x0, 0x7, 0xff, 0x70, 0x0, 0x0, 0x0,
    0x0, 0xf, 0xff, 0xf0, 0x0, 0x0, 0x0, 0x0,
    0x5f, 0xff, 0xf5, 0x0, 0x0, 0x0, 0x0, 0xbf,
    0xff, 0xfb, 0x0, 0x0, 0x0, 0x1, 0xff, 0x9a,
    0xff, 0x10, 0x0, 0x0, 0x6, 0xff, 0x44, 0xff,
    0x60, 0x0, 0x0, 0xc, 0xfe, 0x0, 0xef, 0xc0,
    0x0, 0x0, 0x2f, 0xfc, 0x88, 0xcf, 0xf2, 0x0,
    0x0, 0x8f, 0xff, 0xff, 0xff, 0xf8, 0x0, 0x0,
    0xdf, 0xff, 0xff, 0xff, 0xfd, 0x0, 0x3, 0xff,
    0x60, 0x0, 0x7, 0xff, 0x30, 0x9, 0xff, 0x10,
    0x0, 0x1, 0xff, 0x90, 0xef, 0xff, 0xe0, 0x0,
    0xe, 0xff, 0xfe, 0xef, 0xff, 0xe0, 0x0, 0xe,
    0xff, 0xfe,

    /* U+F032 "" */
    0x5f, 0xff, 0xff, 0xff, 0xc4, 0x0, 0x7, 0xff,
    0xff, 0xff, 0xff, 0xf5, 0x0, 0x27, 0xff, 0xc8,
    0x88, 0xff, 0xe0, 0x0, 0xf, 0xf9, 0x0, 0x5,
    0xff, 0x30, 0x0, 0xff, 0x90, 0x0, 0x5f, 0xf3,
    0x0, 0xf, 0xfc, 0x88, 0x8e, 0xfe, 0x0, 0x0,
    0xff, 0xff, 0xff, 0xff, 0x90, 0x0, 0xf, 0xff,
    0xff, 0xff, 0xff, 0x50, 0x0, 0xff, 0x90, 0x0,
    0x9f, 0xfc, 0x0, 0xf, 0xf9, 0x0, 0x0, 0xff,
    0xf0, 0x0, 0xff, 0x90, 0x0, 0x3f, 0xfe, 0x2,
    0x7f, 0xfc, 0x88, 0x8e, 0xff, 0x90, 0x7f, 0xff,
    0xff, 0xff, 0xff, 0xd1, 0x5, 0xff, 0xff, 0xff,
    0xfe, 0x91, 0x0,

    /* U+F033 "" */
    0x0, 0xe, 0xff, 0xff, 0xfe, 0x0, 0xe, 0xff,
    0xff, 0xfe, 0x0, 0x0, 0x2f, 0xf6, 0x0, 0x0,
    0x0, 0x6f, 0xf2, 0x0, 0x0, 0x0, 0xaf, 0xe0,
    0x0, 0x0, 0x0, 0xef, 0xa0, 0x0, 0x0, 0x2,
    0xff, 0x60, 0x0, 0x0, 0x6, 0xff, 0x20, 0x0,
    0x0, 0xa, 0xfe, 0x0, 0x0, 0x0, 0xe, 0xfa,
    0x0, 0x0, 0x0, 0x2f, 0xf6, 0x0, 0x0, 0x0,
    0x6f, 0xf2, 0x0, 0x0, 0xef, 0xff, 0xff, 0xe0,
    0x0, 0xef, 0xff, 0xff, 0xe0, 0x0,

    /* U+F034 "" */
    0xef, 0xff, 0xff, 0xff, 0xfe, 0x0, 0x0, 0xaa,
    0x0, 0xf, 0xff, 0xff, 0xff, 0xff, 0xf0, 0x0,
    0xaf, 0xfa, 0x0, 0xff, 0x88, 0xff, 0xb8, 0xff,
    0x0, 0xaf, 0xff, 0xfa, 0xe, 0xe0, 0x1f, 0xf6,
    0xe, 0xe0, 0x7, 0x8f, 0xf8, 0x70, 0x0, 0x1,
    0xff, 0x60, 0x0, 0x0, 0x0, 0xff, 0x0, 0x0,
    0x0, 0x1f, 0xf6, 0x0, 0x0, 0x0, 0xf, 0xf0,
    0x0, 0x0, 0x1, 0xff, 0x60, 0x0, 0x0, 0x0,
    0xff, 0x0, 0x0, 0x0, 0x1f, 0xf6, 0x0, 0x0,
    0x0, 0xf, 0xf0, 0x0, 0x0, 0x1, 0xff, 0x60,
    0x0, 0x0, 0x0, 0xff, 0x0, 0x0, 0x0, 0x1f,
    0xf6, 0x0, 0x0, 0x0, 0xf, 0xf0, 0x0, 0x0,
    0x1, 0xff, 0x60, 0x0, 0x0, 0x78, 0xff, 0x87,
    0x0, 0x0, 0x1f, 0xf6, 0x0, 0x0, 0xa, 0xff,
    0xff, 0xa0, 0x0, 0xcf, 0xff, 0xff, 0x10, 0x0,
    0xa, 0xff, 0xa0, 0x0, 0xc, 0xff, 0xff, 0xf1,
    0x0, 0x0, 0xa, 0xa0, 0x0,

    /* U+F035 "" */
    0xef, 0xff, 0xff, 0xff, 0xff, 0xff, 0xfe, 0xff,
    0xff, 0xff, 0xff, 0xff, 0xff, 0xff, 0xff, 0x88,
    0x8b, 0xff, 0x88, 0x88, 0xff, 0x66, 0x0, 0x7,
    0xff, 0x0, 0x0, 0x66, 0x0, 0x0, 0x7, 0xff,
    0x0, 0x0, 0x0, 0x0, 0x0, 0x7, 0xff, 0x0,
    0x0, 0x0, 0x0, 0x0, 0xaf, 0xff, 0xf3, 0x0,
    0x0, 0x0, 0x0, 0xaf, 0xff, 0xf3, 0x0, 0x0,
    0x0, 0xb5, 0x0, 0x0, 0x0, 0x99, 0x0, 0xb,
    0xf6, 0x0, 0x0, 0x0, 0xaf, 0xa0, 0xaf, 0xff,
    0xff, 0xff, 0xff, 0xff, 0xfa, 0xaf, 0xff, 0xff,
    0xff, 0xff, 0xff, 0xfa, 0xb, 0xf6, 0x0, 0x0,
    0x0, 0xaf, 0xa0, 0x0, 0xb5, 0x0, 0x0, 0x0,
    0x99, 0x0, 0x0, 0x0, 0x0, 0x0, 0x0, 0x0,
    0x0,

    /* U+F036 "" */
    0xff, 0xff, 0xff, 0xff, 0xf0, 0x0, 0x0, 0xff,
    0xff, 0xff, 0xff, 0xf0, 0x0, 0x0, 0x0, 0x0,
    0x0, 0x0, 0x0, 0x0, 0x0, 0x0, 0x0, 0x0,
    0x0, 0x0, 0x0, 0x0, 0xef, 0xff, 0xff, 0xff,
    0xff, 0xff, 0xfe, 0xef, 0xff, 0xff, 0xff, 0xff,
    0xff, 0xfe, 0x0, 0x0, 0x0, 0x0, 0x0, 0x0,
    0x0, 0x0, 0x0, 0x0, 0x0, 0x0, 0x0, 0x0,
    0xff, 0xff, 0xff, 0xff, 0xf0, 0x0, 0x0, 0xff,
    0xff, 0xff, 0xff, 0xf0, 0x0, 0x0, 0x0, 0x0,
    0x0, 0x0, 0x0, 0x0, 0x0, 0x0, 0x0, 0x0,
    0x0, 0x0, 0x0, 0x0, 0xef, 0xff, 0xff, 0xff,
    0xff, 0xff, 0xfe, 0xef, 0xff, 0xff, 0xff, 0xff,
    0xff, 0xfe,

    /* U+F037 "" */
    0x0, 0xf, 0xff, 0xff, 0xff, 0xf0, 0x0, 0x0,
    0xf, 0xff, 0xff, 0xff, 0xf0, 0x0, 0x0, 0x0,
    0x0, 0x0, 0x0, 0x0, 0x0, 0x0, 0x0, 0x0,
    0x0, 0x0, 0x0, 0x0, 0xef, 0xff, 0xff, 0xff,
    0xff, 0xff, 0xfe, 0xef, 0xff, 0xff, 0xff, 0xff,
    0xff, 0xfe, 0x0, 0x0, 0x0, 0x0, 0x0, 0x0,
    0x0, 0x0, 0x0, 0x0, 0x0, 0x0, 0x0, 0x0,
    0x0, 0xf, 0xff, 0xff, 0xff, 0xf0, 0x0, 0x0,
    0xf, 0xff, 0xff, 0xff, 0xf0, 0x0, 0x0, 0x0,
    0x0, 0x0, 0x0, 0x0, 0x0, 0x0, 0x0, 0x0,
    0x0, 0x0, 0x0, 0x0, 0xef, 0xff, 0xff, 0xff,
    0xff, 0xff, 0xfe, 0xef, 0xff, 0xff, 0xff, 0xff,
    0xff, 0xfe,

    /* U+F038 "" */
    0x0, 0x0, 0xf, 0xff, 0xff, 0xff, 0xff, 0x0,
    0x0, 0xf, 0xff, 0xff, 0xff, 0xff, 0x0, 0x0,
    0x0, 0x0, 0x0, 0x0, 0x0, 0x0, 0x0, 0x0,
    0x0, 0x0, 0x0, 0x0, 0xef, 0xff, 0xff, 0xff,
    0xff, 0xff, 0xfe, 0xef, 0xff, 0xff, 0xff, 0xff,
    0xff, 0xfe, 0x0, 0x0, 0x0, 0x0, 0x0, 0x0,
    0x0, 0x0, 0x0, 0x0, 0x0, 0x0, 0x0, 0x0,
    0x0, 0x0, 0xf, 0xff, 0xff, 0xff, 0xff, 0x0,
    0x0, 0xf, 0xff, 0xff, 0xff, 0xff, 0x0, 0x0,
    0x0, 0x0, 0x0, 0x0, 0x0, 0x0, 0x0, 0x0,
    0x0, 0x0, 0x0, 0x0, 0xef, 0xff, 0xff, 0xff,
    0xff, 0xff, 0xfe, 0xef, 0xff, 0xff, 0xff, 0xff,
    0xff, 0xfe,

    /* U+F039 "" */
    0xef, 0xff, 0xff, 0xff, 0xff, 0xff, 0xfe, 0xef,
    0xff, 0xff, 0xff, 0xff, 0xff, 0xfe, 0x0, 0x0,
    0x0, 0x0, 0x0, 0x0, 0x0, 0x0, 0x0, 0x0,
    0x0, 0x0, 0x0, 0x0, 0xef, 0xff, 0xff, 0xff,
    0xff, 0xff, 0xfe, 0xef, 0xff, 0xff, 0xff, 0xff,
    0xff, 0xfe, 0x0, 0x0, 0x0, 0x0, 0x0, 0x0,
    0x0, 0x0, 0x0, 0x0, 0x0, 0x0, 0x0, 0x0,
    0xef, 0xff, 0xff, 0xff, 0xff, 0xff, 0xfe, 0xef,
    0xff, 0xff, 0xff, 0xff, 0xff, 0xfe, 0x0, 0x0,
    0x0, 0x0, 0x0, 0x0, 0x0, 0x0, 0x0, 0x0,
    0x0, 0x0, 0x0, 0x0, 0xef, 0xff, 0xff, 0xff,
    0xff, 0xff, 0xfe, 0xef, 0xff, 0xff, 0xff, 0xff,
    0xff, 0xfe,

    /* U+F03A "" */
    0x68, 0x60, 0x0, 0x0, 0x0, 0x0, 0x0, 0x0,
    0xff, 0xf0, 0xe, 0xff, 0xff, 0xff, 0xff, 0xfe,
    0xff, 0xf0, 0xe, 0xff, 0xff, 0xff, 0xff, 0xfe,
    0x68, 0x60, 0x0, 0x0, 0x0, 0x0, 0x0, 0x0,
    0x0, 0x0, 0x0, 0x0, 0x0, 0x0, 0x0, 0x0,
    0x68, 0x60, 0x0, 0x0, 0x0, 0x0, 0x0, 0x0,
    0xff, 0xf0, 0xe, 0xff, 0xff, 0xff, 0xff, 0xfe,
    0xff, 0xf0, 0xe, 0xff, 0xff, 0xff, 0xff, 0xfe,
    0x68, 0x60, 0x0, 0x0, 0x0, 0x0, 0x0, 0x0,
    0x0, 0x0, 0x0, 0x0, 0x0, 0x0, 0x0, 0x0,
    0x68, 0x60, 0x0, 0x0, 0x0, 0x0, 0x0, 0x0,
    0xff, 0xf0, 0xe, 0xff, 0xff, 0xff, 0xff, 0xfe,
    0xff, 0xf0, 0xe, 0xff, 0xff, 0xff, 0xff, 0xfe,
    0x68, 0x60, 0x0, 0x0, 0x0, 0x0, 0x0, 0x0,

    /* U+F03B "" */
    0xef, 0xff, 0xff, 0xff, 0xff, 0xff, 0xfe, 0xef,
    0xff, 0xff, 0xff, 0xff, 0xff, 0xfe, 0x0, 0x0,
    0x0, 0x0, 0x0, 0x0, 0x0, 0x0, 0x6, 0x0,
    0x0, 0x0, 0x0, 0x0, 0x0, 0xaf, 0x0, 0xff,
    0xff, 0xff, 0xff, 0xa, 0xff, 0x0, 0xff, 0xff,
    0xff, 0xff, 0xaf, 0xff, 0x0, 0x0, 0x0, 0x0,
    0x0, 0xaf, 0xff, 0x0, 0x0, 0x0, 0x0, 0x0,
    0xa, 0xff, 0x0, 0xff, 0xff, 0xff, 0xff, 0x0,
    0xaf, 0x0, 0xff, 0xff, 0xff, 0xff, 0x0, 0x6,
    0x0, 0x0, 0x0, 0x0, 0x0, 0x0, 0x0, 0x0,
    0x0, 0x0, 0x0, 0x0, 0xef, 0xff, 0xff, 0xff,
    0xff, 0xff, 0xfe, 0xef, 0xff, 0xff, 0xff, 0xff,
    0xff, 0xfe,

    /* U+F03C "" */
    0xef, 0xff, 0xff, 0xff, 0xff, 0xff, 0xfe, 0xef,
    0xff, 0xff, 0xff, 0xff, 0xff, 0xfe, 0x0, 0x0,
    0x0, 0x0, 0x0, 0x0, 0x0, 0x60, 0x0, 0x0,
    0x0, 0x0, 0x0, 0x0, 0xfa, 0x0, 0x0, 0xff,
    0xff, 0xff, 0xff, 0xff, 0xa0, 0x0, 0xff, 0xff,
    0xff, 0xff, 0xff, 0xfa, 0x0, 0x0, 0x0, 0x0,
    0x0, 0xff, 0xfa, 0x0, 0x0, 0x0, 0x0, 0x0,
    0xff, 0xa0, 0x0, 0xff, 0xff, 0xff, 0xff, 0xfa,
    0x0, 0x0, 0xff, 0xff, 0xff, 0xff, 0x60, 0x0,
    0x0, 0x0, 0x0, 0x0, 0x0, 0x0, 0x0, 0x0,
    0x0, 0x0, 0x0, 0x0, 0xef, 0xff, 0xff, 0xff,
    0xff, 0xff, 0xfe, 0xef, 0xff, 0xff, 0xff, 0xff,
    0xff, 0xfe,

    /* U+F03D "" */
    0x8f, 0xff, 0xff, 0xff, 0xff, 0xf8, 0x0, 0x0,
    0x0, 0xff, 0xff, 0xff, 0xff, 0xff, 0xff, 0x0,
    0x3, 0xcc, 0xff, 0xff, 0xff, 0xff, 0xff, 0xff,
    0x0, 0x7f, 0xff, 0xff, 0xff, 0xff, 0xff, 0xff,
    0xff, 0xc, 0xff, 0xff, 0xff, 0xff, 0xff, 0xff,
    0xff, 0xff, 0xf, 0xff, 0xff, 0xff, 0xff, 0xff,
    0xff, 0xff, 0xff, 0xf, 0xff, 0xff, 0xff, 0xff,
    0xff, 0xff, 0xff, 0xff, 0xf, 0xff, 0xff, 0xff,
    0xff, 0xff, 0xff, 0xff, 0xff, 0xf, 0xff, 0xff,
    0xff, 0xff, 0xff, 0xff, 0xff, 0xff, 0xc, 0xff,
    0xff, 0xff, 0xff, 0xff, 0xff, 0xff, 0xff, 0x0,
    0x7f, 0xff, 0xff, 0xff, 0xff, 0xff, 0xff, 0xff,
    0x0, 0x3, 0xcc, 0x8f, 0xff, 0xff, 0xff, 0xff,
    0xf8, 0x0, 0x0, 0x0,

    /* U+F03E "" */
    0x8f, 0xff, 0xff, 0xff, 0xff, 0xff, 0xff, 0xf8,
    0xff, 0xfc, 0xff, 0xff, 0xff, 0xff, 0xff, 0xff,
    0xff, 0x20, 0x2f, 0xff, 0xff, 0xff, 0xff, 0xff,
    0xfc, 0x0, 0xc, 0xff, 0xff, 0xee, 0xff, 0xff,
    0xff, 0x20, 0x2f, 0xff, 0xfe, 0x12, 0xef, 0xff,
    0xff, 0xfc, 0xff, 0xff, 0xe1, 0x0, 0x2e, 0xff,
    0xff, 0xfe, 0x4e, 0xfe, 0x10, 0x0, 0x2, 0xff,
    0xff, 0xe1, 0x2, 0xc1, 0x0, 0x0, 0x0, 0xff,
    0xff, 0x10, 0x0, 0x0, 0x0, 0x0, 0x0, 0xff,
    0xff, 0x0, 0x0, 0x0, 0x0, 0x0, 0x0, 0xff,
    0xff, 0xff, 0xff, 0xff, 0xff, 0xff, 0xff, 0xff,
    0x8f, 0xff, 0xff, 0xff, 0xff, 0xff, 0xff, 0xf8,

    /* U+F041 "" */
    0x0, 0x7, 0xcf, 0xfc, 0x70, 0x0, 0x1, 0xdf,
    0xff, 0xff, 0xfd, 0x10, 0xd, 0xff, 0xff, 0xff,
    0xff, 0xd0, 0x7f, 0xff, 0xff, 0xff, 0xff, 0xf7,
    0xcf, 0xff, 0xff, 0xff, 0xff, 0xfc, 0xff, 0xff,
    0xff, 0xff, 0xff, 0xff, 0xff, 0xff, 0xff, 0xff,
    0xff, 0xff, 0xcf, 0xff, 0xff, 0xff, 0xff, 0xfc,
    0x6f, 0xff, 0xff, 0xff, 0xff, 0xf6, 0xd, 0xff,
    0xff, 0xff, 0xff, 0xd0, 0x3, 0xff, 0xff, 0xff,
    0xff, 0x30, 0x0, 0x8f, 0xff, 0xff, 0xf8, 0x0,
    0x0, 0xc, 0xff, 0xff, 0xc0, 0x0, 0x0, 0x2,
    0xff, 0xff, 0x20, 0x0, 0x0, 0x0, 0x7f, 0xf7,
    0x0, 0x0, 0x0, 0x0, 0xb, 0xb0, 0x0, 0x0,

    /* U+F042 "" */
    0x0, 0x0, 0x16, 0xbc, 0xdb, 0x61, 0x0, 0x0,
    0x0, 0x6, 0xef, 0xff, 0xff, 0xfe, 0x60, 0x0,
    0x0, 0x8f, 0xff, 0xff, 0x35, 0xbf, 0xf8, 0x0,
    0x5, 0xff, 0xff, 0xff, 0x0, 0x6, 0xff, 0x50,
    0xe, 0xff, 0xff, 0xff, 0x0, 0x0, 0x6f, 0xe0,
    0x5f, 0xff, 0xff, 0xff, 0x0, 0x0, 0xc, 0xf5,
    0x9f, 0xff, 0xff, 0xff, 0x0, 0x0, 0x7, 0xf9,
    0xbf, 0xff, 0xff, 0xff, 0x0, 0x0, 0x4, 0xfb,
    0xbf, 0xff, 0xff, 0xff, 0x0, 0x0, 0x4, 0xfb,
    0x9f, 0xff, 0xff, 0xff, 0x0, 0x0, 0x7, 0xf9,
    0x5f, 0xff, 0xff, 0xff, 0x0, 0x0, 0xc, 0xf5,
    0xe, 0xff, 0xff, 0xff, 0x0, 0x0, 0x6f, 0xe0,
    0x5, 0xff, 0xff, 0xff, 0x0, 0x6, 0xff, 0x50,
    0x0, 0x8f, 0xff, 0xff, 0x25, 0xbf, 0xf8, 0x0,
    0x0, 0x6, 0xef, 0xff, 0xff, 0xfe, 0x60, 0x0,
    0x0, 0x0, 0x16, 0xbd, 0xdb, 0x61, 0x0, 0x0,

    /* U+F043 "" */
    0x0, 0x0, 0x4e, 0x40, 0x0, 0x0, 0x0, 0xb,
    0xfb, 0x0, 0x0, 0x0, 0x1, 0xff, 0xf1, 0x0,
    0x0, 0x0, 0x9f, 0xff, 0x90, 0x0, 0x0, 0x2f,
    0xff, 0xff, 0x30, 0x0, 0xc, 0xff, 0xff, 0xfc,
    0x0, 0x7, 0xff, 0xff, 0xff, 0xf8, 0x2, 0xff,
    0xff, 0xff, 0xff, 0xf2, 0x9f, 0xff, 0xff, 0xff,
    0xff, 0x9e, 0xff, 0xff, 0xff, 0xff, 0xfe, 0xff,
    0x2f, 0xff, 0xff, 0xff, 0xfe, 0xf2, 0xbf, 0xff,
    0xff, 0xfe, 0x9f, 0xa1, 0xbf, 0xff, 0xff, 0x92,
    0xff, 0xa2, 0x2f, 0xff, 0xf2, 0x4, 0xff, 0xff,
    0xff, 0xf4, 0x0, 0x2, 0x9e, 0xfe, 0x92, 0x0,

    /* U+F044 "" */
    0x0, 0x0, 0x0, 0x0, 0x0, 0x0, 0x0, 0xae,
    0x40, 0x0, 0x0, 0x0, 0x0, 0x0, 0x0, 0xa,
    0xff, 0xf4, 0x8f, 0xff, 0xff, 0xff, 0xff, 0xa0,
    0x53, 0xef, 0xfe, 0xff, 0xff, 0xff, 0xff, 0xfc,
    0x1b, 0xf8, 0x3e, 0xfb, 0xff, 0x0, 0x0, 0x0,
    0x0, 0xbf, 0xff, 0x83, 0xa0, 0xff, 0x0, 0x0,
    0x0, 0xb, 0xff, 0xff, 0xf5, 0x0, 0xff, 0x0,
    0x0, 0x0, 0xbf, 0xff, 0xff, 0xb0, 0x0, 0xff,
    0x0, 0x0, 0xb, 0xff, 0xff, 0xfb, 0x0, 0x0,
    0xff, 0x0, 0x0, 0xbf, 0xff, 0xff, 0xb0, 0x0,
    0x0, 0xff, 0x0, 0x9, 0xff, 0xff, 0xfb, 0x1a,
    0x0, 0x0, 0xff, 0x0, 0xc, 0xff, 0xff, 0xb0,
    0xcf, 0x0, 0x0, 0xff, 0x0, 0xe, 0xff, 0xfb,
    0x0, 0xff, 0x0, 0x0, 0xff, 0x0, 0xe, 0xec,
    0x90, 0x0, 0xff, 0x0, 0x0, 0xff, 0x0, 0x0,
    0x0, 0x0, 0x0, 0xff, 0x0, 0x0, 0xff, 0xff,
    0xff, 0xff, 0xff, 0xff, 0xff, 0x0, 0x0, 0x8f,
    0xff, 0xff, 0xff, 0xff, 0xff, 0xf8, 0x0, 0x0,

    /* U+F048 "" */
    0x0, 0x0, 0x0, 0x0, 0x0, 0xff, 0x30, 0x0,
    0x1, 0xcc, 0xff, 0x40, 0x0, 0x2d, 0xff, 0xff,
    0x40, 0x3, 0xef, 0xff, 0xff, 0x40, 0x3f, 0xff,
    0xff, 0xff, 0x44, 0xff, 0xff, 0xff, 0xff, 0x9f,
    0xff, 0xff, 0xff, 0xff, 0xff, 0xff, 0xff, 0xff,
    0xff, 0xff, 0xff, 0xff, 0xff, 0xff, 0xaf, 0xff,
    0xff, 0xff, 0xff, 0x45, 0xff, 0xff, 0xff, 0xff,
    0x40, 0x4f, 0xff, 0xff, 0xff, 0x40, 0x3, 0xef,
    0xff, 0xff, 0x40, 0x0, 0x2d, 0xff, 0xff, 0x30,
    0x0, 0x1, 0xcc, 0x0, 0x0, 0x0, 0x0, 0x0,

    /* U+F049 "" */
    0x0, 0x0, 0x0, 0x0, 0x0, 0x0, 0x0, 0x0,
    0xff, 0x0, 0x0, 0x1c, 0xc0, 0x0, 0x1, 0xcc,
    0xff, 0x0, 0x2, 0xef, 0xf0, 0x0, 0x2e, 0xff,
    0xff, 0x0, 0x3e, 0xff, 0xf0, 0x3, 0xef, 0xff,
    0xff, 0x4, 0xff, 0xff, 0xf0, 0x4f, 0xff, 0xff,
    0xff, 0x5f, 0xff, 0xff, 0xf5, 0xff, 0xff, 0xff,
    0xff, 0xff, 0xff, 0xff, 0xff, 0xff, 0xff, 0xff,
    0xff, 0xff, 0xff, 0xff, 0xff, 0xff, 0xff, 0xff,
    0xff, 0x5f, 0xff, 0xff, 0xf5, 0xff, 0xff, 0xff,
    0xff, 0x4, 0xff, 0xff, 0xf0, 0x4f, 0xff, 0xff,
    0xff, 0x0, 0x3e, 0xff, 0xf0, 0x3, 0xef, 0xff,
    0xff, 0x0, 0x2, 0xef, 0xf0, 0x0, 0x2e, 0xff,
    0xff, 0x0, 0x0, 0x1c, 0xc0, 0x0, 0x1, 0xcc,
    0x0, 0x0, 0x0, 0x0, 0x0, 0x0, 0x0, 0x0,

    /* U+F04A "" */
    0x0, 0x0, 0x0, 0x0, 0x0, 0x0, 0x0, 0x0,
    0x0, 0x0, 0x2, 0xcc, 0x0, 0x0, 0x2, 0xcc,
    0x0, 0x0, 0x3e, 0xff, 0x0, 0x0, 0x3e, 0xff,
    0x0, 0x6, 0xff, 0xff, 0x0, 0x6, 0xff, 0xff,
    0x0, 0x8f, 0xff, 0xff, 0x0, 0x8f, 0xff, 0xff,
    0xb, 0xff, 0xff, 0xff, 0xb, 0xff, 0xff, 0xff,
    0xcf, 0xff, 0xff, 0xff, 0xcf, 0xff, 0xff, 0xff,
    0xcf, 0xff, 0xff, 0xff, 0xcf, 0xff, 0xff, 0xff,
    0xb, 0xff, 0xff, 0xff, 0xb, 0xff, 0xff, 0xff,
    0x0, 0x8f, 0xff, 0xff, 0x0, 0x8f, 0xff, 0xff,
    0x0, 0x6, 0xff, 0xff, 0x0, 0x6, 0xff, 0xff,
    0x0, 0x0, 0x3e, 0xff, 0x0, 0x0, 0x3e, 0xff,
    0x0, 0x0, 0x2, 0xcc, 0x0, 0x0, 0x2, 0xcc,
    0x0, 0x0, 0x0, 0x0, 0x0, 0x0, 0x0, 0x0,

    /* U+F04B "" */
    0x0, 0x0, 0x0, 0x0, 0x0, 0x0, 0x0, 0x8f,
    0x91, 0x0, 0x0, 0x0, 0x0, 0x0, 0xff, 0xff,
    0x70, 0x0, 0x0, 0x0, 0x0, 0xff, 0xff, 0xfd,
    0x40, 0x0, 0x0, 0x0, 0xff, 0xff, 0xff, 0xfa,
    0x10, 0x0, 0x0, 0xff, 0xff, 0xff, 0xff, 0xf7,
    0x0, 0x0, 0xff, 0xff, 0xff, 0xff, 0xff, 0xd5,
    0x0, 0xff, 0xff, 0xff, 0xff, 0xff, 0xff, 0xb2,
    0xff, 0xff, 0xff, 0xff, 0xff, 0xff, 0xfd, 0xff,
    0xff, 0xff, 0xff, 0xff, 0xff, 0xfd, 0xff, 0xff,
    0xff, 0xff, 0xff, 0xff, 0xb2, 0xff, 0xff, 0xff,
    0xff, 0xff, 0xd5, 0x0, 0xff, 0xff, 0xff, 0xff,
    0xf7, 0x0, 0x0, 0xff, 0xff, 0xff, 0xfa, 0x20,
    0x0, 0x0, 0xff, 0xff, 0xfd, 0x40, 0x0, 0x0,
    0x0, 0xff, 0xff, 0x70, 0x0, 0x0, 0x0, 0x0,
    0x8e, 0xa1, 0x0, 0x0, 0x0, 0x0, 0x0, 0x0,
    0x0, 0x0, 0x0, 0x0, 0x0, 0x0,

    /* U+F04C "" */
    0x0, 0x0, 0x0, 0x0, 0x0, 0x0, 0x0, 0x8f,
    0xff, 0xf8, 0x0, 0x8f, 0xff, 0xf8, 0xff, 0xff,
    0xff, 0x0, 0xff, 0xff, 0xff, 0xff, 0xff, 0xff,
    0x0, 0xff, 0xff, 0xff, 0xff, 0xff, 0xff, 0x0,
    0xff, 0xff, 0xff, 0xff, 0xff, 0xff, 0x0, 0xff,
    0xff, 0xff, 0xff, 0xff, 0xff, 0x0, 0xff, 0xff,
    0xff, 0xff, 0xff, 0xff, 0x0, 0xff, 0xff, 0xff,
    0xff, 0xff, 0xff, 0x0, 0xff, 0xff, 0xff, 0xff,
    0xff, 0xff, 0x0, 0xff, 0xff, 0xff, 0xff, 0xff,
    0xff, 0x0, 0xff, 0xff, 0xff, 0xff, 0xff, 0xff,
    0x0, 0xff, 0xff, 0xff, 0xff, 0xff, 0xff, 0x0,
    0xff, 0xff, 0xff, 0xff, 0xff, 0xff, 0x0, 0xff,
    0xff, 0xff, 0x7f, 0xff, 0xf7, 0x0, 0x7f, 0xff,
    0xf7,

    /* U+F04D "" */
    0x8f, 0xff, 0xff, 0xff, 0xff, 0xff, 0xf8, 0xff,
    0xff, 0xff, 0xff, 0xff, 0xff, 0xff, 0xff, 0xff,
    0xff, 0xff, 0xff, 0xff, 0xff, 0xff, 0xff, 0xff,
    0xff, 0xff, 0xff, 0xff, 0xff, 0xff, 0xff, 0xff,
    0xff, 0xff, 0xff, 0xff, 0xff, 0xff, 0xff, 0xff,
    0xff, 0xff, 0xff, 0xff, 0xff, 0xff, 0xff, 0xff,
    0xff, 0xff, 0xff, 0xff, 0xff, 0xff, 0xff, 0xff,
    0xff, 0xff, 0xff, 0xff, 0xff, 0xff, 0xff, 0xff,
    0xff, 0xff, 0xff, 0xff, 0xff, 0xff, 0xff, 0xff,
    0xff, 0xff, 0xff, 0xff, 0xff, 0xff, 0xff, 0xff,
    0xff, 0xff, 0xff, 0xff, 0xff, 0xff, 0xff, 0xff,
    0xff, 0xff, 0xff, 0x8f, 0xff, 0xff, 0xff, 0xff,
    0xff, 0xf8,

    /* U+F04E "" */
    0x0, 0x0, 0x0, 0x0, 0x0, 0x0, 0x0, 0x0,
    0xcc, 0x20, 0x0, 0x0, 0xcc, 0x20, 0x0, 0x0,
    0xff, 0xe3, 0x0, 0x0, 0xff, 0xe3, 0x0, 0x0,
    0xff, 0xff, 0x60, 0x0, 0xff, 0xff, 0x60, 0x0,
    0xff, 0xff, 0xf8, 0x0, 0xff, 0xff, 0xf8, 0x0,
    0xff, 0xff, 0xff, 0xb0, 0xff, 0xff, 0xff, 0xb0,
    0xff, 0xff, 0xff, 0xfc, 0xff, 0xff, 0xff, 0xfc,
    0xff, 0xff, 0xff, 0xfc, 0xff, 0xff, 0xff, 0xfc,
    0xff, 0xff, 0xff, 0xb0, 0xff, 0xff, 0xff, 0xb0,
    0xff, 0xff, 0xf8, 0x0, 0xff, 0xff, 0xf8, 0x0,
    0xff, 0xff, 0x60, 0x0, 0xff, 0xff, 0x60, 0x0,
    0xff, 0xe3, 0x0, 0x0, 0xff, 0xe3, 0x0, 0x0,
    0xcc, 0x20, 0x0, 0x0, 0xcc, 0x20, 0x0, 0x0,
    0x0, 0x0, 0x0, 0x0, 0x0, 0x0, 0x0, 0x0,

    /* U+F050 "" */
    0x0, 0x0, 0x0, 0x0, 0x0, 0x0, 0x0, 0x0,
    0xcc, 0x10, 0x0, 0xc, 0xc1, 0x0, 0x0, 0xff,
    0xff, 0xe2, 0x0, 0xf, 0xfe, 0x20, 0x0, 0xff,
    0xff, 0xfe, 0x30, 0xf, 0xff, 0xe3, 0x0, 0xff,
    0xff, 0xff, 0xf4, 0xf, 0xff, 0xff, 0x40, 0xff,
    0xff, 0xff, 0xff, 0x5f, 0xff, 0xff, 0xf5, 0xff,
    0xff, 0xff, 0xff, 0xff, 0xff, 0xff, 0xff, 0xff,
    0xff, 0xff, 0xff, 0xff, 0xff, 0xff, 0xff, 0xff,
    0xff, 0xff, 0xff, 0x5f, 0xff, 0xff, 0xf5, 0xff,
    0xff, 0xff, 0xf4, 0xf, 0xff, 0xff, 0x40, 0xff,
    0xff, 0xfe, 0x30, 0xf, 0xff, 0xe3, 0x0, 0xff,
    0xff, 0xe2, 0x0, 0xf, 0xfe, 0x20, 0x0, 0xff,
    0xcc, 0x10, 0x0, 0xc, 0xc1, 0x0, 0x0, 0xff,
    0x0, 0x0, 0x0, 0x0, 0x0, 0x0, 0x0, 0x0,

    /* U+F051 "" */
    0x0, 0x0, 0x0, 0x0, 0x0, 0xcc, 0x10, 0x0,
    0x3, 0xff, 0xff, 0xd2, 0x0, 0x4, 0xff, 0xff,
    0xfe, 0x30, 0x4, 0xff, 0xff, 0xff, 0xf4, 0x4,
    0xff, 0xff, 0xff, 0xff, 0x54, 0xff, 0xff, 0xff,
    0xff, 0xfa, 0xff, 0xff, 0xff, 0xff, 0xff, 0xff,
    0xff, 0xff, 0xff, 0xff, 0xff, 0xff, 0xff, 0xff,
    0xf9, 0xff, 0xff, 0xff, 0xff, 0x44, 0xff, 0xff,
    0xff, 0xf3, 0x4, 0xff, 0xff, 0xfe, 0x30, 0x4,
    0xff, 0xff, 0xd2, 0x0, 0x4, 0xff, 0xcc, 0x10,
    0x0, 0x3, 0xff, 0x0, 0x0, 0x0, 0x0, 0x0,

    /* U+F052 "" */
    0x0, 0x0, 0x0, 0x2d, 0xd2, 0x0, 0x0, 0x0,
    0x0, 0x0, 0x1, 0xef, 0xfe, 0x10, 0x0, 0x0,
    0x0, 0x0, 0x1d, 0xff, 0xff, 0xd1, 0x0, 0x0,
    0x0, 0x0, 0xcf, 0xff, 0xff, 0xfc, 0x0, 0x0,
    0x0, 0xb, 0xff, 0xff, 0xff, 0xff, 0xb0, 0x0,
    0x0, 0xaf, 0xff, 0xff, 0xff, 0xff, 0xfa, 0x0,
    0x9, 0xff, 0xff, 0xff, 0xff, 0xff, 0xff, 0x90,
    0xf, 0xff, 0xff, 0xff, 0xff, 0xff, 0xff, 0xf0,
    0x8, 0xff, 0xff, 0xff, 0xff, 0xff, 0xff, 0x80,
    0x0, 0x0, 0x0, 0x0, 0x0, 0x0, 0x0, 0x0,
    0xc, 0xff, 0xff, 0xff, 0xff, 0xff, 0xff, 0xc0,
    0xf, 0xff, 0xff, 0xff, 0xff, 0xff, 0xff, 0xf0,
    0xf, 0xff, 0xff, 0xff, 0xff, 0xff, 0xff, 0xf0,
    0xc, 0xff, 0xff, 0xff, 0xff, 0xff, 0xff, 0xc0,

    /* U+F053 "" */
    0x0, 0x0, 0x0, 0x1a, 0x40, 0x0, 0x0, 0x1,
    0xdf, 0xf0, 0x0, 0x0, 0x1d, 0xff, 0xa0, 0x0,
    0x1, 0xdf, 0xfa, 0x0, 0x0, 0x1d, 0xff, 0xa0,
    0x0, 0x1, 0xdf, 0xfa, 0x0, 0x0, 0xc, 0xff,
    0xa0, 0x0, 0x0, 0xd, 0xff, 0x80, 0x0, 0x0,
    0x1, 0xdf, 0xf8, 0x0, 0x0, 0x0, 0x1d, 0xff,
    0x80, 0x0, 0x0, 0x1, 0xdf, 0xf8, 0x0, 0x0,
    0x0, 0x1d, 0xff, 0x80, 0x0, 0x0, 0x1, 0xdf,
    0xf0, 0x0, 0x0, 0x0, 0x1b, 0x50,

    /* U+F054 "" */
    0x4, 0xa1, 0x0, 0x0, 0x0, 0xf, 0xfc, 0x10,
    0x0, 0x0, 0xa, 0xff, 0xc1, 0x0, 0x0, 0x0,
    0xaf, 0xfc, 0x10, 0x0, 0x0, 0xa, 0xff, 0xc1,
    0x0, 0x0, 0x0, 0xaf, 0xfc, 0x10, 0x0, 0x0,
    0xa, 0xff, 0xc0, 0x0, 0x0, 0x8, 0xff, 0xd0,
    0x0, 0x0, 0x8f, 0xfd, 0x10, 0x0, 0x8, 0xff,
    0xd1, 0x0, 0x0, 0x8f, 0xfd, 0x10, 0x0, 0x8,
    0xff, 0xd1, 0x0, 0x0, 0xf, 0xfd, 0x10, 0x0,
    0x0, 0x5, 0xb1, 0x0, 0x0, 0x0,

    /* U+F055 "" */
    0x0, 0x0, 0x39, 0xde, 0xeb, 0x60, 0x0, 0x0,
    0x0, 0x9, 0xff, 0xff, 0xff, 0xfd, 0x30, 0x0,
    0x0, 0xbf, 0xff, 0xff, 0xff, 0xff, 0xf3, 0x0,
    0x9, 0xff, 0xff, 0xb4, 0x6f, 0xff, 0xfe, 0x10,
    0x2f, 0xff, 0xff, 0x90, 0x2f, 0xff, 0xff, 0x90,
    0x8f, 0xff, 0xff, 0x90, 0x2f, 0xff, 0xff, 0xf0,
    0xcf, 0xfb, 0x88, 0x50, 0x18, 0x88, 0xff, 0xf3,
    0xef, 0xf5, 0x0, 0x0, 0x0, 0x0, 0xef, 0xf5,
    0xef, 0xf5, 0x0, 0x0, 0x0, 0x0, 0xef, 0xf5,
    0xcf, 0xfb, 0x88, 0x50, 0x18, 0x88, 0xff, 0xf3,
    0x8f, 0xff, 0xff, 0x90, 0x2f, 0xff, 0xff, 0xf0,
    0x2f, 0xff, 0xff, 0x90, 0x2f, 0xff, 0xff, 0x90,
    0x9, 0xff, 0xff, 0xb4, 0x6f, 0xff, 0xfe, 0x10,
    0x0, 0xbf, 0xff, 0xff, 0xff, 0xff, 0xf3, 0x0,
    0x0, 0x9, 0xff, 0xff, 0xff, 0xfd, 0x30, 0x0,
    0x0, 0x0, 0x39, 0xde, 0xeb, 0x60, 0x0, 0x0,

    /* U+F056 "" */
    0x0, 0x0, 0x3, 0x68, 0x75, 0x0, 0x0, 0x0,
    0x0, 0x4, 0xdf, 0xff, 0xff, 0xf8, 0x0, 0x0,
    0x0, 0x6f, 0xff, 0xff, 0xff, 0xff, 0xc1, 0x0,
    0x5, 0xff, 0xff, 0xff, 0xff, 0xff, 0xfb, 0x0,
    0xe, 0xff, 0xff, 0xff, 0xff, 0xff, 0xff, 0x60,
    0x7f, 0xff, 0xff, 0xff, 0xff, 0xff, 0xff, 0xd0,
    0xbf, 0xff, 0xff, 0xff, 0xff, 0xff, 0xff, 0xf2,
    0xdf, 0xf5, 0x0, 0x0, 0x0, 0x0, 0xef, 0xf4,
    0xef, 0xf5, 0x0, 0x0, 0x0, 0x0, 0xef, 0xf5,
    0xcf, 0xfb, 0x88, 0x88, 0x88, 0x88, 0xff, 0xf3,
    0x9f, 0xff, 0xff, 0xff, 0xff, 0xff, 0xff, 0xf0,
    0x3f, 0xff, 0xff, 0xff, 0xff, 0xff, 0xff, 0xa0,
    0xa, 0xff, 0xff, 0xff, 0xff, 0xff, 0xff, 0x10,
    0x0, 0xcf, 0xff, 0xff, 0xff, 0xff, 0xf4, 0x0,
    0x0, 0xa, 0xff, 0xff, 0xff, 0xfe, 0x30, 0x0,
    0x0, 0x0, 0x39, 0xde, 0xeb, 0x60, 0x0, 0x0,

    /* U+F057 "" */
    0x0, 0x0, 0x3, 0x79, 0x97, 0x30, 0x0, 0x0,
    0x0, 0x3, 0xcf, 0xff, 0xff, 0xfc, 0x30, 0x0,
    0x0, 0x5f, 0xff, 0xff, 0xff, 0xff, 0xf5, 0x0,
    0x3, 0xff, 0xff, 0xff, 0xff, 0xff, 0xff, 0x30,
    0xd, 0xff, 0xf5, 0xcf, 0xfc, 0x5f, 0xff, 0xd0,
    0x4f, 0xff, 0x40, 0x1c, 0xc0, 0x5, 0xff, 0xf4,
    0x9f, 0xff, 0x90, 0x1, 0x0, 0x9, 0xff, 0xf8,
    0xbf, 0xff, 0xf9, 0x0, 0x0, 0xaf, 0xff, 0xfa,
    0xbf, 0xff, 0xfc, 0x0, 0x0, 0xcf, 0xff, 0xfb,
    0xaf, 0xff, 0xc0, 0x0, 0x0, 0x1c, 0xff, 0xf9,
    0x6f, 0xff, 0x30, 0xa, 0x90, 0x3, 0xff, 0xf5,
    0xe, 0xff, 0xd2, 0x9f, 0xf9, 0x2e, 0xff, 0xe0,
    0x6, 0xff, 0xff, 0xff, 0xff, 0xff, 0xff, 0x50,
    0x0, 0x8f, 0xff, 0xff, 0xff, 0xff, 0xf8, 0x0,
    0x0, 0x6, 0xff, 0xff, 0xff, 0xfe, 0x60, 0x0,
    0x0, 0x0, 0x17, 0xbd, 0xdb, 0x61, 0x0, 0x0,

    /* U+F058 "" */
    0x0, 0x0, 0x3, 0x79, 0x97, 0x30, 0x0, 0x0,
    0x0, 0x3, 0xcf, 0xff, 0xff, 0xfc, 0x30, 0x0,
    0x0, 0x5f, 0xff, 0xff, 0xff, 0xff, 0xf5, 0x0,
    0x3, 0xff, 0xff, 0xff, 0xff, 0xff, 0xff, 0x30,
    0xd, 0xff, 0xff, 0xff, 0xff, 0xff, 0xff, 0xd0,
    0x4f, 0xff, 0xff, 0xff, 0xff, 0xd1, 0x7f, 0xf4,
    0x9f, 0xff, 0xff, 0xff, 0xfd, 0x10, 0x4f, 0xf8,
    0xbf, 0xfd, 0x9f, 0xff, 0xd1, 0x4, 0xff, 0xfa,
    0xbf, 0xf1, 0x8, 0xfd, 0x10, 0x4f, 0xff, 0xfb,
    0xaf, 0xfa, 0x0, 0x61, 0x4, 0xff, 0xff, 0xf9,
    0x6f, 0xff, 0xa0, 0x0, 0x4f, 0xff, 0xff, 0xf5,
    0xe, 0xff, 0xfa, 0x4, 0xff, 0xff, 0xff, 0xe0,
    0x6, 0xff, 0xff, 0xcf, 0xff, 0xff, 0xff, 0x50,
    0x0, 0x8f, 0xff, 0xff, 0xff, 0xff, 0xf8, 0x0,
    0x0, 0x6, 0xff, 0xff, 0xff, 0xfe, 0x60, 0x0,
    0x0, 0x0, 0x17, 0xbd, 0xdb, 0x61, 0x0, 0x0,

    /* U+F059 "" */
    0x0, 0x0, 0x4, 0x8a, 0xa8, 0x40, 0x0, 0x0,
    0x0, 0x4, 0xdf, 0xff, 0xff, 0xfd, 0x30, 0x0,
    0x0, 0x6f, 0xff, 0xff, 0xef, 0xff, 0xf5, 0x0,
    0x4, 0xff, 0xfd, 0x40, 0x2, 0xbf, 0xff, 0x30,
    0xd, 0xff, 0xd1, 0x0, 0x0, 0xb, 0xff, 0xd0,
    0x5f, 0xff, 0xb0, 0x2b, 0xb2, 0x4, 0xff, 0xf4,
    0x9f, 0xff, 0xfd, 0xef, 0xf4, 0x3, 0xff, 0xf8,
    0xbf, 0xff, 0xff, 0xfd, 0x30, 0x9, 0xff, 0xfa,
    0xbf, 0xff, 0xff, 0xf1, 0x0, 0x8f, 0xff, 0xfb,
    0x9f, 0xff, 0xff, 0xc0, 0xb, 0xff, 0xff, 0xf9,
    0x5f, 0xff, 0xff, 0xfe, 0xef, 0xff, 0xff, 0xf5,
    0xe, 0xff, 0xff, 0xc0, 0xc, 0xff, 0xff, 0xe0,
    0x6, 0xff, 0xff, 0xa0, 0xa, 0xff, 0xff, 0x50,
    0x0, 0x8f, 0xff, 0xf9, 0x9f, 0xff, 0xf8, 0x0,
    0x0, 0x6, 0xff, 0xff, 0xff, 0xfe, 0x60, 0x0,
    0x0, 0x0, 0x17, 0xbd, 0xdb, 0x61, 0x0, 0x0,

    /* U+F05A "" */
    0x0, 0x0, 0x16, 0xbd, 0xcb, 0x61, 0x0, 0x0,
    0x0, 0x6, 0xff, 0xff, 0xff, 0xfe, 0x50, 0x0,
    0x0, 0x8f, 0xff, 0xff, 0xff, 0xff, 0xf7, 0x0,
    0x5, 0xff, 0xff, 0xfb, 0xcf, 0xff, 0xff, 0x50,
    0xe, 0xff, 0xff, 0xc0, 0xd, 0xff, 0xff, 0xe0,
    0x5f, 0xff, 0xff, 0xd0, 0xd, 0xff, 0xff, 0xf5,
    0x9f, 0xff, 0xff, 0xfd, 0xdf, 0xff, 0xff, 0xf9,
    0xbf, 0xff, 0xff, 0x40, 0xf, 0xff, 0xff, 0xfb,
    0xbf, 0xff, 0xff, 0x70, 0xf, 0xff, 0xff, 0xfa,
    0x9f, 0xff, 0xff, 0xf0, 0xf, 0xff, 0xff, 0xf9,
    0x5f, 0xff, 0xff, 0xc0, 0xd, 0xff, 0xff, 0xf4,
    0xe, 0xff, 0xff, 0x40, 0x4, 0xff, 0xff, 0xd0,
    0x4, 0xff, 0xff, 0xff, 0xff, 0xff, 0xff, 0x40,
    0x0, 0x6f, 0xff, 0xff, 0xff, 0xff, 0xf6, 0x0,
    0x0, 0x4, 0xef, 0xff, 0xff, 0xfd, 0x40, 0x0,
    0x0, 0x0, 0x5, 0x9b, 0xb9, 0x50, 0x0, 0x0,

    /* U+F05B "" */
    0x0, 0x0, 0x0, 0xf, 0xf0, 0x0, 0x0, 0x0,
    0x0, 0x0, 0x4, 0x9f, 0xf9, 0x40, 0x0, 0x0,
    0x0, 0x1, 0xbf, 0xff, 0xff, 0xfb, 0x10, 0x0,
    0x0, 0x1e, 0xfe, 0x8f, 0xf8, 0xef, 0xe1, 0x0,
    0x0, 0xbf, 0xc1, 0xf, 0xf0, 0x1c, 0xfb, 0x0,
    0x4, 0xfe, 0x10, 0x0, 0x0, 0x1, 0xef, 0x40,
    0x9, 0xf8, 0x0, 0x0, 0x0, 0x0, 0x8f, 0x90,
    0xff, 0xff, 0xf0, 0xc, 0xc0, 0xf, 0xff, 0xff,
    0xff, 0xff, 0xf0, 0xc, 0xc0, 0xf, 0xff, 0xff,
    0x9, 0xf8, 0x0, 0x0, 0x0, 0x0, 0x8f, 0x80,
    0x4, 0xfe, 0x10, 0x0, 0x0, 0x1, 0xef, 0x30,
    0x0, 0xbf, 0xc1, 0xf, 0xf0, 0x1c, 0xfb, 0x0,
    0x0, 0x1e, 0xfe, 0x8f, 0xf8, 0xef, 0xe1, 0x0,
    0x0, 0x1, 0xbf, 0xff, 0xff, 0xfb, 0x10, 0x0,
    0x0, 0x0, 0x4, 0x9f, 0xf8, 0x30, 0x0, 0x0,
    0x0, 0x0, 0x0, 0xf, 0xf0, 0x0, 0x0, 0x0,

    /* U+F05E "" */
    0x0, 0x0, 0x3, 0x79, 0x97, 0x30, 0x0, 0x0,
    0x0, 0x3, 0xcf, 0xff, 0xff, 0xfc, 0x30, 0x0,
    0x0, 0x5f, 0xfe, 0x86, 0x69, 0xef, 0xf5, 0x0,
    0x3, 0xff, 0xe1, 0x0, 0x0, 0x9, 0xff, 0x30,
    0xd, 0xff, 0xfb, 0x0, 0x0, 0x0, 0x9f, 0xd0,
    0x4f, 0xd2, 0xef, 0xb0, 0x0, 0x0, 0xe, 0xf4,
    0x9f, 0x70, 0x2e, 0xfb, 0x0, 0x0, 0x8, 0xf8,
    0xbf, 0x40, 0x2, 0xef, 0xb0, 0x0, 0x5, 0xfa,
    0xbf, 0x40, 0x0, 0x2e, 0xfb, 0x0, 0x4, 0xfb,
    0xaf, 0x60, 0x0, 0x2, 0xef, 0xb0, 0x6, 0xf9,
    0x6f, 0xc0, 0x0, 0x0, 0x2e, 0xfb, 0xc, 0xf5,
    0xe, 0xf5, 0x0, 0x0, 0x2, 0xef, 0xdf, 0xe0,
    0x6, 0xff, 0x50, 0x0, 0x0, 0x2e, 0xff, 0x50,
    0x0, 0x8f, 0xfb, 0x52, 0x25, 0xbf, 0xf8, 0x0,
    0x0, 0x6, 0xff, 0xff, 0xff, 0xfe, 0x60, 0x0,
    0x0, 0x0, 0x17, 0xbd, 0xdb, 0x61, 0x0, 0x0,

    /* U+F060 "" */
    0x0, 0x0, 0x0, 0x0, 0x0, 0x0, 0x0, 0x0,
    0x0, 0x2, 0xd9, 0x0, 0x0, 0x0, 0x0, 0x0,
    0x2e, 0xff, 0x20, 0x0, 0x0, 0x0, 0x2, 0xef,
    0xf7, 0x0, 0x0, 0x0, 0x0, 0x2e, 0xff, 0x60,
    0x0, 0x0, 0x0, 0x2, 0xef, 0xf6, 0x0, 0x0,
    0x0, 0x0, 0x2e, 0xff, 0xc7, 0x77, 0x77, 0x77,
    0x74, 0xdf, 0xff, 0xff, 0xff, 0xff, 0xff, 0xff,
    0x9f, 0xff, 0xff, 0xff, 0xff, 0xff, 0xfd, 0x9,
    0xff, 0xc1, 0x0, 0x0, 0x0, 0x0, 0x0, 0x9f,
    0xfb, 0x0, 0x0, 0x0, 0x0, 0x0, 0x9, 0xff,
    0xc0, 0x0, 0x0, 0x0, 0x0, 0x0, 0x9f, 0xfc,
    0x0, 0x0, 0x0, 0x0, 0x0, 0x9, 0xff, 0x20,
    0x0, 0x0, 0x0, 0x0, 0x0, 0x73, 0x0, 0x0,
    0x0,

    /* U+F061 "" */
    0x0, 0x0, 0x0, 0x0, 0x0, 0x0, 0x0, 0x0,
    0x0, 0x0, 0x9d, 0x20, 0x0, 0x0, 0x0, 0x0,
    0x2, 0xff, 0xe2, 0x0, 0x0, 0x0, 0x0, 0x0,
    0x7f, 0xfe, 0x20, 0x0, 0x0, 0x0, 0x0, 0x6,
    0xff, 0xe2, 0x0, 0x0, 0x0, 0x0, 0x0, 0x6f,
    0xfe, 0x20, 0x47, 0x77, 0x77, 0x77, 0x7c, 0xff,
    0xe2, 0xff, 0xff, 0xff, 0xff, 0xff, 0xff, 0xfd,
    0xdf, 0xff, 0xff, 0xff, 0xff, 0xff, 0xf9, 0x0,
    0x0, 0x0, 0x0, 0x1c, 0xff, 0x90, 0x0, 0x0,
    0x0, 0x0, 0xbf, 0xf9, 0x0, 0x0, 0x0, 0x0,
    0xc, 0xff, 0x90, 0x0, 0x0, 0x0, 0x0, 0xcf,
    0xf9, 0x0, 0x0, 0x0, 0x0, 0x2, 0xff, 0x90,
    0x0, 0x0, 0x0, 0x0, 0x0, 0x37, 0x0, 0x0,
    0x0,

    /* U+F062 "" */
    0x0, 0x0, 0x0, 0x9d, 0x10, 0x0, 0x0, 0x0,
    0x0, 0xa, 0xff, 0xd1, 0x0, 0x0, 0x0, 0x0,
    0xaf, 0xff, 0xfd, 0x10, 0x0, 0x0, 0xa, 0xff,
    0xff, 0xff, 0xd1, 0x0, 0x0, 0xaf, 0xfc, 0xff,
    0xcf, 0xfd, 0x10, 0xa, 0xff, 0xb1, 0xff, 0x66,
    0xff, 0xd1, 0x7f, 0xfc, 0x1, 0xff, 0x60, 0x7f,
    0xfd, 0x4f, 0xc0, 0x1, 0xff, 0x60, 0x7, 0xf9,
    0x2, 0x0, 0x1, 0xff, 0x60, 0x0, 0x20, 0x0,
    0x0, 0x1, 0xff, 0x60, 0x0, 0x0, 0x0, 0x0,
    0x1, 0xff, 0x60, 0x0, 0x0, 0x0, 0x0, 0x1,
    0xff, 0x60, 0x0, 0x0, 0x0, 0x0, 0x1, 0xff,
    0x60, 0x0, 0x0, 0x0, 0x0, 0x0, 0xef, 0x40,
    0x0, 0x0,

    /* U+F063 "" */
    0x0, 0x0, 0x0, 0xef, 0x40, 0x0, 0x0, 0x0,
    0x0, 0x1, 0xff, 0x60, 0x0, 0x0, 0x0, 0x0,
    0x1, 0xff, 0x60, 0x0, 0x0, 0x0, 0x0, 0x1,
    0xff, 0x60, 0x0, 0x0, 0x0, 0x0, 0x1, 0xff,
    0x60, 0x0, 0x0, 0x2, 0x0, 0x1, 0xff, 0x60,
    0x0, 0x20, 0x4f, 0xc0, 0x1, 0xff, 0x60, 0x7,
    0xf9, 0x7f, 0xfc, 0x1, 0xff, 0x60, 0x7f, 0xfd,
    0xa, 0xff, 0xb1, 0xff, 0x66, 0xff, 0xd1, 0x0,
    0xaf, 0xfc, 0xff, 0xcf, 0xfd, 0x10, 0x0, 0xa,
    0xff, 0xff, 0xff, 0xd1, 0x0, 0x0, 0x0, 0xaf,
    0xff, 0xfd, 0x10, 0x0, 0x0, 0x0, 0xa, 0xff,
    0xd1, 0x0, 0x0, 0x0, 0x0, 0x0, 0x9d, 0x10,
    0x0, 0x0,

    /* U+F064 "" */
    0x0, 0x0, 0x0, 0x0, 0x0, 0x0, 0x0, 0x0,
    0x0, 0x0, 0x0, 0x0, 0xe, 0xb0, 0x0, 0x0,
    0x0, 0x0, 0x0, 0x0, 0xf, 0xfd, 0x10, 0x0,
    0x0, 0x0, 0x0, 0x0, 0xf, 0xff, 0xe3, 0x0,
    0x0, 0x1, 0x59, 0xbd, 0xdf, 0xff, 0xff, 0x40,
    0x1, 0xaf, 0xff, 0xff, 0xff, 0xff, 0xff, 0xf6,
    0xd, 0xff, 0xff, 0xff, 0xff, 0xff, 0xff, 0xfe,
    0x7f, 0xff, 0xff, 0xff, 0xff, 0xff, 0xff, 0xe2,
    0xdf, 0xff, 0xfc, 0x87, 0x6f, 0xff, 0xfd, 0x10,
    0xff, 0xfe, 0x30, 0x0, 0xf, 0xff, 0xb0, 0x0,
    0xef, 0xf4, 0x0, 0x0, 0xf, 0xf9, 0x0, 0x0,
    0xbf, 0xf1, 0x0, 0x0, 0xb, 0x70, 0x0, 0x0,
    0x4f, 0xf2, 0x0, 0x0, 0x0, 0x0, 0x0, 0x0,
    0xa, 0xf4, 0x0, 0x0, 0x0, 0x0, 0x0, 0x0,
    0x0, 0x95, 0x0, 0x0, 0x0, 0x0, 0x0, 0x0,

    /* U+F065 "" */
    0xdf, 0xff, 0xf0, 0x0, 0xf, 0xff, 0xfd, 0xff,
    0xff, 0xf0, 0x0, 0xf, 0xff, 0xff, 0xff, 0x0,
    0x0, 0x0, 0x0, 0x0, 0xff, 0xff, 0x0, 0x0,
    0x0, 0x0, 0x0, 0xff, 0xff, 0x0, 0x0, 0x0,
    0x0, 0x0, 0xff, 0x0, 0x0, 0x0, 0x0, 0x0,
    0x0, 0x0, 0x0, 0x0, 0x0, 0x0, 0x0, 0x0,
    0x0, 0x0, 0x0, 0x0, 0x0, 0x0, 0x0, 0x0,
    0x0, 0x0, 0x0, 0x0, 0x0, 0x0, 0x0, 0xff,
    0x0, 0x0, 0x0, 0x0, 0x0, 0xff, 0xff, 0x0,
    0x0, 0x0, 0x0, 0x0, 0xff, 0xff, 0x0, 0x0,
    0x0, 0x0, 0x0, 0xff, 0xff, 0xff, 0xf0, 0x0,
    0xf, 0xff, 0xff, 0xdf, 0xff, 0xf0, 0x0, 0xf,
    0xff, 0xfd,

    /* U+F066 "" */
    0x0, 0xf, 0xf0, 0x0, 0xf, 0xf0, 0x0, 0x0,
    0xf, 0xf0, 0x0, 0xf, 0xf0, 0x0, 0x0, 0xf,
    0xf0, 0x0, 0xf, 0xf0, 0x0, 0xff, 0xff, 0xf0,
    0x0, 0xf, 0xff, 0xff, 0xff, 0xff, 0xd0, 0x0,
    0xd, 0xff, 0xff, 0x0, 0x0, 0x0, 0x0, 0x0,
    0x0, 0x0, 0x0, 0x0, 0x0, 0x0, 0x0, 0x0,
    0x0, 0x0, 0x0, 0x0, 0x0, 0x0, 0x0, 0x0,
    0x0, 0x0, 0x0, 0x0, 0x0, 0x0, 0x0, 0xff,
    0xff, 0xd0, 0x0, 0xd, 0xff, 0xff, 0xff, 0xff,
    0xf0, 0x0, 0xf, 0xff, 0xff, 0x0, 0xf, 0xf0,
    0x0, 0xf, 0xf0, 0x0, 0x0, 0xf, 0xf0, 0x0,
    0xf, 0xf0, 0x0, 0x0, 0xf, 0xf0, 0x0, 0xf,
    0xf0, 0x0,

    /* U+F067 "" */
    0x0, 0x0, 0x4, 0xff, 0x40, 0x0, 0x0, 0x0,
    0x0, 0x8, 0xff, 0x80, 0x0, 0x0, 0x0, 0x0,
    0x8, 0xff, 0x80, 0x0, 0x0, 0x0, 0x0, 0x8,
    0xff, 0x80, 0x0, 0x0, 0x0, 0x0, 0x8, 0xff,
    0x80, 0x0, 0x0, 0x48, 0x88, 0x8c, 0xff, 0xc8,
    0x88, 0x84, 0xff, 0xff, 0xff, 0xff, 0xff, 0xff,
    0xff, 0xff, 0xff, 0xff, 0xff, 0xff, 0xff, 0xff,
    0x48, 0x88, 0x8c, 0xff, 0xc8, 0x88, 0x84, 0x0,
    0x0, 0x8, 0xff, 0x80, 0x0, 0x0, 0x0, 0x0,
    0x8, 0xff, 0x80, 0x0, 0x0, 0x0, 0x0, 0x8,
    0xff, 0x80, 0x0, 0x0, 0x0, 0x0, 0x8, 0xff,
    0x80, 0x0, 0x0, 0x0, 0x0, 0x4, 0xff, 0x40,
    0x0, 0x0,

    /* U+F068 "" */
    0x14, 0x44, 0x44, 0x44, 0x44, 0x44, 0x41, 0xef,
    0xff, 0xff, 0xff, 0xff, 0xff, 0xfe, 0xff, 0xff,
    0xff, 0xff, 0xff, 0xff, 0xff, 0x7b, 0xbb, 0xbb,
    0xbb, 0xbb, 0xbb, 0xb7,

    /* U+F069 "" */
    0x0, 0x0, 0x0, 0x6f, 0xe0, 0x0, 0x0, 0x0,
    0x0, 0x0, 0x0, 0x8f, 0xf2, 0x0, 0x0, 0x0,
    0x0, 0x0, 0x0, 0x8f, 0xf1, 0x0, 0x0, 0x0,
    0xb, 0x91, 0x0, 0x7f, 0xf1, 0x0, 0x3c, 0x50,
    0x5f, 0xfe, 0x60, 0x7f, 0xf1, 0x1a, 0xff, 0xe0,
    0x3e, 0xff, 0xfc, 0xaf, 0xf7, 0xff, 0xff, 0xa0,
    0x0, 0x7f, 0xff, 0xff, 0xff, 0xff, 0xc3, 0x0,
    0x0, 0x1, 0x9f, 0xff, 0xff, 0xd5, 0x0, 0x0,
    0x0, 0x1, 0x8f, 0xff, 0xff, 0xd5, 0x0, 0x0,
    0x0, 0x7f, 0xff, 0xff, 0xff, 0xff, 0xc3, 0x0,
    0x3e, 0xff, 0xfc, 0xaf, 0xf7, 0xff, 0xff, 0xa0,
    0x5f, 0xfe, 0x60, 0x7f, 0xf1, 0x1a, 0xff, 0xe0,
    0xb, 0x91, 0x0, 0x7f, 0xf1, 0x0, 0x3c, 0x50,
    0x0, 0x0, 0x0, 0x8f, 0xf1, 0x0, 0x0, 0x0,
    0x0, 0x0, 0x0, 0x8f, 0xf2, 0x0, 0x0, 0x0,
    0x0, 0x0, 0x0, 0x6f, 0xe0, 0x0, 0x0, 0x0,

    /* U+F06A "" */
    0x0, 0x0, 0x5, 0x9b, 0xa8, 0x40, 0x0, 0x0,
    0x0, 0x6, 0xef, 0xff, 0xff, 0xfc, 0x20, 0x0,
    0x0, 0x9f, 0xff, 0xff, 0xff, 0xff, 0xf4, 0x0,
    0x7, 0xff, 0xff, 0xff, 0xff, 0xff, 0xff, 0x20,
    0x1f, 0xff, 0xff, 0x80, 0xd, 0xff, 0xff, 0xb0,
    0x7f, 0xff, 0xff, 0x80, 0xd, 0xff, 0xff, 0xf2,
    0xcf, 0xff, 0xff, 0x90, 0xe, 0xff, 0xff, 0xf6,
    0xdf, 0xff, 0xff, 0xa0, 0xf, 0xff, 0xff, 0xf8,
    0xef, 0xff, 0xff, 0xb0, 0x1f, 0xff, 0xff, 0xf8,
    0xcf, 0xff, 0xff, 0xfa, 0xcf, 0xff, 0xff, 0xf6,
    0x8f, 0xff, 0xff, 0x80, 0xd, 0xff, 0xff, 0xf2,
    0x2f, 0xff, 0xff, 0x80, 0xd, 0xff, 0xff, 0xc0,
    0x8, 0xff, 0xff, 0xf8, 0xbf, 0xff, 0xff, 0x30,
    0x0, 0xaf, 0xff, 0xff, 0xff, 0xff, 0xf5, 0x0,
    0x0, 0x8, 0xff, 0xff, 0xff, 0xfe, 0x40, 0x0,
    0x0, 0x0, 0x17, 0xbd, 0xca, 0x60, 0x0, 0x0,

    /* U+F06B "" */
    0x0, 0x9, 0xee, 0x60, 0x6, 0xdf, 0xa0, 0x0,
    0x0, 0x9f, 0x9b, 0xf8, 0x7f, 0xb9, 0xfa, 0x0,
    0x0, 0xea, 0x0, 0x9f, 0xfa, 0x0, 0x9f, 0x0,
    0x0, 0xcd, 0x10, 0xd, 0xd0, 0x1, 0xcd, 0x0,
    0xcf, 0xff, 0xff, 0xff, 0xff, 0xff, 0xff, 0xfc,
    0xff, 0xff, 0xff, 0xff, 0xff, 0xff, 0xff, 0xff,
    0xff, 0xff, 0xff, 0xff, 0xff, 0xff, 0xff, 0xff,
    0xef, 0xff, 0xff, 0xff, 0xff, 0xff, 0xff, 0xfe,
    0x0, 0x0, 0x0, 0x0, 0x0, 0x0, 0x0, 0x0,
    0xf, 0xff, 0xff, 0xf0, 0xf, 0xff, 0xff, 0xf0,
    0xf, 0xff, 0xff, 0xf0, 0xf, 0xff, 0xff, 0xf0,
    0xf, 0xff, 0xff, 0xf0, 0xf, 0xff, 0xff, 0xf0,
    0xf, 0xff, 0xff, 0xf0, 0xf, 0xff, 0xff, 0xf0,
    0xc, 0xff, 0xff, 0xf0, 0xf, 0xff, 0xff, 0xc0,

    /* U+F06C "" */
    0x0, 0x0, 0x0, 0x0, 0x0, 0x0, 0x0, 0x0,
    0x1d, 0x10, 0x0, 0x0, 0x0, 0x0, 0x0, 0x0,
    0x0, 0x1c, 0xf7, 0x0, 0x0, 0x0, 0x0, 0x0,
    0x0, 0x2, 0x6e, 0xff, 0xb0, 0x0, 0x0, 0x0,
    0x7c, 0xff, 0xff, 0xff, 0xff, 0xfd, 0x0, 0x0,
    0x1, 0xdf, 0xff, 0xff, 0xff, 0xff, 0xff, 0xf0,
    0x0, 0x0, 0xdf, 0xff, 0xff, 0xff, 0xff, 0xff,
    0xff, 0x0, 0x0, 0x7f, 0xff, 0xff, 0xff, 0xff,
    0xff, 0xff, 0xd0, 0x0, 0xc, 0xff, 0xe9, 0x52,
    0x10, 0xaf, 0xff, 0xfa, 0x0, 0x0, 0xfc, 0x41,
    0x59, 0xce, 0xff, 0xff, 0xff, 0x60, 0x0, 0x5,
    0x29, 0xff, 0xff, 0xff, 0xff, 0xff, 0xf1, 0x0,
    0x0, 0x6f, 0xff, 0xff, 0xff, 0xff, 0xff, 0xf8,
    0x0, 0x0, 0x9f, 0xff, 0xff, 0xff, 0xff, 0xff,
    0xfc, 0x0, 0x0, 0x8f, 0xfd, 0xff, 0xff, 0xff,
    0xff, 0xfd, 0x10, 0x0, 0x4f, 0xf3, 0x1c, 0xff,
    0xff, 0xff, 0xfa, 0x10, 0x0, 0xd, 0xf6, 0x0,
    0x6, 0xcf, 0xfd, 0x93, 0x0, 0x0, 0x0, 0xbc,
    0x0, 0x0, 0x0, 0x0, 0x0, 0x0, 0x0, 0x0,
    0x0, 0x0, 0x0, 0x0, 0x0, 0x0, 0x0, 0x0,
    0x0, 0x0,

    /* U+F06D "" */
    0x0, 0x0, 0x0, 0x0, 0x0, 0x0, 0x0, 0x0,
    0xa, 0x90, 0x0, 0x0, 0x0, 0x0, 0x5f, 0xe0,
    0x0, 0x0, 0x0, 0x0, 0xcf, 0xf6, 0x0, 0x0,
    0x0, 0x0, 0xff, 0xff, 0x40, 0x0, 0x0, 0x0,
    0xdf, 0xff, 0xf4, 0x0, 0x1, 0x50, 0x6f, 0xff,
    0xff, 0x40, 0xd, 0xf0, 0x9, 0xff, 0xff, 0xe1,
    0x7f, 0xf0, 0x0, 0xaf, 0xff, 0xf7, 0xcf, 0xf0,
    0x0, 0x1f, 0xff, 0xfd, 0xff, 0xf1, 0x0, 0x1f,
    0xff, 0xff, 0xff, 0xfb, 0x11, 0xbf, 0xff, 0xff,
    0xcf, 0xff, 0xff, 0xff, 0xff, 0xfc, 0x6f, 0xff,
    0xff, 0xff, 0xff, 0xf6, 0xc, 0xff, 0xff, 0xff,
    0xff, 0xc0, 0x1, 0xcf, 0xff, 0xff, 0xfc, 0x10,
    0x0, 0x6, 0xcf, 0xfc, 0x60, 0x0,

    /* U+F06E "" */
    0x0, 0x0, 0x5, 0xad, 0xff, 0xda, 0x50, 0x0,
    0x0, 0x0, 0x4, 0xdf, 0xfc, 0x88, 0xcf, 0xfd,
    0x40, 0x0, 0x0, 0x7f, 0xfe, 0x40, 0x0, 0x4,
    0xef, 0xf7, 0x0, 0x7, 0xff, 0xf4, 0x0, 0x9e,
    0x80, 0x4f, 0xff, 0x70, 0x4f, 0xff, 0xc0, 0x0,
    0xaf, 0xf8, 0xc, 0xff, 0xf4, 0xdf, 0xff, 0x80,
    0x9a, 0xff, 0xfe, 0x8, 0xff, 0xfd, 0xdf, 0xff,
    0x80, 0xef, 0xff, 0xfe, 0x8, 0xff, 0xfd, 0x4f,
    0xff, 0xc0, 0x8f, 0xff, 0xf8, 0xc, 0xff, 0xf4,
    0x7, 0xff, 0xf4, 0x8, 0xee, 0x80, 0x4f, 0xff,
    0x70, 0x0, 0x7f, 0xfe, 0x40, 0x0, 0x4, 0xef,
    0xf8, 0x0, 0x0, 0x4, 0xdf, 0xfc, 0x88, 0xcf,
    0xfd, 0x40, 0x0, 0x0, 0x0, 0x5, 0xad, 0xff,
    0xda, 0x50, 0x0, 0x0,

    /* U+F070 "" */
    0x8c, 0x20, 0x0, 0x0, 0x0, 0x0, 0x0, 0x0,
    0x0, 0x0, 0xdf, 0xe4, 0x0, 0x0, 0x0, 0x0,
    0x0, 0x0, 0x0, 0x0, 0x1b, 0xff, 0x80, 0x49,
    0xdf, 0xfd, 0xa5, 0x0, 0x0, 0x0, 0x0, 0x7f,
    0xff, 0xff, 0xd8, 0x8c, 0xff, 0xd4, 0x0, 0x0,
    0x0, 0x4, 0xef, 0xf8, 0x0, 0x0, 0x4e, 0xff,
    0x70, 0x0, 0x0, 0x0, 0x1c, 0xff, 0x69, 0xe8,
    0x4, 0xff, 0xf7, 0x0, 0x4, 0xe3, 0x0, 0x9f,
    0xfe, 0xff, 0x80, 0xcf, 0xff, 0x40, 0xd, 0xff,
    0x70, 0x5, 0xff, 0xff, 0xe0, 0x8f, 0xff, 0xd0,
    0xd, 0xff, 0xf7, 0x0, 0x2d, 0xff, 0xe0, 0x8f,
    0xff, 0xd0, 0x4, 0xff, 0xfc, 0x0, 0x0, 0xaf,
    0xf8, 0xcf, 0xff, 0x30, 0x0, 0x7f, 0xff, 0x40,
    0x0, 0x6, 0xff, 0xff, 0xf7, 0x0, 0x0, 0x8,
    0xff, 0xf4, 0x0, 0x0, 0x3e, 0xff, 0xa0, 0x0,
    0x0, 0x0, 0x4d, 0xff, 0xc8, 0x82, 0x1, 0xbf,
    0xf7, 0x0, 0x0, 0x0, 0x0, 0x5a, 0xdf, 0xfc,
    0x10, 0x8, 0xff, 0xb0, 0x0, 0x0, 0x0, 0x0,
    0x0, 0x0, 0x0, 0x0, 0x4e, 0xfd, 0x0, 0x0,
    0x0, 0x0, 0x0, 0x0, 0x0, 0x0, 0x2, 0xc8,

    /* U+F071 "" */
    0x0, 0x0, 0x0, 0x0, 0x2d, 0xd2, 0x0, 0x0,
    0x0, 0x0, 0x0, 0x0, 0x0, 0x0, 0xbf, 0xfb,
    0x0, 0x0, 0x0, 0x0, 0x0, 0x0, 0x0, 0x5,
    0xff, 0xff, 0x50, 0x0, 0x0, 0x0, 0x0, 0x0,
    0x0, 0xd, 0xff, 0xff, 0xd0, 0x0, 0x0, 0x0,
    0x0, 0x0, 0x0, 0x7f, 0xff, 0xff, 0xf7, 0x0,
    0x0, 0x0, 0x0, 0x0, 0x1, 0xff, 0xd8, 0x8d,
    0xff, 0x10, 0x0, 0x0, 0x0, 0x0, 0xa, 0xff,
    0xa0, 0xa, 0xff, 0xa0, 0x0, 0x0, 0x0, 0x0,
    0x3f, 0xff, 0xb0, 0xb, 0xff, 0xf3, 0x0, 0x0,
    0x0, 0x0, 0xcf, 0xff, 0xc0, 0xc, 0xff, 0xfc,
    0x0, 0x0, 0x0, 0x5, 0xff, 0xff, 0xd0, 0xd,
    0xff, 0xff, 0x50, 0x0, 0x0, 0xe, 0xff, 0xff,
    0xf9, 0x9f, 0xff, 0xff, 0xe0, 0x0, 0x0, 0x8f,
    0xff, 0xff, 0xe2, 0x2e, 0xff, 0xff, 0xf8, 0x0,
    0x2, 0xff, 0xff, 0xff, 0x90, 0x9, 0xff, 0xff,
    0xff, 0x10, 0xa, 0xff, 0xff, 0xff, 0xe3, 0x3e,
    0xff, 0xff, 0xff, 0xa0, 0xf, 0xff, 0xff, 0xff,
    0xff, 0xff, 0xff, 0xff, 0xff, 0xf0, 0x8, 0xff,
    0xff, 0xff, 0xff, 0xff, 0xff, 0xff, 0xff, 0x80,

    /* U+F072 "" */
    0x0, 0x0, 0x0, 0xbf, 0xf4, 0x0, 0x0, 0x0,
    0x0, 0x0, 0x0, 0x0, 0x9, 0xff, 0xd0, 0x0,
    0x0, 0x0, 0x0, 0x0, 0x0, 0x0, 0x4f, 0xff,
    0x70, 0x0, 0x0, 0x0, 0x0, 0x0, 0x0, 0x0,
    0xff, 0xfe, 0x10, 0x0, 0x0, 0x0, 0xe, 0xf6,
    0x0, 0xb, 0xff, 0xf9, 0x0, 0x0, 0x0, 0x0,
    0xbf, 0xf2, 0x0, 0x6f, 0xff, 0xf2, 0x0, 0x0,
    0x0, 0x7, 0xff, 0xff, 0xff, 0xff, 0xff, 0xff,
    0xff, 0xe9, 0x10, 0x2f, 0xff, 0xff, 0xff, 0xff,
    0xff, 0xff, 0xff, 0xfd, 0x2, 0xff, 0xff, 0xff,
    0xff, 0xff, 0xff, 0xff, 0xff, 0xd0, 0x7f, 0xff,
    0xff, 0xff, 0xff, 0xff, 0xff, 0xfe, 0x91, 0xb,
    0xff, 0x20, 0x6, 0xff, 0xff, 0x20, 0x0, 0x0,
    0x0, 0xef, 0x60, 0x0, 0xbf, 0xff, 0x90, 0x0,
    0x0, 0x0, 0x0, 0x0, 0x0, 0xf, 0xff, 0xe1,
    0x0, 0x0, 0x0, 0x0, 0x0, 0x0, 0x4, 0xff,
    0xf7, 0x0, 0x0, 0x0, 0x0, 0x0, 0x0, 0x0,
    0x9f, 0xfd, 0x0, 0x0, 0x0, 0x0, 0x0, 0x0,
    0x0, 0xb, 0xff, 0x40, 0x0, 0x0, 0x0, 0x0,

    /* U+F073 "" */
    0x0, 0xe, 0xe0, 0x0, 0xe, 0xe0, 0x0, 0x0,
    0xf, 0xf0, 0x0, 0xf, 0xf0, 0x0, 0x8f, 0xff,
    0xff, 0xff, 0xff, 0xff, 0xf8, 0xff, 0xff, 0xff,
    0xff, 0xff, 0xff, 0xff, 0xff, 0xff, 0xff, 0xff,
    0xff, 0xff, 0xff, 0x0, 0x0, 0x0, 0x0, 0x0,
    0x0, 0x0, 0xff, 0xff, 0xff, 0xff, 0xff, 0xff,
    0xff, 0xff, 0xff, 0xff, 0xff, 0xff, 0xff, 0xff,
    0xff, 0x0, 0xff, 0x0, 0xff, 0x0, 0xff, 0xff,
    0x0, 0xff, 0x0, 0xff, 0x0, 0xff, 0xff, 0xff,
    0xff, 0xff, 0xff, 0xff, 0xff, 0xff, 0xff, 0xff,
    0xff, 0xff, 0xff, 0xff, 0xff, 0x0, 0xff, 0x0,
    0xff, 0x0, 0xff, 0xff, 0x0, 0xff, 0x0, 0xff,
    0x0, 0xff, 0xff, 0xff, 0xff, 0xff, 0xff, 0xff,
    0xff, 0x8f, 0xff, 0xff, 0xff, 0xff, 0xff, 0xf8,

    /* U+F074 "" */
    0x0, 0x0, 0x0, 0x0, 0x0, 0x0, 0x0, 0x0,
    0x0, 0x0, 0x0, 0x0, 0x0, 0x0, 0xd8, 0x0,
    0x0, 0x0, 0x0, 0x0, 0x0, 0x0, 0xff, 0x80,
    0xff, 0xff, 0x70, 0x0, 0x7, 0xff, 0xff, 0xf8,
    0xff, 0xff, 0xf6, 0x0, 0x6f, 0xff, 0xff, 0xfd,
    0x78, 0x8e, 0xff, 0x15, 0xff, 0xe8, 0xff, 0xe2,
    0x0, 0x2, 0xe5, 0x4f, 0xfe, 0x20, 0xfe, 0x20,
    0x0, 0x0, 0x13, 0xff, 0xf3, 0x0, 0x52, 0x0,
    0x0, 0x0, 0x3f, 0xff, 0x31, 0x0, 0x52, 0x0,
    0x0, 0x2, 0xef, 0xf4, 0x5e, 0x20, 0xfe, 0x20,
    0x78, 0x8e, 0xff, 0x51, 0xff, 0xe8, 0xff, 0xe2,
    0xff, 0xff, 0xf6, 0x0, 0x6f, 0xff, 0xff, 0xfd,
    0xff, 0xff, 0x70, 0x0, 0x7, 0xff, 0xff, 0xf8,
    0x0, 0x0, 0x0, 0x0, 0x0, 0x0, 0xff, 0x80,
    0x0, 0x0, 0x0, 0x0, 0x0, 0x0, 0xd8, 0x0,
    0x0, 0x0, 0x0, 0x0, 0x0, 0x0, 0x0, 0x0,

    /* U+F075 "" */
    0x0, 0x0, 0x5, 0xad, 0xff, 0xda, 0x50, 0x0,
    0x0, 0x0, 0x3d, 0xff, 0xff, 0xff, 0xff, 0xd3,
    0x0, 0x0, 0x4f, 0xff, 0xff, 0xff, 0xff, 0xff,
    0xf4, 0x0, 0x2f, 0xff, 0xff, 0xff, 0xff, 0xff,
    0xff, 0xf1, 0x9, 0xff, 0xff, 0xff, 0xff, 0xff,
    0xff, 0xff, 0x90, 0xef, 0xff, 0xff, 0xff, 0xff,
    0xff, 0xff, 0xfe, 0xf, 0xff, 0xff, 0xff, 0xff,
    0xff, 0xff, 0xff, 0xf0, 0xef, 0xff, 0xff, 0xff,
    0xff, 0xff, 0xff, 0xfe, 0x9, 0xff, 0xff, 0xff,
    0xff, 0xff, 0xff, 0xff, 0x90, 0x2f, 0xff, 0xff,
    0xff, 0xff, 0xff, 0xff, 0xf2, 0x0, 0x6f, 0xff,
    0xff, 0xff, 0xff, 0xff, 0xf4, 0x0, 0x9, 0xff,
    0xff, 0xff, 0xff, 0xff, 0xd3, 0x0, 0x2, 0xff,
    0xf9, 0xad, 0xff, 0xea, 0x50, 0x0, 0x0, 0xcd,
    0x92, 0x0, 0x0, 0x0, 0x0, 0x0, 0x0,

    /* U+F076 "" */
    0x2, 0x22, 0x10, 0x0, 0x0, 0x1, 0x22, 0x20,
    0xdf, 0xff, 0xf5, 0x0, 0x0, 0x5f, 0xff, 0xfd,
    0xff, 0xff, 0xf8, 0x0, 0x0, 0x8f, 0xff, 0xff,
    0xff, 0xff, 0xf8, 0x0, 0x0, 0x8f, 0xff, 0xff,
    0xcd, 0xdd, 0xd6, 0x0, 0x0, 0x6d, 0xdd, 0xdc,
    0x22, 0x22, 0x20, 0x0, 0x0, 0x2, 0x22, 0x22,
    0xff, 0xff, 0xf7, 0x0, 0x0, 0x7f, 0xff, 0xff,
    0xff, 0xff, 0xf8, 0x0, 0x0, 0x8f, 0xff, 0xff,
    0xff, 0xff, 0xf9, 0x0, 0x0, 0x9f, 0xff, 0xff,
    0xdf, 0xff, 0xfe, 0x0, 0x0, 0xef, 0xff, 0xfc,
    0x8f, 0xff, 0xff, 0xc4, 0x4c, 0xff, 0xff, 0xf8,
    0x1e, 0xff, 0xff, 0xff, 0xff, 0xff, 0xff, 0xf1,
    0x4, 0xff, 0xff, 0xff, 0xff, 0xff, 0xff, 0x40,
    0x0, 0x5f, 0xff, 0xff, 0xff, 0xff, 0xf6, 0x0,
    0x0, 0x2, 0xbf, 0xff, 0xff, 0xfb, 0x20, 0x0,
    0x0, 0x0, 0x1, 0x68, 0x86, 0x20, 0x0, 0x0,

    /* U+F077 "" */
    0x0, 0x0, 0x0, 0x0, 0x0, 0x0, 0x0, 0x0,
    0x0, 0x1, 0xdd, 0x10, 0x0, 0x0, 0x0, 0x0,
    0x1d, 0xff, 0xd1, 0x0, 0x0, 0x0, 0x1, 0xdf,
    0xff, 0xfd, 0x10, 0x0, 0x0, 0x1d, 0xff, 0x99,
    0xff, 0xd1, 0x0, 0x1, 0xdf, 0xf9, 0x0, 0x9f,
    0xfd, 0x10, 0x1d, 0xff, 0x90, 0x0, 0x9, 0xff,
    0xd1, 0xbf, 0xf9, 0x0, 0x0, 0x0, 0x9f, 0xfb,
    0x5f, 0x90, 0x0, 0x0, 0x0, 0x9, 0xf5, 0x0,
    0x0, 0x0, 0x0, 0x0, 0x0, 0x0,

    /* U+F078 "" */
    0x0, 0x0, 0x0, 0x0, 0x0, 0x0, 0x0, 0x5f,
    0x90, 0x0, 0x0, 0x0, 0x9, 0xf5, 0xbf, 0xf9,
    0x0, 0x0, 0x0, 0x9f, 0xfb, 0x1d, 0xff, 0x90,
    0x0, 0x9, 0xff, 0xd1, 0x1, 0xdf, 0xf9, 0x0,
    0x9f, 0xfd, 0x10, 0x0, 0x1d, 0xff, 0x99, 0xff,
    0xd1, 0x0, 0x0, 0x1, 0xdf, 0xff, 0xfd, 0x10,
    0x0, 0x0, 0x0, 0x1d, 0xff, 0xd1, 0x0, 0x0,
    0x0, 0x0, 0x1, 0xdd, 0x10, 0x0, 0x0, 0x0,
    0x0, 0x0, 0x0, 0x0, 0x0, 0x0,

    /* U+F079 "" */
    0x0, 0x0, 0x0, 0x0, 0x0, 0x0, 0x0, 0x0,
    0x0, 0x0, 0x0, 0x1d, 0xd1, 0x0, 0x0, 0x0,
    0x0, 0x0, 0x0, 0x0, 0x1, 0xdf, 0xfd, 0x10,
    0xef, 0xff, 0xff, 0xff, 0xd0, 0x0, 0x1d, 0xff,
    0xff, 0xd1, 0xaf, 0xff, 0xff, 0xff, 0xf0, 0x0,
    0xcf, 0xcf, 0xfc, 0xfc, 0x0, 0x0, 0x0, 0xf,
    0xf0, 0x0, 0x6b, 0x1f, 0xf1, 0xb6, 0x0, 0x0,
    0x0, 0xf, 0xf0, 0x0, 0x0, 0xf, 0xf0, 0x0,
    0x0, 0x0, 0x0, 0xf, 0xf0, 0x0, 0x0, 0xf,
    0xf0, 0x0, 0x0, 0x0, 0x0, 0xf, 0xf0, 0x0,
    0x0, 0xf, 0xf0, 0x0, 0x0, 0x0, 0x6b, 0x1f,
    0xf1, 0xb6, 0x0, 0xf, 0xf0, 0x0, 0x0, 0x0,
    0xcf, 0xcf, 0xfc, 0xfc, 0x0, 0xf, 0xff, 0xff,
    0xff, 0xfa, 0x1d, 0xff, 0xff, 0xd1, 0x0, 0xd,
    0xff, 0xff, 0xff, 0xfe, 0x1, 0xdf, 0xfd, 0x10,
    0x0, 0x0, 0x0, 0x0, 0x0, 0x0, 0x0, 0x1d,
    0xd1, 0x0, 0x0, 0x0, 0x0, 0x0, 0x0, 0x0,
    0x0, 0x0, 0x0, 0x0,

    /* U+F07A "" */
    0xd, 0xff, 0xf8, 0x0, 0x0, 0x0, 0x0, 0x0,
    0x0, 0x0, 0xd, 0xff, 0xfd, 0x0, 0x0, 0x0,
    0x0, 0x0, 0x0, 0x0, 0x0, 0x0, 0xff, 0xff,
    0xff, 0xff, 0xff, 0xff, 0xff, 0xd0, 0x0, 0x0,
    0xcf, 0xff, 0xff, 0xff, 0xff, 0xff, 0xff, 0xd0,
    0x0, 0x0, 0x9f, 0xff, 0xff, 0xff, 0xff, 0xff,
    0xff, 0x90, 0x0, 0x0, 0x5f, 0xff, 0xff, 0xff,
    0xff, 0xff, 0xff, 0x50, 0x0, 0x0, 0x2f, 0xff,
    0xff, 0xff, 0xff, 0xff, 0xff, 0x20, 0x0, 0x0,
    0xf, 0xff, 0xff, 0xff, 0xff, 0xff, 0xfe, 0x0,
    0x0, 0x0, 0xc, 0xff, 0xff, 0xff, 0xff, 0xff,
    0xfb, 0x0, 0x0, 0x0, 0x8, 0xff, 0xff, 0xff,
    0xff, 0xff, 0xf6, 0x0, 0x0, 0x0, 0x5, 0xfb,
    0x0, 0x0, 0x0, 0x0, 0x0, 0x0, 0x0, 0x0,
    0x2, 0xff, 0xff, 0xff, 0xff, 0xff, 0xc0, 0x0,
    0x0, 0x0, 0x0, 0xff, 0xff, 0xff, 0xff, 0xff,
    0xd0, 0x0, 0x0, 0x0, 0x8, 0xff, 0x80, 0x0,
    0x0, 0x8f, 0xf7, 0x0, 0x0, 0x0, 0xb, 0xff,
    0xa0, 0x0, 0x0, 0xbf, 0xfa, 0x0, 0x0, 0x0,
    0x3, 0xed, 0x30, 0x0, 0x0, 0x3e, 0xd3, 0x0,

    /* U+F07B "" */
    0x8f, 0xff, 0xff, 0xd1, 0x0, 0x0, 0x0, 0x0,
    0xff, 0xff, 0xff, 0xfd, 0x10, 0x0, 0x0, 0x0,
    0xff, 0xff, 0xff, 0xff, 0xff, 0xff, 0xff, 0xf8,
    0xff, 0xff, 0xff, 0xff, 0xff, 0xff, 0xff, 0xff,
    0xff, 0xff, 0xff, 0xff, 0xff, 0xff, 0xff, 0xff,
    0xff, 0xff, 0xff, 0xff, 0xff, 0xff, 0xff, 0xff,
    0xff, 0xff, 0xff, 0xff, 0xff, 0xff, 0xff, 0xff,
    0xff, 0xff, 0xff, 0xff, 0xff, 0xff, 0xff, 0xff,
    0xff, 0xff, 0xff, 0xff, 0xff, 0xff, 0xff, 0xff,
    0xff, 0xff, 0xff, 0xff, 0xff, 0xff, 0xff, 0xff,
    0xff, 0xff, 0xff, 0xff, 0xff, 0xff, 0xff, 0xff,
    0x8f, 0xff, 0xff, 0xff, 0xff, 0xff, 0xff, 0xf8,

    /* U+F07C "" */
    0x8f, 0xff, 0xff, 0xd1, 0x0, 0x0, 0x0, 0x0,
    0x0, 0xf, 0xff, 0xff, 0xff, 0xd1, 0x0, 0x0,
    0x0, 0x0, 0x0, 0xff, 0xff, 0xff, 0xff, 0xff,
    0xff, 0xff, 0x80, 0x0, 0xf, 0xff, 0xff, 0xff,
    0xff, 0xff, 0xff, 0xff, 0x0, 0x0, 0xff, 0xff,
    0xff, 0xff, 0xff, 0xff, 0xff, 0xf0, 0x0, 0xf,
    0xfe, 0x50, 0x0, 0x0, 0x0, 0x0, 0x0, 0x0,
    0x0, 0xff, 0x37, 0xff, 0xff, 0xff, 0xff, 0xff,
    0xff, 0xfd, 0xf, 0x94, 0xff, 0xff, 0xff, 0xff,
    0xff, 0xff, 0xff, 0xa0, 0xe1, 0xdf, 0xff, 0xff,
    0xff, 0xff, 0xff, 0xff, 0xf2, 0x6, 0x7f, 0xff,
    0xff, 0xff, 0xff, 0xff, 0xff, 0xf8, 0x0, 0x1f,
    0xff, 0xff, 0xff, 0xff, 0xff, 0xff, 0xfe, 0x0,
    0x3, 0xff, 0xff, 0xff, 0xff, 0xff, 0xff, 0xfd,
    0x30, 0x0,

    /* U+F080 "" */
    0xee, 0x0, 0x0, 0x0, 0x0, 0x0, 0xf, 0xf0,
    0xff, 0x0, 0x0, 0xf, 0xf0, 0x0, 0xf, 0xf0,
    0xff, 0x0, 0x0, 0xf, 0xf0, 0x0, 0xf, 0xf0,
    0xff, 0x0, 0x0, 0xf, 0xf0, 0xff, 0xf, 0xf0,
    0xff, 0x0, 0x0, 0xf, 0xf0, 0xff, 0xf, 0xf0,
    0xff, 0x0, 0xff, 0xf, 0xf0, 0xff, 0xf, 0xf0,
    0xff, 0x0, 0xff, 0xf, 0xf0, 0xff, 0xf, 0xf0,
    0xff, 0x0, 0xff, 0xf, 0xf0, 0xff, 0xf, 0xf0,
    0xff, 0x0, 0x0, 0x0, 0x0, 0x0, 0x0, 0x0,
    0xff, 0x0, 0x0, 0x0, 0x0, 0x0, 0x0, 0x0,
    0xff, 0xff, 0xff, 0xff, 0xff, 0xff, 0xff, 0xfe,
    0xcf, 0xff, 0xff, 0xff, 0xff, 0xff, 0xff, 0xfe,

    /* U+F081 "" */
    0x8f, 0xff, 0xff, 0xff, 0xff, 0xff, 0xf8, 0xff,
    0xff, 0xff, 0xff, 0xff, 0xff, 0xff, 0xff, 0xff,
    0xff, 0xff, 0xff, 0xff, 0xff, 0xff, 0xbe, 0xff,
    0xf9, 0x1, 0x7a, 0xff, 0xff, 0x72, 0xcf, 0xf0,
    0x0, 0xa, 0xff, 0xff, 0xb0, 0x3, 0x50, 0x0,
    0x1f, 0xff, 0xff, 0x90, 0x0, 0x0, 0x0, 0x3f,
    0xff, 0xff, 0xf4, 0x0, 0x0, 0x0, 0x8f, 0xff,
    0xff, 0xf8, 0x0, 0x0, 0x1, 0xff, 0xff, 0xff,
    0xff, 0x60, 0x0, 0x1c, 0xff, 0xff, 0xff, 0xc3,
    0x0, 0x17, 0xef, 0xff, 0xff, 0xff, 0xff, 0xff,
    0xff, 0xff, 0xff, 0xff, 0xff, 0xff, 0xff, 0xff,
    0xff, 0xff, 0xff, 0x8f, 0xff, 0xff, 0xff, 0xff,
    0xff, 0xf8,

    /* U+F082 "" */
    0x8f, 0xff, 0xff, 0xff, 0xff, 0xff, 0xf8, 0xff,
    0xff, 0xff, 0xff, 0xff, 0xff, 0xff, 0xff, 0xff,
    0xff, 0xf8, 0x45, 0xbf, 0xff, 0xff, 0xff, 0xff,
    0x40, 0x0, 0x9f, 0xff, 0xff, 0xff, 0xfe, 0x0,
    0x4a, 0xdf, 0xff, 0xff, 0xff, 0xfc, 0x0, 0xcf,
    0xff, 0xff, 0xff, 0xff, 0xfc, 0x0, 0xcf, 0xff,
    0xff, 0xff, 0xfd, 0x0, 0x0, 0x0, 0xbf, 0xff,
    0xff, 0xfd, 0x0, 0x0, 0x0, 0xdf, 0xff, 0xff,
    0xff, 0xc9, 0x0, 0x9c, 0xff, 0xff, 0xff, 0xff,
    0xfc, 0x0, 0xcf, 0xff, 0xff, 0xff, 0xff, 0xfc,
    0x0, 0xcf, 0xff, 0xff, 0xff, 0xff, 0xfc, 0x0,
    0xcf, 0xff, 0xff, 0x8f, 0xff, 0xfc, 0x0, 0xcf,
    0xff, 0xf8,

    /* U+F083 "" */
    0x8f, 0xff, 0xff, 0xff, 0xff, 0xff, 0xff, 0xf8,
    0xf1, 0x0, 0xf, 0x30, 0x0, 0x0, 0x0, 0x1f,
    0xf8, 0x88, 0x85, 0x0, 0x0, 0x0, 0x0, 0xf,
    0xf0, 0x0, 0x0, 0x0, 0x0, 0x0, 0x0, 0xf,
    0xff, 0xff, 0xff, 0xfc, 0xcf, 0xff, 0xff, 0xff,
    0xff, 0xff, 0xfb, 0x13, 0x31, 0xbf, 0xff, 0xff,
    0xff, 0xff, 0xd1, 0xb8, 0xcc, 0x1d, 0xff, 0xff,
    0xff, 0xff, 0x68, 0x45, 0xdf, 0x86, 0xff, 0xff,
    0xff, 0xff, 0x4b, 0x2f, 0xff, 0xb4, 0xff, 0xff,
    0xff, 0xff, 0x67, 0xff, 0xff, 0x76, 0xff, 0xff,
    0xff, 0xff, 0xd0, 0xaf, 0xfa, 0xd, 0xff, 0xff,
    0xff, 0xff, 0xfb, 0x10, 0x1, 0xbf, 0xff, 0xff,
    0xff, 0xff, 0xff, 0xfc, 0xcf, 0xff, 0xff, 0xff,
    0x8f, 0xff, 0xff, 0xff, 0xff, 0xff, 0xff, 0xf8,

    /* U+F084 "" */
    0x0, 0x0, 0x0, 0x2, 0x9d, 0xfe, 0x92, 0x0,
    0x0, 0x0, 0x0, 0x4f, 0xff, 0xff, 0xff, 0x40,
    0x0, 0x0, 0x2, 0xff, 0xff, 0xfa, 0xaf, 0xf2,
    0x0, 0x0, 0x9, 0xff, 0xff, 0xa0, 0xa, 0xf9,
    0x0, 0x0, 0xd, 0xff, 0xff, 0xa0, 0xa, 0xfe,
    0x0, 0x0, 0xf, 0xff, 0xff, 0xfa, 0xaf, 0xff,
    0x0, 0x0, 0xe, 0xff, 0xff, 0xff, 0xff, 0xfe,
    0x0, 0x0, 0x1e, 0xff, 0xff, 0xff, 0xff, 0xf9,
    0x0, 0x1, 0xef, 0xff, 0xff, 0xff, 0xff, 0xf2,
    0x0, 0x1e, 0xff, 0xff, 0xff, 0xff, 0xff, 0x40,
    0x1, 0xef, 0xff, 0xff, 0xff, 0xfe, 0x92, 0x0,
    0x1e, 0xff, 0xff, 0xff, 0xd1, 0x0, 0x0, 0x0,
    0xdf, 0xff, 0xff, 0xf0, 0x0, 0x0, 0x0, 0x0,
    0xff, 0xff, 0xff, 0xd0, 0x0, 0x0, 0x0, 0x0,
    0xff, 0xff, 0xf0, 0x0, 0x0, 0x0, 0x0, 0x0,
    0xdf, 0xff, 0xd0, 0x0, 0x0, 0x0, 0x0, 0x0,

    /* U+F085 "" */
    0x0, 0x0, 0x0, 0x0, 0x0, 0x0, 0x0, 0x0,
    0x0, 0x0, 0x0, 0x0, 0x0, 0x0, 0x1, 0x0,
    0x0, 0x0, 0x8, 0xe6, 0xe8, 0x0, 0x0, 0x0,
    0x0, 0xef, 0xf7, 0x0, 0x0, 0xb, 0xff, 0xfb,
    0x0, 0x0, 0x0, 0x1, 0xff, 0xf9, 0x0, 0x0,
    0x9f, 0xb3, 0xbf, 0x90, 0x0, 0x9a, 0x7f, 0xff,
    0xff, 0xc6, 0xc3, 0xef, 0x70, 0x7f, 0xe0, 0x6,
    0xff, 0xff, 0xff, 0xff, 0xff, 0xfd, 0x2d, 0xea,
    0xed, 0x10, 0xe, 0xff, 0xff, 0xfb, 0xdf, 0xff,
    0xff, 0x6c, 0xff, 0xfc, 0x0, 0x6, 0xff, 0xfe,
    0x10, 0xa, 0xff, 0xfb, 0x22, 0x60, 0x62, 0x0,
    0x0, 0xaf, 0xf9, 0x0, 0x1, 0xff, 0xf1, 0x0,
    0x0, 0x0, 0x0, 0x0, 0xaf, 0xf9, 0x0, 0x1,
    0xff, 0xf1, 0x0, 0x0, 0x0, 0x0, 0x7, 0xff,
    0xff, 0x40, 0x9, 0xff, 0xfc, 0x22, 0x60, 0x62,
    0x0, 0xd, 0xff, 0xff, 0xfd, 0xef, 0xff, 0xff,
    0x5c, 0xff, 0xfc, 0x0, 0x5, 0xff, 0xff, 0xff,
    0xff, 0xff, 0xfd, 0x2d, 0xe9, 0xed, 0x10, 0x0,
    0x89, 0x6e, 0xff, 0xff, 0xb5, 0xb2, 0xef, 0x70,
    0x7f, 0xe0, 0x0, 0x0, 0x1, 0xff, 0xf9, 0x0,
    0x0, 0x9f, 0xc4, 0xcf, 0x90, 0x0, 0x0, 0x0,
    0xdf, 0xf6, 0x0, 0x0, 0xb, 0xff, 0xfb, 0x0,
    0x0, 0x0, 0x0, 0x0, 0x0, 0x0, 0x0, 0x8,
    0xe6, 0xe8, 0x0, 0x0, 0x0, 0x0, 0x0, 0x0,
    0x0, 0x0, 0x0, 0x0, 0x0, 0x0,

    /* U+F086 "" */
    0x0, 0x0, 0x6b, 0xef, 0xeb, 0x60, 0x0, 0x0,
    0x0, 0x0, 0x0, 0x3d, 0xff, 0xff, 0xff, 0xfd,
    0x30, 0x0, 0x0, 0x0, 0x2, 0xff, 0xff, 0xff,
    0xff, 0xff, 0xf2, 0x0, 0x0, 0x0, 0xa, 0xff,
    0xff, 0xff, 0xff, 0xff, 0xfa, 0x0, 0x0, 0x0,
    0xf, 0xff, 0xff, 0xff, 0xff, 0xff, 0xff, 0x6,
    0x0, 0x0, 0xf, 0xff, 0xff, 0xff, 0xff, 0xff,
    0xfe, 0xf, 0xd2, 0x0, 0xa, 0xff, 0xff, 0xff,
    0xff, 0xff, 0xfa, 0x4f, 0xff, 0x20, 0x2, 0xff,
    0xff, 0xff, 0xff, 0xff, 0xf2, 0xbf, 0xff, 0xa0,
    0x2, 0xff, 0xff, 0xff, 0xff, 0xfd, 0x37, 0xff,
    0xff, 0xf0, 0xc, 0xc7, 0x6b, 0xef, 0xeb, 0x61,
    0x9f, 0xff, 0xff, 0xf0, 0x0, 0x0, 0x0, 0x0,
    0x13, 0x8e, 0xff, 0xff, 0xff, 0xa0, 0x0, 0x0,
    0x0, 0x2e, 0xff, 0xff, 0xff, 0xff, 0xff, 0x20,
    0x0, 0x0, 0x0, 0x3, 0xdf, 0xff, 0xff, 0xff,
    0xff, 0x20, 0x0, 0x0, 0x0, 0x0, 0x6, 0xbe,
    0xfe, 0xb6, 0x7c, 0xc0,

    /* U+F089 "" */
    0x0, 0x0, 0x0, 0x0, 0xc0, 0x0, 0x0, 0x0,
    0x5f, 0x0, 0x0, 0x0, 0xd, 0xf0, 0x0, 0x0,
    0x5, 0xff, 0x0, 0x0, 0x13, 0xdf, 0xf1, 0x9c,
    0xff, 0xff, 0xff, 0x4f, 0xff, 0xff, 0xff, 0xf0,
    0x9f, 0xff, 0xff, 0xff, 0x0, 0x9f, 0xff, 0xff,
    0xf0, 0x0, 0x8f, 0xff, 0xff, 0x0, 0x0, 0xdf,
    0xff, 0xf0, 0x0, 0xf, 0xff, 0xff, 0x0, 0x2,
    0xff, 0xff, 0xf0, 0x0, 0x4f, 0xff, 0xff, 0x0,
    0x7, 0xff, 0xf8, 0x10, 0x0, 0x5e, 0x91, 0x0,
    0x0, 0x0, 0x0, 0x0, 0x0,

    /* U+F08C "" */
    0xcf, 0xff, 0xff, 0xff, 0xff, 0xff, 0xfc, 0xff,
    0xff, 0xff, 0xff, 0xff, 0xff, 0xff, 0xff, 0x41,
    0xdf, 0xff, 0xff, 0xff, 0xff, 0xff, 0x20, 0xbf,
    0xff, 0xff, 0xff, 0xff, 0xff, 0xfe, 0xff, 0xff,
    0xff, 0xff, 0xff, 0xff, 0x31, 0xe7, 0x17, 0x63,
    0x5d, 0xff, 0xff, 0x20, 0xe6, 0x0, 0x0, 0x4,
    0xff, 0xff, 0x20, 0xe6, 0x2, 0xea, 0x1, 0xff,
    0xff, 0x20, 0xe6, 0x5, 0xfe, 0x0, 0xff, 0xff,
    0x20, 0xe6, 0x6, 0xff, 0x0, 0xff, 0xff, 0x20,
    0xe6, 0x6, 0xff, 0x0, 0xff, 0xff, 0x20, 0xe6,
    0x6, 0xff, 0x0, 0xff, 0xff, 0xff, 0xff, 0xff,
    0xff, 0xff, 0xff, 0xcf, 0xff, 0xff, 0xff, 0xff,
    0xff, 0xfc,

    /* U+F08D "" */
    0xd, 0xff, 0xff, 0xff, 0xff, 0xd0, 0xf, 0xff,
    0xff, 0xff, 0xff, 0xf0, 0xd, 0xff, 0xff, 0xff,
    0xff, 0xd0, 0x0, 0xf, 0xff, 0xff, 0xf0, 0x0,
    0x0, 0x1f, 0xff, 0xff, 0xf1, 0x0, 0x0, 0x3f,
    0xff, 0xff, 0xf3, 0x0, 0x0, 0x5f, 0xff, 0xff,
    0xf5, 0x0, 0x8, 0xff, 0xff, 0xff, 0xff, 0x80,
    0x6f, 0xff, 0xff, 0xff, 0xff, 0xf6, 0xdf, 0xff,
    0xff, 0xff, 0xff, 0xfe, 0xdf, 0xff, 0xff, 0xff,
    0xff, 0xfd, 0x0, 0x0, 0xf, 0xf0, 0x0, 0x0,
    0x0, 0x0, 0xf, 0xf0, 0x0, 0x0, 0x0, 0x0,
    0xf, 0xf0, 0x0, 0x0, 0x0, 0x0, 0xe, 0xe0,
    0x0, 0x0, 0x0, 0x0, 0x6, 0x60, 0x0, 0x0,

    /* U+F091 "" */
    0x0, 0x0, 0xdf, 0xff, 0xff, 0xff, 0xfd, 0x0,
    0x0, 0x0, 0x0, 0xff, 0xff, 0xff, 0xff, 0xff,
    0x0, 0x0, 0xdf, 0xff, 0xff, 0xff, 0xff, 0xff,
    0xff, 0xff, 0xfd, 0xff, 0xff, 0xff, 0xff, 0xff,
    0xff, 0xff, 0xff, 0xff, 0xff, 0x0, 0xff, 0xff,
    0xff, 0xff, 0xff, 0x0, 0xff, 0xcf, 0x80, 0xdf,
    0xff, 0xff, 0xff, 0xfd, 0x8, 0xfc, 0x4f, 0xfc,
    0xcf, 0xff, 0xff, 0xff, 0xfc, 0xcf, 0xf4, 0x4,
    0xef, 0xff, 0xff, 0xff, 0xff, 0xff, 0xfe, 0x40,
    0x0, 0x7, 0xbf, 0xff, 0xff, 0xff, 0xfb, 0x70,
    0x0, 0x0, 0x0, 0x3, 0xff, 0xff, 0xff, 0x30,
    0x0, 0x0, 0x0, 0x0, 0x0, 0x6f, 0xff, 0xf6,
    0x0, 0x0, 0x0, 0x0, 0x0, 0x0, 0x8, 0xff,
    0x80, 0x0, 0x0, 0x0, 0x0, 0x0, 0x0, 0x8,
    0xff, 0x80, 0x0, 0x0, 0x0, 0x0, 0x0, 0x6,
    0x8c, 0xff, 0xc8, 0x60, 0x0, 0x0, 0x0, 0x0,
    0xcf, 0xff, 0xff, 0xff, 0xfc, 0x0, 0x0, 0x0,
    0x0, 0xff, 0xff, 0xff, 0xff, 0xff, 0x0, 0x0,

    /* U+F092 "" */
    0x8f, 0xff, 0xff, 0xff, 0xff, 0xff, 0xf8, 0xff,
    0xff, 0xff, 0xff, 0xff, 0xff, 0xff, 0xff, 0xff,
    0x93, 0x0, 0x3a, 0xff, 0xff, 0xff, 0xf5, 0x0,
    0x0, 0x0, 0x6f, 0xff, 0xff, 0x80, 0xa7, 0x66,
    0x7a, 0x9, 0xff, 0xff, 0x10, 0xdf, 0xff, 0xfe,
    0x2, 0xff, 0xfe, 0x2, 0xff, 0xff, 0xff, 0x40,
    0xef, 0xff, 0x2, 0xff, 0xff, 0xff, 0x30, 0xff,
    0xff, 0x11, 0x8f, 0xff, 0xf9, 0x1, 0xff, 0xff,
    0x83, 0x64, 0xff, 0x30, 0x8, 0xff, 0xff, 0xf4,
    0x5a, 0xff, 0x50, 0x3f, 0xff, 0xff, 0xff, 0x75,
    0xff, 0x56, 0xff, 0xff, 0xff, 0xff, 0xff, 0xff,
    0xff, 0xff, 0xff, 0x8f, 0xff, 0xff, 0xff, 0xff,
    0xff, 0xf8,

    /* U+F093 "" */
    0x0, 0x0, 0x0, 0xb, 0xb0, 0x0, 0x0, 0x0,
    0x0, 0x0, 0x0, 0xbf, 0xfb, 0x0, 0x0, 0x0,
    0x0, 0x0, 0xb, 0xff, 0xff, 0xb0, 0x0, 0x0,
    0x0, 0x0, 0xbf, 0xff, 0xff, 0xfb, 0x0, 0x0,
    0x0, 0xb, 0xff, 0xff, 0xff, 0xff, 0xb0, 0x0,
    0x0, 0x4f, 0xff, 0xff, 0xff, 0xff, 0xf4, 0x0,
    0x0, 0x0, 0x0, 0xff, 0xff, 0x0, 0x0, 0x0,
    0x0, 0x0, 0x0, 0xff, 0xff, 0x0, 0x0, 0x0,
    0x0, 0x0, 0x0, 0xff, 0xff, 0x0, 0x0, 0x0,
    0x0, 0x0, 0x0, 0xff, 0xff, 0x0, 0x0, 0x0,
    0x0, 0x0, 0x0, 0xff, 0xff, 0x0, 0x0, 0x0,
    0xdf, 0xff, 0xf0, 0xdf, 0xfd, 0xf, 0xff, 0xfd,
    0xff, 0xff, 0xf9, 0x0, 0x0, 0x9f, 0xff, 0xff,
    0xff, 0xff, 0xff, 0xff, 0xff, 0xff, 0xff, 0xff,
    0xff, 0xff, 0xff, 0xff, 0xff, 0xf0, 0xe0, 0xff,
    0xdf, 0xff, 0xff, 0xff, 0xff, 0xff, 0xff, 0xfd,

    /* U+F094 "" */
    0x0, 0x0, 0x0, 0x3, 0x67, 0x76, 0x68, 0xc9,
    0x0, 0x0, 0x0, 0x4, 0xdf, 0xff, 0xff, 0xff,
    0xff, 0x90, 0x0, 0x0, 0x8f, 0xf8, 0x4f, 0xff,
    0xff, 0xff, 0xe0, 0x0, 0x8, 0xfd, 0x25, 0xcf,
    0xff, 0xff, 0xff, 0xa0, 0x0, 0x5f, 0xd1, 0xaf,
    0xff, 0xff, 0xff, 0xff, 0x70, 0x0, 0xee, 0x1b,
    0xff, 0xff, 0xff, 0xff, 0xff, 0x80, 0x5, 0xf6,
    0x7f, 0xff, 0xff, 0xff, 0xff, 0xff, 0x90, 0x9,
    0xf1, 0xef, 0xff, 0xff, 0xff, 0xff, 0xff, 0x90,
    0xb, 0xfe, 0xff, 0xff, 0xff, 0xff, 0xff, 0xff,
    0x70, 0xb, 0xff, 0xff, 0xff, 0xff, 0xff, 0xff,
    0xff, 0x50, 0xb, 0xff, 0xff, 0xff, 0xff, 0xff,
    0xff, 0xfe, 0x0, 0xa, 0xff, 0xff, 0xff, 0xff,
    0xff, 0xff, 0xf6, 0x0, 0xb, 0xff, 0xff, 0xff,
    0xff, 0xff, 0xff, 0xa0, 0x0, 0xf, 0xff, 0xff,
    0xff, 0xff, 0xff, 0xfb, 0x0, 0x0, 0xe, 0xff,
    0xff, 0xff, 0xff, 0xff, 0x80, 0x0, 0x0, 0x4,
    0xff, 0xdb, 0xcd, 0xdb, 0x71, 0x0, 0x0, 0x0,
    0x0, 0x1, 0x0, 0x0, 0x0, 0x0, 0x0, 0x0,
    0x0,

    /* U+F095 "" */
    0x0, 0x0, 0x0, 0x0, 0x0, 0x0, 0x0, 0x0,
    0x0, 0x0, 0x0, 0x0, 0x0, 0x0, 0xa, 0xea,
    0x62, 0x0, 0x0, 0x0, 0x0, 0x0, 0x2, 0xff,
    0xff, 0xf0, 0x0, 0x0, 0x0, 0x0, 0x0, 0x9f,
    0xff, 0xff, 0x0, 0x0, 0x0, 0x0, 0x0, 0xf,
    0xff, 0xff, 0xd0, 0x0, 0x0, 0x0, 0x0, 0x2,
    0xff, 0xff, 0xfb, 0x0, 0x0, 0x0, 0x0, 0x0,
    0x3, 0xef, 0xff, 0x70, 0x0, 0x0, 0x0, 0x0,
    0x0, 0x4, 0xff, 0xf2, 0x0, 0x0, 0x0, 0x0,
    0x0, 0x0, 0xbf, 0xfb, 0x0, 0x0, 0x0, 0x0,
    0x0, 0x0, 0x6f, 0xff, 0x30, 0x0, 0x0, 0x2,
    0x0, 0x0, 0x4f, 0xff, 0x90, 0x0, 0x2, 0x8f,
    0xf3, 0x0, 0x6f, 0xff, 0xd0, 0x0, 0xa, 0xff,
    0xff, 0xe4, 0xbf, 0xff, 0xd1, 0x0, 0x0, 0xef,
    0xff, 0xff, 0xff, 0xff, 0xd1, 0x0, 0x0, 0xa,
    0xff, 0xff, 0xff, 0xff, 0x90, 0x0, 0x0, 0x0,
    0x6f, 0xff, 0xff, 0xfb, 0x30, 0x0, 0x0, 0x0,
    0x2, 0xff, 0xdb, 0x72, 0x0, 0x0, 0x0, 0x0,
    0x0,

    /* U+F098 "" */
    0x8f, 0xff, 0xff, 0xff, 0xff, 0xff, 0xf8, 0xff,
    0xff, 0xff, 0xff, 0xff, 0xff, 0xff, 0xff, 0xff,
    0xff, 0xff, 0xe1, 0x37, 0xff, 0xff, 0xff, 0xff,
    0xff, 0x80, 0x0, 0xff, 0xff, 0xff, 0xff, 0xff,
    0x20, 0x2, 0xff, 0xff, 0xff, 0xff, 0xff, 0xc1,
    0x6, 0xff, 0xff, 0xff, 0xff, 0xff, 0xf2, 0xb,
    0xff, 0xff, 0xff, 0xff, 0xff, 0x70, 0x4f, 0xff,
    0xff, 0xe8, 0x3c, 0xf7, 0x1, 0xdf, 0xff, 0xff,
    0x10, 0x1, 0x20, 0x1c, 0xff, 0xff, 0xff, 0x30,
    0x0, 0x4, 0xdf, 0xff, 0xff, 0xff, 0x70, 0x26,
    0xbf, 0xff, 0xff, 0xff, 0xff, 0xff, 0xff, 0xff,
    0xff, 0xff, 0xff, 0x8f, 0xff, 0xff, 0xff, 0xff,
    0xff, 0xf8,

    /* U+F099 "" */
    0x0, 0x0, 0x0, 0x0, 0x1, 0x67, 0x20, 0x0,
    0x17, 0x0, 0x0, 0x0, 0x3e, 0xff, 0xf9, 0xc2,
    0x4f, 0x80, 0x0, 0x0, 0xdf, 0xff, 0xff, 0xc6,
    0x3f, 0xfd, 0x50, 0x2, 0xff, 0xff, 0xff, 0xa0,
    0xd, 0xff, 0xfe, 0xa9, 0xff, 0xff, 0xff, 0x50,
    0x4b, 0xff, 0xff, 0xff, 0xff, 0xff, 0xff, 0x30,
    0x1e, 0xff, 0xff, 0xff, 0xff, 0xff, 0xff, 0x0,
    0x4, 0xff, 0xff, 0xff, 0xff, 0xff, 0xfb, 0x0,
    0x0, 0xaf, 0xff, 0xff, 0xff, 0xff, 0xf3, 0x0,
    0x0, 0x8f, 0xff, 0xff, 0xff, 0xff, 0xa0, 0x0,
    0x0, 0x4, 0xbf, 0xff, 0xff, 0xfd, 0x10, 0x0,
    0x0, 0x28, 0xff, 0xff, 0xff, 0xc1, 0x0, 0x0,
    0x4c, 0xff, 0xff, 0xff, 0xd6, 0x0, 0x0, 0x0,
    0x0, 0x25, 0x77, 0x52, 0x0, 0x0, 0x0, 0x0,

    /* U+F09A "" */
    0x0, 0x0, 0x6, 0xac, 0xdb, 0x71, 0x0, 0x0,
    0x0, 0x4, 0xef, 0xff, 0xff, 0xff, 0x70, 0x0,
    0x0, 0x6f, 0xff, 0xff, 0xff, 0xff, 0xfa, 0x0,
    0x4, 0xff, 0xff, 0xff, 0x73, 0x39, 0xff, 0x80,
    0xd, 0xff, 0xff, 0xf5, 0x0, 0x6, 0xff, 0xf2,
    0x3f, 0xff, 0xff, 0xf0, 0x2, 0xac, 0xff, 0xf8,
    0x7f, 0xff, 0xff, 0xe0, 0x9, 0xff, 0xff, 0xfc,
    0x9f, 0xff, 0xff, 0xe0, 0x9, 0xff, 0xff, 0xfe,
    0x9f, 0xff, 0xe0, 0x0, 0x0, 0x8, 0xff, 0xfd,
    0x7f, 0xff, 0xe0, 0x0, 0x0, 0xa, 0xff, 0xfc,
    0x3f, 0xff, 0xfc, 0xa0, 0x7, 0xcf, 0xff, 0xf7,
    0xc, 0xff, 0xff, 0xe0, 0x9, 0xff, 0xff, 0xf1,
    0x2, 0xff, 0xff, 0xe0, 0x9, 0xff, 0xff, 0x60,
    0x0, 0x5f, 0xff, 0xe0, 0x9, 0xff, 0xf9, 0x0,
    0x0, 0x3, 0xdf, 0xe0, 0x9, 0xfe, 0x60, 0x0,
    0x0, 0x0, 0x4, 0x70, 0x5, 0x60, 0x0, 0x0,

    /* U+F09B "" */
    0x0, 0x0, 0x17, 0xab, 0xa8, 0x20, 0x0, 0x0,
    0x0, 0x9, 0xff, 0xff, 0xff, 0xfc, 0x20, 0x0,
    0x0, 0xcf, 0xff, 0xff, 0xff, 0xff, 0xf4, 0x0,
    0xa, 0xfd, 0x9f, 0xff, 0xff, 0xe8, 0xfe, 0x20,
    0x3f, 0xf8, 0x1, 0x31, 0x14, 0x0, 0xef, 0xb0,
    0xaf, 0xf8, 0x0, 0x0, 0x0, 0x0, 0xef, 0xf1,
    0xdf, 0xf1, 0x0, 0x0, 0x0, 0x0, 0x7f, 0xf5,
    0xff, 0xe0, 0x0, 0x0, 0x0, 0x0, 0x4f, 0xf7,
    0xff, 0xf0, 0x0, 0x0, 0x0, 0x0, 0x6f, 0xf7,
    0xdf, 0xf5, 0x0, 0x0, 0x0, 0x0, 0xbf, 0xf5,
    0x8f, 0xae, 0x83, 0x0, 0x1, 0x5b, 0xff, 0xf1,
    0x2f, 0xc5, 0xff, 0x10, 0x6, 0xff, 0xff, 0xa0,
    0x7, 0xf8, 0x12, 0x0, 0x3, 0xff, 0xfe, 0x10,
    0x0, 0x9f, 0xfd, 0x0, 0x3, 0xff, 0xf4, 0x0,
    0x0, 0x6, 0xef, 0x0, 0x3, 0xfc, 0x20, 0x0,
    0x0, 0x0, 0x4, 0x0, 0x0, 0x30, 0x0, 0x0,

    /* U+F09C "" */
    0x0, 0x0, 0x4b, 0xff, 0xb4, 0x0, 0x0, 0x0,
    0x6, 0xff, 0xff, 0xff, 0x60, 0x0, 0x0, 0x2f,
    0xff, 0x99, 0xff, 0xf2, 0x0, 0x0, 0x8f, 0xf3,
    0x0, 0x3f, 0xf9, 0x0, 0x0, 0xbf, 0xc0, 0x0,
    0xc, 0xfb, 0x0, 0x0, 0xcf, 0xc0, 0x0, 0x9,
    0xf9, 0x0, 0x0, 0xcf, 0xc0, 0x0, 0x0, 0x0,
    0x0, 0x0, 0xcf, 0xc0, 0x0, 0x0, 0x0, 0x0,
    0x8f, 0xff, 0xff, 0xff, 0xff, 0xff, 0xf8, 0xff,
    0xff, 0xff, 0xff, 0xff, 0xff, 0xff, 0xff, 0xff,
    0xff, 0xff, 0xff, 0xff, 0xff, 0xff, 0xff, 0xff,
    0xff, 0xff, 0xff, 0xff, 0xff, 0xff, 0xff, 0xff,
    0xff, 0xff, 0xff, 0xff, 0xff, 0xff, 0xff, 0xff,
    0xff, 0xff, 0xff, 0xff, 0xff, 0xff, 0xff, 0xff,
    0xff, 0x8f, 0xff, 0xff, 0xff, 0xff, 0xff, 0xf8,

    /* U+F09D "" */
    0x8f, 0xff, 0xff, 0xff, 0xff, 0xff, 0xff, 0xff,
    0xf8, 0xff, 0xff, 0xff, 0xff, 0xff, 0xff, 0xff,
    0xff, 0xff, 0xff, 0xff, 0xff, 0xff, 0xff, 0xff,
    0xff, 0xff, 0xff, 0x0, 0x0, 0x0, 0x0, 0x0,
    0x0, 0x0, 0x0, 0x0, 0x0, 0x0, 0x0, 0x0,
    0x0, 0x0, 0x0, 0x0, 0x0, 0x0, 0x0, 0x0,
    0x0, 0x0, 0x0, 0x0, 0x0, 0x0, 0x0, 0x0,
    0x0, 0x0, 0x0, 0x0, 0x0, 0x0, 0x0, 0xff,
    0xff, 0xff, 0xff, 0xff, 0xff, 0xff, 0xff, 0xff,
    0xff, 0xff, 0xff, 0xff, 0xff, 0xff, 0xff, 0xff,
    0xff, 0xff, 0xff, 0xff, 0xff, 0xff, 0xff, 0xff,
    0xff, 0xff, 0xff, 0x0, 0xf, 0x0, 0x0, 0xf,
    0xff, 0xff, 0xff, 0xff, 0x0, 0xf, 0x0, 0x0,
    0xf, 0xff, 0xff, 0xff, 0xff, 0xff, 0xff, 0xff,
    0xff, 0xff, 0xff, 0xff, 0xff, 0x8f, 0xff, 0xff,
    0xff, 0xff, 0xff, 0xff, 0xff, 0xf8,

    /* U+F09E "" */
    0xee, 0xc8, 0x30, 0x0, 0x0, 0x0, 0x0, 0xff,
    0xff, 0xfd, 0x50, 0x0, 0x0, 0x0, 0x7a, 0xcf,
    0xff, 0xfc, 0x20, 0x0, 0x0, 0x0, 0x1, 0x6e,
    0xff, 0xe4, 0x0, 0x0, 0x65, 0x20, 0x0, 0x8f,
    0xff, 0x40, 0x0, 0xff, 0xfd, 0x50, 0x5, 0xff,
    0xe2, 0x0, 0xef, 0xff, 0xfb, 0x0, 0x5f, 0xfc,
    0x0, 0x2, 0x7e, 0xff, 0xd0, 0x8, 0xff, 0x50,
    0x0, 0x0, 0xaf, 0xfb, 0x0, 0xef, 0xd0, 0x0,
    0x0, 0xa, 0xff, 0x50, 0x6f, 0xf3, 0x4e, 0xe4,
    0x0, 0xef, 0xd0, 0x1f, 0xf8, 0xef, 0xfe, 0x0,
    0x7f, 0xf2, 0xc, 0xfb, 0xef, 0xfe, 0x0, 0x2f,
    0xf5, 0xa, 0xfd, 0x4e, 0xe4, 0x0, 0xe, 0xf6,
    0x7, 0xfe,

    /* U+F0A0 "" */
    0x0, 0x4, 0xef, 0xff, 0xff, 0xff, 0xfe, 0x40,
    0x0, 0x0, 0x1e, 0xff, 0xff, 0xff, 0xff, 0xff,
    0xe1, 0x0, 0x0, 0xaf, 0xff, 0xff, 0xff, 0xff,
    0xff, 0xfa, 0x0, 0x5, 0xff, 0xff, 0xff, 0xff,
    0xff, 0xff, 0xff, 0x50, 0x1e, 0xff, 0xff, 0xff,
    0xff, 0xff, 0xff, 0xff, 0xe1, 0x0, 0x0, 0x0,
    0x0, 0x0, 0x0, 0x0, 0x0, 0x0, 0x8f, 0xff,
    0xff, 0xff, 0xff, 0xff, 0xff, 0xff, 0xf8, 0xff,
    0xff, 0xff, 0xff, 0xff, 0xff, 0xff, 0xff, 0xff,
    0xff, 0xff, 0xff, 0xff, 0xff, 0xf3, 0x3f, 0x33,
    0xff, 0xff, 0xff, 0xff, 0xff, 0xff, 0xf3, 0x3f,
    0x33, 0xff, 0xff, 0xff, 0xff, 0xff, 0xff, 0xff,
    0xff, 0xff, 0xff, 0x8f, 0xff, 0xff, 0xff, 0xff,
    0xff, 0xff, 0xff, 0xf8,

    /* U+F0A1 "" */
    0x0, 0x0, 0x0, 0x0, 0x0, 0x0, 0x0, 0x2c,
    0xb0, 0x0, 0x0, 0x0, 0x0, 0x0, 0x0, 0x4,
    0xef, 0xf0, 0x0, 0x0, 0x0, 0x0, 0x0, 0x0,
    0x8f, 0xff, 0xf0, 0x0, 0x0, 0x0, 0x0, 0x2,
    0x6d, 0xff, 0x7f, 0xf0, 0x4e, 0xff, 0xff, 0xff,
    0xff, 0xff, 0xd3, 0xf, 0xf0, 0xef, 0xff, 0xff,
    0xff, 0xfd, 0xa5, 0x0, 0xf, 0xf0, 0xff, 0xff,
    0xff, 0xff, 0x0, 0x0, 0x0, 0xf, 0xfa, 0xff,
    0xff, 0xff, 0xff, 0x0, 0x0, 0x0, 0xf, 0xff,
    0xff, 0xff, 0xff, 0xff, 0x0, 0x0, 0x0, 0xf,
    0xfa, 0xef, 0xff, 0xff, 0xff, 0xfd, 0xa5, 0x0,
    0xf, 0xf0, 0x4e, 0xff, 0xff, 0xff, 0xff, 0xff,
    0xd3, 0xf, 0xf0, 0x0, 0xf, 0xff, 0xf0, 0x2,
    0x7d, 0xff, 0x7f, 0xf0, 0x0, 0xf, 0xff, 0xf1,
    0x0, 0x0, 0x8f, 0xff, 0xf0, 0x0, 0xd, 0xff,
    0xf5, 0x0, 0x0, 0x4, 0xff, 0xf0, 0x0, 0x8,
    0xff, 0xfd, 0x0, 0x0, 0x0, 0x2c, 0xb0, 0x0,
    0x2, 0xff, 0xfb, 0x0, 0x0, 0x0, 0x0, 0x0,

    /* U+F0A3 "" */
    0x0, 0x0, 0x0, 0x0, 0x0, 0x0, 0x0, 0x0,
    0x0, 0x0, 0x0, 0x0, 0x9c, 0x0, 0xc9, 0x0,
    0x0, 0x0, 0x0, 0x0, 0x0, 0xef, 0xcc, 0xfe,
    0x0, 0x0, 0x0, 0x0, 0xe, 0xd9, 0xff, 0xff,
    0xff, 0x9d, 0xe0, 0x0, 0x0, 0xd, 0xff, 0xff,
    0xff, 0xff, 0xff, 0xd0, 0x0, 0x0, 0x9, 0xff,
    0xff, 0xff, 0xff, 0xff, 0x90, 0x0, 0x9, 0xef,
    0xff, 0xff, 0xff, 0xff, 0xff, 0xfe, 0x90, 0xc,
    0xff, 0xff, 0xff, 0xff, 0xff, 0xff, 0xff, 0xc0,
    0x1, 0xcf, 0xff, 0xff, 0xff, 0xff, 0xff, 0xfc,
    0x10, 0x1, 0xcf, 0xff, 0xff, 0xff, 0xff, 0xff,
    0xfc, 0x10, 0xc, 0xff, 0xff, 0xff, 0xff, 0xff,
    0xff, 0xff, 0xc0, 0x9, 0xef, 0xff, 0xff, 0xff,
    0xff, 0xff, 0xfe, 0x90, 0x0, 0x9, 0xff, 0xff,
    0xff, 0xff, 0xff, 0x90, 0x0, 0x0, 0xd, 0xff,
    0xff, 0xff, 0xff, 0xff, 0xd0, 0x0, 0x0, 0xe,
    0xd9, 0xff, 0xff, 0xff, 0x9d, 0xe0, 0x0, 0x0,
    0x0, 0x0, 0xef, 0xcc, 0xfe, 0x0, 0x0, 0x0,
    0x0, 0x0, 0x0, 0x9c, 0x11, 0xc9, 0x0, 0x0,
    0x0, 0x0, 0x0, 0x0, 0x0, 0x0, 0x0, 0x0,
    0x0, 0x0,

    /* U+F0A4 "" */
    0x0, 0x0, 0x0, 0x1, 0xdd, 0x20, 0x0, 0x0,
    0x0, 0x0, 0x0, 0xb, 0xff, 0x70, 0x0, 0x0,
    0x0, 0x0, 0x4, 0xdf, 0xff, 0x42, 0x22, 0x10,
    0x58, 0x51, 0xbf, 0xff, 0xff, 0xff, 0xff, 0xfa,
    0xff, 0xf7, 0xff, 0xff, 0xff, 0xff, 0xff, 0xfe,
    0xff, 0xf8, 0xff, 0xff, 0xff, 0xfd, 0x99, 0x93,
    0xff, 0xf8, 0xff, 0xff, 0xff, 0xfc, 0x0, 0x0,
    0xff, 0xf8, 0xff, 0xff, 0xff, 0xf8, 0x0, 0x0,
    0xff, 0xf8, 0xff, 0xff, 0xff, 0xf6, 0x0, 0x0,
    0xf0, 0xf8, 0xff, 0xff, 0xff, 0xe2, 0x0, 0x0,
    0xdf, 0xd4, 0xef, 0xff, 0xff, 0xc0, 0x0, 0x0,
    0x0, 0x0, 0x4, 0xbf, 0xfd, 0x40, 0x0, 0x0,

    /* U+F0A5 "" */
    0x0, 0x0, 0x0, 0x2d, 0xc0, 0x0, 0x0, 0x0,
    0x0, 0x0, 0x0, 0x7, 0xff, 0xa0, 0x0, 0x0,
    0x0, 0x0, 0x12, 0x22, 0x5f, 0xff, 0xc3, 0x0,
    0x0, 0x0, 0xbf, 0xff, 0xff, 0xff, 0xff, 0xfb,
    0x5, 0x85, 0xf, 0xff, 0xff, 0xff, 0xff, 0xff,
    0xf6, 0xff, 0xf0, 0x49, 0x99, 0xdf, 0xff, 0xff,
    0xff, 0x8f, 0xff, 0x0, 0x0, 0xd, 0xff, 0xff,
    0xff, 0xf8, 0xff, 0xf0, 0x0, 0x0, 0x9f, 0xff,
    0xff, 0xff, 0x8f, 0xff, 0x0, 0x0, 0x7, 0xff,
    0xff, 0xff, 0xf8, 0xff, 0xf0, 0x0, 0x0, 0x2f,
    0xff, 0xff, 0xff, 0x8e, 0x1f, 0x0, 0x0, 0x0,
    0xcf, 0xff, 0xff, 0xe3, 0xdf, 0xc0, 0x0, 0x0,
    0x4, 0xdf, 0xeb, 0x40, 0x0, 0x0,

    /* U+F0A6 "" */
    0x0, 0xa, 0xe3, 0x0, 0x0, 0x0, 0x0, 0x1f,
    0xf9, 0x0, 0x0, 0x0, 0x0, 0x2f, 0xf9, 0x0,
    0x0, 0x0, 0x0, 0x2f, 0xf9, 0x0, 0x0, 0x0,
    0x0, 0x2f, 0xfd, 0xc8, 0x62, 0x0, 0x27, 0x4f,
    0xff, 0xff, 0xfe, 0xc3, 0xdf, 0xff, 0xff, 0xff,
    0xff, 0xfd, 0xdf, 0xff, 0xff, 0xff, 0xff, 0xff,
    0x1b, 0xff, 0xff, 0xff, 0xff, 0xfe, 0x0, 0xdf,
    0xff, 0xff, 0xff, 0xfb, 0x0, 0x4f, 0xff, 0xff,
    0xff, 0xf4, 0x0, 0xb, 0xff, 0xff, 0xff, 0xe0,
    0x0, 0x1, 0x78, 0x88, 0x88, 0x40, 0x0, 0x5,
    0xff, 0xff, 0xff, 0xd0, 0x0, 0x8, 0xff, 0xff,
    0xf0, 0xf0, 0x0, 0x5, 0xff, 0xff, 0xff, 0xd0,

    /* U+F0A7 "" */
    0x0, 0x5, 0xff, 0xff, 0xff, 0xd0, 0x0, 0x8,
    0xff, 0xff, 0xf0, 0xf0, 0x0, 0x6, 0xff, 0xff,
    0xff, 0xe0, 0x0, 0x0, 0x67, 0x77, 0x77, 0x30,
    0x0, 0xa, 0xff, 0xff, 0xff, 0xd0, 0x0, 0x3f,
    0xff, 0xff, 0xff, 0xf4, 0x0, 0xcf, 0xff, 0xff,
    0xff, 0xfa, 0xa, 0xff, 0xff, 0xff, 0xff, 0xfe,
    0xcf, 0xff, 0xff, 0xff, 0xff, 0xff, 0xef, 0xff,
    0xff, 0xff, 0xff, 0xfd, 0x28, 0x5f, 0xff, 0xff,
    0xff, 0xd4, 0x0, 0x2f, 0xfd, 0xe9, 0x82, 0x0,
    0x0, 0x2f, 0xf9, 0x0, 0x0, 0x0, 0x0, 0x2f,
    0xf9, 0x0, 0x0, 0x0, 0x0, 0x1f, 0xf9, 0x0,
    0x0, 0x0, 0x0, 0xc, 0xf4, 0x0, 0x0, 0x0,
    0x0, 0x0, 0x0, 0x0, 0x0, 0x0,

    /* U+F0A8 "" */
    0x0, 0x0, 0x5, 0x9b, 0xb9, 0x50, 0x0, 0x0,
    0x0, 0x4, 0xdf, 0xff, 0xff, 0xfd, 0x40, 0x0,
    0x0, 0x6f, 0xff, 0xff, 0xff, 0xff, 0xf6, 0x0,
    0x4, 0xff, 0xff, 0xf6, 0x5f, 0xff, 0xff, 0x40,
    0xd, 0xff, 0xff, 0x50, 0x1f, 0xff, 0xff, 0xd0,
    0x5f, 0xff, 0xf5, 0x1, 0xcf, 0xff, 0xff, 0xf5,
    0x9f, 0xff, 0x50, 0x1d, 0xff, 0xff, 0xff, 0xf9,
    0xbf, 0xf6, 0x0, 0x0, 0x0, 0x0, 0x2f, 0xfb,
    0xbf, 0xf6, 0x0, 0x0, 0x0, 0x0, 0x2f, 0xfb,
    0x9f, 0xff, 0x50, 0x1d, 0xff, 0xff, 0xff, 0xf9,
    0x5f, 0xff, 0xf5, 0x1, 0xcf, 0xff, 0xff, 0xf5,
    0xe, 0xff, 0xff, 0x50, 0x1f, 0xff, 0xff, 0xd0,
    0x4, 0xff, 0xff, 0xf6, 0x5f, 0xff, 0xff, 0x40,
    0x0, 0x6f, 0xff, 0xff, 0xff, 0xff, 0xf6, 0x0,
    0x0, 0x4, 0xef, 0xff, 0xff, 0xfd, 0x40, 0x0,
    0x0, 0x0, 0x5, 0x9b, 0xb9, 0x50, 0x0, 0x0,

    /* U+F0A9 "" */
    0x0, 0x0, 0x5, 0x9b, 0xb9, 0x50, 0x0, 0x0,
    0x0, 0x4, 0xdf, 0xff, 0xff, 0xfd, 0x40, 0x0,
    0x0, 0x6f, 0xff, 0xff, 0xff, 0xff, 0xf6, 0x0,
    0x4, 0xff, 0xff, 0xf5, 0x6f, 0xff, 0xff, 0x40,
    0xd, 0xff, 0xff, 0xf1, 0x5, 0xff, 0xff, 0xd0,
    0x5f, 0xff, 0xff, 0xfc, 0x10, 0x5f, 0xff, 0xf5,
    0x9f, 0xff, 0xff, 0xff, 0xd1, 0x5, 0xff, 0xf9,
    0xbf, 0xf2, 0x0, 0x0, 0x0, 0x0, 0x6f, 0xfb,
    0xbf, 0xf2, 0x0, 0x0, 0x0, 0x0, 0x6f, 0xfb,
    0x9f, 0xff, 0xff, 0xff, 0xd1, 0x5, 0xff, 0xf9,
    0x5f, 0xff, 0xff, 0xfc, 0x10, 0x5f, 0xff, 0xf5,
    0xe, 0xff, 0xff, 0xf1, 0x5, 0xff, 0xff, 0xd0,
    0x4, 0xff, 0xff, 0xf5, 0x6f, 0xff, 0xff, 0x40,
    0x0, 0x6f, 0xff, 0xff, 0xff, 0xff, 0xf6, 0x0,
    0x0, 0x4, 0xef, 0xff, 0xff, 0xfd, 0x40, 0x0,
    0x0, 0x0, 0x5, 0x9b, 0xb9, 0x50, 0x0, 0x0,

    /* U+F0AA "" */
    0x0, 0x0, 0x5, 0x9b, 0xb9, 0x50, 0x0, 0x0,
    0x0, 0x4, 0xef, 0xff, 0xff, 0xfe, 0x40, 0x0,
    0x0, 0x7f, 0xff, 0xff, 0xff, 0xff, 0xf7, 0x0,
    0x4, 0xff, 0xff, 0xf6, 0x6f, 0xff, 0xff, 0x40,
    0xe, 0xff, 0xff, 0x50, 0x5, 0xff, 0xff, 0xe0,
    0x5f, 0xff, 0xf5, 0x0, 0x0, 0x5f, 0xff, 0xf5,
    0x9f, 0xff, 0x50, 0x10, 0x1, 0x5, 0xff, 0xf9,
    0xbf, 0xf6, 0x1, 0xd0, 0xd, 0x10, 0x6f, 0xfb,
    0xbf, 0xf5, 0x1c, 0xf0, 0xf, 0xc1, 0x5f, 0xfb,
    0x9f, 0xff, 0xff, 0xf0, 0xf, 0xff, 0xff, 0xf9,
    0x5f, 0xff, 0xff, 0xf0, 0xf, 0xff, 0xff, 0xf5,
    0xe, 0xff, 0xff, 0xf0, 0xf, 0xff, 0xff, 0xd0,
    0x4, 0xff, 0xff, 0xf2, 0x2f, 0xff, 0xff, 0x40,
    0x0, 0x6f, 0xff, 0xff, 0xff, 0xff, 0xf6, 0x0,
    0x0, 0x4, 0xef, 0xff, 0xff, 0xfd, 0x40, 0x0,
    0x0, 0x0, 0x5, 0x9b, 0xb9, 0x50, 0x0, 0x0,

    /* U+F0AB "" */
    0x0, 0x0, 0x5, 0x9b, 0xb9, 0x50, 0x0, 0x0,
    0x0, 0x4, 0xdf, 0xff, 0xff, 0xfd, 0x40, 0x0,
    0x0, 0x6f, 0xff, 0xff, 0xff, 0xff, 0xf6, 0x0,
    0x4, 0xff, 0xff, 0xf2, 0x2f, 0xff, 0xff, 0x40,
    0xd, 0xff, 0xff, 0xf0, 0xf, 0xff, 0xff, 0xd0,
    0x5f, 0xff, 0xff, 0xf0, 0xf, 0xff, 0xff, 0xf5,
    0x9f, 0xff, 0xff, 0xf0, 0xf, 0xff, 0xff, 0xf9,
    0xbf, 0xf5, 0x1c, 0xf0, 0xf, 0xc1, 0x5f, 0xfb,
    0xbf, 0xf6, 0x1, 0xd0, 0xd, 0x10, 0x6f, 0xfb,
    0x9f, 0xff, 0x50, 0x10, 0x1, 0x5, 0xff, 0xf9,
    0x5f, 0xff, 0xf5, 0x0, 0x0, 0x5f, 0xff, 0xf5,
    0xe, 0xff, 0xff, 0x50, 0x5, 0xff, 0xff, 0xe0,
    0x4, 0xff, 0xff, 0xf6, 0x6f, 0xff, 0xff, 0x40,
    0x0, 0x7f, 0xff, 0xff, 0xff, 0xff, 0xf7, 0x0,
    0x0, 0x5, 0xef, 0xff, 0xff, 0xfe, 0x40, 0x0,
    0x0, 0x0, 0x5, 0x9b, 0xb9, 0x50, 0x0, 0x0,

    /* U+F0AC "" */
    0x0, 0x0, 0x1, 0x2a, 0x70, 0x20, 0x0, 0x0,
    0x0, 0x6, 0xe1, 0xdf, 0xf5, 0x7c, 0x20, 0x0,
    0x0, 0xaf, 0x94, 0xff, 0xfd, 0x1f, 0xf3, 0x0,
    0x8, 0xff, 0x4a, 0xff, 0xff, 0x2c, 0xfe, 0x10,
    0x2f, 0xff, 0x1d, 0xff, 0xff, 0x68, 0xff, 0xa0,
    0x0, 0x0, 0x0, 0x0, 0x0, 0x0, 0x0, 0x0,
    0xdf, 0xfd, 0x2f, 0xff, 0xff, 0xb4, 0xff, 0xf5,
    0xff, 0xfc, 0x3f, 0xff, 0xff, 0xb4, 0xff, 0xf7,
    0xff, 0xfc, 0x3f, 0xff, 0xff, 0xb4, 0xff, 0xf7,
    0xdf, 0xfd, 0x2f, 0xff, 0xff, 0xb4, 0xff, 0xf5,
    0x0, 0x0, 0x0, 0x0, 0x0, 0x0, 0x0, 0x0,
    0x2f, 0xff, 0x1d, 0xff, 0xff, 0x68, 0xff, 0xa0,
    0x8, 0xff, 0x4a, 0xff, 0xff, 0x2c, 0xfe, 0x10,
    0x0, 0xaf, 0x94, 0xff, 0xfd, 0x1f, 0xf3, 0x0,
    0x0, 0x6, 0xe1, 0xdf, 0xf5, 0x7c, 0x20, 0x0,
    0x0, 0x0, 0x1, 0x2a, 0x70, 0x20, 0x0, 0x0,

    /* U+F0AD "" */
    0x0, 0x0, 0x0, 0x0, 0x0, 0x0, 0x0, 0x0,
    0x0, 0x0, 0x0, 0x0, 0x0, 0x7d, 0xfa, 0x0,
    0x0, 0x0, 0x0, 0x0, 0x0, 0xcf, 0xfe, 0x20,
    0x0, 0x0, 0x0, 0x0, 0x0, 0x7f, 0xfe, 0x20,
    0x0, 0x0, 0x0, 0x0, 0x0, 0xd, 0xff, 0x80,
    0x0, 0x2a, 0x0, 0x0, 0x0, 0x0, 0xff, 0xfa,
    0x0, 0x2e, 0xf0, 0x0, 0x0, 0x0, 0xd, 0xff,
    0xfa, 0x8e, 0xfd, 0x0, 0x0, 0x0, 0x5, 0xff,
    0xff, 0xff, 0xff, 0x70, 0x0, 0x0, 0x5, 0xff,
    0xff, 0xff, 0xff, 0xc0, 0x0, 0x0, 0x5, 0xff,
    0xff, 0xfd, 0xfd, 0x70, 0x0, 0x0, 0x5, 0xff,
    0xff, 0xf5, 0x0, 0x0, 0x0, 0x0, 0x5, 0xff,
    0xff, 0xf5, 0x0, 0x0, 0x0, 0x0, 0x5, 0xff,
    0xff, 0xf5, 0x0, 0x0, 0x0, 0x0, 0x4, 0xff,
    0xff, 0xf5, 0x0, 0x0, 0x0, 0x0, 0x0, 0xe9,
    0x9f, 0xf5, 0x0, 0x0, 0x0, 0x0, 0x0, 0xe,
    0x99, 0xf5, 0x0, 0x0, 0x0, 0x0, 0x0, 0x0,
    0x4e, 0xe4, 0x0, 0x0, 0x0, 0x0, 0x0, 0x0,
    0x0,

    /* U+F0AE "" */
    0x0, 0x0, 0xb7, 0x0, 0x0, 0x0, 0x0, 0x0,
    0x0, 0x82, 0xbf, 0x52, 0xff, 0xff, 0xff, 0xff,
    0xfb, 0x1e, 0xff, 0x50, 0x2f, 0xff, 0xff, 0xff,
    0xff, 0xb0, 0x2d, 0x50, 0x0, 0x0, 0x0, 0x0,
    0x0, 0x0, 0x0, 0x0, 0x0, 0x0, 0x0, 0x0,
    0x0, 0x0, 0x0, 0x0, 0xb, 0x80, 0x0, 0x0,
    0x0, 0x0, 0x0, 0x9, 0x3c, 0xf5, 0x2f, 0xff,
    0xff, 0xff, 0xff, 0xb1, 0xef, 0xf5, 0x2, 0xff,
    0xff, 0xff, 0xff, 0xfb, 0x2, 0xd5, 0x0, 0x0,
    0x0, 0x0, 0x0, 0x0, 0x0, 0x0, 0x0, 0x0,
    0x0, 0x0, 0x0, 0x0, 0x0, 0x0, 0x64, 0x0,
    0x0, 0x0, 0x0, 0x0, 0x0, 0x0, 0x9f, 0xf2,
    0x2, 0xff, 0xff, 0xff, 0xff, 0xfb, 0x9, 0xff,
    0x20, 0x2f, 0xff, 0xff, 0xff, 0xff, 0xb0, 0x6,
    0x40, 0x0, 0x0, 0x0, 0x0, 0x0, 0x0,

    /* U+F0B0 "" */
    0xd, 0xff, 0xff, 0xff, 0xff, 0xff, 0xff, 0xff,
    0xd0, 0x8, 0xff, 0xff, 0xff, 0xff, 0xff, 0xff,
    0xff, 0x80, 0x0, 0x9f, 0xff, 0xff, 0xff, 0xff,
    0xff, 0xf8, 0x0, 0x0, 0x9, 0xff, 0xff, 0xff,
    0xff, 0xff, 0x80, 0x0, 0x0, 0x0, 0x9f, 0xff,
    0xff, 0xff, 0xf8, 0x0, 0x0, 0x0, 0x0, 0x9,
    0xff, 0xff, 0xff, 0x80, 0x0, 0x0, 0x0, 0x0,
    0x0, 0x9f, 0xff, 0xf8, 0x0, 0x0, 0x0, 0x0,
    0x0, 0x0, 0xf, 0xff, 0xf0, 0x0, 0x0, 0x0,
    0x0, 0x0, 0x0, 0xf, 0xff, 0xf0, 0x0, 0x0,
    0x0, 0x0, 0x0, 0x0, 0xf, 0xff, 0xf0, 0x0,
    0x0, 0x0, 0x0, 0x0, 0x0, 0xf, 0xff, 0xf0,
    0x0, 0x0, 0x0, 0x0, 0x0, 0x0, 0xf, 0xff,
    0xf0, 0x0, 0x0, 0x0, 0x0, 0x0, 0x0, 0xf,
    0xff, 0xf0, 0x0, 0x0, 0x0, 0x0, 0x0, 0x0,
    0xf, 0xff, 0xf0, 0x0, 0x0, 0x0, 0x0, 0x0,
    0x0, 0x4, 0xef, 0xf0, 0x0, 0x0, 0x0, 0x0,
    0x0, 0x0, 0x0, 0x1a, 0xd0, 0x0, 0x0, 0x0,
    0x0, 0x0, 0x0, 0x0, 0x0, 0x0, 0x0, 0x0,
    0x0,

    /* U+F0B1 "" */
    0x0, 0x0, 0x8f, 0xff, 0xff, 0xf8, 0x0, 0x0,
    0x0, 0x0, 0xff, 0xff, 0xff, 0xff, 0x0, 0x0,
    0x0, 0x0, 0xff, 0x0, 0x0, 0xff, 0x0, 0x0,
    0x8f, 0xff, 0xff, 0xff, 0xff, 0xff, 0xff, 0xf8,
    0xff, 0xff, 0xff, 0xff, 0xff, 0xff, 0xff, 0xff,
    0xff, 0xff, 0xff, 0xff, 0xff, 0xff, 0xff, 0xff,
    0xff, 0xff, 0xff, 0xff, 0xff, 0xff, 0xff, 0xff,
    0x0, 0x0, 0x0, 0x0, 0x0, 0x0, 0x0, 0x0,
    0xff, 0xff, 0xff, 0x0, 0x0, 0xff, 0xff, 0xff,
    0xff, 0xff, 0xff, 0x10, 0x1, 0xff, 0xff, 0xff,
    0xff, 0xff, 0xff, 0xff, 0xff, 0xff, 0xff, 0xff,
    0xff, 0xff, 0xff, 0xff, 0xff, 0xff, 0xff, 0xff,
    0xff, 0xff, 0xff, 0xff, 0xff, 0xff, 0xff, 0xff,
    0x8f, 0xff, 0xff, 0xff, 0xff, 0xff, 0xff, 0xf8,

    /* U+F0B2 "" */
    0x0, 0x0, 0x0, 0xb, 0xb0, 0x0, 0x0, 0x0,
    0x0, 0x0, 0x0, 0xcf, 0xfc, 0x0, 0x0, 0x0,
    0x0, 0x0, 0xc, 0xff, 0xff, 0xc0, 0x0, 0x0,
    0x0, 0x0, 0x1e, 0xff, 0xff, 0xe1, 0x0, 0x0,
    0x0, 0x1, 0x0, 0xe, 0xe0, 0x0, 0x10, 0x0,
    0x0, 0xce, 0x0, 0xe, 0xe0, 0x0, 0xec, 0x0,
    0xc, 0xff, 0x0, 0xe, 0xe0, 0x0, 0xff, 0xc0,
    0xbf, 0xff, 0xee, 0xef, 0xfe, 0xee, 0xff, 0xfb,
    0xbf, 0xff, 0xee, 0xef, 0xfe, 0xee, 0xff, 0xfb,
    0xc, 0xff, 0x0, 0xe, 0xe0, 0x0, 0xff, 0xc0,
    0x0, 0xce, 0x0, 0xe, 0xe0, 0x0, 0xec, 0x0,
    0x0, 0x1, 0x0, 0xe, 0xe0, 0x0, 0x10, 0x0,
    0x0, 0x0, 0x1e, 0xff, 0xff, 0xe1, 0x0, 0x0,
    0x0, 0x0, 0xc, 0xff, 0xff, 0xc0, 0x0, 0x0,
    0x0, 0x0, 0x0, 0xcf, 0xfc, 0x0, 0x0, 0x0,
    0x0, 0x0, 0x0, 0xb, 0xb0, 0x0, 0x0, 0x0,

    /* U+F0C0 "" */
    0x0, 0x0, 0x0, 0x2, 0xbf, 0xe8, 0x0, 0x0,
    0x0, 0x0, 0x0, 0x0, 0x0, 0x1e, 0xff, 0xff,
    0x90, 0x0, 0x0, 0x0, 0x4, 0xee, 0x40, 0x8f,
    0xff, 0xff, 0xf1, 0x4, 0xee, 0x40, 0xe, 0xff,
    0xe0, 0xbf, 0xff, 0xff, 0xf4, 0xe, 0xff, 0xe0,
    0xe, 0xff, 0xe0, 0x8f, 0xff, 0xff, 0xf1, 0xe,
    0xff, 0xe0, 0x4, 0xee, 0x40, 0x1e, 0xff, 0xff,
    0x90, 0x4, 0xee, 0x40, 0x0, 0x0, 0x0, 0x2,
    0xbf, 0xe8, 0x0, 0x0, 0x0, 0x0, 0x4e, 0xff,
    0xe1, 0x0, 0x0, 0x0, 0x0, 0x2e, 0xff, 0xe4,
    0xef, 0xff, 0x45, 0xdf, 0xb8, 0x9d, 0xfc, 0x45,
    0xff, 0xfe, 0xff, 0xf9, 0x4f, 0xff, 0xff, 0xff,
    0xff, 0xf4, 0x9f, 0xff, 0xcf, 0xf3, 0xcf, 0xff,
    0xff, 0xff, 0xff, 0xfc, 0x3f, 0xfc, 0x0, 0x0,
    0xff, 0xff, 0xff, 0xff, 0xff, 0xff, 0x0, 0x0,
    0x0, 0x0, 0xff, 0xff, 0xff, 0xff, 0xff, 0xff,
    0x0, 0x0, 0x0, 0x0, 0x8f, 0xff, 0xff, 0xff,
    0xff, 0xf8, 0x0, 0x0,

    /* U+F0C1 "" */
    0x0, 0x0, 0x0, 0x0, 0x2a, 0xef, 0xd6, 0x0,
    0x0, 0x0, 0x0, 0x4, 0xff, 0xff, 0xff, 0xa0,
    0x0, 0x0, 0x0, 0x4f, 0xff, 0xa9, 0xef, 0xf6,
    0x0, 0x0, 0x3, 0xff, 0xf5, 0x0, 0x1e, 0xfd,
    0x0, 0x0, 0xe, 0xff, 0x50, 0x0, 0x9, 0xff,
    0x0, 0x0, 0x6f, 0xf6, 0x4b, 0x10, 0xb, 0xfe,
    0x0, 0x31, 0x8f, 0xf0, 0xff, 0xc0, 0x5f, 0xfa,
    0x4, 0xf7, 0x8f, 0xf1, 0xaf, 0xf4, 0xaf, 0xf2,
    0x2f, 0xfa, 0x4f, 0xfa, 0x1f, 0xf8, 0x7f, 0x40,
    0xaf, 0xf5, 0xc, 0xff, 0xf, 0xf8, 0x13, 0x0,
    0xef, 0xb0, 0x1, 0xb4, 0x6f, 0xf6, 0x0, 0x0,
    0xff, 0x90, 0x0, 0x5, 0xff, 0xe0, 0x0, 0x0,
    0xdf, 0xe1, 0x0, 0x5f, 0xff, 0x30, 0x0, 0x0,
    0x6f, 0xfe, 0x8a, 0xff, 0xf4, 0x0, 0x0, 0x0,
    0xa, 0xff, 0xff, 0xff, 0x40, 0x0, 0x0, 0x0,
    0x0, 0x6d, 0xfe, 0xa2, 0x0, 0x0, 0x0, 0x0,

    /* U+F0C2 "" */
    0x0, 0x0, 0x4, 0xcf, 0xeb, 0x40, 0x0, 0x0,
    0x0, 0x0, 0x0, 0x0, 0x8f, 0xff, 0xff, 0xf8,
    0x0, 0x0, 0x0, 0x0, 0x0, 0x4, 0xff, 0xff,
    0xff, 0xff, 0xae, 0xe8, 0x0, 0x0, 0x0, 0xc,
    0xff, 0xff, 0xff, 0xff, 0xff, 0xff, 0x80, 0x0,
    0x0, 0xf, 0xff, 0xff, 0xff, 0xff, 0xff, 0xff,
    0xe0, 0x0, 0x0, 0x7f, 0xff, 0xff, 0xff, 0xff,
    0xff, 0xff, 0xe0, 0x0, 0xc, 0xff, 0xff, 0xff,
    0xff, 0xff, 0xff, 0xff, 0xfa, 0x20, 0x7f, 0xff,
    0xff, 0xff, 0xff, 0xff, 0xff, 0xff, 0xff, 0xe2,
    0xdf, 0xff, 0xff, 0xff, 0xff, 0xff, 0xff, 0xff,
    0xff, 0xfa, 0xff, 0xff, 0xff, 0xff, 0xff, 0xff,
    0xff, 0xff, 0xff, 0xff, 0xdf, 0xff, 0xff, 0xff,
    0xff, 0xff, 0xff, 0xff, 0xff, 0xff, 0x8f, 0xff,
    0xff, 0xff, 0xff, 0xff, 0xff, 0xff, 0xff, 0xfb,
    0xc, 0xff, 0xff, 0xff, 0xff, 0xff, 0xff, 0xff,
    0xff, 0xe2, 0x0, 0x8d, 0xff, 0xff, 0xff, 0xff,
    0xff, 0xff, 0xfb, 0x20,

    /* U+F0C3 "" */
    0x0, 0x0, 0xdf, 0xff, 0xff, 0xfd, 0x0, 0x0,
    0x0, 0x0, 0xdf, 0xff, 0xff, 0xfd, 0x0, 0x0,
    0x0, 0x0, 0xf, 0xf0, 0xf, 0xf0, 0x0, 0x0,
    0x0, 0x0, 0xf, 0xf0, 0xf, 0xf0, 0x0, 0x0,
    0x0, 0x0, 0xf, 0xf0, 0xf, 0xf0, 0x0, 0x0,
    0x0, 0x0, 0xf, 0xf0, 0xf, 0xf0, 0x0, 0x0,
    0x0, 0x0, 0xf, 0xf0, 0xf, 0xf0, 0x0, 0x0,
    0x0, 0x0, 0x7f, 0xc0, 0xc, 0xf7, 0x0, 0x0,
    0x0, 0x2, 0xff, 0x30, 0x3, 0xff, 0x20, 0x0,
    0x0, 0xb, 0xf9, 0x0, 0x0, 0x9f, 0xb0, 0x0,
    0x0, 0x5f, 0xff, 0xff, 0xff, 0xff, 0xf5, 0x0,
    0x0, 0xef, 0xff, 0xff, 0xff, 0xff, 0xfe, 0x0,
    0x9, 0xff, 0xff, 0xff, 0xff, 0xff, 0xff, 0x90,
    0xf, 0xff, 0xff, 0xff, 0xff, 0xff, 0xff, 0xf0,
    0xd, 0xff, 0xff, 0xff, 0xff, 0xff, 0xff, 0xd0,
    0x3, 0xdf, 0xff, 0xff, 0xff, 0xff, 0xfd, 0x30,

    /* U+F0C4 "" */
    0x8, 0xee, 0x80, 0x0, 0x0, 0x6, 0x61, 0x8,
    0xff, 0xff, 0x80, 0x0, 0x2d, 0xff, 0xd0, 0xef,
    0x33, 0xfe, 0x0, 0x2e, 0xff, 0xf3, 0xe, 0xf3,
    0x3f, 0xe0, 0x2e, 0xff, 0xf3, 0x0, 0x8f, 0xff,
    0xff, 0x6e, 0xff, 0xf3, 0x0, 0x0, 0x8e, 0xff,
    0xff, 0xff, 0xf3, 0x0, 0x0, 0x0, 0x2, 0xef,
    0xff, 0xf3, 0x0, 0x0, 0x0, 0x0, 0x2e, 0xff,
    0xff, 0x30, 0x0, 0x0, 0x8, 0xef, 0xff, 0xff,
    0xff, 0x30, 0x0, 0x8, 0xff, 0xff, 0xf6, 0xef,
    0xff, 0x30, 0x0, 0xef, 0x33, 0xfe, 0x2, 0xef,
    0xff, 0x30, 0xe, 0xf3, 0x3f, 0xe0, 0x2, 0xef,
    0xff, 0x30, 0x8f, 0xff, 0xf8, 0x0, 0x2, 0xdf,
    0xfd, 0x0, 0x8e, 0xe8, 0x0, 0x0, 0x0, 0x66,
    0x10,

    /* U+F0C5 "" */
    0x0, 0x0, 0xdf, 0xff, 0xff, 0xd, 0x10, 0x0,
    0x0, 0xff, 0xff, 0xff, 0xf, 0xd1, 0x0, 0x0,
    0xff, 0xff, 0xff, 0xf, 0xfd, 0xdf, 0xf0, 0xff,
    0xff, 0xff, 0x20, 0x0, 0xff, 0xf0, 0xff, 0xff,
    0xff, 0xff, 0xff, 0xff, 0xf0, 0xff, 0xff, 0xff,
    0xff, 0xff, 0xff, 0xf0, 0xff, 0xff, 0xff, 0xff,
    0xff, 0xff, 0xf0, 0xff, 0xff, 0xff, 0xff, 0xff,
    0xff, 0xf0, 0xff, 0xff, 0xff, 0xff, 0xff, 0xff,
    0xf0, 0xff, 0xff, 0xff, 0xff, 0xff, 0xff, 0xf0,
    0xff, 0xff, 0xff, 0xff, 0xff, 0xff, 0xf0, 0xff,
    0xff, 0xff, 0xff, 0xff, 0xff, 0xf0, 0xdf, 0xff,
    0xff, 0xff, 0xfd, 0xff, 0xf9, 0x0, 0x0, 0x0,
    0x0, 0x0, 0xff, 0xff, 0xff, 0xff, 0xff, 0x0,
    0x0, 0xdf, 0xff, 0xff, 0xff, 0xfd, 0x0, 0x0,

    /* U+F0C6 "" */
    0x0, 0x0, 0x0, 0x0, 0x5d, 0xfd, 0x50, 0x0,
    0x0, 0x0, 0x7, 0xff, 0xff, 0xf4, 0x0, 0x0,
    0x0, 0x7f, 0xf6, 0x8, 0xfc, 0x0, 0x0, 0x6,
    0xff, 0x60, 0x0, 0xff, 0x0, 0x0, 0x6f, 0xf8,
    0xe9, 0x5, 0xfd, 0x0, 0x6, 0xff, 0x8e, 0xfb,
    0x3f, 0xf6, 0x0, 0x5f, 0xf8, 0xef, 0xb4, 0xff,
    0x90, 0x5, 0xff, 0x8e, 0xfc, 0x4f, 0xfa, 0x50,
    0x2f, 0xf8, 0xdf, 0xc4, 0xff, 0xac, 0xf6, 0xaf,
    0x99, 0xfc, 0x4f, 0xfb, 0xbf, 0xe2, 0xef, 0x2b,
    0xf9, 0xef, 0xbb, 0xfe, 0x20, 0xff, 0x16, 0xff,
    0xfb, 0xbf, 0xe2, 0x0, 0xcf, 0x50, 0x59, 0x7b,
    0xfe, 0x20, 0x0, 0x6f, 0xf5, 0x2, 0xbf, 0xe3,
    0x0, 0x0, 0xa, 0xff, 0xff, 0xfe, 0x30, 0x0,
    0x0, 0x0, 0x6d, 0xfe, 0xa1, 0x0, 0x0, 0x0,

    /* U+F0C7 "" */
    0x8f, 0xff, 0xff, 0xff, 0xff, 0xc1, 0x0, 0xff,
    0xff, 0xff, 0xff, 0xff, 0xfd, 0x10, 0xff, 0x0,
    0x0, 0x0, 0x1, 0xff, 0xd1, 0xff, 0x0, 0x0,
    0x0, 0x0, 0xff, 0xfc, 0xff, 0x0, 0x0, 0x0,
    0x0, 0xff, 0xff, 0xff, 0x0, 0x0, 0x0, 0x0,
    0xff, 0xff, 0xff, 0xff, 0xff, 0xff, 0xff, 0xff,
    0xff, 0xff, 0xff, 0xff, 0xff, 0xff, 0xff, 0xff,
    0xff, 0xff, 0xfb, 0x11, 0xbf, 0xff, 0xff, 0xff,
    0xff, 0xf1, 0x0, 0x1f, 0xff, 0xff, 0xff, 0xff,
    0xf1, 0x0, 0x1f, 0xff, 0xff, 0xff, 0xff, 0xfb,
    0x11, 0xbf, 0xff, 0xff, 0xff, 0xff, 0xff, 0xff,
    0xff, 0xff, 0xff, 0x8f, 0xff, 0xff, 0xff, 0xff,
    0xff, 0xf8,

    /* U+F0C8 "" */
    0x8f, 0xff, 0xff, 0xff, 0xff, 0xff, 0xf8, 0xff,
    0xff, 0xff, 0xff, 0xff, 0xff, 0xff, 0xff, 0xff,
    0xff, 0xff, 0xff, 0xff, 0xff, 0xff, 0xff, 0xff,
    0xff, 0xff, 0xff, 0xff, 0xff, 0xff, 0xff, 0xff,
    0xff, 0xff, 0xff, 0xff, 0xff, 0xff, 0xff, 0xff,
    0xff, 0xff, 0xff, 0xff, 0xff, 0xff, 0xff, 0xff,
    0xff, 0xff, 0xff, 0xff, 0xff, 0xff, 0xff, 0xff,
    0xff, 0xff, 0xff, 0xff, 0xff, 0xff, 0xff, 0xff,
    0xff, 0xff, 0xff, 0xff, 0xff, 0xff, 0xff, 0xff,
    0xff, 0xff, 0xff, 0xff, 0xff, 0xff, 0xff, 0xff,
    0xff, 0xff, 0xff, 0xff, 0xff, 0xff, 0xff, 0xff,
    0xff, 0xff, 0xff, 0x8f, 0xff, 0xff, 0xff, 0xff,
    0xff, 0xf8,

    /* U+F0C9 "" */
    0x12, 0x22, 0x22, 0x22, 0x22, 0x22, 0x21, 0xff,
    0xff, 0xff, 0xff, 0xff, 0xff, 0xff, 0xff, 0xff,
    0xff, 0xff, 0xff, 0xff, 0xff, 0x12, 0x22, 0x22,
    0x22, 0x22, 0x22, 0x21, 0x0, 0x0, 0x0, 0x0,
    0x0, 0x0, 0x0, 0x12, 0x22, 0x22, 0x22, 0x22,
    0x22, 0x21, 0xff, 0xff, 0xff, 0xff, 0xff, 0xff,
    0xff, 0xff, 0xff, 0xff, 0xff, 0xff, 0xff, 0xff,
    0x12, 0x22, 0x22, 0x22, 0x22, 0x22, 0x21, 0x0,
    0x0, 0x0, 0x0, 0x0, 0x0, 0x0, 0x12, 0x22,
    0x22, 0x22, 0x22, 0x22, 0x21, 0xff, 0xff, 0xff,
    0xff, 0xff, 0xff, 0xff, 0xff, 0xff, 0xff, 0xff,
    0xff, 0xff, 0xff, 0x12, 0x22, 0x22, 0x22, 0x22,
    0x22, 0x21,

    /* U+F0CA "" */
    0x27, 0x20, 0x0, 0x0, 0x0, 0x0, 0x0, 0x0,
    0xdf, 0xd0, 0xe, 0xff, 0xff, 0xff, 0xff, 0xfe,
    0xdf, 0xd0, 0xe, 0xff, 0xff, 0xff, 0xff, 0xfe,
    0x27, 0x20, 0x0, 0x0, 0x0, 0x0, 0x0, 0x0,
    0x0, 0x0, 0x0, 0x0, 0x0, 0x0, 0x0, 0x0,
    0x27, 0x20, 0x0, 0x0, 0x0, 0x0, 0x0, 0x0,
    0xdf, 0xd0, 0xe, 0xff, 0xff, 0xff, 0xff, 0xfe,
    0xdf, 0xd0, 0xe, 0xff, 0xff, 0xff, 0xff, 0xfe,
    0x27, 0x20, 0x0, 0x0, 0x0, 0x0, 0x0, 0x0,
    0x0, 0x0, 0x0, 0x0, 0x0, 0x0, 0x0, 0x0,
    0x27, 0x20, 0x0, 0x0, 0x0, 0x0, 0x0, 0x0,
    0xdf, 0xd0, 0xe, 0xff, 0xff, 0xff, 0xff, 0xfe,
    0xdf, 0xd0, 0xe, 0xff, 0xff, 0xff, 0xff, 0xfe,
    0x27, 0x20, 0x0, 0x0, 0x0, 0x0, 0x0, 0x0,

    /* U+F0CB "" */
    0x5, 0xf0, 0x0, 0x0, 0x0, 0x0, 0x0, 0x0,
    0x0, 0xf, 0x0, 0xe, 0xff, 0xff, 0xff, 0xff,
    0xfe, 0x0, 0xf0, 0x0, 0xef, 0xff, 0xff, 0xff,
    0xff, 0xe0, 0xbf, 0xa0, 0x0, 0x0, 0x0, 0x0,
    0x0, 0x0, 0x0, 0x0, 0x0, 0x0, 0x0, 0x0,
    0x0, 0x0, 0x0, 0x9f, 0x70, 0x0, 0x0, 0x0,
    0x0, 0x0, 0x0, 0x3, 0xbb, 0x0, 0xef, 0xff,
    0xff, 0xff, 0xff, 0xe0, 0x9c, 0x20, 0xe, 0xff,
    0xff, 0xff, 0xff, 0xfe, 0xe, 0xfa, 0x0, 0x0,
    0x0, 0x0, 0x0, 0x0, 0x0, 0x0, 0x0, 0x0,
    0x0, 0x0, 0x0, 0x0, 0x0, 0xb, 0xf8, 0x0,
    0x0, 0x0, 0x0, 0x0, 0x0, 0x0, 0x3f, 0x30,
    0xe, 0xff, 0xff, 0xff, 0xff, 0xfe, 0x3, 0xbb,
    0x0, 0xef, 0xff, 0xff, 0xff, 0xff, 0xe0, 0xcf,
    0x60, 0x0, 0x0, 0x0, 0x0, 0x0, 0x0,

    /* U+F0CC "" */
    0x0, 0x0, 0x3b, 0xff, 0xfe, 0x91, 0x0, 0x0,
    0x0, 0x3, 0xff, 0xff, 0xff, 0xfe, 0x10, 0x0,
    0x0, 0xb, 0xff, 0x98, 0x8b, 0xff, 0x80, 0x0,
    0x0, 0xf, 0xf9, 0x0, 0x0, 0x65, 0x0, 0x0,
    0x0, 0xe, 0xfb, 0x0, 0x0, 0x0, 0x0, 0x0,
    0x0, 0x9, 0xff, 0xd8, 0x30, 0x0, 0x0, 0x0,
    0xef, 0xff, 0xff, 0xff, 0xff, 0xff, 0xff, 0xfe,
    0xef, 0xff, 0xff, 0xff, 0xff, 0xff, 0xff, 0xfe,
    0x0, 0x0, 0x0, 0x0, 0x0, 0x0, 0x0, 0x0,
    0x0, 0x0, 0x0, 0x0, 0x0, 0xcf, 0xe0, 0x0,
    0x0, 0x0, 0x56, 0x0, 0x0, 0x9f, 0xf0, 0x0,
    0x0, 0x8, 0xff, 0xa8, 0x89, 0xff, 0xb0, 0x0,
    0x0, 0x2, 0xef, 0xff, 0xff, 0xff, 0x30, 0x0,
    0x0, 0x0, 0x19, 0xef, 0xff, 0xb3, 0x0, 0x0,

    /* U+F0CD "" */
    0x6f, 0xff, 0xfe, 0x0, 0xef, 0xff, 0xf6, 0x6f,
    0xff, 0xfe, 0x0, 0xef, 0xff, 0xf6, 0x0, 0xff,
    0x80, 0x0, 0x8, 0xff, 0x0, 0x0, 0xff, 0x80,
    0x0, 0x8, 0xff, 0x0, 0x0, 0xff, 0x80, 0x0,
    0x8, 0xff, 0x0, 0x0, 0xff, 0x80, 0x0, 0x8,
    0xff, 0x0, 0x0, 0xff, 0x80, 0x0, 0x8, 0xff,
    0x0, 0x0, 0xff, 0x90, 0x0, 0x9, 0xff, 0x0,
    0x0, 0xcf, 0xf2, 0x0, 0x2f, 0xfc, 0x0, 0x0,
    0x4f, 0xff, 0x99, 0xff, 0xf4, 0x0, 0x0, 0x8,
    0xff, 0xff, 0xff, 0x80, 0x0, 0x0, 0x0, 0x4c,
    0xff, 0xc4, 0x0, 0x0, 0x0, 0x0, 0x0, 0x0,
    0x0, 0x0, 0x0, 0x0, 0x0, 0x0, 0x0, 0x0,
    0x0, 0x0, 0xef, 0xff, 0xff, 0xff, 0xff, 0xff,
    0xfe, 0xef, 0xff, 0xff, 0xff, 0xff, 0xff, 0xfe,

    /* U+F0CE "" */
    0x8f, 0xff, 0xff, 0xff, 0xff, 0xff, 0xff, 0xf8,
    0xff, 0xff, 0xff, 0xff, 0xff, 0xff, 0xff, 0xff,
    0xff, 0xff, 0xff, 0xff, 0xff, 0xff, 0xff, 0xff,
    0xff, 0xff, 0xff, 0xff, 0xff, 0xff, 0xff, 0xff,
    0xff, 0x0, 0x0, 0xf, 0xf0, 0x0, 0x0, 0xff,
    0xff, 0x0, 0x0, 0xf, 0xf0, 0x0, 0x0, 0xff,
    0xff, 0x0, 0x0, 0xf, 0xf0, 0x0, 0x0, 0xff,
    0xff, 0xff, 0xff, 0xff, 0xff, 0xff, 0xff, 0xff,
    0xff, 0xff, 0xff, 0xff, 0xff, 0xff, 0xff, 0xff,
    0xff, 0x0, 0x0, 0xf, 0xf0, 0x0, 0x0, 0xff,
    0xff, 0x0, 0x0, 0xf, 0xf0, 0x0, 0x0, 0xff,
    0xff, 0x0, 0x0, 0xf, 0xf0, 0x0, 0x0, 0xff,
    0xff, 0xff, 0xff, 0xff, 0xff, 0xff, 0xff, 0xff,
    0x8f, 0xff, 0xff, 0xff, 0xff, 0xff, 0xff, 0xf8,

    /* U+F0D0 "" */
    0x0, 0x80, 0x0, 0x34, 0x0, 0x8, 0xe4, 0x0,
    0x5, 0xf5, 0x2, 0xed, 0x20, 0x8f, 0xff, 0x40,
    0x8f, 0xff, 0x80, 0x43, 0x8, 0xfd, 0x5f, 0xf4,
    0x5, 0xf5, 0x0, 0x0, 0x8f, 0xd1, 0x5, 0xfe,
    0x0, 0x80, 0x0, 0x8, 0xfe, 0x10, 0x1d, 0xf8,
    0x0, 0x0, 0x0, 0x8f, 0xff, 0x61, 0xdf, 0x80,
    0x0, 0x0, 0x8, 0xff, 0xff, 0xfe, 0xf8, 0x0,
    0x0, 0x0, 0x8f, 0xff, 0xff, 0xff, 0x80, 0x0,
    0x0, 0x8, 0xff, 0xff, 0xff, 0xf8, 0x0, 0x0,
    0x0, 0x8f, 0xff, 0xff, 0xff, 0x80, 0x8, 0x0,
    0x8, 0xff, 0xff, 0xff, 0xf8, 0x0, 0x5f, 0x50,
    0x8f, 0xff, 0xff, 0xff, 0x80, 0x8, 0xff, 0xf8,
    0xef, 0xff, 0xff, 0xf8, 0x0, 0x0, 0x5f, 0x50,
    0x4f, 0xff, 0xff, 0x80, 0x0, 0x0, 0x8, 0x0,
    0x4, 0xff, 0xf8, 0x0, 0x0, 0x0, 0x0, 0x0,
    0x0, 0x4e, 0x80, 0x0, 0x0, 0x0, 0x0, 0x0,

    /* U+F0D1 "" */
    0x8f, 0xff, 0xff, 0xff, 0xff, 0xff, 0x80, 0x0,
    0x0, 0x0, 0xff, 0xff, 0xff, 0xff, 0xff, 0xff,
    0xf0, 0x0, 0x0, 0x0, 0xff, 0xff, 0xff, 0xff,
    0xff, 0xff, 0xf0, 0x0, 0x0, 0x0, 0xff, 0xff,
    0xff, 0xff, 0xff, 0xff, 0xff, 0xf7, 0x0, 0x0,
    0xff, 0xff, 0xff, 0xff, 0xff, 0xff, 0xf8, 0xbf,
    0x80, 0x0, 0xff, 0xff, 0xff, 0xff, 0xff, 0xff,
    0xf0, 0x9, 0xf8, 0x0, 0xff, 0xff, 0xff, 0xff,
    0xff, 0xff, 0xf0, 0x0, 0x9f, 0x70, 0xff, 0xff,
    0xff, 0xff, 0xff, 0xff, 0xf0, 0x0, 0xb, 0xf0,
    0xff, 0xff, 0xff, 0xff, 0xff, 0xff, 0xff, 0xff,
    0xff, 0xf0, 0xff, 0xff, 0xff, 0xff, 0xff, 0xff,
    0xff, 0xff, 0xff, 0xf0, 0xff, 0xff, 0xff, 0xff,
    0xff, 0xff, 0xff, 0xff, 0xff, 0xf0, 0xff, 0xff,
    0xaa, 0xff, 0xff, 0xff, 0xff, 0xaa, 0xff, 0xfe,
    0x8f, 0xfa, 0x0, 0xaf, 0xff, 0xff, 0xfa, 0x0,
    0xaf, 0xfe, 0x0, 0xea, 0x0, 0xae, 0x0, 0x0,
    0xea, 0x0, 0xae, 0x0, 0x0, 0x8f, 0xaa, 0xf8,
    0x0, 0x0, 0x8f, 0xaa, 0xf8, 0x0, 0x0, 0x8,
    0xee, 0x80, 0x0, 0x0, 0x8, 0xee, 0x80, 0x0,

    /* U+F0D2 "" */
    0x0, 0x0, 0x16, 0xab, 0xa8, 0x40, 0x0, 0x0,
    0x0, 0x7, 0xff, 0xff, 0xff, 0xfc, 0x20, 0x0,
    0x0, 0xaf, 0xff, 0xff, 0xff, 0xff, 0xf4, 0x0,
    0x8, 0xff, 0xf9, 0x42, 0x25, 0xcf, 0xff, 0x20,
    0x2f, 0xff, 0x40, 0x58, 0x61, 0x9, 0xff, 0xb0,
    0x9f, 0xf6, 0xc, 0xff, 0xfe, 0x20, 0xcf, 0xf2,
    0xdf, 0xf0, 0x7f, 0x55, 0xff, 0xb0, 0x6f, 0xf6,
    0xff, 0xd0, 0xbb, 0x0, 0xff, 0xe0, 0x4f, 0xf8,
    0xff, 0xe0, 0xaa, 0x4, 0xff, 0xe0, 0x4f, 0xf8,
    0xdf, 0xf3, 0x4c, 0x8, 0xff, 0x90, 0x8f, 0xf6,
    0x9f, 0xfd, 0x78, 0x7, 0xfd, 0x11, 0xef, 0xf2,
    0x3f, 0xff, 0xf5, 0x0, 0x20, 0xb, 0xff, 0xc0,
    0x9, 0xff, 0xf1, 0x5d, 0x89, 0xef, 0xff, 0x30,
    0x0, 0xcf, 0xe0, 0xaf, 0xff, 0xff, 0xf5, 0x0,
    0x0, 0x9, 0xd1, 0xff, 0xff, 0xfd, 0x40, 0x0,
    0x0, 0x0, 0x13, 0xbd, 0xca, 0x50, 0x0, 0x0,

    /* U+F0D3 "" */
    0x8f, 0xff, 0xff, 0xff, 0xff, 0xff, 0xf8, 0xff,
    0xff, 0xff, 0xff, 0xff, 0xff, 0xff, 0xff, 0xff,
    0x93, 0x0, 0x28, 0xff, 0xff, 0xff, 0xf5, 0x5,
    0x99, 0x40, 0x4f, 0xff, 0xff, 0xa0, 0x9f, 0xff,
    0xf7, 0x8, 0xff, 0xff, 0x43, 0xf6, 0x1e, 0xff,
    0x3, 0xff, 0xff, 0x17, 0xf0, 0xd, 0xff, 0x21,
    0xff, 0xff, 0x35, 0xf0, 0x1f, 0xff, 0x13, 0xff,
    0xff, 0x90, 0xe0, 0x5f, 0xfb, 0x7, 0xff, 0xff,
    0xf9, 0xc0, 0x2e, 0xc1, 0x1e, 0xff, 0xff, 0xff,
    0x80, 0x40, 0x3, 0xdf, 0xff, 0xff, 0xff, 0x42,
    0xfe, 0xef, 0xff, 0xff, 0xff, 0xff, 0x27, 0xff,
    0xff, 0xff, 0xff, 0x8f, 0xff, 0x3e, 0xff, 0xff,
    0xff, 0xf8,

    /* U+F0D4 "" */
    0x8f, 0xff, 0xff, 0xff, 0xff, 0xff, 0xf8, 0xff,
    0xff, 0xff, 0xff, 0xff, 0xff, 0xff, 0xff, 0xff,
    0xff, 0xff, 0xff, 0xff, 0xff, 0xff, 0xff, 0xff,
    0xff, 0xff, 0xff, 0xff, 0xff, 0xf6, 0x0, 0x4f,
    0xff, 0xff, 0xff, 0xff, 0x73, 0xde, 0xbf, 0xff,
    0xcf, 0xff, 0xff, 0x1c, 0xf9, 0x99, 0xfb, 0x19,
    0xff, 0xff, 0x1c, 0xf6, 0x40, 0xf9, 0x6, 0xff,
    0xff, 0x72, 0xde, 0x54, 0xff, 0x9f, 0xff, 0xff,
    0xf6, 0x0, 0x3e, 0xff, 0xff, 0xff, 0xff, 0xff,
    0xff, 0xff, 0xff, 0xff, 0xff, 0xff, 0xff, 0xff,
    0xff, 0xff, 0xff, 0xff, 0xff, 0xff, 0xff, 0xff,
    0xff, 0xff, 0xff, 0x8f, 0xff, 0xff, 0xff, 0xff,
    0xff, 0xf8,

    /* U+F0D5 "" */
    0x0, 0x3, 0xae, 0xfe, 0x91, 0x0, 0x0, 0x0,
    0x0, 0x0, 0x0, 0x7f, 0xff, 0xff, 0xfe, 0x10,
    0x0, 0x0, 0x0, 0x0, 0x6, 0xff, 0xc5, 0x47,
    0xe5, 0x0, 0x0, 0x0, 0x0, 0x0, 0xe, 0xfb,
    0x0, 0x0, 0x0, 0x0, 0x0, 0x0, 0x36, 0x0,
    0x5f, 0xf1, 0x0, 0x0, 0x0, 0x0, 0x0, 0x0,
    0x9f, 0x20, 0x7f, 0xd0, 0x0, 0x9e, 0xee, 0xed,
    0x0, 0x3a, 0xdf, 0xb9, 0x7f, 0xd0, 0x0, 0xaf,
    0xff, 0xff, 0x0, 0x5f, 0xff, 0xfe, 0x5f, 0xf1,
    0x0, 0x23, 0x38, 0xfe, 0x0, 0x1, 0xaf, 0x31,
    0xe, 0xfb, 0x0, 0x0, 0xd, 0xfa, 0x0, 0x0,
    0x8d, 0x10, 0x6, 0xff, 0xc5, 0x46, 0xdf, 0xf2,
    0x0, 0x0, 0x0, 0x0, 0x0, 0x7f, 0xff, 0xff,
    0xff, 0x50, 0x0, 0x0, 0x0, 0x0, 0x0, 0x3,
    0xae, 0xfe, 0xa2, 0x0, 0x0, 0x0, 0x0, 0x0,

    /* U+F0D6 "" */
    0xcf, 0xff, 0xff, 0xff, 0xff, 0xff, 0xff, 0xff,
    0xff, 0xfc, 0xfc, 0x8e, 0xff, 0xff, 0xff, 0xff,
    0xff, 0xff, 0xa8, 0xcf, 0xf8, 0xe, 0xff, 0xff,
    0xff, 0xff, 0xff, 0xff, 0x90, 0x8f, 0xfa, 0xbf,
    0xff, 0xff, 0xa1, 0x1a, 0xff, 0xff, 0xf9, 0xaf,
    0xff, 0xff, 0xff, 0xfd, 0x0, 0x0, 0xdf, 0xff,
    0xff, 0xff, 0xff, 0xff, 0xff, 0xf9, 0x0, 0x0,
    0x9f, 0xff, 0xff, 0xff, 0xff, 0xff, 0xff, 0xf9,
    0x0, 0x0, 0x9f, 0xff, 0xff, 0xff, 0xff, 0xff,
    0xff, 0xfd, 0x0, 0x0, 0xdf, 0xff, 0xff, 0xff,
    0xfe, 0xff, 0xff, 0xff, 0xa1, 0x1a, 0xff, 0xff,
    0xfe, 0xef, 0xf8, 0x2f, 0xff, 0xff, 0xff, 0xff,
    0xff, 0xff, 0xb0, 0x8f, 0xfc, 0x8e, 0xff, 0xff,
    0xff, 0xff, 0xff, 0xff, 0xa8, 0xcf, 0xcf, 0xff,
    0xff, 0xff, 0xff, 0xff, 0xff, 0xff, 0xff, 0xfc,

    /* U+F0D7 "" */
    0x8f, 0xff, 0xff, 0xff, 0xf8, 0x2e, 0xff, 0xff,
    0xff, 0xe2, 0x2, 0xef, 0xff, 0xfe, 0x20, 0x0,
    0x2e, 0xff, 0xe2, 0x0, 0x0, 0x2, 0xee, 0x20,
    0x0, 0x0, 0x0, 0x11, 0x0, 0x0,

    /* U+F0D8 "" */
    0x0, 0x0, 0x11, 0x0, 0x0, 0x0, 0x2, 0xee,
    0x20, 0x0, 0x0, 0x2e, 0xff, 0xe2, 0x0, 0x2,
    0xef, 0xff, 0xfe, 0x20, 0x2e, 0xff, 0xff, 0xff,
    0xe2, 0x8f, 0xff, 0xff, 0xff, 0xf8,

    /* U+F0D9 "" */
    0x0, 0x0, 0x28, 0x0, 0x2, 0xef, 0x0, 0x2e,
    0xff, 0x2, 0xef, 0xff, 0x1e, 0xff, 0xff, 0x1e,
    0xff, 0xff, 0x2, 0xef, 0xff, 0x0, 0x2e, 0xff,
    0x0, 0x2, 0xef, 0x0, 0x0, 0x28,

    /* U+F0DA "" */
    0x82, 0x0, 0x0, 0xfe, 0x20, 0x0, 0xff, 0xe2,
    0x0, 0xff, 0xfe, 0x20, 0xff, 0xff, 0xe1, 0xff,
    0xff, 0xe1, 0xff, 0xfe, 0x20, 0xff, 0xe2, 0x0,
    0xfe, 0x20, 0x0, 0x82, 0x0, 0x0,

    /* U+F0DB "" */
    0x8f, 0xff, 0xff, 0xff, 0xff, 0xff, 0xff, 0xf8,
    0xff, 0xff, 0xff, 0xff, 0xff, 0xff, 0xff, 0xff,
    0xff, 0xff, 0xff, 0xff, 0xff, 0xff, 0xff, 0xff,
    0xff, 0xff, 0xff, 0xff, 0xff, 0xff, 0xff, 0xff,
    0xff, 0x0, 0x0, 0xf, 0xf0, 0x0, 0x0, 0xff,
    0xff, 0x0, 0x0, 0xf, 0xf0, 0x0, 0x0, 0xff,
    0xff, 0x0, 0x0, 0xf, 0xf0, 0x0, 0x0, 0xff,
    0xff, 0x0, 0x0, 0xf, 0xf0, 0x0, 0x0, 0xff,
    0xff, 0x0, 0x0, 0xf, 0xf0, 0x0, 0x0, 0xff,
    0xff, 0x0, 0x0, 0xf, 0xf0, 0x0, 0x0, 0xff,
    0xff, 0x0, 0x0, 0xf, 0xf0, 0x0, 0x0, 0xff,
    0xff, 0x0, 0x0, 0xf, 0xf0, 0x0, 0x0, 0xff,
    0xff, 0xff, 0xff, 0xff, 0xff, 0xff, 0xff, 0xff,
    0x8f, 0xff, 0xff, 0xff, 0xff, 0xff, 0xff, 0xf8,

    /* U+F0DC "" */
    0x0, 0x0, 0x0, 0x0, 0x0, 0x0, 0x2, 0xee,
    0x20, 0x0, 0x0, 0x2e, 0xff, 0xe2, 0x0, 0x2,
    0xef, 0xff, 0xfe, 0x20, 0x1e, 0xff, 0xff, 0xff,
    0xe1, 0x5f, 0xff, 0xff, 0xff, 0xf5, 0x0, 0x0,
    0x0, 0x0, 0x0, 0x0, 0x0, 0x0, 0x0, 0x0,
    0x5f, 0xff, 0xff, 0xff, 0xf5, 0x1e, 0xff, 0xff,
    0xff, 0xe1, 0x2, 0xef, 0xff, 0xfe, 0x20, 0x0,
    0x2e, 0xff, 0xe2, 0x0, 0x0, 0x2, 0xee, 0x20,
    0x0, 0x0, 0x0, 0x0, 0x0, 0x0,

    /* U+F0DD "" */
    0x5f, 0xff, 0xff, 0xff, 0xf5, 0x1e, 0xff, 0xff,
    0xff, 0xe1, 0x2, 0xef, 0xff, 0xfe, 0x20, 0x0,
    0x2e, 0xff, 0xe2, 0x0, 0x0, 0x2, 0xee, 0x20,
    0x0, 0x0, 0x0, 0x0, 0x0, 0x0,

    /* U+F0DE "" */
    0x0, 0x0, 0x0, 0x0, 0x0, 0x0, 0x2, 0xee,
    0x20, 0x0, 0x0, 0x2e, 0xff, 0xe2, 0x0, 0x2,
    0xef, 0xff, 0xfe, 0x20, 0x1e, 0xff, 0xff, 0xff,
    0xe1, 0x5f, 0xff, 0xff, 0xff, 0xf5,

    /* U+F0E0 "" */
    0x8f, 0xff, 0xff, 0xff, 0xff, 0xff, 0xff, 0xf8,
    0xff, 0xff, 0xff, 0xff, 0xff, 0xff, 0xff, 0xff,
    0xcf, 0xff, 0xff, 0xff, 0xff, 0xff, 0xff, 0xfc,
    0x9, 0xff, 0xff, 0xff, 0xff, 0xff, 0xff, 0x90,
    0xd2, 0x5f, 0xff, 0xff, 0xff, 0xff, 0xf5, 0x2d,
    0xff, 0x62, 0xcf, 0xff, 0xff, 0xfc, 0x26, 0xff,
    0xff, 0xfa, 0x18, 0xff, 0xff, 0x81, 0xaf, 0xff,
    0xff, 0xff, 0xe3, 0x4d, 0xd4, 0x3e, 0xff, 0xff,
    0xff, 0xff, 0xff, 0x81, 0x18, 0xff, 0xff, 0xff,
    0xff, 0xff, 0xff, 0xff, 0xff, 0xff, 0xff, 0xff,
    0xff, 0xff, 0xff, 0xff, 0xff, 0xff, 0xff, 0xff,
    0x8f, 0xff, 0xff, 0xff, 0xff, 0xff, 0xff, 0xf8,

    /* U+F0E1 "" */
    0x7, 0xfa, 0x0, 0x0, 0x0, 0x0, 0x0, 0x0,
    0xff, 0xf3, 0x0, 0x0, 0x0, 0x0, 0x0, 0xc,
    0xfe, 0x10, 0x0, 0x0, 0x0, 0x0, 0x0, 0x5,
    0x10, 0x0, 0x0, 0x0, 0x0, 0x0, 0x4, 0x55,
    0x0, 0x55, 0x40, 0x69, 0x72, 0x0, 0xdf, 0xf1,
    0x1f, 0xfc, 0xdf, 0xff, 0xf2, 0xd, 0xff, 0x11,
    0xff, 0xff, 0xff, 0xff, 0x90, 0xdf, 0xf1, 0x1f,
    0xff, 0x60, 0x6f, 0xfd, 0xd, 0xff, 0x11, 0xff,
    0xe0, 0x0, 0xff, 0xf0, 0xdf, 0xf1, 0x1f, 0xfd,
    0x0, 0xf, 0xff, 0xd, 0xff, 0x11, 0xff, 0xd0,
    0x0, 0xff, 0xf0, 0xdf, 0xf1, 0x1f, 0xfd, 0x0,
    0xf, 0xff, 0xd, 0xff, 0x11, 0xff, 0xd0, 0x0,
    0xff, 0xf0, 0xdf, 0xf1, 0x1f, 0xfd, 0x0, 0xf,
    0xff,

    /* U+F0E2 "" */
    0xff, 0x30, 0x16, 0xbd, 0xdb, 0x71, 0x0, 0x0,
    0xff, 0x46, 0xef, 0xff, 0xff, 0xff, 0x60, 0x0,
    0xff, 0xbf, 0xff, 0x96, 0x69, 0xef, 0xf8, 0x0,
    0xff, 0xff, 0xb1, 0x0, 0x0, 0xa, 0xff, 0x60,
    0xff, 0xfe, 0x44, 0x30, 0x0, 0x0, 0xbf, 0xe0,
    0xff, 0xff, 0xff, 0xf0, 0x0, 0x0, 0x1f, 0xf5,
    0xff, 0xff, 0xff, 0xf0, 0x0, 0x0, 0xb, 0xfa,
    0x0, 0x0, 0x0, 0x0, 0x0, 0x0, 0x8, 0xfb,
    0x0, 0x0, 0x0, 0x0, 0x0, 0x0, 0x8, 0xfb,
    0x0, 0x0, 0x0, 0x0, 0x0, 0x0, 0xb, 0xf9,
    0x0, 0x0, 0x0, 0x0, 0x0, 0x0, 0x1f, 0xf5,
    0x0, 0x0, 0x0, 0x0, 0x0, 0x0, 0xbf, 0xe0,
    0x0, 0x6, 0xa1, 0x0, 0x0, 0x1a, 0xff, 0x50,
    0x0, 0x2f, 0xff, 0x96, 0x69, 0xef, 0xf8, 0x0,
    0x0, 0x5, 0xef, 0xff, 0xff, 0xfe, 0x60, 0x0,
    0x0, 0x0, 0x6, 0xbd, 0xdb, 0x61, 0x0, 0x0,

    /* U+F0E3 "" */
    0x0, 0x0, 0x0, 0x0, 0x8d, 0x20, 0x0, 0x0,
    0x0, 0x0, 0x0, 0x9, 0xff, 0x90, 0x0, 0x0,
    0x0, 0x0, 0x0, 0x9f, 0xff, 0xa0, 0x0, 0x0,
    0x0, 0x0, 0x9, 0xff, 0xff, 0xfa, 0x0, 0x0,
    0x0, 0x0, 0x4f, 0xff, 0xff, 0xff, 0xa0, 0x0,
    0x0, 0x0, 0xc, 0xef, 0xff, 0xff, 0xfa, 0x92,
    0x0, 0x0, 0x0, 0x7, 0xff, 0xff, 0xff, 0xfd,
    0x0, 0x0, 0x0, 0x8, 0xff, 0xff, 0xff, 0xf8,
    0x0, 0x0, 0x0, 0x8f, 0x87, 0xff, 0xff, 0x90,
    0x0, 0x5, 0xfc, 0xf8, 0x0, 0xef, 0xf9, 0x0,
    0x0, 0x5f, 0xff, 0xc0, 0x0, 0xcf, 0x90, 0x0,
    0x5, 0xff, 0xff, 0xf0, 0x0, 0x4, 0x0, 0x0,
    0x5f, 0xff, 0xff, 0x50, 0x0, 0x0, 0x0, 0x0,
    0xff, 0xff, 0xf5, 0x0, 0x0, 0x0, 0x0, 0x0,
    0x7f, 0xff, 0x50, 0x0, 0x0, 0x0, 0x0, 0x0,
    0x7, 0xf5, 0x0, 0x0, 0x0, 0x0, 0x0, 0x0,

    /* U+F0E7 "" */
    0x0, 0xdf, 0xff, 0xfd, 0x0, 0x0, 0x1, 0xff,
    0xff, 0xfc, 0x0, 0x0, 0x3, 0xff, 0xff, 0xf7,
    0x0, 0x0, 0x6, 0xff, 0xff, 0xf2, 0x0, 0x0,
    0x8, 0xff, 0xff, 0xd0, 0x0, 0x0, 0xa, 0xff,
    0xff, 0xff, 0xff, 0xd0, 0xc, 0xff, 0xff, 0xff,
    0xff, 0xa0, 0xe, 0xff, 0xff, 0xff, 0xff, 0x20,
    0xd, 0xff, 0xff, 0xff, 0xf8, 0x0, 0x0, 0x0,
    0xa, 0xff, 0xe0, 0x0, 0x0, 0x0, 0xe, 0xff,
    0x50, 0x0, 0x0, 0x0, 0x2f, 0xfc, 0x0, 0x0,
    0x0, 0x0, 0x5f, 0xf3, 0x0, 0x0, 0x0, 0x0,
    0x9f, 0xa0, 0x0, 0x0, 0x0, 0x0, 0xdf, 0x10,
    0x0, 0x0, 0x0, 0x0, 0xd7, 0x0, 0x0, 0x0,

    /* U+F0E8 "" */
    0x0, 0x0, 0x0, 0xc, 0xff, 0xff, 0xc0, 0x0,
    0x0, 0x0, 0x0, 0x0, 0x0, 0xf, 0xff, 0xff,
    0xf0, 0x0, 0x0, 0x0, 0x0, 0x0, 0x0, 0xf,
    0xff, 0xff, 0xf0, 0x0, 0x0, 0x0, 0x0, 0x0,
    0x0, 0xf, 0xff, 0xff, 0xf0, 0x0, 0x0, 0x0,
    0x0, 0x0, 0x0, 0xc, 0xff, 0xff, 0xc0, 0x0,
    0x0, 0x0, 0x0, 0x0, 0x0, 0x0, 0xc, 0xc0,
    0x0, 0x0, 0x0, 0x0, 0x0, 0x0, 0x0, 0x0,
    0xc, 0xc0, 0x0, 0x0, 0x0, 0x0, 0x1, 0xdf,
    0xff, 0xff, 0xff, 0xff, 0xff, 0xff, 0xfd, 0x10,
    0x3, 0xfa, 0x88, 0x88, 0x8e, 0xe8, 0x88, 0x88,
    0xaf, 0x30, 0x4, 0xf4, 0x0, 0x0, 0xc, 0xc0,
    0x0, 0x0, 0x4f, 0x40, 0x0, 0x0, 0x0, 0x0,
    0x0, 0x0, 0x0, 0x0, 0x0, 0x0, 0xcf, 0xff,
    0xc0, 0x4, 0xff, 0xff, 0x40, 0xc, 0xff, 0xfc,
    0xff, 0xff, 0xf0, 0x8, 0xff, 0xff, 0x80, 0xf,
    0xff, 0xff, 0xff, 0xff, 0xf0, 0x8, 0xff, 0xff,
    0x80, 0xf, 0xff, 0xff, 0xff, 0xff, 0xf0, 0x8,
    0xff, 0xff, 0x80, 0xf, 0xff, 0xff, 0xcf, 0xff,
    0xc0, 0x4, 0xff, 0xff, 0x40, 0xc, 0xff, 0xfc,

    /* U+F0E9 "" */
    0x0, 0x0, 0x0, 0x0, 0xc, 0xc0, 0x0, 0x0,
    0x0, 0x0, 0x0, 0x0, 0x0, 0x2, 0x5f, 0xf5,
    0x20, 0x0, 0x0, 0x0, 0x0, 0x0, 0x4, 0xcf,
    0xff, 0xff, 0xfc, 0x40, 0x0, 0x0, 0x0, 0x0,
    0xaf, 0xff, 0xff, 0xff, 0xff, 0xfa, 0x0, 0x0,
    0x0, 0xc, 0xff, 0xff, 0xff, 0xff, 0xff, 0xff,
    0xc0, 0x0, 0x0, 0x9f, 0xff, 0xff, 0xff, 0xff,
    0xff, 0xff, 0xf9, 0x0, 0x3, 0xff, 0xff, 0xff,
    0xff, 0xff, 0xff, 0xff, 0xff, 0x30, 0x9, 0xff,
    0xff, 0xff, 0xff, 0xff, 0xff, 0xff, 0xff, 0x90,
    0xe, 0x60, 0x3d, 0xff, 0x91, 0x19, 0xff, 0xd3,
    0x6, 0xd0, 0x1, 0x0, 0x1, 0xea, 0xd, 0xd0,
    0xae, 0x10, 0x0, 0x10, 0x0, 0x0, 0x0, 0x31,
    0xf, 0xf0, 0x13, 0x0, 0x0, 0x0, 0x0, 0x0,
    0x0, 0x0, 0xf, 0xf0, 0x0, 0x0, 0x0, 0x0,
    0x0, 0x0, 0x0, 0x0, 0xf, 0xf0, 0x0, 0x0,
    0x0, 0x0, 0x0, 0x0, 0x0, 0xac, 0x2f, 0xf0,
    0x0, 0x0, 0x0, 0x0, 0x0, 0x0, 0x0, 0xbf,
    0xff, 0xb0, 0x0, 0x0, 0x0, 0x0, 0x0, 0x0,
    0x0, 0x2c, 0xfb, 0x10, 0x0, 0x0, 0x0, 0x0,

    /* U+F0EA "" */
    0x0, 0x4, 0xde, 0x40, 0x0, 0x0, 0x0, 0xdf,
    0xff, 0x99, 0xff, 0xfd, 0x0, 0x0, 0xff, 0xff,
    0x99, 0xff, 0xff, 0x0, 0x0, 0xff, 0xff, 0xff,
    0xff, 0xff, 0x0, 0x0, 0xff, 0xff, 0x90, 0x0,
    0x0, 0x0, 0x0, 0xff, 0xff, 0xd, 0xff, 0xff,
    0xd, 0x10, 0xff, 0xff, 0xf, 0xff, 0xff, 0xf,
    0xd1, 0xff, 0xff, 0xf, 0xff, 0xff, 0xf, 0xfd,
    0xff, 0xff, 0xf, 0xff, 0xff, 0x20, 0x0, 0xff,
    0xff, 0xf, 0xff, 0xff, 0xff, 0xff, 0xff, 0xff,
    0xf, 0xff, 0xff, 0xff, 0xff, 0xff, 0xff, 0xf,
    0xff, 0xff, 0xff, 0xff, 0xdf, 0xff, 0xf, 0xff,
    0xff, 0xff, 0xff, 0x0, 0x0, 0xf, 0xff, 0xff,
    0xff, 0xff, 0x0, 0x0, 0xf, 0xff, 0xff, 0xff,
    0xff, 0x0, 0x0, 0xd, 0xff, 0xff, 0xff, 0xfd,

    /* U+F0EB "" */
    0x0, 0x2a, 0xef, 0xe9, 0x20, 0x0, 0x4f, 0xff,
    0xff, 0xff, 0x40, 0x2f, 0xfa, 0x22, 0xff, 0xff,
    0x29, 0xfa, 0x1b, 0xff, 0xff, 0xf9, 0xef, 0x2b,
    0xff, 0xff, 0xff, 0xef, 0xf2, 0xff, 0xff, 0xff,
    0xff, 0xef, 0xff, 0xff, 0xff, 0xff, 0xe9, 0xff,
    0xff, 0xff, 0xff, 0xf9, 0x2f, 0xff, 0xff, 0xff,
    0xff, 0x20, 0x5f, 0xff, 0xff, 0xff, 0x50, 0x0,
    0xaf, 0xff, 0xff, 0xa0, 0x0, 0x3, 0xff, 0xff,
    0xf3, 0x0, 0x0, 0x0, 0x0, 0x0, 0x0, 0x0,
    0x0, 0xff, 0xff, 0xf0, 0x0, 0x0, 0xe, 0xff,
    0xfe, 0x0, 0x0, 0x0, 0x4f, 0xff, 0x50, 0x0,

    /* U+F0F0 "" */
    0x0, 0x0, 0x2b, 0xff, 0xb2, 0x0, 0x0, 0x0,
    0x2, 0xff, 0xff, 0xfe, 0x20, 0x0, 0x0, 0xb,
    0xff, 0xff, 0xff, 0xb0, 0x0, 0x0, 0xf, 0xff,
    0xff, 0xff, 0xf0, 0x0, 0x0, 0xf, 0xff, 0xff,
    0xff, 0xf0, 0x0, 0x0, 0xb, 0xff, 0xff, 0xff,
    0xb0, 0x0, 0x0, 0x2, 0xff, 0xff, 0xfe, 0x20,
    0x0, 0x0, 0x0, 0x2b, 0xff, 0xb2, 0x0, 0x0,
    0x0, 0x0, 0x0, 0x0, 0x0, 0x0, 0x0, 0x1,
    0x96, 0x7b, 0x88, 0xb0, 0xe9, 0x10, 0x1d, 0xf7,
    0x8f, 0xff, 0xc0, 0xcf, 0xe1, 0x9f, 0xf5, 0x5f,
    0xf8, 0x27, 0x28, 0xf9, 0xef, 0x73, 0x37, 0xf1,
    0xdf, 0xd1, 0xfe, 0xff, 0x49, 0x85, 0xf0, 0xff,
    0xf0, 0xff, 0xff, 0xc1, 0x2c, 0xf2, 0x4f, 0x43,
    0xff, 0x9f, 0xff, 0xff, 0xff, 0xff, 0xff, 0xf9,

    /* U+F0F1 "" */
    0x0, 0x0, 0x0, 0x0, 0x0, 0x0, 0x0, 0x0,
    0x7c, 0xe5, 0x0, 0x5f, 0xc7, 0x0, 0x0, 0x0,
    0xff, 0xf6, 0x0, 0x6f, 0xff, 0x0, 0x0, 0x0,
    0xff, 0x10, 0x0, 0x1, 0xff, 0x0, 0x0, 0x0,
    0xff, 0x0, 0x0, 0x0, 0xff, 0x0, 0x6, 0x60,
    0xff, 0x0, 0x0, 0x0, 0xff, 0x0, 0xaf, 0xfa,
    0xff, 0x0, 0x0, 0x0, 0xff, 0x0, 0xfa, 0xaf,
    0xff, 0x10, 0x0, 0x1, 0xff, 0x0, 0xbf, 0xfa,
    0xcf, 0x70, 0x0, 0x7, 0xfc, 0x0, 0xf, 0xf0,
    0x4f, 0xf7, 0x11, 0x7f, 0xf4, 0x0, 0xf, 0xf0,
    0x8, 0xff, 0xff, 0xff, 0x70, 0x0, 0xf, 0xf0,
    0x0, 0x5c, 0xff, 0xb4, 0x0, 0x0, 0xf, 0xf0,
    0x0, 0x0, 0xef, 0x20, 0x0, 0x0, 0x1f, 0xe0,
    0x0, 0x0, 0xaf, 0x90, 0x0, 0x0, 0x9f, 0xa0,
    0x0, 0x0, 0x3f, 0xf9, 0x20, 0x2a, 0xff, 0x20,
    0x0, 0x0, 0x5, 0xff, 0xff, 0xff, 0xf5, 0x0,
    0x0, 0x0, 0x0, 0x2a, 0xef, 0xea, 0x20, 0x0,

    /* U+F0F2 "" */
    0x0, 0x0, 0x8f, 0xff, 0xff, 0xf8, 0x0, 0x0,
    0x0, 0x0, 0xff, 0xff, 0xff, 0xff, 0x0, 0x0,
    0x0, 0x0, 0xff, 0x0, 0x0, 0xff, 0x0, 0x0,
    0x8f, 0xf0, 0xff, 0xff, 0xff, 0xff, 0xf, 0xf8,
    0xff, 0xf0, 0xff, 0xff, 0xff, 0xff, 0xf, 0xff,
    0xff, 0xf0, 0xff, 0xff, 0xff, 0xff, 0xf, 0xff,
    0xff, 0xf0, 0xff, 0xff, 0xff, 0xff, 0xf, 0xff,
    0xff, 0xf0, 0xff, 0xff, 0xff, 0xff, 0xf, 0xff,
    0xff, 0xf0, 0xff, 0xff, 0xff, 0xff, 0xf, 0xff,
    0xff, 0xf0, 0xff, 0xff, 0xff, 0xff, 0xf, 0xff,
    0xff, 0xf0, 0xff, 0xff, 0xff, 0xff, 0xf, 0xff,
    0xff, 0xf0, 0xff, 0xff, 0xff, 0xff, 0xf, 0xff,
    0xff, 0xf0, 0xff, 0xff, 0xff, 0xff, 0xf, 0xff,
    0x8f, 0xf0, 0xff, 0xff, 0xff, 0xff, 0xf, 0xf8,

    /* U+F0F3 "" */
    0x0, 0x0, 0x0, 0xcc, 0x0, 0x0, 0x0, 0x0,
    0x0, 0x2, 0xff, 0x30, 0x0, 0x0, 0x0, 0x1,
    0xbf, 0xff, 0xfc, 0x20, 0x0, 0x0, 0x1e, 0xff,
    0xff, 0xff, 0xe1, 0x0, 0x0, 0x9f, 0xff, 0xff,
    0xff, 0xf8, 0x0, 0x0, 0xef, 0xff, 0xff, 0xff,
    0xfd, 0x0, 0x0, 0xff, 0xff, 0xff, 0xff, 0xff,
    0x0, 0x1, 0xff, 0xff, 0xff, 0xff, 0xff, 0x0,
    0x3, 0xff, 0xff, 0xff, 0xff, 0xff, 0x30, 0x8,
    0xff, 0xff, 0xff, 0xff, 0xff, 0x80, 0x1e, 0xff,
    0xff, 0xff, 0xff, 0xff, 0xe1, 0xcf, 0xff, 0xff,
    0xff, 0xff, 0xff, 0xfc, 0xcf, 0xff, 0xff, 0xff,
    0xff, 0xff, 0xfc, 0x0, 0x0, 0x0, 0x0, 0x0,
    0x0, 0x0, 0x0, 0x0, 0xe, 0xff, 0xe0, 0x0,
    0x0, 0x0, 0x0, 0x4, 0xee, 0x40, 0x0, 0x0,

    /* U+F0F4 "" */
    0x0, 0x0, 0xdf, 0xff, 0xff, 0xff, 0xff, 0xff,
    0xff, 0xb2, 0x0, 0x0, 0xf, 0xff, 0xff, 0xff,
    0xff, 0xff, 0xff, 0xff, 0xe2, 0x0, 0x0, 0xff,
    0xff, 0xff, 0xff, 0xff, 0xff, 0x1, 0xbf, 0xb0,
    0x0, 0xf, 0xff, 0xff, 0xff, 0xff, 0xff, 0xf0,
    0x1, 0xff, 0x0, 0x0, 0xff, 0xff, 0xff, 0xff,
    0xff, 0xff, 0x0, 0x1f, 0xf0, 0x0, 0xf, 0xff,
    0xff, 0xff, 0xff, 0xff, 0xf0, 0x1b, 0xfb, 0x0,
    0x0, 0xff, 0xff, 0xff, 0xff, 0xff, 0xff, 0xff,
    0xfe, 0x20, 0x0, 0xf, 0xff, 0xff, 0xff, 0xff,
    0xff, 0xff, 0xfb, 0x20, 0x0, 0x0, 0xef, 0xff,
    0xff, 0xff, 0xff, 0xfe, 0x0, 0x0, 0x0, 0x0,
    0x8, 0xff, 0xff, 0xff, 0xff, 0xff, 0x80, 0x0,
    0x0, 0x0, 0x0, 0x8, 0xef, 0xff, 0xff, 0xfe,
    0x80, 0x0, 0x0, 0x0, 0x0, 0x0, 0x0, 0x0,
    0x0, 0x0, 0x0, 0x0, 0x0, 0x0, 0xe, 0xff,
    0xff, 0xff, 0xff, 0xff, 0xff, 0xff, 0xff, 0xfe,
    0x0, 0x7f, 0xff, 0xff, 0xff, 0xff, 0xff, 0xff,
    0xff, 0xff, 0x70,

    /* U+F0F8 "" */
    0x0, 0x0, 0x5f, 0xff, 0xf5, 0x0, 0x0, 0x0,
    0x0, 0x8f, 0x88, 0xf8, 0x0, 0x0, 0x0, 0x0,
    0x88, 0x0, 0x88, 0x0, 0x0, 0xd, 0xff, 0xff,
    0x88, 0xff, 0xff, 0xd0, 0xf, 0xff, 0xff, 0xff,
    0xff, 0xff, 0xf0, 0xf, 0xff, 0xff, 0xff, 0xff,
    0xff, 0xf0, 0xf, 0xff, 0x0, 0xff, 0x0, 0xff,
    0xf0, 0xf, 0xff, 0x0, 0xff, 0x0, 0xff, 0xf0,
    0xf, 0xff, 0xff, 0xff, 0xff, 0xff, 0xf0, 0xf,
    0xff, 0x0, 0xff, 0x0, 0xff, 0xf0, 0xf, 0xff,
    0x0, 0xff, 0x0, 0xff, 0xf0, 0xf, 0xff, 0xff,
    0xff, 0xff, 0xff, 0xf0, 0xf, 0xff, 0xff, 0x0,
    0xff, 0xff, 0xf0, 0xf, 0xff, 0xff, 0x0, 0xff,
    0xff, 0xf0, 0xf, 0xff, 0xff, 0x0, 0xff, 0xff,
    0xf0, 0xff, 0xff, 0xff, 0xff, 0xff, 0xff, 0xff,

    /* U+F0F9 "" */
    0x8f, 0xff, 0xff, 0xff, 0xff, 0xff, 0x80, 0x0,
    0x0, 0x0, 0xff, 0xff, 0xff, 0xff, 0xff, 0xff,
    0xf0, 0x0, 0x0, 0x0, 0xff, 0xff, 0xff, 0xff,
    0xff, 0xff, 0xf0, 0x0, 0x0, 0x0, 0xff, 0xff,
    0xf8, 0x8, 0xff, 0xff, 0xff, 0xf7, 0x0, 0x0,
    0xff, 0xff, 0xf8, 0x8, 0xff, 0xff, 0xf8, 0xbf,
    0x80, 0x0, 0xff, 0xf8, 0x0, 0x0, 0x8, 0xff,
    0xf0, 0x9, 0xf8, 0x0, 0xff, 0xf8, 0x0, 0x0,
    0x8, 0xff, 0xf0, 0x0, 0x9f, 0x70, 0xff, 0xff,
    0xf8, 0x8, 0xff, 0xff, 0xf0, 0x0, 0xb, 0xf0,
    0xff, 0xff, 0xf8, 0x8, 0xff, 0xff, 0xff, 0xff,
    0xff, 0xf0, 0xff, 0xff, 0xff, 0xff, 0xff, 0xff,
    0xff, 0xff, 0xff, 0xf0, 0xff, 0xff, 0xff, 0xff,
    0xff, 0xff, 0xff, 0xff, 0xff, 0xf0, 0xff, 0xff,
    0xaa, 0xff, 0xff, 0xff, 0xff, 0xaa, 0xff, 0xfe,
    0x8f, 0xfa, 0x0, 0xaf, 0xff, 0xff, 0xfa, 0x0,
    0xaf, 0xfe, 0x0, 0xea, 0x0, 0xae, 0x0, 0x0,
    0xea, 0x0, 0xae, 0x0, 0x0, 0x8f, 0xaa, 0xf8,
    0x0, 0x0, 0x8f, 0xaa, 0xf8, 0x0, 0x0, 0x8,
    0xee, 0x80, 0x0, 0x0, 0x8, 0xee, 0x80, 0x0,

    /* U+F0FA "" */
    0x0, 0x0, 0x8f, 0xff, 0xff, 0xf8, 0x0, 0x0,
    0x0, 0x0, 0xff, 0xff, 0xff, 0xff, 0x0, 0x0,
    0x0, 0x0, 0xff, 0x0, 0x0, 0xff, 0x0, 0x0,
    0x8f, 0xf, 0xff, 0xff, 0xff, 0xff, 0xf0, 0xf8,
    0xff, 0xf, 0xff, 0xff, 0xff, 0xff, 0xf0, 0xff,
    0xff, 0xf, 0xff, 0xf1, 0x1f, 0xff, 0xf0, 0xff,
    0xff, 0xf, 0xff, 0xf0, 0xf, 0xff, 0xf0, 0xff,
    0xff, 0xf, 0xf1, 0x0, 0x0, 0x1f, 0xf0, 0xff,
    0xff, 0xf, 0xf1, 0x0, 0x0, 0x1f, 0xf0, 0xff,
    0xff, 0xf, 0xff, 0xf0, 0xf, 0xff, 0xf0, 0xff,
    0xff, 0xf, 0xff, 0xf1, 0x1f, 0xff, 0xf0, 0xff,
    0xff, 0xf, 0xff, 0xff, 0xff, 0xff, 0xf0, 0xff,
    0xff, 0xf, 0xff, 0xff, 0xff, 0xff, 0xf0, 0xff,
    0x8f, 0xf, 0xff, 0xff, 0xff, 0xff, 0xf0, 0xf8,

    /* U+F0FB "" */
    0x0, 0x0, 0x1d, 0xf9, 0x50, 0x0, 0x0, 0x0,
    0x0, 0x0, 0x0, 0x0, 0xc, 0xfe, 0x10, 0x0,
    0x0, 0x0, 0x0, 0x0, 0x0, 0x0, 0xc, 0xff,
    0xc0, 0x0, 0x0, 0x0, 0x0, 0x0, 0xbe, 0x20,
    0xc, 0xff, 0xf9, 0x0, 0x0, 0x0, 0x0, 0x0,
    0xcf, 0xd1, 0xc, 0xff, 0xff, 0x50, 0x0, 0x0,
    0x0, 0x0, 0xaf, 0xfc, 0x8e, 0xff, 0xff, 0xff,
    0xa6, 0x42, 0x0, 0x0, 0xbd, 0xff, 0xff, 0xff,
    0xff, 0xff, 0xff, 0xff, 0xfe, 0xa4, 0xbd, 0xff,
    0xff, 0xff, 0xff, 0xff, 0xff, 0xff, 0xfe, 0xa4,
    0xaf, 0xfc, 0x8e, 0xff, 0xff, 0xff, 0xa7, 0x53,
    0x10, 0x0, 0xcf, 0xd1, 0xc, 0xff, 0xff, 0x50,
    0x0, 0x0, 0x0, 0x0, 0xbe, 0x20, 0xc, 0xff,
    0xf9, 0x0, 0x0, 0x0, 0x0, 0x0, 0x0, 0x0,
    0xc, 0xff, 0xc0, 0x0, 0x0, 0x0, 0x0, 0x0,
    0x0, 0x0, 0xc, 0xfe, 0x10, 0x0, 0x0, 0x0,
    0x0, 0x0, 0x0, 0x0, 0x1d, 0xf9, 0x50, 0x0,
    0x0, 0x0, 0x0, 0x0,

    /* U+F0FC "" */
    0xdf, 0xff, 0xff, 0xff, 0xfd, 0x0, 0x0, 0xff,
    0xff, 0xff, 0xff, 0xff, 0x0, 0x0, 0xff, 0xff,
    0xff, 0xff, 0xff, 0xff, 0xb1, 0xff, 0xf2, 0xff,
    0x2f, 0xff, 0xff, 0xfb, 0xff, 0xf0, 0xff, 0xf,
    0xff, 0x1, 0xff, 0xff, 0xf0, 0xff, 0xf, 0xff,
    0x0, 0xff, 0xff, 0xf0, 0xff, 0xf, 0xff, 0x0,
    0xff, 0xff, 0xf0, 0xff, 0xf, 0xff, 0x0, 0xff,
    0xff, 0xf0, 0xff, 0xf, 0xff, 0x0, 0xff, 0xff,
    0xf0, 0xff, 0xf, 0xff, 0x7e, 0xfc, 0xff, 0xf2,
    0xff, 0x2f, 0xff, 0xff, 0xc2, 0xff, 0xff, 0xff,
    0xff, 0xff, 0xb4, 0x0, 0xff, 0xff, 0xff, 0xff,
    0xff, 0x0, 0x0, 0xdf, 0xff, 0xff, 0xff, 0xfd,
    0x0, 0x0,

    /* U+F0FD "" */
    0x8f, 0xff, 0xff, 0xff, 0xff, 0xff, 0xf8, 0xff,
    0xff, 0xff, 0xff, 0xff, 0xff, 0xff, 0xff, 0xff,
    0xff, 0xff, 0xff, 0xff, 0xff, 0xff, 0xf1, 0x1f,
    0xff, 0xf1, 0x1f, 0xff, 0xff, 0xf0, 0xf, 0xff,
    0xf0, 0xf, 0xff, 0xff, 0xf0, 0xf, 0xff, 0xf0,
    0xf, 0xff, 0xff, 0xf0, 0x0, 0x0, 0x0, 0xf,
    0xff, 0xff, 0xf0, 0x0, 0x0, 0x0, 0xf, 0xff,
    0xff, 0xf0, 0xf, 0xff, 0xf0, 0xf, 0xff, 0xff,
    0xf0, 0xf, 0xff, 0xf0, 0xf, 0xff, 0xff, 0xf1,
    0x1f, 0xff, 0xf1, 0x1f, 0xff, 0xff, 0xff, 0xff,
    0xff, 0xff, 0xff, 0xff, 0xff, 0xff, 0xff, 0xff,
    0xff, 0xff, 0xff, 0x8f, 0xff, 0xff, 0xff, 0xff,
    0xff, 0xf8,

    /* U+F0FE "" */
    0x8f, 0xff, 0xff, 0xff, 0xff, 0xff, 0xf8, 0xff,
    0xff, 0xff, 0xff, 0xff, 0xff, 0xff, 0xff, 0xff,
    0xfe, 0x88, 0xef, 0xff, 0xff, 0xff, 0xff, 0xfc,
    0x0, 0xcf, 0xff, 0xff, 0xff, 0xff, 0xfc, 0x0,
    0xcf, 0xff, 0xff, 0xff, 0xec, 0xc9, 0x0, 0x9c,
    0xce, 0xff, 0xff, 0x80, 0x0, 0x0, 0x0, 0x8,
    0xff, 0xff, 0x80, 0x0, 0x0, 0x0, 0x8, 0xff,
    0xff, 0xec, 0xc9, 0x0, 0x9c, 0xce, 0xff, 0xff,
    0xff, 0xfc, 0x0, 0xcf, 0xff, 0xff, 0xff, 0xff,
    0xfc, 0x0, 0xcf, 0xff, 0xff, 0xff, 0xff, 0xfe,
    0x88, 0xef, 0xff, 0xff, 0xff, 0xff, 0xff, 0xff,
    0xff, 0xff, 0xff, 0x8f, 0xff, 0xff, 0xff, 0xff,
    0xff, 0xf8,

    /* U+F100 "" */
    0x0, 0x0, 0x2d, 0x80, 0x0, 0x2d, 0x80, 0x0,
    0x2, 0xef, 0xf1, 0x2, 0xef, 0xf1, 0x0, 0x2e,
    0xff, 0x70, 0x2e, 0xff, 0x70, 0x2, 0xef, 0xf7,
    0x2, 0xef, 0xf7, 0x0, 0xe, 0xff, 0x70, 0xe,
    0xff, 0x70, 0x0, 0xe, 0xff, 0x80, 0xe, 0xff,
    0x80, 0x0, 0x2, 0xef, 0xf8, 0x2, 0xef, 0xf8,
    0x0, 0x0, 0x2e, 0xff, 0x80, 0x2e, 0xff, 0x80,
    0x0, 0x2, 0xef, 0xf1, 0x2, 0xef, 0xf2, 0x0,
    0x0, 0x2d, 0x80, 0x0, 0x2d, 0x80,

    /* U+F101 "" */
    0x8, 0xd2, 0x0, 0x8, 0xd2, 0x0, 0x0, 0x1f,
    0xfe, 0x20, 0x1f, 0xfe, 0x20, 0x0, 0x8, 0xff,
    0xe2, 0x8, 0xff, 0xe2, 0x0, 0x0, 0x8f, 0xfe,
    0x20, 0x8f, 0xfe, 0x20, 0x0, 0x8, 0xff, 0xe0,
    0x8, 0xff, 0xe0, 0x0, 0x7, 0xff, 0xe0, 0x7,
    0xff, 0xe0, 0x0, 0x7f, 0xfe, 0x20, 0x7f, 0xfe,
    0x20, 0x7, 0xff, 0xe2, 0x7, 0xff, 0xe2, 0x0,
    0x1f, 0xfe, 0x20, 0x1f, 0xfe, 0x20, 0x0, 0x8,
    0xd2, 0x0, 0x8, 0xd2, 0x0, 0x0,

    /* U+F102 "" */
    0x0, 0x0, 0x0, 0x0, 0x0, 0x0, 0x2, 0xee,
    0x20, 0x0, 0x0, 0x2e, 0xff, 0xe2, 0x0, 0x2,
    0xef, 0xff, 0xfe, 0x20, 0x2e, 0xff, 0x78, 0xff,
    0xe2, 0xdf, 0xf7, 0x0, 0x8f, 0xfd, 0x8f, 0x70,
    0x0, 0x8, 0xf8, 0x2, 0x2, 0xee, 0x20, 0x10,
    0x0, 0x2e, 0xff, 0xe2, 0x0, 0x2, 0xef, 0xff,
    0xfe, 0x20, 0x2e, 0xff, 0x78, 0xff, 0xe2, 0xdf,
    0xf7, 0x0, 0x8f, 0xfd, 0x8f, 0x70, 0x0, 0x8,
    0xf8, 0x1, 0x0, 0x0, 0x0, 0x10,

    /* U+F103 "" */
    0x1, 0x0, 0x0, 0x0, 0x10, 0x8f, 0x80, 0x0,
    0x7, 0xf8, 0xdf, 0xf8, 0x0, 0x7f, 0xfd, 0x2e,
    0xff, 0x87, 0xff, 0xe2, 0x2, 0xef, 0xff, 0xfe,
    0x20, 0x0, 0x2e, 0xff, 0xe2, 0x0, 0x1, 0x2,
    0xee, 0x20, 0x10, 0x8f, 0x80, 0x0, 0x7, 0xf8,
    0xdf, 0xf8, 0x0, 0x7f, 0xfd, 0x2e, 0xff, 0x87,
    0xff, 0xe2, 0x2, 0xef, 0xff, 0xfe, 0x20, 0x0,
    0x2e, 0xff, 0xe2, 0x0, 0x0, 0x2, 0xee, 0x20,
    0x0, 0x0, 0x0, 0x0, 0x0, 0x0,

    /* U+F104 "" */
    0x0, 0x0, 0x2d, 0x80, 0x0, 0x2, 0xef, 0xf1,
    0x0, 0x2e, 0xff, 0x70, 0x2, 0xef, 0xf7, 0x0,
    0xe, 0xff, 0x70, 0x0, 0xe, 0xff, 0x80, 0x0,
    0x2, 0xef, 0xf8, 0x0, 0x0, 0x2e, 0xff, 0x80,
    0x0, 0x2, 0xef, 0xf2, 0x0, 0x0, 0x2d, 0x80,

    /* U+F105 "" */
    0x8, 0xd2, 0x0, 0x0, 0x1f, 0xfe, 0x20, 0x0,
    0x8, 0xff, 0xe2, 0x0, 0x0, 0x8f, 0xfe, 0x20,
    0x0, 0x8, 0xff, 0xe0, 0x0, 0x7, 0xff, 0xe0,
    0x0, 0x7f, 0xfe, 0x20, 0x7, 0xff, 0xe2, 0x0,
    0x1f, 0xfe, 0x20, 0x0, 0x8, 0xd2, 0x0, 0x0,

    /* U+F106 "" */
    0x0, 0x0, 0x0, 0x0, 0x0, 0x0, 0x2, 0xee,
    0x20, 0x0, 0x0, 0x2e, 0xff, 0xe2, 0x0, 0x2,
    0xef, 0xff, 0xfe, 0x20, 0x2e, 0xff, 0x78, 0xff,
    0xe2, 0xdf, 0xf7, 0x0, 0x8f, 0xfd, 0x8f, 0x70,
    0x0, 0x8, 0xf8, 0x1, 0x0, 0x0, 0x0, 0x10,

    /* U+F107 "" */
    0x1, 0x0, 0x0, 0x0, 0x10, 0x8f, 0x80, 0x0,
    0x7, 0xf8, 0xdf, 0xf8, 0x0, 0x7f, 0xfd, 0x2e,
    0xff, 0x87, 0xff, 0xe2, 0x2, 0xef, 0xff, 0xfe,
    0x20, 0x0, 0x2e, 0xff, 0xe2, 0x0, 0x0, 0x2,
    0xee, 0x20, 0x0, 0x0, 0x0, 0x0, 0x0, 0x0,

    /* U+F108 "" */
    0x8f, 0xff, 0xff, 0xff, 0xff, 0xff, 0xff, 0xff,
    0xf8, 0xff, 0xff, 0xff, 0xff, 0xff, 0xff, 0xff,
    0xff, 0xff, 0xff, 0x0, 0x0, 0x0, 0x0, 0x0,
    0x0, 0x0, 0xff, 0xff, 0x0, 0x0, 0x0, 0x0,
    0x0, 0x0, 0x0, 0xff, 0xff, 0x0, 0x0, 0x0,
    0x0, 0x0, 0x0, 0x0, 0xff, 0xff, 0x0, 0x0,
    0x0, 0x0, 0x0, 0x0, 0x0, 0xff, 0xff, 0x0,
    0x0, 0x0, 0x0, 0x0, 0x0, 0x0, 0xff, 0xff,
    0x0, 0x0, 0x0, 0x0, 0x0, 0x0, 0x0, 0xff,
    0xff, 0x0, 0x0, 0x0, 0x0, 0x0, 0x0, 0x0,
    0xff, 0xff, 0x0, 0x0, 0x0, 0x0, 0x0, 0x0,
    0x0, 0xff, 0xff, 0x0, 0x0, 0x0, 0x0, 0x0,
    0x0, 0x0, 0xff, 0xff, 0xff, 0xff, 0xff, 0xff,
    0xff, 0xff, 0xff, 0xff, 0x8f, 0xff, 0xff, 0xff,
    0xff, 0xff, 0xff, 0xff, 0xf8, 0x0, 0x0, 0x0,
    0xa, 0xff, 0xa0, 0x0, 0x0, 0x0, 0x0, 0x0,
    0x58, 0x8f, 0xff, 0xf8, 0x85, 0x0, 0x0, 0x0,
    0x0, 0xdf, 0xff, 0xff, 0xff, 0xfd, 0x0, 0x0,

    /* U+F109 "" */
    0x0, 0x8f, 0xff, 0xff, 0xff, 0xff, 0xff, 0xff,
    0xf8, 0x0, 0x0, 0xff, 0xff, 0xff, 0xff, 0xff,
    0xff, 0xff, 0xff, 0x0, 0x0, 0xff, 0x0, 0x0,
    0x0, 0x0, 0x0, 0x0, 0xff, 0x0, 0x0, 0xff,
    0x0, 0x0, 0x0, 0x0, 0x0, 0x0, 0xff, 0x0,
    0x0, 0xff, 0x0, 0x0, 0x0, 0x0, 0x0, 0x0,
    0xff, 0x0, 0x0, 0xff, 0x0, 0x0, 0x0, 0x0,
    0x0, 0x0, 0xff, 0x0, 0x0, 0xff, 0x0, 0x0,
    0x0, 0x0, 0x0, 0x0, 0xff, 0x0, 0x0, 0xff,
    0x0, 0x0, 0x0, 0x0, 0x0, 0x0, 0xff, 0x0,
    0x0, 0xff, 0x0, 0x0, 0x0, 0x0, 0x0, 0x0,
    0xff, 0x0, 0x0, 0xff, 0x0, 0x0, 0x0, 0x0,
    0x0, 0x0, 0xff, 0x0, 0x0, 0xff, 0xff, 0xff,
    0xff, 0xff, 0xff, 0xff, 0xff, 0x0, 0x0, 0xff,
    0xff, 0xff, 0xff, 0xff, 0xff, 0xff, 0xff, 0x0,
    0x0, 0x0, 0x0, 0x0, 0x0, 0x0, 0x0, 0x0,
    0x0, 0x0, 0xef, 0xff, 0xff, 0xff, 0x30, 0x5,
    0xff, 0xff, 0xff, 0xfe, 0xef, 0xff, 0xff, 0xff,
    0xff, 0xff, 0xff, 0xff, 0xff, 0xfe, 0x4e, 0xff,
    0xff, 0xff, 0xff, 0xff, 0xff, 0xff, 0xff, 0xe4,

    /* U+F10A "" */
    0x8f, 0xff, 0xff, 0xff, 0xff, 0xff, 0xf8, 0xff,
    0xff, 0xff, 0xff, 0xff, 0xff, 0xff, 0xff, 0xff,
    0xff, 0xff, 0xff, 0xff, 0xff, 0xff, 0xff, 0xff,
    0xff, 0xff, 0xff, 0xff, 0xff, 0xff, 0xff, 0xff,
    0xff, 0xff, 0xff, 0xff, 0xff, 0xff, 0xff, 0xff,
    0xff, 0xff, 0xff, 0xff, 0xff, 0xff, 0xff, 0xff,
    0xff, 0xff, 0xff, 0xff, 0xff, 0xff, 0xff, 0xff,
    0xff, 0xff, 0xff, 0xff, 0xff, 0xff, 0xff, 0xff,
    0xff, 0xff, 0xff, 0xff, 0xff, 0xff, 0xff, 0xff,
    0xff, 0xff, 0xff, 0xff, 0xff, 0xff, 0xff, 0xff,
    0xff, 0xff, 0xff, 0xff, 0xff, 0xff, 0xff, 0xff,
    0xff, 0xff, 0xff, 0xff, 0xff, 0xff, 0x33, 0xff,
    0xff, 0xff, 0xff, 0xff, 0xff, 0x33, 0xff, 0xff,
    0xff, 0x8f, 0xff, 0xff, 0xff, 0xff, 0xff, 0xf8,

    /* U+F10B "" */
    0x8f, 0xff, 0xff, 0xff, 0xf8, 0xff, 0xff, 0xff,
    0xff, 0xff, 0xff, 0xff, 0xff, 0xff, 0xff, 0xff,
    0xff, 0xff, 0xff, 0xff, 0xff, 0xff, 0xff, 0xff,
    0xff, 0xff, 0xff, 0xff, 0xff, 0xff, 0xff, 0xff,
    0xff, 0xff, 0xff, 0xff, 0xff, 0xff, 0xff, 0xff,
    0xff, 0xff, 0xff, 0xff, 0xff, 0xff, 0xff, 0xff,
    0xff, 0xff, 0xff, 0xff, 0xff, 0xff, 0xff, 0xff,
    0xff, 0xff, 0xff, 0xff, 0xff, 0xff, 0xff, 0xff,
    0xff, 0xff, 0xff, 0x33, 0xff, 0xff, 0xff, 0xff,
    0x33, 0xff, 0xff, 0x8f, 0xff, 0xff, 0xff, 0xf8,

    /* U+F10D "" */
    0x0, 0x4c, 0xfd, 0x0, 0x0, 0x4, 0xcf, 0xd0,
    0x8, 0xff, 0xff, 0x0, 0x0, 0x8f, 0xff, 0xf0,
    0x4f, 0xff, 0xfd, 0x0, 0x4, 0xff, 0xff, 0xd0,
    0xcf, 0xfb, 0x10, 0x0, 0xc, 0xff, 0xb1, 0x0,
    0xff, 0xf1, 0x0, 0x0, 0xf, 0xff, 0x10, 0x0,
    0xff, 0xf0, 0x0, 0x0, 0xf, 0xff, 0x0, 0x0,
    0xff, 0xf0, 0x0, 0x0, 0xf, 0xff, 0x0, 0x0,
    0xff, 0xff, 0xff, 0x80, 0xf, 0xff, 0xff, 0xf8,
    0xff, 0xff, 0xff, 0xf0, 0xf, 0xff, 0xff, 0xff,
    0xff, 0xff, 0xff, 0xf0, 0xf, 0xff, 0xff, 0xff,
    0xff, 0xff, 0xff, 0xf0, 0xf, 0xff, 0xff, 0xff,
    0xff, 0xff, 0xff, 0xf0, 0xf, 0xff, 0xff, 0xff,
    0xff, 0xff, 0xff, 0xf0, 0xf, 0xff, 0xff, 0xff,
    0x8f, 0xff, 0xff, 0x80, 0x8, 0xff, 0xff, 0xf8,

    /* U+F10E "" */
    0x8f, 0xff, 0xff, 0x80, 0x8, 0xff, 0xff, 0xf8,
    0xff, 0xff, 0xff, 0xf0, 0xf, 0xff, 0xff, 0xff,
    0xff, 0xff, 0xff, 0xf0, 0xf, 0xff, 0xff, 0xff,
    0xff, 0xff, 0xff, 0xf0, 0xf, 0xff, 0xff, 0xff,
    0xff, 0xff, 0xff, 0xf0, 0xf, 0xff, 0xff, 0xff,
    0xff, 0xff, 0xff, 0xf0, 0xf, 0xff, 0xff, 0xff,
    0x8f, 0xff, 0xff, 0xf0, 0x8, 0xff, 0xff, 0xff,
    0x0, 0x0, 0xff, 0xf0, 0x0, 0x0, 0xf, 0xff,
    0x0, 0x0, 0xff, 0xf0, 0x0, 0x0, 0xf, 0xff,
    0x0, 0x1, 0xff, 0xf0, 0x0, 0x0, 0x1f, 0xff,
    0x0, 0x1b, 0xff, 0xc0, 0x0, 0x1, 0xbf, 0xfc,
    0xd, 0xff, 0xff, 0x40, 0x0, 0xdf, 0xff, 0xf4,
    0xf, 0xff, 0xf8, 0x0, 0x0, 0xff, 0xff, 0x80,
    0xd, 0xfc, 0x40, 0x0, 0x0, 0xdf, 0xc4, 0x0,

    /* U+F110 "" */
    0x0, 0x0, 0x0, 0x4e, 0xc0, 0x0, 0x0, 0x0,
    0x0, 0x0, 0x0, 0xaf, 0xf3, 0x0, 0x0, 0x0,
    0x0, 0xbf, 0x60, 0x4e, 0xc0, 0x0, 0x0, 0x0,
    0x0, 0xff, 0xb0, 0x0, 0x0, 0x0, 0x0, 0x0,
    0x0, 0x8d, 0x40, 0x0, 0x0, 0x0, 0x0, 0x0,
    0x0, 0x0, 0x0, 0x0, 0x0, 0x0, 0x0, 0x0,
    0x3, 0x0, 0x0, 0x0, 0x0, 0x0, 0x0, 0x30,
    0xcf, 0xc0, 0x0, 0x0, 0x0, 0x0, 0xc, 0xfc,
    0xef, 0xe0, 0x0, 0x0, 0x0, 0x0, 0xe, 0xfe,
    0x4a, 0x40, 0x0, 0x0, 0x0, 0x0, 0x4, 0xa4,
    0x0, 0x0, 0x0, 0x0, 0x0, 0x0, 0x0, 0x0,
    0x0, 0x6b, 0x30, 0x0, 0x0, 0x4, 0xb6, 0x0,
    0x0, 0xff, 0xb0, 0x0, 0x0, 0xd, 0xff, 0x0,
    0x0, 0xbf, 0x60, 0x4e, 0xc0, 0x8, 0xfb, 0x0,
    0x0, 0x0, 0x0, 0xaf, 0xf3, 0x0, 0x0, 0x0,
    0x0, 0x0, 0x0, 0x4e, 0xc0, 0x0, 0x0, 0x0,

    /* U+F111 "" */
    0x0, 0x0, 0x3, 0x79, 0x97, 0x30, 0x0, 0x0,
    0x0, 0x3, 0xcf, 0xff, 0xff, 0xfc, 0x30, 0x0,
    0x0, 0x5f, 0xff, 0xff, 0xff, 0xff, 0xf5, 0x0,
    0x3, 0xff, 0xff, 0xff, 0xff, 0xff, 0xff, 0x30,
    0xd, 0xff, 0xff, 0xff, 0xff, 0xff, 0xff, 0xd0,
    0x4f, 0xff, 0xff, 0xff, 0xff, 0xff, 0xff, 0xf4,
    0x9f, 0xff, 0xff, 0xff, 0xff, 0xff, 0xff, 0xf8,
    0xbf, 0xff, 0xff, 0xff, 0xff, 0xff, 0xff, 0xfa,
    0xbf, 0xff, 0xff, 0xff, 0xff, 0xff, 0xff, 0xfb,
    0xaf, 0xff, 0xff, 0xff, 0xff, 0xff, 0xff, 0xf9,
    0x6f, 0xff, 0xff, 0xff, 0xff, 0xff, 0xff, 0xf5,
    0xe, 0xff, 0xff, 0xff, 0xff, 0xff, 0xff, 0xe0,
    0x6, 0xff, 0xff, 0xff, 0xff, 0xff, 0xff, 0x50,
    0x0, 0x8f, 0xff, 0xff, 0xff, 0xff, 0xf8, 0x0,
    0x0, 0x6, 0xff, 0xff, 0xff, 0xfe, 0x60, 0x0,
    0x0, 0x0, 0x17, 0xbd, 0xdb, 0x61, 0x0, 0x0,

    /* U+F113 "" */
    0xa, 0xea, 0x20, 0x12, 0x20, 0x2a, 0xec, 0x0,
    0xef, 0xff, 0xff, 0xff, 0xff, 0xff, 0xf0, 0xc,
    0xff, 0xff, 0xff, 0xff, 0xff, 0xfe, 0x1, 0xef,
    0xff, 0xff, 0xff, 0xff, 0xff, 0xf1, 0x8f, 0xff,
    0xff, 0xff, 0xff, 0xff, 0xff, 0x9d, 0xff, 0xeb,
    0xce, 0xfe, 0xcb, 0xdf, 0xfd, 0xff, 0xb0, 0x51,
    0x0, 0x1, 0x50, 0xaf, 0xfe, 0xf3, 0x4f, 0xa0,
    0x0, 0x9f, 0x62, 0xfe, 0xcf, 0x16, 0xfc, 0x0,
    0xb, 0xf8, 0xf, 0xc6, 0xf5, 0x1e, 0x60, 0x0,
    0x5e, 0x23, 0xf7, 0xa, 0xe3, 0x0, 0x0, 0x0,
    0x2, 0xdc, 0x0, 0x5, 0xab, 0x99, 0x99, 0x9b,
    0xb6, 0x0,

    /* U+F118 "" */
    0x0, 0x0, 0x28, 0xbd, 0xca, 0x50, 0x0, 0x0,
    0x0, 0x8, 0xff, 0xff, 0xff, 0xfd, 0x30, 0x0,
    0x0, 0xbf, 0xff, 0xff, 0xff, 0xff, 0xf4, 0x0,
    0x9, 0xff, 0xff, 0xff, 0xff, 0xff, 0xfe, 0x20,
    0x2f, 0xff, 0xff, 0xff, 0xff, 0xff, 0xff, 0xa0,
    0x9f, 0xff, 0xc8, 0xff, 0xfc, 0x8f, 0xff, 0xf1,
    0xdf, 0xff, 0x40, 0xdf, 0xf4, 0xd, 0xff, 0xf5,
    0xff, 0xff, 0xc8, 0xff, 0xfc, 0x8f, 0xff, 0xf7,
    0xff, 0xff, 0xff, 0xff, 0xff, 0xff, 0xff, 0xf6,
    0xdf, 0xff, 0xff, 0xff, 0xff, 0xff, 0xff, 0xf5,
    0x9f, 0xff, 0x29, 0xff, 0xfe, 0x3a, 0xff, 0xf1,
    0x3f, 0xff, 0xd1, 0x25, 0x40, 0x7f, 0xff, 0xa0,
    0x9, 0xff, 0xff, 0x96, 0x7c, 0xff, 0xfe, 0x20,
    0x0, 0xbf, 0xff, 0xff, 0xff, 0xff, 0xf4, 0x0,
    0x0, 0x9, 0xff, 0xff, 0xff, 0xfd, 0x30, 0x0,
    0x0, 0x0, 0x28, 0xbd, 0xca, 0x50, 0x0, 0x0,

    /* U+F119 "" */
    0x0, 0x0, 0x28, 0xbd, 0xca, 0x50, 0x0, 0x0,
    0x0, 0x9, 0xff, 0xff, 0xff, 0xfd, 0x30, 0x0,
    0x0, 0xbf, 0xff, 0xff, 0xff, 0xff, 0xf4, 0x0,
    0x9, 0xff, 0xff, 0xff, 0xff, 0xff, 0xff, 0x20,
    0x3f, 0xff, 0xff, 0xff, 0xff, 0xff, 0xff, 0xa0,
    0x9f, 0xff, 0xc7, 0xff, 0xfc, 0x7f, 0xff, 0xf1,
    0xdf, 0xff, 0x40, 0xdf, 0xf4, 0xd, 0xff, 0xf5,
    0xff, 0xff, 0xd9, 0xff, 0xfd, 0x9f, 0xff, 0xf7,
    0xff, 0xff, 0xff, 0xff, 0xff, 0xff, 0xff, 0xf6,
    0xdf, 0xff, 0xff, 0xff, 0xff, 0xff, 0xff, 0xf5,
    0x9f, 0xff, 0xf9, 0x20, 0x15, 0xdf, 0xff, 0xf1,
    0x2f, 0xff, 0x53, 0xcf, 0xe8, 0x1d, 0xff, 0x90,
    0x8, 0xff, 0xaf, 0xff, 0xff, 0xcd, 0xfe, 0x10,
    0x0, 0xaf, 0xff, 0xff, 0xff, 0xff, 0xe3, 0x0,
    0x0, 0x7, 0xff, 0xff, 0xff, 0xfc, 0x20, 0x0,
    0x0, 0x0, 0x16, 0xab, 0xa8, 0x30, 0x0, 0x0,

    /* U+F11A "" */
    0x0, 0x0, 0x28, 0xbd, 0xca, 0x50, 0x0, 0x0,
    0x0, 0x8, 0xff, 0xff, 0xff, 0xfd, 0x30, 0x0,
    0x0, 0xbf, 0xff, 0xff, 0xff, 0xff, 0xf4, 0x0,
    0x9, 0xff, 0xff, 0xff, 0xff, 0xff, 0xfe, 0x10,
    0x2f, 0xff, 0xff, 0xff, 0xff, 0xff, 0xff, 0xa0,
    0x9f, 0xff, 0xc8, 0xff, 0xfc, 0x8f, 0xff, 0xf1,
    0xdf, 0xff, 0x40, 0xcf, 0xf4, 0xc, 0xff, 0xf5,
    0xff, 0xff, 0xb6, 0xff, 0xfb, 0x6f, 0xff, 0xf6,
    0xff, 0xff, 0xff, 0xff, 0xff, 0xff, 0xff, 0xf7,
    0xdf, 0xff, 0xff, 0xff, 0xff, 0xff, 0xff, 0xf5,
    0x9f, 0xff, 0xdb, 0xbb, 0xbb, 0xbf, 0xff, 0xf1,
    0x3f, 0xff, 0x84, 0x44, 0x44, 0x4e, 0xff, 0xb0,
    0xa, 0xff, 0xff, 0xff, 0xff, 0xff, 0xff, 0x20,
    0x0, 0xcf, 0xff, 0xff, 0xff, 0xff, 0xf5, 0x0,
    0x0, 0xa, 0xff, 0xff, 0xff, 0xfe, 0x40, 0x0,
    0x0, 0x0, 0x39, 0xde, 0xeb, 0x60, 0x0, 0x0,

    /* U+F11B "" */
    0x0, 0x4c, 0xff, 0xff, 0xff, 0xff, 0xff, 0xff,
    0xc4, 0x0, 0x8, 0xff, 0xff, 0xff, 0xff, 0xff,
    0xff, 0xff, 0xff, 0x80, 0x4f, 0xff, 0x0, 0xff,
    0xff, 0xff, 0xff, 0xf8, 0x5d, 0xf4, 0xcf, 0xff,
    0x0, 0xff, 0xff, 0xff, 0xff, 0xd0, 0x5, 0xfc,
    0xff, 0x0, 0x0, 0x0, 0xff, 0xff, 0xfd, 0xd1,
    0x8, 0xff, 0xff, 0x0, 0x0, 0x0, 0xff, 0xff,
    0x80, 0x1d, 0xdf, 0xff, 0xcf, 0xff, 0x0, 0xff,
    0xff, 0xff, 0x50, 0xd, 0xff, 0xfc, 0x4f, 0xff,
    0x0, 0xff, 0xff, 0xff, 0xd5, 0x8f, 0xff, 0xf4,
    0x8, 0xff, 0xff, 0xff, 0xa8, 0x8a, 0xff, 0xff,
    0xff, 0x80, 0x0, 0x4c, 0xff, 0xc4, 0x0, 0x0,
    0x4c, 0xff, 0xc4, 0x0,

    /* U+F11C "" */
    0x8f, 0xff, 0xff, 0xff, 0xff, 0xff, 0xff, 0xff,
    0xf8, 0xff, 0xff, 0xff, 0xff, 0xff, 0xff, 0xff,
    0xff, 0xff, 0xff, 0x0, 0xf0, 0xf, 0x0, 0xf0,
    0xf, 0x0, 0xff, 0xff, 0x0, 0xf0, 0xf, 0x0,
    0xf0, 0xf, 0x0, 0xff, 0xff, 0xff, 0xff, 0xff,
    0xff, 0xff, 0xff, 0xff, 0xff, 0xff, 0xf8, 0x8,
    0x80, 0x88, 0x8, 0x80, 0x8f, 0xff, 0xff, 0xf8,
    0x8, 0x80, 0x88, 0x8, 0x80, 0x8f, 0xff, 0xff,
    0xff, 0xff, 0xff, 0xff, 0xff, 0xff, 0xff, 0xff,
    0xff, 0x0, 0xf0, 0x0, 0x0, 0x0, 0xf, 0x0,
    0xff, 0xff, 0x0, 0xf0, 0x0, 0x0, 0x0, 0xf,
    0x0, 0xff, 0xff, 0xff, 0xff, 0xff, 0xff, 0xff,
    0xff, 0xff, 0xff, 0x8f, 0xff, 0xff, 0xff, 0xff,
    0xff, 0xff, 0xff, 0xf8,

    /* U+F11E "" */
    0x0, 0x0, 0x0, 0x0, 0x0, 0x0, 0x0, 0x0,
    0x3e, 0xd3, 0x0, 0x0, 0x0, 0x0, 0x0, 0x0,
    0xbf, 0xfa, 0x0, 0x0, 0x0, 0x0, 0x0, 0x0,
    0x8f, 0xfe, 0xdf, 0xeb, 0x72, 0x0, 0x28, 0xdc,
    0xf, 0xff, 0xaf, 0xff, 0xff, 0xff, 0xff, 0xef,
    0xf, 0xf0, 0xe, 0xf6, 0x27, 0xff, 0x71, 0x8f,
    0xf, 0xf0, 0x1b, 0xc5, 0x1, 0xff, 0x30, 0x8f,
    0xf, 0xfc, 0xf5, 0x9, 0xb7, 0xbc, 0x7a, 0xff,
    0xf, 0xff, 0xf5, 0xa, 0xfe, 0x0, 0xdf, 0xff,
    0xf, 0xf5, 0xe, 0xf7, 0x59, 0x20, 0xb9, 0x9f,
    0xf, 0xf0, 0xe, 0xf6, 0x1, 0xff, 0x30, 0x8f,
    0xf, 0xf7, 0xbf, 0xfd, 0x85, 0xff, 0x33, 0xcf,
    0xf, 0xff, 0xdb, 0xac, 0xff, 0xff, 0xef, 0xf6,
    0xf, 0xf2, 0x0, 0x0, 0x4, 0x8a, 0x96, 0x10,
    0xf, 0xf0, 0x0, 0x0, 0x0, 0x0, 0x0, 0x0,
    0xf, 0xf0, 0x0, 0x0, 0x0, 0x0, 0x0, 0x0,
    0xd, 0xd0, 0x0, 0x0, 0x0, 0x0, 0x0, 0x0,

    /* U+F120 "" */
    0x3b, 0x20, 0x0, 0x0, 0x0, 0x0, 0x0, 0x0,
    0x0, 0x0, 0xef, 0xe2, 0x0, 0x0, 0x0, 0x0,
    0x0, 0x0, 0x0, 0x0, 0x6f, 0xfe, 0x20, 0x0,
    0x0, 0x0, 0x0, 0x0, 0x0, 0x0, 0x7, 0xff,
    0xe2, 0x0, 0x0, 0x0, 0x0, 0x0, 0x0, 0x0,
    0x0, 0x7f, 0xfe, 0x20, 0x0, 0x0, 0x0, 0x0,
    0x0, 0x0, 0x0, 0x7, 0xff, 0xe2, 0x0, 0x0,
    0x0, 0x0, 0x0, 0x0, 0x0, 0x0, 0x7f, 0xfe,
    0x10, 0x0, 0x0, 0x0, 0x0, 0x0, 0x0, 0x0,
    0x7f, 0xfe, 0x10, 0x0, 0x0, 0x0, 0x0, 0x0,
    0x0, 0x7, 0xff, 0xe2, 0x0, 0x0, 0x0, 0x0,
    0x0, 0x0, 0x0, 0x7f, 0xfe, 0x20, 0x0, 0x0,
    0x0, 0x0, 0x0, 0x0, 0x7, 0xff, 0xe2, 0x0,
    0x0, 0x0, 0x0, 0x0, 0x0, 0x0, 0x6f, 0xfe,
    0x20, 0x0, 0x5, 0x88, 0x88, 0x88, 0x88, 0x85,
    0xef, 0xe2, 0x0, 0x0, 0xf, 0xff, 0xff, 0xff,
    0xff, 0xff, 0x3b, 0x20, 0x0, 0x0, 0xd, 0xff,
    0xff, 0xff, 0xff, 0xfd,

    /* U+F121 "" */
    0x0, 0x0, 0x0, 0x0, 0x0, 0x0, 0x0, 0x0,
    0x0, 0x0, 0x0, 0x0, 0x0, 0x0, 0x0, 0x0,
    0x3, 0xea, 0x20, 0x0, 0x0, 0x0, 0x0, 0x0,
    0x0, 0x0, 0x0, 0x8, 0xff, 0x40, 0x0, 0x0,
    0x0, 0x0, 0x0, 0x0, 0x0, 0x0, 0xd, 0xff,
    0x0, 0x0, 0x0, 0x0, 0x0, 0x0, 0x5, 0x20,
    0x0, 0x1f, 0xfb, 0x2, 0x50, 0x0, 0x0, 0x0,
    0x0, 0x7f, 0xe2, 0x0, 0x6f, 0xf6, 0x2e, 0xf7,
    0x0, 0x0, 0x0, 0x8, 0xff, 0xf6, 0x0, 0xbf,
    0xf2, 0x6f, 0xff, 0x80, 0x0, 0x0, 0x9f, 0xff,
    0x60, 0x0, 0xff, 0xd0, 0x6, 0xff, 0xf9, 0x0,
    0x9, 0xff, 0xf4, 0x0, 0x4, 0xff, 0x90, 0x0,
    0x4f, 0xff, 0x90, 0x9, 0xff, 0xf4, 0x0, 0x9,
    0xff, 0x40, 0x0, 0x4f, 0xff, 0x90, 0x0, 0x9f,
    0xff, 0x60, 0xd, 0xff, 0x0, 0x6, 0xff, 0xf9,
    0x0, 0x0, 0x8, 0xff, 0xf6, 0x2f, 0xfb, 0x0,
    0x6f, 0xff, 0x80, 0x0, 0x0, 0x0, 0x7f, 0xe2,
    0x7f, 0xf6, 0x0, 0x2e, 0xf7, 0x0, 0x0, 0x0,
    0x0, 0x5, 0x20, 0xbf, 0xf1, 0x0, 0x2, 0x50,
    0x0, 0x0, 0x0, 0x0, 0x0, 0x0, 0xff, 0xd0,
    0x0, 0x0, 0x0, 0x0, 0x0, 0x0, 0x0, 0x0,
    0x4, 0xff, 0x80, 0x0, 0x0, 0x0, 0x0, 0x0,
    0x0, 0x0, 0x0, 0x2, 0xae, 0x30, 0x0, 0x0,
    0x0, 0x0, 0x0, 0x0, 0x0, 0x0, 0x0, 0x0,
    0x0, 0x0, 0x0, 0x0, 0x0, 0x0,

    /* U+F122 "" */
    0x0, 0x0, 0x0, 0x0, 0x0, 0x0, 0x0, 0x0,
    0x0, 0x0, 0x0, 0x9, 0xd0, 0x9, 0xd0, 0x0,
    0x0, 0x0, 0x0, 0x0, 0xbf, 0xa0, 0xbf, 0xf0,
    0x0, 0x0, 0x0, 0x0, 0x1d, 0xf8, 0x1d, 0xff,
    0xf0, 0x0, 0x0, 0x0, 0x3, 0xef, 0x63, 0xef,
    0xff, 0xf9, 0x74, 0x0, 0x0, 0x4f, 0xf6, 0x4f,
    0xff, 0xff, 0xff, 0xff, 0xe8, 0x0, 0xef, 0xf0,
    0xef, 0xff, 0xff, 0xff, 0xff, 0xff, 0xc0, 0x4f,
    0xf6, 0x4f, 0xff, 0xff, 0xff, 0xff, 0xff, 0xf7,
    0x3, 0xef, 0x63, 0xef, 0xff, 0xfb, 0xef, 0xff,
    0xfc, 0x0, 0x1d, 0xf8, 0x1d, 0xff, 0xf0, 0x5,
    0xff, 0xff, 0x0, 0x0, 0xbf, 0xa0, 0xbf, 0xf0,
    0x0, 0x5f, 0xff, 0x0, 0x0, 0x9, 0xd0, 0x9,
    0xd0, 0x0, 0x1f, 0xfc, 0x0, 0x0, 0x0, 0x0,
    0x0, 0x0, 0x0, 0x1f, 0xf5, 0x0, 0x0, 0x0,
    0x0, 0x0, 0x0, 0x0, 0x4f, 0xb0, 0x0, 0x0,
    0x0, 0x0, 0x0, 0x0, 0x0, 0x6b, 0x0, 0x0,
    0x0, 0x0, 0x0, 0x0, 0x0, 0x0, 0x0, 0x0,

    /* U+F124 "" */
    0x0, 0x0, 0x0, 0x0, 0x0, 0x0, 0x0, 0x0,
    0x0, 0x0, 0x0, 0x0, 0x0, 0x0, 0x0, 0x3,
    0xaf, 0x70, 0x0, 0x0, 0x0, 0x0, 0x0, 0x4,
    0xcf, 0xff, 0xf0, 0x0, 0x0, 0x0, 0x0, 0x6,
    0xdf, 0xff, 0xff, 0xa0, 0x0, 0x0, 0x0, 0x17,
    0xef, 0xff, 0xff, 0xff, 0x30, 0x0, 0x0, 0x18,
    0xff, 0xff, 0xff, 0xff, 0xfc, 0x0, 0x0, 0x2a,
    0xff, 0xff, 0xff, 0xff, 0xff, 0xf4, 0x0, 0x8,
    0xff, 0xff, 0xff, 0xff, 0xff, 0xff, 0xd0, 0x0,
    0xf, 0xff, 0xff, 0xff, 0xff, 0xff, 0xff, 0x60,
    0x0, 0x8, 0xff, 0xff, 0xff, 0xff, 0xff, 0xfe,
    0x0, 0x0, 0x0, 0x0, 0x0, 0x0, 0xff, 0xff,
    0xf7, 0x0, 0x0, 0x0, 0x0, 0x0, 0x0, 0xff,
    0xff, 0xf1, 0x0, 0x0, 0x0, 0x0, 0x0, 0x0,
    0xff, 0xff, 0x80, 0x0, 0x0, 0x0, 0x0, 0x0,
    0x0, 0xff, 0xff, 0x10, 0x0, 0x0, 0x0, 0x0,
    0x0, 0x0, 0xff, 0xfa, 0x0, 0x0, 0x0, 0x0,
    0x0, 0x0, 0x0, 0xff, 0xf2, 0x0, 0x0, 0x0,
    0x0, 0x0, 0x0, 0x0, 0x8f, 0x80, 0x0, 0x0,
    0x0, 0x0, 0x0, 0x0, 0x0, 0x0, 0x0, 0x0,
    0x0, 0x0,

    /* U+F125 "" */
    0x0, 0x0, 0x0, 0x0, 0x0, 0x0, 0x0, 0x0,
    0x0, 0xd, 0xfd, 0x0, 0x0, 0x0, 0x0, 0x1c,
    0x70, 0x0, 0xff, 0xf0, 0x0, 0x0, 0x0, 0x1d,
    0xfc, 0xd, 0xff, 0xff, 0xf, 0xff, 0xff, 0xff,
    0xfd, 0x10, 0xff, 0xff, 0xf0, 0xff, 0xff, 0xff,
    0xff, 0x10, 0xd, 0xff, 0xff, 0xf, 0xff, 0xff,
    0xff, 0xf0, 0x0, 0x0, 0xff, 0xf0, 0x0, 0x1d,
    0xff, 0xff, 0x0, 0x0, 0xf, 0xff, 0x0, 0x1d,
    0xfd, 0xff, 0xf0, 0x0, 0x0, 0xff, 0xf0, 0x1d,
    0xfd, 0x1f, 0xff, 0x0, 0x0, 0xf, 0xff, 0x1d,
    0xfd, 0x10, 0xff, 0xf0, 0x0, 0x0, 0xff, 0xfd,
    0xfd, 0x10, 0xf, 0xff, 0x0, 0x0, 0xf, 0xff,
    0xfd, 0x10, 0x0, 0xff, 0xf0, 0x0, 0x0, 0xff,
    0xff, 0xff, 0xff, 0xf, 0xff, 0xfd, 0x0, 0xf,
    0xff, 0xff, 0xff, 0xf0, 0xff, 0xff, 0xf0, 0x0,
    0xdf, 0xff, 0xff, 0xff, 0xf, 0xff, 0xfd, 0x0,
    0x0, 0x0, 0x0, 0x0, 0x0, 0xff, 0xf0, 0x0,
    0x0, 0x0, 0x0, 0x0, 0x0, 0xd, 0xfd, 0x0,
    0x0,

    /* U+F126 "" */
    0x1b, 0xfb, 0x10, 0x0, 0x0, 0x0, 0xbf, 0xff,
    0xb0, 0x0, 0x0, 0x0, 0xff, 0x4f, 0xf0, 0x1,
    0xbf, 0xb1, 0xcf, 0xff, 0xc0, 0xb, 0xff, 0xfb,
    0x2c, 0xfc, 0x20, 0xf, 0xf4, 0xff, 0x4, 0xf4,
    0x0, 0xb, 0xff, 0xfc, 0x4, 0xf4, 0x0, 0x1,
    0xcf, 0xc2, 0x4, 0xf4, 0x0, 0x0, 0x5f, 0x30,
    0x4, 0xf4, 0x1, 0x36, 0xed, 0x0, 0x4, 0xfd,
    0xff, 0xff, 0xc2, 0x0, 0x4, 0xfe, 0x96, 0x41,
    0x0, 0x0, 0x1c, 0xfd, 0x20, 0x0, 0x0, 0x0,
    0xbf, 0xff, 0xc0, 0x0, 0x0, 0x0, 0xff, 0x4f,
    0xf0, 0x0, 0x0, 0x0, 0xbf, 0xff, 0xb0, 0x0,
    0x0, 0x0, 0x1b, 0xfb, 0x10, 0x0, 0x0, 0x0,

    /* U+F127 "" */
    0x5e, 0x40, 0x0, 0x0, 0x2a, 0xef, 0xd6, 0x0,
    0xef, 0xf4, 0x0, 0x4, 0xff, 0xff, 0xff, 0xa0,
    0x4f, 0xff, 0x40, 0x3f, 0xff, 0xa8, 0xef, 0xf6,
    0x4, 0xff, 0xf4, 0x4f, 0xf5, 0x0, 0xe, 0xfd,
    0x0, 0x4f, 0xff, 0x45, 0x50, 0x0, 0x8, 0xff,
    0x0, 0x4, 0xff, 0xf4, 0x0, 0x0, 0xa, 0xfe,
    0x0, 0x34, 0x4f, 0xff, 0x40, 0x0, 0x5f, 0xfa,
    0x4, 0xff, 0x54, 0xff, 0xf4, 0x5, 0xff, 0xf2,
    0x2f, 0xff, 0x50, 0x4f, 0xff, 0x45, 0xff, 0x40,
    0xaf, 0xf5, 0x0, 0x4, 0xff, 0xf4, 0x43, 0x0,
    0xef, 0xa0, 0x0, 0x0, 0x4f, 0xff, 0x40, 0x0,
    0xff, 0x80, 0x0, 0x5, 0x54, 0xff, 0xf4, 0x0,
    0xdf, 0xe0, 0x0, 0x5f, 0xf4, 0x4f, 0xff, 0x40,
    0x6f, 0xfe, 0x8a, 0xff, 0xf3, 0x4, 0xff, 0xf4,
    0xa, 0xff, 0xff, 0xff, 0x40, 0x0, 0x4f, 0xfe,
    0x0, 0x6d, 0xfe, 0xa2, 0x0, 0x0, 0x4, 0xe5,

    /* U+F128 "" */
    0x0, 0x5, 0xbe, 0xfd, 0x81, 0x0, 0x1, 0xbf,
    0xff, 0xff, 0xfe, 0x30, 0xb, 0xff, 0xff, 0xff,
    0xff, 0xf2, 0x1f, 0xff, 0xc5, 0x4b, 0xff, 0xf9,
    0x3, 0xda, 0x0, 0x0, 0xdf, 0xfc, 0x0, 0x0,
    0x0, 0x2, 0xff, 0xfb, 0x0, 0x0, 0x0, 0x8f,
    0xff, 0xf6, 0x0, 0x0, 0x1d, 0xff, 0xff, 0xa0,
    0x0, 0x0, 0xaf, 0xff, 0xe5, 0x0, 0x0, 0x0,
    0xdf, 0xff, 0x10, 0x0, 0x0, 0x0, 0x7c, 0xc7,
    0x0, 0x0, 0x0, 0x0, 0x3, 0x30, 0x0, 0x0,
    0x0, 0x0, 0xaf, 0xfa, 0x0, 0x0, 0x0, 0x1,
    0xff, 0xff, 0x10, 0x0, 0x0, 0x0, 0xff, 0xff,
    0x0, 0x0, 0x0, 0x0, 0x5e, 0xe5, 0x0, 0x0,

    /* U+F129 "" */
    0x5, 0xee, 0x50, 0x1f, 0xff, 0xf1, 0x3f, 0xff,
    0xf3, 0xc, 0xff, 0xc0, 0x0, 0x66, 0x0, 0x0,
    0x0, 0x0, 0xef, 0xff, 0xa0, 0xff, 0xff, 0xc0,
    0xaf, 0xff, 0xc0, 0xc, 0xff, 0xc0, 0xc, 0xff,
    0xc0, 0xc, 0xff, 0xc0, 0xc, 0xff, 0xc0, 0xaf,
    0xff, 0xfa, 0xff, 0xff, 0xff, 0xef, 0xff, 0xfe,

    /* U+F12A "" */
    0x4f, 0xff, 0xd0, 0x6f, 0xff, 0xf0, 0x5f, 0xff,
    0xe0, 0x4f, 0xff, 0xd0, 0x3f, 0xff, 0xc0, 0x3f,
    0xff, 0xc0, 0x2f, 0xff, 0xb0, 0x1f, 0xff, 0xa0,
    0xf, 0xff, 0x90, 0xd, 0xff, 0x60, 0x0, 0x0,
    0x0, 0x9, 0xed, 0x40, 0x7f, 0xff, 0xf1, 0xaf,
    0xff, 0xf3, 0x7f, 0xff, 0xf1, 0x9, 0xfd, 0x40,

    /* U+F12B "" */
    0x0, 0x0, 0x0, 0x0, 0x0, 0x0, 0x8f, 0xe0,
    0x0, 0x0, 0x0, 0x0, 0x0, 0x0, 0xef, 0xf0,
    0xef, 0xf3, 0x0, 0x3, 0xff, 0xe0, 0xf, 0xf0,
    0xff, 0xfd, 0x0, 0xd, 0xff, 0xf0, 0xf, 0xf0,
    0x6a, 0xff, 0x90, 0x9f, 0xfa, 0x60, 0xf, 0xf0,
    0x0, 0xcf, 0xf8, 0xff, 0xc0, 0x0, 0xef, 0xfe,
    0x0, 0x2f, 0xff, 0xff, 0x20, 0x0, 0xef, 0xfe,
    0x0, 0x6, 0xff, 0xf6, 0x0, 0x0, 0x0, 0x0,
    0x0, 0x6, 0xff, 0xf6, 0x0, 0x0, 0x0, 0x0,
    0x0, 0x2f, 0xff, 0xff, 0x20, 0x0, 0x0, 0x0,
    0x0, 0xcf, 0xf8, 0xff, 0xc0, 0x0, 0x0, 0x0,
    0x6a, 0xff, 0x90, 0x9f, 0xfa, 0x60, 0x0, 0x0,
    0xff, 0xfd, 0x0, 0xd, 0xff, 0xf0, 0x0, 0x0,
    0xef, 0xf3, 0x0, 0x3, 0xff, 0xe0, 0x0, 0x0,

    /* U+F12C "" */
    0xef, 0xf3, 0x0, 0x3, 0xff, 0xe0, 0x0, 0x0,
    0xff, 0xfd, 0x0, 0xd, 0xff, 0xf0, 0x0, 0x0,
    0x6a, 0xff, 0x90, 0x9f, 0xfa, 0x60, 0x0, 0x0,
    0x0, 0xcf, 0xf8, 0xff, 0xc0, 0x0, 0x0, 0x0,
    0x0, 0x2f, 0xff, 0xff, 0x20, 0x0, 0x0, 0x0,
    0x0, 0x6, 0xff, 0xf6, 0x0, 0x0, 0x0, 0x0,
    0x0, 0x6, 0xff, 0xf6, 0x0, 0x0, 0x0, 0x0,
    0x0, 0x2f, 0xff, 0xff, 0x20, 0x0, 0x8f, 0xe0,
    0x0, 0xcf, 0xf8, 0xff, 0xc0, 0x0, 0xef, 0xf0,
    0x6a, 0xff, 0x90, 0x9f, 0xfa, 0x60, 0xf, 0xf0,
    0xff, 0xfd, 0x0, 0xd, 0xff, 0xf0, 0xf, 0xf0,
    0xef, 0xf3, 0x0, 0x3, 0xff, 0xe0, 0xf, 0xf0,
    0x0, 0x0, 0x0, 0x0, 0x0, 0x0, 0xef, 0xfe,
    0x0, 0x0, 0x0, 0x0, 0x0, 0x0, 0xef, 0xfe,

    /* U+F12D "" */
    0x0, 0x0, 0x0, 0x0, 0x9f, 0x90, 0x0, 0x0,
    0x0, 0x0, 0x0, 0x9, 0xff, 0xf9, 0x0, 0x0,
    0x0, 0x0, 0x0, 0x9f, 0xff, 0xff, 0x90, 0x0,
    0x0, 0x0, 0x9, 0xff, 0xff, 0xff, 0xf9, 0x0,
    0x0, 0x0, 0x9f, 0xff, 0xff, 0xff, 0xff, 0x90,
    0x0, 0x9, 0xff, 0xef, 0xff, 0xff, 0xff, 0xf9,
    0x0, 0x9f, 0xf3, 0x2e, 0xff, 0xff, 0xff, 0xff,
    0x9, 0xff, 0x30, 0x2, 0xef, 0xff, 0xff, 0xf9,
    0x9f, 0xf4, 0x0, 0x0, 0x2e, 0xff, 0xff, 0x90,
    0xff, 0x70, 0x0, 0x0, 0x2, 0xef, 0xf9, 0x0,
    0x9f, 0xf4, 0x0, 0x0, 0x3, 0xff, 0x90, 0x0,
    0x9, 0xff, 0x40, 0x0, 0x4f, 0xf9, 0x0, 0x0,
    0x0, 0x9f, 0xff, 0xff, 0xff, 0xff, 0xff, 0xff,
    0x0, 0x9, 0xff, 0xff, 0xff, 0xff, 0xff, 0xff,

    /* U+F12E "" */
    0x0, 0x0, 0x1b, 0xfc, 0x10, 0x0, 0x0, 0x0,
    0x0, 0x0, 0x0, 0x6f, 0xff, 0x60, 0x0, 0x0,
    0x0, 0x0, 0x0, 0x0, 0x5f, 0xff, 0x30, 0x0,
    0x0, 0x0, 0x0, 0x0, 0x0, 0xd, 0xfa, 0x0,
    0x0, 0x0, 0x0, 0x0, 0x0, 0x0, 0x9, 0xf6,
    0x0, 0x0, 0x22, 0x0, 0x0, 0xb8, 0x76, 0x9f,
    0xfe, 0x87, 0x9d, 0xf3, 0x0, 0x0, 0xff, 0xff,
    0xff, 0xff, 0xff, 0xff, 0xf0, 0x0, 0x0, 0xff,
    0xff, 0xff, 0xff, 0xff, 0xff, 0xd0, 0x0, 0x0,
    0xff, 0xff, 0xff, 0xff, 0xff, 0xff, 0xc0, 0x0,
    0x0, 0xff, 0xff, 0xff, 0xff, 0xff, 0xff, 0xf1,
    0x5d, 0xe5, 0xff, 0xff, 0xfa, 0x7c, 0xff, 0xff,
    0xff, 0xff, 0xfd, 0xff, 0xff, 0x80, 0x0, 0xef,
    0xff, 0xfe, 0xff, 0xfe, 0xff, 0xff, 0x60, 0x0,
    0xdf, 0xff, 0xa0, 0x3c, 0xf6, 0xff, 0xff, 0xd0,
    0x5, 0xff, 0xff, 0x70, 0x0, 0x0, 0xff, 0xff,
    0xf7, 0xc, 0xff, 0xff, 0x80, 0x0, 0x0, 0xbe,
    0xff, 0xd3, 0x7, 0xee, 0xdb, 0x70, 0x0, 0x0,

    /* U+F130 "" */
    0x0, 0x5, 0xdf, 0xb1, 0x0, 0x0, 0x4, 0xff,
    0xff, 0xc0, 0x0, 0x0, 0xaf, 0xff, 0xff, 0x20,
    0x0, 0xb, 0xff, 0xff, 0xf4, 0x0, 0x0, 0xbf,
    0xff, 0xff, 0x40, 0x0, 0xb, 0xff, 0xff, 0xf4,
    0x0, 0xe6, 0xbf, 0xff, 0xff, 0x46, 0xef, 0x8b,
    0xff, 0xff, 0xf4, 0x8f, 0xf9, 0xaf, 0xff, 0xff,
    0x28, 0xfb, 0xd4, 0xff, 0xff, 0xc0, 0xcc, 0x5f,
    0x75, 0xdf, 0xb1, 0x6f, 0x50, 0xaf, 0x92, 0x2,
    0x9f, 0xa0, 0x0, 0x9f, 0xff, 0xff, 0x80, 0x0,
    0x0, 0x2a, 0xf5, 0x10, 0x0, 0x0, 0x48, 0xbf,
    0x87, 0x10, 0x0, 0xa, 0xff, 0xff, 0xf3, 0x0,

    /* U+F131 "" */
    0x0, 0x0, 0x0, 0x0, 0x0, 0x0, 0x0, 0x0,
    0x0, 0x0, 0x0, 0x8, 0xc2, 0x0, 0x0, 0x8,
    0xee, 0x80, 0x0, 0x0, 0x0, 0x0, 0xd, 0xfe,
    0x40, 0x0, 0x8f, 0xff, 0xf8, 0x0, 0x0, 0x0,
    0x0, 0x1, 0xbf, 0xf8, 0x0, 0xef, 0xff, 0xfe,
    0x0, 0x0, 0x0, 0x0, 0x0, 0x7, 0xff, 0xb1,
    0xff, 0xff, 0xff, 0x0, 0x0, 0x0, 0x0, 0x0,
    0x0, 0x4e, 0xfe, 0xff, 0xff, 0xff, 0x0, 0x0,
    0x0, 0x0, 0x0, 0x0, 0x1, 0xcf, 0xff, 0xff,
    0xff, 0x0, 0x0, 0x0, 0x0, 0x0, 0x0, 0x0,
    0x9, 0xff, 0xff, 0xff, 0xe, 0x60, 0x0, 0x0,
    0x0, 0x0, 0x2, 0x0, 0x5f, 0xff, 0xff, 0xf,
    0x80, 0x0, 0x0, 0x0, 0x0, 0x6, 0xa0, 0x2,
    0xdf, 0xfe, 0xf, 0x60, 0x0, 0x0, 0x0, 0x0,
    0x3, 0xf5, 0x0, 0xa, 0xff, 0xbf, 0x30, 0x0,
    0x0, 0x0, 0x0, 0x0, 0xce, 0x20, 0x0, 0x6f,
    0xff, 0x10, 0x0, 0x0, 0x0, 0x0, 0x0, 0x2f,
    0xe5, 0x10, 0x3, 0xef, 0xe4, 0x0, 0x0, 0x0,
    0x0, 0x0, 0x3, 0xdf, 0xfc, 0x20, 0x1b, 0xff,
    0x70, 0x0, 0x0, 0x0, 0x0, 0x0, 0x4, 0xdd,
    0x30, 0x0, 0x8f, 0xfb, 0x10, 0x0, 0x0, 0x0,
    0x0, 0x68, 0xee, 0x86, 0x0, 0x4, 0xef, 0xd0,
    0x0, 0x0, 0x0, 0x0, 0xef, 0xff, 0xfe, 0x0,
    0x0, 0x2c, 0x80, 0x0, 0x0, 0x0, 0x0, 0x0,
    0x0, 0x0, 0x0, 0x0, 0x0, 0x0,

    /* U+F133 "" */
    0x0, 0xf, 0xf0, 0x0, 0xf, 0xf0, 0x0, 0x0,
    0xf, 0xf0, 0x0, 0xf, 0xf0, 0x0, 0x8f, 0xff,
    0xff, 0xff, 0xff, 0xff, 0xf8, 0xff, 0xff, 0xff,
    0xff, 0xff, 0xff, 0xff, 0xff, 0xff, 0xff, 0xff,
    0xff, 0xff, 0xff, 0x0, 0x0, 0x0, 0x0, 0x0,
    0x0, 0x0, 0xff, 0xff, 0xff, 0xff, 0xff, 0xff,
    0xff, 0xff, 0xff, 0xff, 0xff, 0xff, 0xff, 0xff,
    0xff, 0xff, 0xff, 0xff, 0xff, 0xff, 0xff, 0xff,
    0xff, 0xff, 0xff, 0xff, 0xff, 0xff, 0xff, 0xff,
    0xff, 0xff, 0xff, 0xff, 0xff, 0xff, 0xff, 0xff,
    0xff, 0xff, 0xff, 0xff, 0xff, 0xff, 0xff, 0xff,
    0xff, 0xff, 0xff, 0xff, 0xff, 0xff, 0xff, 0xff,
    0xff, 0xff, 0xff, 0xff, 0xff, 0xff, 0xff, 0xff,
    0xff, 0x8f, 0xff, 0xff, 0xff, 0xff, 0xff, 0xf8,

    /* U+F134 "" */
    0x0, 0x0, 0x9f, 0x90, 0x0, 0x0, 0x0, 0x0,
    0x0, 0x2f, 0x6f, 0x20, 0x36, 0x9b, 0xef, 0x0,
    0x7, 0xfc, 0xfb, 0xaf, 0xff, 0xff, 0xf0, 0xc,
    0xfe, 0xdf, 0xfd, 0xff, 0xff, 0xff, 0x8, 0xf5,
    0x0, 0xcc, 0x6, 0x9c, 0xff, 0xf0, 0xe9, 0x2,
    0xef, 0xfe, 0x20, 0x0, 0x13, 0x3, 0x0, 0xbf,
    0xff, 0xfb, 0x0, 0x0, 0x0, 0x0, 0xf, 0xff,
    0xff, 0xf0, 0x0, 0x0, 0x0, 0x0, 0xff, 0xff,
    0xff, 0x0, 0x0, 0x0, 0x0, 0xf, 0xff, 0xff,
    0xf0, 0x0, 0x0, 0x0, 0x0, 0xff, 0xff, 0xff,
    0x0, 0x0, 0x0, 0x0, 0xf, 0xff, 0xff, 0xf0,
    0x0, 0x0, 0x0, 0x0, 0xff, 0xff, 0xff, 0x0,
    0x0, 0x0, 0x0, 0xf, 0xff, 0xff, 0xf0, 0x0,
    0x0, 0x0, 0x0, 0xff, 0xff, 0xff, 0x0, 0x0,
    0x0, 0x0, 0xe, 0xff, 0xff, 0xe0, 0x0, 0x0,
    0x0, 0x0, 0x1, 0x11, 0x10, 0x0, 0x0, 0x0,

    /* U+F135 "" */
    0x0, 0x0, 0x0, 0x0, 0x3, 0xae, 0xff, 0xe8,
    0x0, 0x0, 0x0, 0x0, 0x8f, 0xff, 0xff, 0xfe,
    0x0, 0x0, 0x0, 0x9, 0xff, 0xfe, 0xef, 0xff,
    0x0, 0x0, 0x0, 0x6f, 0xff, 0xe0, 0xe, 0xff,
    0x2, 0xdf, 0xff, 0xff, 0xff, 0xe0, 0xe, 0xfe,
    0xb, 0xff, 0xff, 0xff, 0xff, 0xfe, 0xef, 0xfa,
    0x3f, 0xff, 0xff, 0xff, 0xff, 0xff, 0xff, 0xf3,
    0xbf, 0xff, 0xff, 0xff, 0xff, 0xff, 0xff, 0x80,
    0xdf, 0xff, 0xff, 0xff, 0xff, 0xff, 0xf9, 0x0,
    0x0, 0x8, 0xff, 0xff, 0xff, 0xff, 0x60, 0x0,
    0x0, 0xf, 0xff, 0xff, 0xff, 0xff, 0x0, 0x0,
    0x0, 0x5, 0xff, 0xff, 0xff, 0xff, 0x0, 0x0,
    0x0, 0x0, 0x5f, 0x8f, 0xff, 0xff, 0x0, 0x0,
    0x0, 0x0, 0x0, 0xf, 0xff, 0xfd, 0x0, 0x0,
    0x0, 0x0, 0x0, 0xf, 0xff, 0xb2, 0x0, 0x0,
    0x0, 0x0, 0x0, 0xd, 0xb3, 0x0, 0x0, 0x0,

    /* U+F136 "" */
    0x4f, 0xff, 0xff, 0xff, 0xff, 0xff, 0xeb, 0x30,
    0x0, 0xdf, 0xff, 0xff, 0xff, 0xff, 0xff, 0xff,
    0x30, 0x6, 0xff, 0xff, 0xff, 0xff, 0xff, 0xff,
    0xfb, 0x0, 0x3f, 0xfc, 0x0, 0x9f, 0xf7, 0x3,
    0xff, 0xf0, 0x7, 0xff, 0x90, 0xc, 0xff, 0x30,
    0x1f, 0xfe, 0x0, 0xaf, 0xf6, 0x0, 0xff, 0xf0,
    0x4, 0xff, 0xb0, 0xd, 0xff, 0x20, 0x3f, 0xfd,
    0x0, 0x8f, 0xf8, 0x1, 0xff, 0xf0, 0x7, 0xff,
    0x90, 0xb, 0xff, 0x50, 0x4f, 0xfb, 0x0, 0xaf,
    0xf6, 0x0, 0xef, 0xf1, 0x8, 0xff, 0x80, 0xd,
    0xff, 0x20, 0x2f, 0xfe, 0x0, 0xbf, 0xf4, 0x1,
    0xff, 0xf0, 0x5, 0xff, 0xa0, 0xa, 0xbb, 0x10,
    0x3b, 0xb8, 0x0, 0x6b, 0xb5, 0x0,

    /* U+F137 "" */
    0x0, 0x0, 0x5, 0x9b, 0xb9, 0x50, 0x0, 0x0,
    0x0, 0x4, 0xdf, 0xff, 0xff, 0xfd, 0x40, 0x0,
    0x0, 0x6f, 0xff, 0xff, 0xff, 0xff, 0xf6, 0x0,
    0x4, 0xff, 0xff, 0xff, 0x72, 0xef, 0xff, 0x40,
    0xd, 0xff, 0xff, 0xf6, 0x0, 0xaf, 0xff, 0xd0,
    0x5f, 0xff, 0xff, 0x60, 0x6, 0xff, 0xff, 0xf5,
    0x9f, 0xff, 0xf6, 0x0, 0x6f, 0xff, 0xff, 0xf9,
    0xbf, 0xff, 0x70, 0x6, 0xff, 0xff, 0xff, 0xfb,
    0xbf, 0xff, 0x70, 0x6, 0xff, 0xff, 0xff, 0xfb,
    0x9f, 0xff, 0xf6, 0x0, 0x6f, 0xff, 0xff, 0xf9,
    0x5f, 0xff, 0xff, 0x60, 0x6, 0xff, 0xff, 0xf5,
    0xe, 0xff, 0xff, 0xf6, 0x0, 0xaf, 0xff, 0xd0,
    0x4, 0xff, 0xff, 0xff, 0x72, 0xef, 0xff, 0x40,
    0x0, 0x6f, 0xff, 0xff, 0xff, 0xff, 0xf6, 0x0,
    0x0, 0x4, 0xef, 0xff, 0xff, 0xfd, 0x40, 0x0,
    0x0, 0x0, 0x5, 0x9b, 0xb9, 0x50, 0x0, 0x0,

    /* U+F138 "" */
    0x0, 0x0, 0x5, 0x9b, 0xb9, 0x50, 0x0, 0x0,
    0x0, 0x4, 0xdf, 0xff, 0xff, 0xfd, 0x40, 0x0,
    0x0, 0x6f, 0xff, 0xff, 0xff, 0xff, 0xf6, 0x0,
    0x4, 0xff, 0xfe, 0x27, 0xff, 0xff, 0xff, 0x40,
    0xd, 0xff, 0xfa, 0x0, 0x6f, 0xff, 0xff, 0xd0,
    0x5f, 0xff, 0xff, 0x60, 0x6, 0xff, 0xff, 0xf5,
    0x9f, 0xff, 0xff, 0xf6, 0x0, 0x6f, 0xff, 0xf9,
    0xbf, 0xff, 0xff, 0xff, 0x60, 0x7, 0xff, 0xfb,
    0xbf, 0xff, 0xff, 0xff, 0x60, 0x7, 0xff, 0xfb,
    0x9f, 0xff, 0xff, 0xf6, 0x0, 0x6f, 0xff, 0xf9,
    0x5f, 0xff, 0xff, 0x60, 0x6, 0xff, 0xff, 0xf5,
    0xe, 0xff, 0xfa, 0x0, 0x6f, 0xff, 0xff, 0xd0,
    0x4, 0xff, 0xfe, 0x27, 0xff, 0xff, 0xff, 0x40,
    0x0, 0x6f, 0xff, 0xff, 0xff, 0xff, 0xf6, 0x0,
    0x0, 0x4, 0xef, 0xff, 0xff, 0xfd, 0x40, 0x0,
    0x0, 0x0, 0x5, 0x9b, 0xb9, 0x50, 0x0, 0x0,

    /* U+F139 "" */
    0x0, 0x0, 0x6, 0xac, 0xca, 0x60, 0x0, 0x0,
    0x0, 0x5, 0xef, 0xff, 0xff, 0xfe, 0x50, 0x0,
    0x0, 0x8f, 0xff, 0xff, 0xff, 0xff, 0xf7, 0x0,
    0x5, 0xff, 0xff, 0xff, 0xff, 0xff, 0xff, 0x50,
    0xe, 0xff, 0xff, 0xf6, 0x6f, 0xff, 0xff, 0xe0,
    0x5f, 0xff, 0xff, 0x50, 0x5, 0xff, 0xff, 0xf5,
    0x9f, 0xff, 0xf5, 0x0, 0x0, 0x5f, 0xff, 0xf9,
    0xbf, 0xff, 0x50, 0x7, 0x70, 0x5, 0xff, 0xfb,
    0xbf, 0xf6, 0x0, 0x7f, 0xf7, 0x0, 0x6f, 0xfb,
    0x9f, 0xf3, 0x8, 0xff, 0xff, 0x80, 0x3f, 0xf9,
    0x4f, 0xfe, 0xbf, 0xff, 0xff, 0xfb, 0xef, 0xf4,
    0xd, 0xff, 0xff, 0xff, 0xff, 0xff, 0xff, 0xd0,
    0x4, 0xff, 0xff, 0xff, 0xff, 0xff, 0xff, 0x30,
    0x0, 0x5f, 0xff, 0xff, 0xff, 0xff, 0xf5, 0x0,
    0x0, 0x3, 0xdf, 0xff, 0xff, 0xfd, 0x30, 0x0,
    0x0, 0x0, 0x3, 0x8a, 0xa8, 0x30, 0x0, 0x0,

    /* U+F13A "" */
    0x0, 0x0, 0x3, 0x89, 0xa8, 0x30, 0x0, 0x0,
    0x0, 0x3, 0xdf, 0xff, 0xff, 0xfd, 0x30, 0x0,
    0x0, 0x5f, 0xff, 0xff, 0xff, 0xff, 0xf5, 0x0,
    0x3, 0xff, 0xff, 0xff, 0xff, 0xff, 0xff, 0x30,
    0xd, 0xff, 0xff, 0xff, 0xff, 0xff, 0xff, 0xd0,
    0x4f, 0xfe, 0xbf, 0xff, 0xff, 0xfb, 0xef, 0xf4,
    0x9f, 0xf3, 0x8, 0xff, 0xff, 0x80, 0x3f, 0xf9,
    0xbf, 0xf6, 0x0, 0x8f, 0xf8, 0x0, 0x6f, 0xfb,
    0xbf, 0xff, 0x50, 0x7, 0x70, 0x5, 0xff, 0xfb,
    0x9f, 0xff, 0xf5, 0x0, 0x0, 0x5f, 0xff, 0xf9,
    0x5f, 0xff, 0xff, 0x50, 0x5, 0xff, 0xff, 0xf5,
    0xe, 0xff, 0xff, 0xf6, 0x6f, 0xff, 0xff, 0xe0,
    0x5, 0xff, 0xff, 0xff, 0xff, 0xff, 0xff, 0x50,
    0x0, 0x8f, 0xff, 0xff, 0xff, 0xff, 0xf8, 0x0,
    0x0, 0x5, 0xef, 0xff, 0xff, 0xfe, 0x50, 0x0,
    0x0, 0x0, 0x6, 0xac, 0xca, 0x60, 0x0, 0x0,

    /* U+F13B "" */
    0xff, 0xff, 0xff, 0xff, 0xff, 0xff, 0xdf, 0xff,
    0xff, 0xff, 0xff, 0xfd, 0xcf, 0xa8, 0x88, 0x88,
    0x89, 0xfc, 0xbf, 0x50, 0x0, 0x0, 0x5, 0xfb,
    0x9f, 0x61, 0xff, 0xff, 0xff, 0xf9, 0x8f, 0x70,
    0x88, 0x88, 0x8c, 0xf8, 0x6f, 0x90, 0x0, 0x0,
    0x9, 0xf6, 0x5f, 0xec, 0xef, 0xfb, 0xb, 0xf5,
    0x4f, 0xc0, 0xbf, 0xfb, 0xc, 0xf3, 0x2f, 0xd0,
    0x4, 0x40, 0xe, 0xf2, 0x1f, 0xfa, 0x61, 0x16,
    0xaf, 0xf1, 0xf, 0xff, 0xff, 0xff, 0xff, 0xf0,
    0x7, 0xdf, 0xff, 0xff, 0xfd, 0x70, 0x0, 0x2,
    0x8d, 0xd8, 0x20, 0x0,

    /* U+F13C "" */
    0x0, 0xdf, 0xff, 0xff, 0xff, 0xff, 0xff, 0xe0,
    0xf, 0xff, 0xff, 0xff, 0xff, 0xff, 0xfb, 0x1,
    0x99, 0x99, 0x99, 0x99, 0x99, 0xef, 0x90, 0x0,
    0x0, 0x0, 0x0, 0x0, 0xf, 0xf6, 0x6, 0x99,
    0x99, 0x99, 0x99, 0x9a, 0xff, 0x30, 0xcf, 0xff,
    0xff, 0xff, 0xff, 0xff, 0xf0, 0xe, 0xff, 0xff,
    0xff, 0xff, 0xff, 0xfe, 0x0, 0x0, 0x0, 0x0,
    0x0, 0x0, 0xcf, 0xb0, 0x14, 0x40, 0x0, 0x0,
    0x0, 0xf, 0xf8, 0x8, 0xff, 0x0, 0x0, 0x0,
    0x2, 0xff, 0x50, 0xcf, 0xfc, 0x61, 0x0, 0x49,
    0xef, 0xf3, 0xd, 0xff, 0xff, 0xfb, 0xef, 0xff,
    0xfd, 0x0, 0x4, 0xbf, 0xff, 0xff, 0xfe, 0x82,
    0x0, 0x0, 0x0, 0x28, 0xef, 0xa4, 0x0, 0x0,
    0x0, 0x0, 0x0, 0x0, 0x0, 0x0, 0x0, 0x0,
    0x0,

    /* U+F13D "" */
    0x0, 0x0, 0x0, 0x0, 0x0, 0x0, 0x0, 0x0,
    0x0, 0x0, 0x0, 0x0, 0x0, 0x0, 0x8e, 0xe8,
    0x0, 0x0, 0x0, 0x0, 0x0, 0x0, 0x0, 0x8,
    0xff, 0xff, 0x80, 0x0, 0x0, 0x0, 0x0, 0x0,
    0x0, 0xe, 0xf3, 0x3f, 0xe0, 0x0, 0x0, 0x0,
    0x0, 0x0, 0x0, 0xe, 0xf3, 0x3f, 0xe0, 0x0,
    0x0, 0x0, 0x0, 0x0, 0x0, 0x8, 0xff, 0xff,
    0x80, 0x0, 0x0, 0x0, 0x0, 0x0, 0x0, 0x0,
    0x9f, 0xf9, 0x0, 0x0, 0x0, 0x0, 0x0, 0x0,
    0x0, 0xf, 0xff, 0xff, 0xf0, 0x0, 0x0, 0x0,
    0x0, 0x0, 0x0, 0xf, 0xff, 0xff, 0xf0, 0x0,
    0x0, 0x0, 0x0, 0x1b, 0x10, 0x0, 0xf, 0xf0,
    0x0, 0x1, 0xb1, 0x0, 0x1, 0xef, 0xd1, 0x0,
    0xf, 0xf0, 0x0, 0x1e, 0xfd, 0x10, 0xc, 0xff,
    0xfc, 0x0, 0xf, 0xf0, 0x0, 0xcf, 0xff, 0xc0,
    0x0, 0x6f, 0xc0, 0x0, 0xf, 0xf0, 0x0, 0xc,
    0xf6, 0x0, 0x0, 0x1e, 0xf9, 0x0, 0xf, 0xf0,
    0x0, 0x9f, 0xe1, 0x0, 0x0, 0x4, 0xff, 0xd7,
    0x2f, 0xf2, 0x7d, 0xff, 0x40, 0x0, 0x0, 0x0,
    0x3d, 0xff, 0xff, 0xff, 0xff, 0xd3, 0x0, 0x0,
    0x0, 0x0, 0x0, 0x5a, 0xdf, 0xfd, 0xa5, 0x0,
    0x0, 0x0,

    /* U+F13E "" */
    0x0, 0x0, 0x4b, 0xff, 0xb4, 0x0, 0x0, 0x0,
    0x6, 0xff, 0xff, 0xff, 0x60, 0x0, 0x0, 0x2f,
    0xff, 0x99, 0xff, 0xf2, 0x0, 0x0, 0x8f, 0xf3,
    0x0, 0x3f, 0xf9, 0x0, 0x0, 0xbf, 0xc0, 0x0,
    0xc, 0xfb, 0x0, 0x0, 0xcf, 0xc0, 0x0, 0x9,
    0xf9, 0x0, 0x0, 0xcf, 0xc0, 0x0, 0x0, 0x0,
    0x0, 0x0, 0xcf, 0xc0, 0x0, 0x0, 0x0, 0x0,
    0x8f, 0xff, 0xff, 0xff, 0xff, 0xff, 0xf8, 0xff,
    0xff, 0xff, 0xff, 0xff, 0xff, 0xff, 0xff, 0xff,
    0xfe, 0x22, 0xff, 0xff, 0xff, 0xff, 0xff, 0xfc,
    0x0, 0xcf, 0xff, 0xff, 0xff, 0xff, 0xfc, 0x0,
    0xcf, 0xff, 0xff, 0xff, 0xff, 0xfe, 0x22, 0xef,
    0xff, 0xff, 0xff, 0xff, 0xff, 0xff, 0xff, 0xff,
    0xff, 0x8f, 0xff, 0xff, 0xff, 0xff, 0xff, 0xf8,

    /* U+F140 "" */
    0x0, 0x0, 0x28, 0xbd, 0xc9, 0x40, 0x0, 0x0,
    0x0, 0x9, 0xff, 0xff, 0xff, 0xfc, 0x10, 0x0,
    0x0, 0xcf, 0xf9, 0x42, 0x37, 0xef, 0xe2, 0x0,
    0x9, 0xfe, 0x20, 0x0, 0x0, 0x1b, 0xfd, 0x0,
    0x3f, 0xf2, 0x4, 0xcf, 0xe9, 0x0, 0xdf, 0x70,
    0x9f, 0x80, 0x5f, 0xff, 0xff, 0xc0, 0x4f, 0xd0,
    0xdf, 0x30, 0xef, 0x81, 0x3d, 0xf7, 0xe, 0xf2,
    0xff, 0x2, 0xfd, 0x0, 0x5, 0xfb, 0xc, 0xf3,
    0xff, 0x3, 0xfd, 0x0, 0x5, 0xfb, 0xc, 0xf3,
    0xdf, 0x30, 0xef, 0x80, 0x3d, 0xf7, 0xe, 0xf2,
    0x9f, 0x80, 0x5f, 0xff, 0xff, 0xd0, 0x4f, 0xd0,
    0x3f, 0xf2, 0x4, 0xcf, 0xe9, 0x10, 0xdf, 0x70,
    0x9, 0xfe, 0x20, 0x0, 0x0, 0xb, 0xfd, 0x0,
    0x0, 0xcf, 0xf9, 0x42, 0x37, 0xef, 0xe2, 0x0,
    0x0, 0x9, 0xff, 0xff, 0xff, 0xfc, 0x10, 0x0,
    0x0, 0x0, 0x28, 0xcd, 0xc9, 0x40, 0x0, 0x0,

    /* U+F141 "" */
    0x1, 0x41, 0x0, 0x4, 0x40, 0x0, 0x14, 0x10,
    0x3f, 0xff, 0x30, 0xbf, 0xfa, 0x3, 0xff, 0xf3,
    0xbf, 0xff, 0xa3, 0xff, 0xff, 0x2b, 0xff, 0xfa,
    0xaf, 0xff, 0x92, 0xff, 0xff, 0x1a, 0xff, 0xf9,
    0x2d, 0xfd, 0x10, 0x8f, 0xf7, 0x2, 0xdf, 0xd1,
    0x0, 0x10, 0x0, 0x0, 0x0, 0x0, 0x1, 0x0,

    /* U+F142 "" */
    0x3, 0xcc, 0x40, 0xf, 0xff, 0xf1, 0x2f, 0xff,
    0xf3, 0xd, 0xff, 0xe0, 0x1, 0x88, 0x10, 0x0,
    0x44, 0x0, 0xa, 0xff, 0xb0, 0x2f, 0xff, 0xf3,
    0x1f, 0xff, 0xf2, 0x7, 0xff, 0x70, 0x0, 0x0,
    0x0, 0x1, 0x88, 0x10, 0xd, 0xff, 0xe0, 0x2f,
    0xff, 0xf3, 0xf, 0xff, 0xf1, 0x3, 0xcc, 0x40,

    /* U+F143 "" */
    0x8f, 0xff, 0xff, 0xff, 0xff, 0xff, 0xf8, 0xff,
    0xff, 0xff, 0xff, 0xff, 0xff, 0xff, 0xff, 0x12,
    0x5a, 0xff, 0xff, 0xff, 0xff, 0xff, 0x31, 0x0,
    0x1a, 0xff, 0xff, 0xff, 0xff, 0xff, 0xd6, 0x0,
    0x7f, 0xff, 0xff, 0xff, 0x46, 0xbf, 0xd2, 0x7,
    0xff, 0xff, 0xff, 0x0, 0x3, 0xde, 0x20, 0xaf,
    0xff, 0xff, 0xfc, 0x50, 0x1d, 0xd0, 0x1f, 0xff,
    0xff, 0xff, 0xf8, 0x3, 0xf6, 0xa, 0xff, 0xff,
    0x70, 0x7f, 0x50, 0xbd, 0x5, 0xff, 0xff, 0x0,
    0xf, 0xc0, 0x6f, 0x12, 0xff, 0xff, 0x70, 0x7f,
    0xf0, 0x4f, 0x31, 0xff, 0xff, 0xff, 0xff, 0xff,
    0xff, 0xff, 0xff, 0x8f, 0xff, 0xff, 0xff, 0xff,
    0xff, 0xf8,

    /* U+F144 "" */
    0x0, 0x0, 0x3, 0x79, 0x97, 0x30, 0x0, 0x0,
    0x0, 0x3, 0xcf, 0xff, 0xff, 0xfc, 0x30, 0x0,
    0x0, 0x5f, 0xff, 0xff, 0xff, 0xff, 0xf5, 0x0,
    0x3, 0xff, 0xff, 0xff, 0xff, 0xff, 0xff, 0x30,
    0xd, 0xff, 0xf2, 0x5e, 0xff, 0xff, 0xff, 0xd0,
    0x4f, 0xff, 0xf0, 0x0, 0x8f, 0xff, 0xff, 0xf4,
    0x9f, 0xff, 0xf0, 0x0, 0x2, 0xcf, 0xff, 0xf9,
    0xbf, 0xff, 0xf0, 0x0, 0x0, 0x6, 0xff, 0xfb,
    0xbf, 0xff, 0xf0, 0x0, 0x0, 0x3, 0xff, 0xfb,
    0x9f, 0xff, 0xf0, 0x0, 0x1, 0x9f, 0xff, 0xf9,
    0x5f, 0xff, 0xf0, 0x0, 0x7f, 0xff, 0xff, 0xf5,
    0xe, 0xff, 0xf2, 0x4d, 0xff, 0xff, 0xff, 0xe0,
    0x5, 0xff, 0xff, 0xff, 0xff, 0xff, 0xff, 0x50,
    0x0, 0x8f, 0xff, 0xff, 0xff, 0xff, 0xf8, 0x0,
    0x0, 0x6, 0xff, 0xff, 0xff, 0xff, 0x60, 0x0,
    0x0, 0x0, 0x16, 0xbd, 0xdb, 0x61, 0x0, 0x0,

    /* U+F146 "" */
    0x8f, 0xff, 0xff, 0xff, 0xff, 0xff, 0xf8, 0xff,
    0xff, 0xff, 0xff, 0xff, 0xff, 0xff, 0xff, 0xff,
    0xff, 0xff, 0xff, 0xff, 0xff, 0xff, 0xff, 0xff,
    0xff, 0xff, 0xff, 0xff, 0xff, 0xff, 0xff, 0xff,
    0xff, 0xff, 0xff, 0xff, 0xec, 0xcc, 0xcc, 0xcc,
    0xce, 0xff, 0xff, 0x80, 0x0, 0x0, 0x0, 0x8,
    0xff, 0xff, 0x80, 0x0, 0x0, 0x0, 0x8, 0xff,
    0xff, 0xec, 0xcc, 0xcc, 0xcc, 0xce, 0xff, 0xff,
    0xff, 0xff, 0xff, 0xff, 0xff, 0xff, 0xff, 0xff,
    0xff, 0xff, 0xff, 0xff, 0xff, 0xff, 0xff, 0xff,
    0xff, 0xff, 0xff, 0xff, 0xff, 0xff, 0xff, 0xff,
    0xff, 0xff, 0xff, 0x8f, 0xff, 0xff, 0xff, 0xff,
    0xff, 0xf8,

    /* U+F14A "" */
    0x8f, 0xff, 0xff, 0xff, 0xff, 0xff, 0xf8, 0xff,
    0xff, 0xff, 0xff, 0xff, 0xff, 0xff, 0xff, 0xff,
    0xff, 0xff, 0xff, 0xff, 0xff, 0xff, 0xff, 0xff,
    0xff, 0xff, 0xce, 0xff, 0xff, 0xff, 0xff, 0xff,
    0xfb, 0x3, 0xff, 0xff, 0xff, 0xff, 0xff, 0xb0,
    0x7, 0xff, 0xff, 0x95, 0xff, 0xfb, 0x0, 0x7f,
    0xff, 0xff, 0x20, 0x4f, 0xb0, 0x7, 0xff, 0xff,
    0xff, 0xd1, 0x3, 0x0, 0x7f, 0xff, 0xff, 0xff,
    0xfd, 0x10, 0x7, 0xff, 0xff, 0xff, 0xff, 0xff,
    0xd1, 0x7f, 0xff, 0xff, 0xff, 0xff, 0xff, 0xff,
    0xff, 0xff, 0xff, 0xff, 0xff, 0xff, 0xff, 0xff,
    0xff, 0xff, 0xff, 0x8f, 0xff, 0xff, 0xff, 0xff,
    0xff, 0xf8,

    /* U+F14B "" */
    0x8f, 0xff, 0xff, 0xff, 0xff, 0xff, 0xf8, 0xff,
    0xff, 0xff, 0xff, 0xff, 0xff, 0xff, 0xff, 0xff,
    0xff, 0xff, 0xff, 0xff, 0xff, 0xff, 0xff, 0xff,
    0xff, 0x82, 0xcf, 0xff, 0xff, 0xff, 0xff, 0xfb,
    0x50, 0x2f, 0xff, 0xff, 0xff, 0xff, 0x70, 0x55,
    0x8f, 0xff, 0xff, 0xff, 0xf7, 0x0, 0xb, 0xff,
    0xff, 0xff, 0xff, 0x70, 0x0, 0x7f, 0xff, 0xff,
    0xff, 0xf8, 0x0, 0x7, 0xff, 0xff, 0xff, 0xff,
    0xf1, 0x0, 0x7f, 0xff, 0xff, 0xff, 0xff, 0xf1,
    0x18, 0xff, 0xff, 0xff, 0xff, 0xff, 0xff, 0xff,
    0xff, 0xff, 0xff, 0xff, 0xff, 0xff, 0xff, 0xff,
    0xff, 0xff, 0xff, 0x8f, 0xff, 0xff, 0xff, 0xff,
    0xff, 0xf8,

    /* U+F14D "" */
    0x0, 0x0, 0x0, 0x0, 0x0, 0x0, 0x0, 0x0,
    0x0, 0x0, 0x0, 0x0, 0x0, 0x0, 0x0, 0xd8,
    0x0, 0x0, 0x0, 0x0, 0x0, 0x0, 0x0, 0x0,
    0xff, 0x90, 0x0, 0x8f, 0xff, 0xf7, 0x0, 0x0,
    0x0, 0xff, 0xfa, 0x0, 0xff, 0xff, 0x50, 0x27,
    0xad, 0xff, 0xff, 0xff, 0xb0, 0xff, 0x0, 0x8,
    0xff, 0xff, 0xff, 0xff, 0xff, 0xfb, 0xff, 0x0,
    0x6f, 0xff, 0xff, 0xff, 0xff, 0xff, 0xfb, 0xff,
    0x0, 0xef, 0xff, 0xff, 0xff, 0xff, 0xff, 0xb0,
    0xff, 0x2, 0xff, 0xfe, 0x73, 0x10, 0xff, 0xfa,
    0x0, 0xff, 0x3, 0xff, 0xe1, 0x0, 0x0, 0xff,
    0x90, 0x0, 0xff, 0x1, 0xff, 0x90, 0x0, 0x0,
    0xd8, 0x0, 0x0, 0xff, 0x0, 0xbf, 0x80, 0x0,
    0x0, 0x0, 0x0, 0x0, 0xff, 0x0, 0x3f, 0xa0,
    0x0, 0x0, 0x79, 0x0, 0x0, 0xff, 0x0, 0x5,
    0xc0, 0x0, 0x0, 0xff, 0x0, 0x0, 0xff, 0x0,
    0x0, 0x0, 0x0, 0x0, 0xff, 0x0, 0x0, 0xff,
    0xff, 0xff, 0xff, 0xff, 0xff, 0xff, 0x0, 0x0,
    0x8f, 0xff, 0xff, 0xff, 0xff, 0xff, 0xf8, 0x0,
    0x0,

    /* U+F14E "" */
    0x0, 0x0, 0x16, 0xab, 0xa8, 0x30, 0x0, 0x0,
    0x0, 0x7, 0xff, 0xff, 0xff, 0xfc, 0x20, 0x0,
    0x0, 0xaf, 0xff, 0xff, 0xff, 0xff, 0xf3, 0x0,
    0x8, 0xff, 0xff, 0xff, 0xff, 0xff, 0xfe, 0x20,
    0x2f, 0xff, 0xff, 0xff, 0xfb, 0x36, 0xff, 0xa0,
    0x8f, 0xff, 0xff, 0xf9, 0x20, 0x9, 0xff, 0xf1,
    0xdf, 0xff, 0xfe, 0x20, 0x0, 0x1f, 0xff, 0xf5,
    0xff, 0xff, 0xf7, 0x1e, 0x80, 0x8f, 0xff, 0xf7,
    0xff, 0xff, 0xf1, 0x1e, 0x80, 0xef, 0xff, 0xf7,
    0xdf, 0xff, 0x80, 0x0, 0x8, 0xff, 0xff, 0xf5,
    0x8f, 0xff, 0x10, 0x6, 0xdf, 0xff, 0xff, 0xf1,
    0x2f, 0xfd, 0x17, 0xef, 0xff, 0xff, 0xff, 0xa0,
    0x8, 0xff, 0xff, 0xff, 0xff, 0xff, 0xfe, 0x20,
    0x0, 0xaf, 0xff, 0xff, 0xff, 0xff, 0xf3, 0x0,
    0x0, 0x7, 0xff, 0xff, 0xff, 0xfc, 0x20, 0x0,
    0x0, 0x0, 0x16, 0xab, 0xa8, 0x30, 0x0, 0x0,

    /* U+F150 "" */
    0x8f, 0xff, 0xff, 0xff, 0xff, 0xff, 0xf8, 0xff,
    0xff, 0xff, 0xff, 0xff, 0xff, 0xff, 0xff, 0xff,
    0xff, 0xff, 0xff, 0xff, 0xff, 0xff, 0xff, 0xff,
    0xff, 0xff, 0xff, 0xff, 0xff, 0xff, 0xff, 0xff,
    0xff, 0xff, 0xff, 0xff, 0xe4, 0x44, 0x44, 0x44,
    0x4e, 0xff, 0xff, 0xf8, 0x0, 0x0, 0x0, 0x7f,
    0xff, 0xff, 0xff, 0x80, 0x0, 0x7, 0xff, 0xff,
    0xff, 0xff, 0xf8, 0x0, 0x7f, 0xff, 0xff, 0xff,
    0xff, 0xff, 0x88, 0xff, 0xff, 0xff, 0xff, 0xff,
    0xff, 0xff, 0xff, 0xff, 0xff, 0xff, 0xff, 0xff,
    0xff, 0xff, 0xff, 0xff, 0xff, 0xff, 0xff, 0xff,
    0xff, 0xff, 0xff, 0x8f, 0xff, 0xff, 0xff, 0xff,
    0xff, 0xf8,

    /* U+F151 "" */
    0x8f, 0xff, 0xff, 0xff, 0xff, 0xff, 0xf8, 0xff,
    0xff, 0xff, 0xff, 0xff, 0xff, 0xff, 0xff, 0xff,
    0xff, 0xff, 0xff, 0xff, 0xff, 0xff, 0xff, 0xff,
    0xff, 0xff, 0xff, 0xff, 0xff, 0xff, 0xff, 0x88,
    0xff, 0xff, 0xff, 0xff, 0xff, 0xf7, 0x0, 0x8f,
    0xff, 0xff, 0xff, 0xff, 0x70, 0x0, 0x8, 0xff,
    0xff, 0xff, 0xf7, 0x0, 0x0, 0x0, 0x8f, 0xff,
    0xff, 0xe4, 0x44, 0x44, 0x44, 0x4e, 0xff, 0xff,
    0xff, 0xff, 0xff, 0xff, 0xff, 0xff, 0xff, 0xff,
    0xff, 0xff, 0xff, 0xff, 0xff, 0xff, 0xff, 0xff,
    0xff, 0xff, 0xff, 0xff, 0xff, 0xff, 0xff, 0xff,
    0xff, 0xff, 0xff, 0x8f, 0xff, 0xff, 0xff, 0xff,
    0xff, 0xf8,

    /* U+F152 "" */
    0x8f, 0xff, 0xff, 0xff, 0xff, 0xff, 0xf8, 0xff,
    0xff, 0xff, 0xff, 0xff, 0xff, 0xff, 0xff, 0xff,
    0xfe, 0xff, 0xff, 0xff, 0xff, 0xff, 0xff, 0xf4,
    0x8f, 0xff, 0xff, 0xff, 0xff, 0xff, 0xf4, 0x8,
    0xff, 0xff, 0xff, 0xff, 0xff, 0xf4, 0x0, 0x8f,
    0xff, 0xff, 0xff, 0xff, 0xf4, 0x0, 0x8, 0xff,
    0xff, 0xff, 0xff, 0xf4, 0x0, 0x8, 0xff, 0xff,
    0xff, 0xff, 0xf4, 0x0, 0x7f, 0xff, 0xff, 0xff,
    0xff, 0xf4, 0x7, 0xff, 0xff, 0xff, 0xff, 0xff,
    0xf4, 0x7f, 0xff, 0xff, 0xff, 0xff, 0xff, 0xfe,
    0xff, 0xff, 0xff, 0xff, 0xff, 0xff, 0xff, 0xff,
    0xff, 0xff, 0xff, 0x8f, 0xff, 0xff, 0xff, 0xff,
    0xff, 0xf8,

    /* U+F153 "" */
    0x0, 0x0, 0x29, 0xdf, 0xe9, 0x0, 0x0, 0x7f,
    0xff, 0xff, 0x80, 0x0, 0x7f, 0xfc, 0x53, 0x31,
    0x0, 0x2f, 0xfb, 0x0, 0x0, 0x0, 0x8c, 0xff,
    0xa8, 0x88, 0x50, 0xf, 0xff, 0xff, 0xff, 0xf9,
    0x0, 0x1f, 0xfa, 0x22, 0x22, 0x0, 0x7, 0xff,
    0xc8, 0x88, 0x70, 0x0, 0xff, 0xff, 0xff, 0xff,
    0x0, 0x1, 0x9f, 0xf5, 0x22, 0x10, 0x0, 0x2,
    0xff, 0xd1, 0x0, 0x0, 0x0, 0x7, 0xff, 0xe7,
    0x34, 0x30, 0x0, 0x8, 0xff, 0xff, 0xfd, 0x0,
    0x0, 0x3, 0x9d, 0xfe, 0xb0,

    /* U+F154 "" */
    0x0, 0x6, 0xcf, 0xfb, 0x40, 0x0, 0x9f, 0xff,
    0xff, 0xf1, 0x3, 0xff, 0xc4, 0x5b, 0x60, 0x7,
    0xff, 0x10, 0x0, 0x0, 0x8, 0xff, 0x0, 0x0,
    0x0, 0x8, 0xff, 0x0, 0x0, 0x0, 0xbf, 0xff,
    0xff, 0xf0, 0x0, 0xbf, 0xff, 0xff, 0xf0, 0x0,
    0x8, 0xff, 0x0, 0x0, 0x0, 0x8, 0xff, 0x0,
    0x0, 0x0, 0x8, 0xff, 0x0, 0x2, 0xff, 0x8,
    0xff, 0x0, 0x2, 0xff, 0xff, 0xff, 0xff, 0xff,
    0xff, 0xff, 0xff, 0xff, 0xff, 0xff,

    /* U+F155 "" */
    0x0, 0x0, 0xaf, 0x30, 0x0, 0x0, 0x0, 0xb,
    0xf4, 0x0, 0x0, 0x0, 0x8e, 0xff, 0xfc, 0x50,
    0x0, 0x9f, 0xff, 0xff, 0xff, 0x10, 0x1f, 0xfd,
    0x88, 0x8c, 0x40, 0x3, 0xff, 0x50, 0x0, 0x0,
    0x0, 0xf, 0xfe, 0x83, 0x0, 0x0, 0x0, 0x6f,
    0xff, 0xfe, 0x91, 0x0, 0x0, 0x4c, 0xff, 0xff,
    0xe1, 0x0, 0x0, 0x1, 0x5a, 0xff, 0x90, 0x0,
    0x0, 0x0, 0xc, 0xfc, 0x0, 0x9, 0xb8, 0x88,
    0xff, 0xa0, 0x7, 0xff, 0xff, 0xff, 0xf2, 0x0,
    0x19, 0xdf, 0xff, 0xb3, 0x0, 0x0, 0x0, 0xbf,
    0x40, 0x0, 0x0, 0x0, 0xa, 0xf3, 0x0, 0x0,

    /* U+F156 "" */
    0xff, 0xff, 0xff, 0xff, 0xff, 0xff, 0xff, 0xff,
    0xff, 0xff, 0x22, 0x23, 0xaf, 0xf8, 0x0, 0xff,
    0xff, 0xff, 0xff, 0xff, 0xff, 0xff, 0xff, 0xff,
    0xff, 0x0, 0x0, 0xd, 0xfe, 0x0, 0x22, 0x23,
    0xaf, 0xf9, 0x0, 0xff, 0xff, 0xff, 0xd1, 0x0,
    0xff, 0xff, 0xe9, 0x10, 0x0, 0x7f, 0xff, 0x40,
    0x0, 0x0, 0x6, 0xff, 0xf5, 0x0, 0x0, 0x0,
    0x5f, 0xff, 0x60, 0x0, 0x0, 0x4, 0xff, 0xf7,
    0x0, 0x0, 0x0, 0x3e, 0xff, 0x50,

    /* U+F157 "" */
    0x3f, 0xf8, 0x0, 0x0, 0x8f, 0xf3, 0xc, 0xff,
    0x10, 0x1, 0xff, 0xc0, 0x4, 0xff, 0x80, 0x8,
    0xff, 0x40, 0x0, 0xbf, 0xf0, 0xf, 0xfb, 0x0,
    0x0, 0x3f, 0xf6, 0x6f, 0xf3, 0x0, 0xb, 0xcf,
    0xfc, 0xcf, 0xfc, 0xb0, 0xf, 0xff, 0xff, 0xff,
    0xff, 0xf0, 0x0, 0x0, 0x9f, 0xf9, 0x0, 0x0,
    0x0, 0x0, 0x4f, 0xf4, 0x0, 0x0, 0xf, 0xff,
    0xff, 0xff, 0xff, 0xf0, 0xb, 0xcc, 0xdf, 0xfd,
    0xcc, 0xb0, 0x0, 0x0, 0x4f, 0xf4, 0x0, 0x0,
    0x0, 0x0, 0x4f, 0xf4, 0x0, 0x0, 0x0, 0x0,
    0x3f, 0xf3, 0x0, 0x0,

    /* U+F158 "" */
    0x0, 0xff, 0xff, 0xff, 0xe9, 0x10, 0x0, 0xff,
    0xff, 0xff, 0xff, 0xd1, 0x0, 0xff, 0xa2, 0x23,
    0xaf, 0xf9, 0x0, 0xff, 0x90, 0x0, 0xd, 0xfe,
    0x0, 0xff, 0x90, 0x0, 0xa, 0xff, 0x0, 0xff,
    0x90, 0x0, 0xd, 0xfe, 0x22, 0xff, 0xa2, 0x23,
    0xaf, 0xf8, 0xff, 0xff, 0xff, 0xff, 0xff, 0xd1,
    0xff, 0xff, 0xff, 0xff, 0xe9, 0x10, 0x0, 0xff,
    0x90, 0x0, 0x0, 0x0, 0xff, 0xff, 0xff, 0xff,
    0xff, 0x0, 0xff, 0xff, 0xff, 0xff, 0xff, 0x0,
    0x0, 0xff, 0x90, 0x0, 0x0, 0x0, 0x0, 0xff,
    0x80, 0x0, 0x0, 0x0,

    /* U+F159 "" */
    0x9, 0xf6, 0x0, 0x1, 0xff, 0x10, 0x0, 0x7f,
    0x90, 0x7, 0xf9, 0x0, 0x5, 0xff, 0x40, 0x0,
    0xaf, 0x70, 0x3, 0xfc, 0x0, 0x9, 0xff, 0x80,
    0x0, 0xdf, 0x30, 0xff, 0xff, 0xff, 0xff, 0xff,
    0xff, 0xff, 0xff, 0xff, 0xff, 0xff, 0xff, 0xff,
    0xff, 0xff, 0xff, 0xff, 0xff, 0x0, 0x9f, 0x60,
    0x4f, 0xab, 0xf3, 0x7, 0xf8, 0x0, 0xff, 0xff,
    0xff, 0xff, 0xff, 0xff, 0xff, 0xff, 0xff, 0xff,
    0xff, 0xff, 0xff, 0xff, 0xff, 0xff, 0xff, 0xff,
    0x0, 0xe, 0xf1, 0xff, 0x1, 0xfe, 0x1f, 0xd0,
    0x0, 0x0, 0xa, 0xf7, 0xfb, 0x0, 0xdf, 0x7f,
    0x90, 0x0, 0x0, 0x7, 0xfc, 0xf8, 0x0, 0x9f,
    0xcf, 0x60, 0x0, 0x0, 0x3, 0xff, 0xf4, 0x0,
    0x5f, 0xff, 0x20, 0x0, 0x0, 0x0, 0xff, 0xf1,
    0x0, 0x2f, 0xfe, 0x0, 0x0, 0x0, 0x0, 0xbf,
    0xc0, 0x0, 0xe, 0xfa, 0x0, 0x0,

    /* U+F15A "" */
    0x0, 0x2, 0x10, 0x21, 0x0, 0x0, 0x0, 0x0,
    0xda, 0x1f, 0x70, 0x0, 0x0, 0x0, 0xd, 0xa1,
    0xf7, 0x0, 0x0, 0x9, 0xbb, 0xfe, 0xcf, 0xd8,
    0x20, 0x0, 0xdf, 0xff, 0xff, 0xff, 0xff, 0x50,
    0x0, 0x1f, 0xfb, 0x1, 0x6f, 0xfd, 0x0, 0x0,
    0xef, 0xb0, 0x0, 0xcf, 0xe0, 0x0, 0xe, 0xfb,
    0x0, 0x1e, 0xfa, 0x0, 0x0, 0xef, 0xeb, 0xcf,
    0xff, 0x30, 0x0, 0xe, 0xff, 0xdd, 0xff, 0xff,
    0x40, 0x0, 0xef, 0xb0, 0x0, 0x9f, 0xfc, 0x0,
    0xe, 0xfb, 0x0, 0x2, 0xff, 0xd0, 0x0, 0xff,
    0xb0, 0x2, 0xaf, 0xf9, 0x9, 0xff, 0xff, 0xef,
    0xff, 0xfe, 0x20, 0xbe, 0xef, 0xfe, 0xfe, 0xb7,
    0x10, 0x0, 0x0, 0xda, 0x1f, 0x70, 0x0, 0x0,
    0x0, 0xd, 0xa1, 0xf7, 0x0, 0x0, 0x0,

    /* U+F15B "" */
    0xdf, 0xff, 0xff, 0xf0, 0xd1, 0x0, 0xff, 0xff,
    0xff, 0xf0, 0xfd, 0x10, 0xff, 0xff, 0xff, 0xf0,
    0xff, 0xd1, 0xff, 0xff, 0xff, 0xf0, 0xff, 0xfd,
    0xff, 0xff, 0xff, 0xf2, 0x0, 0x0, 0xff, 0xff,
    0xff, 0xff, 0xff, 0xff, 0xff, 0xff, 0xff, 0xff,
    0xff, 0xff, 0xff, 0xff, 0xff, 0xff, 0xff, 0xff,
    0xff, 0xff, 0xff, 0xff, 0xff, 0xff, 0xff, 0xff,
    0xff, 0xff, 0xff, 0xff, 0xff, 0xff, 0xff, 0xff,
    0xff, 0xff, 0xff, 0xff, 0xff, 0xff, 0xff, 0xff,
    0xff, 0xff, 0xff, 0xff, 0xff, 0xff, 0xff, 0xff,
    0xff, 0xff, 0xff, 0xff, 0xff, 0xff, 0xff, 0xff,
    0xff, 0xff, 0xdf, 0xff, 0xff, 0xff, 0xff, 0xfd,

    /* U+F15C "" */
    0xdf, 0xff, 0xff, 0xf0, 0xd1, 0x0, 0xff, 0xff,
    0xff, 0xf0, 0xfd, 0x10, 0xff, 0xff, 0xff, 0xf0,
    0xff, 0xd1, 0xff, 0xff, 0xff, 0xf0, 0xff, 0xfd,
    0xff, 0xff, 0xff, 0xf2, 0x0, 0x0, 0xff, 0xff,
    0xff, 0xff, 0xff, 0xff, 0xff, 0xff, 0xff, 0xff,
    0xff, 0xff, 0xff, 0xf1, 0x0, 0x0, 0x1f, 0xff,
    0xff, 0xff, 0xff, 0xff, 0xff, 0xff, 0xff, 0xf1,
    0x0, 0x0, 0x1f, 0xff, 0xff, 0xff, 0xff, 0xff,
    0xff, 0xff, 0xff, 0xf1, 0x0, 0x0, 0x1f, 0xff,
    0xff, 0xff, 0xff, 0xff, 0xff, 0xff, 0xff, 0xff,
    0xff, 0xff, 0xff, 0xff, 0xff, 0xff, 0xff, 0xff,
    0xff, 0xff, 0xdf, 0xff, 0xff, 0xff, 0xff, 0xfd,

    /* U+F15D "" */
    0x0, 0xe, 0xe0, 0x0, 0x0, 0x2f, 0xf2, 0x0,
    0x0, 0xff, 0x0, 0x0, 0x8, 0xff, 0x80, 0x0,
    0xf, 0xf0, 0x0, 0x0, 0xed, 0xde, 0x0, 0x0,
    0xff, 0x0, 0x0, 0x4f, 0xcc, 0xf4, 0x0, 0xf,
    0xf0, 0x0, 0xa, 0xff, 0xff, 0xa0, 0x0, 0xff,
    0x0, 0x0, 0xec, 0x44, 0xce, 0x0, 0xf, 0xf0,
    0x0, 0x0, 0x0, 0x0, 0x0, 0x0, 0xff, 0x0,
    0x0, 0x0, 0x0, 0x0, 0x0, 0xf, 0xf0, 0x0,
    0x6, 0xff, 0xff, 0x60, 0x0, 0xff, 0x0, 0x0,
    0x6f, 0xff, 0xf5, 0xe, 0xff, 0xff, 0xe0, 0x0,
    0xa, 0xf8, 0x0, 0x4f, 0xff, 0xf4, 0x0, 0x8,
    0xfa, 0x0, 0x0, 0x7f, 0xf7, 0x0, 0x5, 0xff,
    0xff, 0x60, 0x0, 0x99, 0x0, 0x0, 0x6f, 0xff,
    0xf6,

    /* U+F15E "" */
    0x0, 0x9, 0x90, 0x0, 0x0, 0x2f, 0xf2, 0x0,
    0x7, 0xff, 0x70, 0x0, 0x8, 0xff, 0x80, 0x4,
    0xff, 0xff, 0x40, 0x0, 0xed, 0xde, 0x0, 0xef,
    0xff, 0xfe, 0x0, 0x4f, 0xcc, 0xf4, 0x0, 0xf,
    0xf0, 0x0, 0xa, 0xff, 0xff, 0xa0, 0x0, 0xff,
    0x0, 0x0, 0xec, 0x44, 0xce, 0x0, 0xf, 0xf0,
    0x0, 0x0, 0x0, 0x0, 0x0, 0x0, 0xff, 0x0,
    0x0, 0x0, 0x0, 0x0, 0x0, 0xf, 0xf0, 0x0,
    0x6, 0xff, 0xff, 0x60, 0x0, 0xff, 0x0, 0x0,
    0x6f, 0xff, 0xf5, 0x0, 0xf, 0xf0, 0x0, 0x0,
    0xa, 0xf8, 0x0, 0x0, 0xff, 0x0, 0x0, 0x8,
    0xfa, 0x0, 0x0, 0xf, 0xf0, 0x0, 0x5, 0xff,
    0xff, 0x60, 0x0, 0xee, 0x0, 0x0, 0x6f, 0xff,
    0xf6,

    /* U+F160 "" */
    0x0, 0xe, 0xe0, 0x0, 0xef, 0xff, 0xff, 0xff,
    0xe0, 0x0, 0xff, 0x0, 0xe, 0xff, 0xff, 0xff,
    0xfe, 0x0, 0xf, 0xf0, 0x0, 0x0, 0x0, 0x0,
    0x0, 0x0, 0x0, 0xff, 0x0, 0x0, 0x0, 0x0,
    0x0, 0x0, 0x0, 0xf, 0xf0, 0x0, 0xef, 0xff,
    0xff, 0xe0, 0x0, 0x0, 0xff, 0x0, 0xe, 0xff,
    0xff, 0xfe, 0x0, 0x0, 0xf, 0xf0, 0x0, 0x0,
    0x0, 0x0, 0x0, 0x0, 0x0, 0xff, 0x0, 0x0,
    0x0, 0x0, 0x0, 0x0, 0x0, 0xf, 0xf0, 0x0,
    0xef, 0xff, 0xe0, 0x0, 0x0, 0x0, 0xff, 0x0,
    0xe, 0xff, 0xfe, 0x0, 0x0, 0xe, 0xff, 0xff,
    0xe0, 0x0, 0x0, 0x0, 0x0, 0x0, 0x4f, 0xff,
    0xf4, 0x0, 0x0, 0x0, 0x0, 0x0, 0x0, 0x7f,
    0xf7, 0x0, 0xef, 0xe0, 0x0, 0x0, 0x0, 0x0,
    0x99, 0x0, 0xe, 0xfe, 0x0, 0x0, 0x0,

    /* U+F161 "" */
    0x0, 0x9, 0x90, 0x0, 0xef, 0xff, 0xff, 0xff,
    0xe0, 0x7, 0xff, 0x70, 0xe, 0xff, 0xff, 0xff,
    0xfe, 0x4, 0xff, 0xff, 0x40, 0x0, 0x0, 0x0,
    0x0, 0x0, 0xef, 0xff, 0xfe, 0x0, 0x0, 0x0,
    0x0, 0x0, 0x0, 0xf, 0xf0, 0x0, 0xef, 0xff,
    0xff, 0xe0, 0x0, 0x0, 0xff, 0x0, 0xe, 0xff,
    0xff, 0xfe, 0x0, 0x0, 0xf, 0xf0, 0x0, 0x0,
    0x0, 0x0, 0x0, 0x0, 0x0, 0xff, 0x0, 0x0,
    0x0, 0x0, 0x0, 0x0, 0x0, 0xf, 0xf0, 0x0,
    0xef, 0xff, 0xe0, 0x0, 0x0, 0x0, 0xff, 0x0,
    0xe, 0xff, 0xfe, 0x0, 0x0, 0x0, 0xf, 0xf0,
    0x0, 0x0, 0x0, 0x0, 0x0, 0x0, 0x0, 0xff,
    0x0, 0x0, 0x0, 0x0, 0x0, 0x0, 0x0, 0xf,
    0xf0, 0x0, 0xef, 0xe0, 0x0, 0x0, 0x0, 0x0,
    0xee, 0x0, 0xe, 0xfe, 0x0, 0x0, 0x0,

    /* U+F162 "" */
    0x0, 0xe, 0xe0, 0x0, 0x0, 0x8f, 0xe0, 0x0,
    0x0, 0xff, 0x0, 0x0, 0xe, 0xff, 0x0, 0x0,
    0xf, 0xf0, 0x0, 0x0, 0xf, 0xf0, 0x0, 0x0,
    0xff, 0x0, 0x0, 0x0, 0xff, 0x0, 0x0, 0xf,
    0xf0, 0x0, 0x0, 0xef, 0xfe, 0x0, 0x0, 0xff,
    0x0, 0x0, 0xe, 0xff, 0xe0, 0x0, 0xf, 0xf0,
    0x0, 0x0, 0x0, 0x0, 0x0, 0x0, 0xff, 0x0,
    0x0, 0x7, 0xee, 0x70, 0x0, 0xf, 0xf0, 0x0,
    0x4, 0xff, 0xff, 0x30, 0x0, 0xff, 0x0, 0x0,
    0x7f, 0x77, 0xf7, 0xe, 0xff, 0xff, 0xe0, 0x3,
    0xff, 0xff, 0x70, 0x4f, 0xff, 0xf4, 0x0, 0x6,
    0xef, 0xf3, 0x0, 0x7f, 0xf7, 0x0, 0x0, 0x1d,
    0xfb, 0x0, 0x0, 0x99, 0x0, 0x0, 0x0, 0xd9,
    0x0, 0x0, 0x0, 0x0, 0x0, 0x0, 0x0, 0x0,
    0x0,

    /* U+F163 "" */
    0x0, 0x9, 0x90, 0x0, 0x0, 0x8f, 0xe0, 0x0,
    0x7, 0xff, 0x70, 0x0, 0xe, 0xff, 0x0, 0x4,
    0xff, 0xff, 0x40, 0x0, 0xf, 0xf0, 0x0, 0xef,
    0xff, 0xfe, 0x0, 0x0, 0xff, 0x0, 0x0, 0xf,
    0xf0, 0x0, 0x0, 0xef, 0xfe, 0x0, 0x0, 0xff,
    0x0, 0x0, 0xe, 0xff, 0xe0, 0x0, 0xf, 0xf0,
    0x0, 0x0, 0x0, 0x0, 0x0, 0x0, 0xff, 0x0,
    0x0, 0x6, 0xee, 0x70, 0x0, 0xf, 0xf0, 0x0,
    0x4, 0xff, 0xff, 0x30, 0x0, 0xff, 0x0, 0x0,
    0x7f, 0x77, 0xf7, 0x0, 0xf, 0xf0, 0x0, 0x3,
    0xff, 0xff, 0x70, 0x0, 0xff, 0x0, 0x0, 0x6,
    0xef, 0xf3, 0x0, 0xf, 0xf0, 0x0, 0x0, 0x1d,
    0xfb, 0x0, 0x0, 0xee, 0x0, 0x0, 0x0, 0xd9,
    0x0, 0x0, 0x0, 0x0, 0x0, 0x0, 0x0, 0x0,
    0x0,

    /* U+F164 "" */
    0x0, 0x0, 0x0, 0x0, 0xc, 0xd4, 0x0, 0x0,
    0x0, 0x0, 0x0, 0x0, 0x3f, 0xfd, 0x0, 0x0,
    0x0, 0x0, 0x0, 0x0, 0x8f, 0xff, 0x0, 0x0,
    0x0, 0x0, 0x0, 0x1, 0xef, 0xfc, 0x0, 0x0,
    0x0, 0x0, 0x0, 0xc, 0xff, 0xf6, 0x0, 0x0,
    0x0, 0x0, 0x0, 0x8f, 0xff, 0xf8, 0x88, 0x60,
    0x0, 0x0, 0x4, 0xff, 0xff, 0xff, 0xff, 0xfb,
    0xdf, 0xfd, 0xf, 0xff, 0xff, 0xff, 0xff, 0xff,
    0xff, 0xff, 0xf, 0xff, 0xff, 0xff, 0xff, 0xfa,
    0xff, 0xff, 0xf, 0xff, 0xff, 0xff, 0xff, 0xf8,
    0xff, 0xff, 0xf, 0xff, 0xff, 0xff, 0xff, 0xf7,
    0xff, 0xff, 0xf, 0xff, 0xff, 0xff, 0xff, 0xf2,
    0xff, 0xff, 0xf, 0xff, 0xff, 0xff, 0xff, 0xf1,
    0xf9, 0x9f, 0xf, 0xff, 0xff, 0xff, 0xff, 0xb0,
    0xf9, 0x9f, 0x7, 0xcf, 0xff, 0xff, 0xff, 0x90,
    0xdf, 0xfd, 0x0, 0x2, 0x8d, 0xff, 0xea, 0x10,

    /* U+F165 "" */
    0x0, 0x0, 0x0, 0x2, 0x8d, 0xff, 0xea, 0x10,
    0xdf, 0xfd, 0x7, 0xcf, 0xff, 0xff, 0xff, 0x90,
    0xff, 0xff, 0xf, 0xff, 0xff, 0xff, 0xff, 0xb0,
    0xff, 0xff, 0xf, 0xff, 0xff, 0xff, 0xff, 0xf1,
    0xff, 0xff, 0xf, 0xff, 0xff, 0xff, 0xff, 0xf2,
    0xff, 0xff, 0xf, 0xff, 0xff, 0xff, 0xff, 0xf7,
    0xff, 0xff, 0xf, 0xff, 0xff, 0xff, 0xff, 0xf8,
    0xf9, 0x9f, 0xf, 0xff, 0xff, 0xff, 0xff, 0xfa,
    0xf9, 0x9f, 0xf, 0xff, 0xff, 0xff, 0xff, 0xff,
    0xdf, 0xfd, 0x5, 0xff, 0xff, 0xff, 0xff, 0xfb,
    0x0, 0x0, 0x0, 0x8f, 0xff, 0xf8, 0x88, 0x60,
    0x0, 0x0, 0x0, 0xc, 0xff, 0xf6, 0x0, 0x0,
    0x0, 0x0, 0x0, 0x1, 0xef, 0xfc, 0x0, 0x0,
    0x0, 0x0, 0x0, 0x0, 0x8f, 0xff, 0x0, 0x0,
    0x0, 0x0, 0x0, 0x0, 0x3f, 0xfd, 0x0, 0x0,
    0x0, 0x0, 0x0, 0x0, 0xc, 0xd4, 0x0, 0x0,

    /* U+F167 "" */
    0x3, 0xac, 0xde, 0xef, 0xff, 0xee, 0xed, 0xc8,
    0x10, 0x2f, 0xff, 0xff, 0xff, 0xff, 0xff, 0xff,
    0xff, 0xc0, 0x7f, 0xff, 0xff, 0xff, 0xff, 0xff,
    0xff, 0xff, 0xf1, 0x9f, 0xff, 0xff, 0xfc, 0xff,
    0xff, 0xff, 0xff, 0xf3, 0xaf, 0xff, 0xff, 0xf1,
    0x5d, 0xff, 0xff, 0xff, 0xf5, 0xbf, 0xff, 0xff,
    0xf1, 0x0, 0x7f, 0xff, 0xff, 0xf5, 0xbf, 0xff,
    0xff, 0xf1, 0x0, 0x5e, 0xff, 0xff, 0xf5, 0xaf,
    0xff, 0xff, 0xf1, 0x3c, 0xff, 0xff, 0xff, 0xf5,
    0x9f, 0xff, 0xff, 0xfa, 0xff, 0xff, 0xff, 0xff,
    0xf4, 0x7f, 0xff, 0xff, 0xff, 0xff, 0xff, 0xff,
    0xff, 0xf2, 0x3f, 0xff, 0xff, 0xff, 0xff, 0xff,
    0xff, 0xff, 0xd0, 0x5, 0xce, 0xff, 0xff, 0xff,
    0xff, 0xfe, 0xda, 0x20, 0x0, 0x0, 0x0, 0x0,
    0x0, 0x0, 0x0, 0x0, 0x0,

    /* U+F168 "" */
    0x0, 0x0, 0x0, 0x0, 0x0, 0xef, 0xd0, 0x0,
    0x0, 0x0, 0x0, 0x8, 0xff, 0x50, 0x0, 0x34,
    0x10, 0x0, 0x2f, 0xfc, 0x0, 0x1, 0xef, 0xd0,
    0x0, 0xaf, 0xf3, 0x0, 0x0, 0x6f, 0xf7, 0x4,
    0xff, 0xa0, 0x0, 0x0, 0xf, 0xfe, 0xc, 0xff,
    0x10, 0x0, 0x0, 0x5f, 0xf9, 0x6f, 0xf8, 0x0,
    0x0, 0x0, 0xef, 0xe1, 0xef, 0xe0, 0x0, 0x0,
    0x7, 0xff, 0x64, 0xff, 0x90, 0x0, 0x0, 0xb,
    0xdb, 0x0, 0xcf, 0xf2, 0x0, 0x0, 0x0, 0x0,
    0x0, 0x4f, 0xfa, 0x0, 0x0, 0x0, 0x0, 0x0,
    0xb, 0xff, 0x30, 0x0, 0x0, 0x0, 0x0, 0x2,
    0xff, 0xb0, 0x0, 0x0, 0x0, 0x0, 0x0, 0x9f,
    0xf3, 0x0,

    /* U+F169 "" */
    0x8f, 0xff, 0xff, 0xff, 0xff, 0xff, 0xf8, 0xff,
    0xff, 0xff, 0xff, 0xff, 0xff, 0xff, 0xff, 0xff,
    0xff, 0xff, 0xf2, 0xe, 0xff, 0xff, 0xff, 0xff,
    0xff, 0x80, 0x6f, 0xff, 0xff, 0xf7, 0x8, 0xfe,
    0x1, 0xef, 0xff, 0xff, 0xfe, 0x10, 0xe6, 0x9,
    0xff, 0xff, 0xff, 0xfe, 0x0, 0xb0, 0x2f, 0xff,
    0xff, 0xff, 0xf6, 0x8, 0x30, 0xbf, 0xff, 0xff,
    0xff, 0xe0, 0x2f, 0x40, 0xaf, 0xff, 0xff, 0xff,
    0xff, 0xff, 0xc0, 0x2f, 0xff, 0xff, 0xff, 0xff,
    0xff, 0xf5, 0x9, 0xff, 0xff, 0xff, 0xff, 0xff,
    0xfe, 0x1, 0xff, 0xff, 0xff, 0xff, 0xff, 0xff,
    0xff, 0xff, 0xff, 0x8f, 0xff, 0xff, 0xff, 0xff,
    0xff, 0xf8,

    /* U+F16B "" */
    0x0, 0x19, 0xb2, 0x0, 0x0, 0x7, 0xd4, 0x0,
    0x0, 0x5e, 0xff, 0xf7, 0x0, 0x3c, 0xff, 0xfa,
    0x10, 0x9f, 0xff, 0xff, 0xfc, 0x6f, 0xff, 0xff,
    0xfe, 0x20, 0x9f, 0xff, 0xfb, 0x20, 0x6f, 0xff,
    0xfd, 0x40, 0x0, 0x3d, 0xf6, 0x0, 0x0, 0x1b,
    0xf8, 0x0, 0x0, 0x0, 0x58, 0x0, 0x0, 0x0,
    0x3a, 0x10, 0x0, 0x1, 0xbf, 0xfd, 0x30, 0x0,
    0x8f, 0xfe, 0x50, 0x6, 0xff, 0xff, 0xff, 0x94,
    0xef, 0xff, 0xff, 0xb1, 0x3d, 0xff, 0xff, 0xe6,
    0x3a, 0xff, 0xff, 0xf8, 0x0, 0x7, 0xff, 0xa4,
    0xcf, 0x75, 0xef, 0xc3, 0x0, 0x0, 0x2, 0x48,
    0xff, 0xff, 0xd4, 0x50, 0x0, 0x0, 0x0, 0x7,
    0xff, 0xff, 0xff, 0xd1, 0x0, 0x0, 0x0, 0x0,
    0x4, 0xdf, 0xff, 0x90, 0x0, 0x0, 0x0, 0x0,
    0x0, 0x0, 0x8c, 0x30, 0x0, 0x0, 0x0,

    /* U+F16C "" */
    0x0, 0x0, 0x0, 0x5, 0x90, 0x0, 0x0, 0x0,
    0x0, 0x3, 0xf5, 0x0, 0x0, 0x0, 0x6, 0x80,
    0x7f, 0x20, 0x0, 0x0, 0x3, 0xeb, 0xb, 0xc0,
    0x0, 0x0, 0x30, 0x2d, 0xc3, 0xe8, 0x0, 0x3,
    0xfc, 0x41, 0xce, 0x74, 0x0, 0x0, 0x2a, 0xfd,
    0x5a, 0x40, 0x0, 0x7, 0x41, 0x18, 0xf9, 0x0,
    0x0, 0x1c, 0xff, 0xeb, 0x92, 0x0, 0xe5, 0x0,
    0x2, 0x58, 0xb0, 0xf4, 0xe5, 0x5f, 0xff, 0xff,
    0xe0, 0xf4, 0xe5, 0x14, 0x44, 0x44, 0x40, 0xf4,
    0xe7, 0x44, 0x44, 0x44, 0x44, 0xf4, 0xef, 0xff,
    0xff, 0xff, 0xff, 0xf4,

    /* U+F16D "" */
    0x0, 0x0, 0x0, 0x0, 0x0, 0x0, 0x0, 0x1,
    0xae, 0xff, 0xff, 0xff, 0xd9, 0x10, 0x1e, 0xc6,
    0x43, 0x33, 0x34, 0x6c, 0xe1, 0x8c, 0x0, 0x0,
    0x0, 0x0, 0x51, 0xc9, 0xc6, 0x0, 0x1, 0x44,
    0x11, 0xf6, 0x6d, 0xf4, 0x0, 0x5e, 0xff, 0xe5,
    0x30, 0x4f, 0xf4, 0x2, 0xf7, 0x0, 0x8f, 0x20,
    0x4f, 0xf4, 0x6, 0xd0, 0x0, 0xd, 0x60, 0x4f,
    0xf4, 0x6, 0xd0, 0x0, 0xd, 0x60, 0x4f, 0xf4,
    0x2, 0xf7, 0x0, 0x7f, 0x20, 0x4f, 0xf4, 0x0,
    0x5f, 0xff, 0xf5, 0x0, 0x4f, 0xd6, 0x0, 0x1,
    0x44, 0x10, 0x0, 0x6d, 0x9c, 0x0, 0x0, 0x0,
    0x0, 0x0, 0xc9, 0x1d, 0xc6, 0x44, 0x44, 0x44,
    0x6c, 0xe1, 0x0, 0x8c, 0xff, 0xff, 0xff, 0xc9,
    0x10,

    /* U+F16E "" */
    0x8f, 0xff, 0xff, 0xff, 0xff, 0xff, 0xf8, 0xff,
    0xff, 0xff, 0xff, 0xff, 0xff, 0xff, 0xff, 0xff,
    0xff, 0xff, 0xff, 0xff, 0xff, 0xff, 0xff, 0xff,
    0xff, 0xff, 0xff, 0xff, 0xff, 0xff, 0xff, 0xff,
    0xff, 0xff, 0xff, 0xff, 0xf4, 0x7, 0xfe, 0x30,
    0x5f, 0xff, 0xff, 0xa0, 0x0, 0xd6, 0x0, 0xa,
    0xff, 0xff, 0xa0, 0x0, 0xd6, 0x0, 0xa, 0xff,
    0xff, 0xf5, 0x17, 0xfe, 0x41, 0x6f, 0xff, 0xff,
    0xff, 0xff, 0xff, 0xff, 0xff, 0xff, 0xff, 0xff,
    0xff, 0xff, 0xff, 0xff, 0xff, 0xff, 0xff, 0xff,
    0xff, 0xff, 0xff, 0xff, 0xff, 0xff, 0xff, 0xff,
    0xff, 0xff, 0xff, 0x8f, 0xff, 0xff, 0xff, 0xff,
    0xff, 0xf8,

    /* U+F170 "" */
    0x0, 0x0, 0x16, 0xab, 0xa8, 0x30, 0x0, 0x0,
    0x0, 0x7, 0xff, 0xff, 0xff, 0xfc, 0x20, 0x0,
    0x0, 0xaf, 0xff, 0xff, 0xff, 0xff, 0xe3, 0x0,
    0x8, 0xff, 0xff, 0xfe, 0xff, 0xff, 0xfe, 0x10,
    0x2f, 0xff, 0xff, 0xf3, 0xaf, 0xff, 0xff, 0xa0,
    0x9f, 0xff, 0xff, 0x85, 0x2e, 0xff, 0xff, 0xf1,
    0xdf, 0xff, 0xfd, 0x2f, 0x95, 0xff, 0xff, 0xf5,
    0xff, 0xff, 0xf3, 0xbf, 0xf3, 0xaf, 0xff, 0xf7,
    0xff, 0xff, 0x81, 0x55, 0x53, 0x1e, 0xff, 0xf7,
    0xdf, 0xfd, 0x4f, 0xff, 0xff, 0xb5, 0xff, 0xf5,
    0x9f, 0xf9, 0xdf, 0xff, 0xff, 0xf8, 0xef, 0xf1,
    0x2f, 0xff, 0xff, 0xff, 0xff, 0xff, 0xff, 0xa0,
    0x8, 0xff, 0xff, 0xff, 0xff, 0xff, 0xfe, 0x10,
    0x0, 0xaf, 0xff, 0xff, 0xff, 0xff, 0xe3, 0x0,
    0x0, 0x7, 0xff, 0xff, 0xff, 0xfc, 0x20, 0x0,
    0x0, 0x0, 0x16, 0xab, 0xa8, 0x30, 0x0, 0x0,

    /* U+F171 "" */
    0xbf, 0xff, 0xff, 0xff, 0xff, 0xff, 0xff, 0xfb,
    0xaf, 0xff, 0xff, 0xff, 0xff, 0xff, 0xff, 0xfa,
    0x8f, 0xff, 0xff, 0xff, 0xff, 0xff, 0xff, 0xf7,
    0x5f, 0xff, 0xff, 0xff, 0xff, 0xff, 0xff, 0xf4,
    0x2f, 0xff, 0xfd, 0xbb, 0xbb, 0xef, 0xff, 0xf2,
    0xf, 0xff, 0xfa, 0x0, 0x0, 0xbf, 0xff, 0xf0,
    0xd, 0xff, 0xfd, 0x0, 0x0, 0xef, 0xff, 0xd0,
    0xa, 0xff, 0xff, 0x0, 0x1, 0xff, 0xff, 0xa0,
    0x8, 0xff, 0xff, 0x30, 0x3, 0xff, 0xff, 0x70,
    0x5, 0xff, 0xff, 0xcb, 0xbc, 0xff, 0xff, 0x50,
    0x2, 0xff, 0xff, 0xff, 0xff, 0xff, 0xff, 0x20,
    0x0, 0xff, 0xff, 0xff, 0xff, 0xff, 0xff, 0x0,
    0x0, 0xdf, 0xff, 0xff, 0xff, 0xff, 0xfd, 0x0,
    0x0, 0x9f, 0xff, 0xff, 0xff, 0xff, 0xfa, 0x0,
    0x0, 0x0, 0x0, 0x0, 0x0, 0x0, 0x0, 0x0,

    /* U+F173 "" */
    0x0, 0xd, 0xff, 0x10, 0x0, 0x0, 0x1f, 0xff,
    0x20, 0x0, 0x0, 0x8f, 0xff, 0x20, 0x0, 0x6,
    0xff, 0xff, 0x31, 0x10, 0xbf, 0xff, 0xff, 0xff,
    0xf1, 0xdf, 0xff, 0xff, 0xff, 0xf1, 0xdf, 0xff,
    0xff, 0xff, 0xf1, 0x12, 0xff, 0xff, 0x31, 0x10,
    0x1, 0xff, 0xff, 0x20, 0x0, 0x1, 0xff, 0xff,
    0x20, 0x0, 0x1, 0xff, 0xff, 0x20, 0x0, 0x1,
    0xff, 0xff, 0x30, 0x0, 0x0, 0xff, 0xff, 0xc7,
    0x90, 0x0, 0xaf, 0xff, 0xff, 0xf3, 0x0, 0x2e,
    0xff, 0xff, 0xf8, 0x0, 0x2, 0xae, 0xfe, 0xa2,

    /* U+F174 "" */
    0x8f, 0xff, 0xff, 0xff, 0xff, 0xff, 0xf8, 0xff,
    0xff, 0xff, 0xff, 0xff, 0xff, 0xff, 0xff, 0xff,
    0xfe, 0x3, 0xff, 0xff, 0xff, 0xff, 0xff, 0xf8,
    0x3, 0xff, 0xff, 0xff, 0xff, 0xff, 0x70, 0x1,
    0x7a, 0xff, 0xff, 0xff, 0xff, 0x0, 0x0, 0x6,
    0xff, 0xff, 0xff, 0xff, 0x91, 0x1, 0x9c, 0xff,
    0xff, 0xff, 0xff, 0xf2, 0x3, 0xff, 0xff, 0xff,
    0xff, 0xff, 0xf2, 0x3, 0xff, 0xff, 0xff, 0xff,
    0xff, 0xf3, 0x1, 0xcd, 0xff, 0xff, 0xff, 0xff,
    0xf7, 0x0, 0x4, 0xff, 0xff, 0xff, 0xff, 0xff,
    0x50, 0x16, 0xff, 0xff, 0xff, 0xff, 0xff, 0xff,
    0xff, 0xff, 0xff, 0x8f, 0xff, 0xff, 0xff, 0xff,
    0xff, 0xf8,

    /* U+F179 "" */
    0x0, 0x0, 0x0, 0x6, 0xc0, 0x0, 0x0, 0x0,
    0x0, 0x7f, 0x90, 0x0, 0x0, 0x0, 0x0, 0xed,
    0x10, 0x0, 0x0, 0x59, 0x72, 0x67, 0xa8, 0x20,
    0xb, 0xff, 0xff, 0xff, 0xff, 0xf3, 0x7f, 0xff,
    0xff, 0xff, 0xff, 0xa0, 0xcf, 0xff, 0xff, 0xff,
    0xff, 0x10, 0xdf, 0xff, 0xff, 0xff, 0xff, 0x0,
    0xcf, 0xff, 0xff, 0xff, 0xff, 0x20, 0x9f, 0xff,
    0xff, 0xff, 0xff, 0xc0, 0x4f, 0xff, 0xff, 0xff,
    0xff, 0xfb, 0xc, 0xff, 0xff, 0xff, 0xff, 0xf5,
    0x2, 0xff, 0xff, 0xff, 0xff, 0xb0, 0x0, 0x4e,
    0xe9, 0x7b, 0xfb, 0x10, 0x0, 0x0, 0x0, 0x0,
    0x0, 0x0,

    /* U+F17A "" */
    0x0, 0x0, 0x0, 0x1, 0x35, 0x8a, 0xce, 0x24,
    0x68, 0xb9, 0x9f, 0xff, 0xff, 0xff, 0xff, 0xff,
    0xfc, 0xaf, 0xff, 0xff, 0xff, 0xff, 0xff, 0xfc,
    0xaf, 0xff, 0xff, 0xff, 0xff, 0xff, 0xfc, 0xaf,
    0xff, 0xff, 0xff, 0xff, 0xff, 0xfc, 0xaf, 0xff,
    0xff, 0xff, 0xbb, 0xbb, 0xb8, 0x6b, 0xbb, 0xbb,
    0xbb, 0xaa, 0xaa, 0xa7, 0x6a, 0xaa, 0xaa, 0xaa,
    0xff, 0xff, 0xfc, 0xaf, 0xff, 0xff, 0xff, 0xff,
    0xff, 0xfc, 0xaf, 0xff, 0xff, 0xff, 0xff, 0xff,
    0xfc, 0xaf, 0xff, 0xff, 0xff, 0xff, 0xff, 0xfc,
    0xaf, 0xff, 0xff, 0xff, 0x24, 0x68, 0xb9, 0x9f,
    0xff, 0xff, 0xff, 0x0, 0x0, 0x0, 0x1, 0x36,
    0x8a, 0xce,

    /* U+F17B "" */
    0x0, 0x0, 0x0, 0x0, 0x0, 0x0, 0x0, 0x1,
    0x34, 0x52, 0x30, 0x0, 0x0, 0x5, 0xff, 0xff,
    0x80, 0x0, 0x0, 0x5f, 0xbf, 0xfc, 0xe6, 0x0,
    0x0, 0xcf, 0xff, 0xff, 0xfc, 0x0, 0x65, 0x9b,
    0xbb, 0xbb, 0xb9, 0x57, 0xfc, 0xdf, 0xff, 0xff,
    0xfe, 0xcf, 0xfd, 0xdf, 0xff, 0xff, 0xfe, 0xdf,
    0xfd, 0xdf, 0xff, 0xff, 0xfe, 0xdf, 0xfc, 0xdf,
    0xff, 0xff, 0xfe, 0xcf, 0x75, 0xdf, 0xff, 0xff,
    0xfe, 0x67, 0x0, 0xaf, 0xff, 0xff, 0xfb, 0x0,
    0x0, 0x2, 0xfa, 0x4f, 0x60, 0x0, 0x0, 0x1,
    0xf9, 0x3f, 0x60, 0x0, 0x0, 0x0, 0xb5, 0x1c,
    0x20, 0x0,

    /* U+F17C "" */
    0x0, 0x0, 0x5, 0xef, 0xb0, 0x0, 0x0, 0x0,
    0x0, 0xe, 0xff, 0xf6, 0x0, 0x0, 0x0, 0x0,
    0x29, 0xe6, 0xca, 0x0, 0x0, 0x0, 0x0, 0x2a,
    0x79, 0xab, 0x0, 0x0, 0x0, 0x0, 0x26, 0x1,
    0xac, 0x0, 0x0, 0x0, 0x0, 0x66, 0x22, 0x5f,
    0x20, 0x0, 0x0, 0x1, 0xe1, 0x0, 0xe, 0xd0,
    0x0, 0x0, 0xa, 0xa0, 0x0, 0x7, 0xe8, 0x0,
    0x0, 0x4d, 0x30, 0x0, 0x1, 0xdf, 0x10, 0x0,
    0xaa, 0x0, 0x0, 0x0, 0x7f, 0x60, 0x0, 0xc7,
    0x0, 0x0, 0x1, 0xdb, 0x60, 0x3, 0x17, 0x60,
    0x0, 0x3, 0xa7, 0x40, 0x30, 0x0, 0xd4, 0x0,
    0x3, 0x0, 0x21, 0x30, 0x0, 0x33, 0x0, 0x22,
    0x0, 0x4, 0x31, 0x0, 0xa, 0xbb, 0xf0, 0x1,
    0x30, 0x1, 0x33, 0x33, 0x0, 0x13, 0x32, 0x0,
    0x0, 0x0, 0x0, 0x0, 0x0, 0x0, 0x0,

    /* U+F17D "" */
    0x0, 0x0, 0x3, 0x79, 0x97, 0x30, 0x0, 0x0,
    0x0, 0x3, 0xcf, 0xd8, 0x8b, 0xfc, 0x30, 0x0,
    0x0, 0x5f, 0x99, 0xe1, 0x0, 0x18, 0xf5, 0x0,
    0x3, 0xf5, 0x0, 0xeb, 0x0, 0x1, 0xdf, 0x30,
    0xd, 0x70, 0x0, 0x4f, 0x40, 0x4d, 0x97, 0xd0,
    0x4e, 0x0, 0x0, 0xa, 0xdc, 0xe6, 0x0, 0xe4,
    0x9b, 0x45, 0x69, 0xdf, 0xfb, 0x0, 0x0, 0x99,
    0xbf, 0xed, 0xb9, 0x62, 0x9d, 0x23, 0x31, 0x6b,
    0xb6, 0x0, 0x0, 0x6, 0xdf, 0xed, 0xdf, 0xfb,
    0xa8, 0x0, 0x3, 0xde, 0x8c, 0x90, 0x0, 0x99,
    0x6d, 0x0, 0x5f, 0x90, 0x6, 0xe0, 0x0, 0xd5,
    0xe, 0x53, 0xf6, 0x0, 0x1, 0xf3, 0x4, 0xe0,
    0x6, 0xed, 0x70, 0x0, 0x0, 0xc7, 0x2e, 0x60,
    0x0, 0x8f, 0x50, 0x0, 0x0, 0x9c, 0xe8, 0x0,
    0x0, 0x6, 0xfc, 0x74, 0x47, 0xdf, 0x60, 0x0,
    0x0, 0x0, 0x16, 0xbd, 0xdb, 0x61, 0x0, 0x0,

    /* U+F17E "" */
    0x2, 0xac, 0x93, 0x22, 0x0, 0x0, 0x0, 0x3,
    0xff, 0xff, 0xff, 0xff, 0xb3, 0x0, 0x0, 0xcf,
    0xff, 0xff, 0xef, 0xff, 0xf6, 0x0, 0xf, 0xff,
    0xf8, 0x10, 0x1, 0x7f, 0xf4, 0x0, 0xdf, 0xfa,
    0x0, 0x55, 0x10, 0xaf, 0xe0, 0x6, 0xff, 0x70,
    0x1e, 0xff, 0xbf, 0xff, 0x40, 0x5f, 0xfb, 0x0,
    0x2, 0x6c, 0xff, 0xf6, 0x5, 0xff, 0xfb, 0x40,
    0x0, 0xa, 0xff, 0x70, 0x3f, 0xfd, 0x7e, 0xfc,
    0x30, 0x4f, 0xf7, 0x0, 0xef, 0x80, 0x2b, 0xc3,
    0x7, 0xff, 0xe0, 0x5, 0xff, 0x71, 0x0, 0x7,
    0xff, 0xff, 0x0, 0x7, 0xff, 0xfe, 0xef, 0xff,
    0xff, 0xe0, 0x0, 0x4, 0xdf, 0xff, 0xff, 0xff,
    0xf5, 0x0, 0x0, 0x0, 0x24, 0x44, 0xbe, 0xb4,
    0x0,

    /* U+F180 "" */
    0x8e, 0xff, 0xff, 0xff, 0xff, 0xe3, 0xff, 0xdc,
    0xcc, 0xcc, 0xce, 0xf7, 0xfd, 0x0, 0x0, 0x0,
    0x7, 0xf5, 0xfd, 0x0, 0x0, 0x0, 0x9, 0xf2,
    0xfd, 0x0, 0x1, 0x11, 0x1d, 0xe0, 0xfd, 0x0,
    0x3f, 0xff, 0xff, 0xb0, 0xfd, 0x0, 0x19, 0x99,
    0xcf, 0x80, 0xfd, 0x0, 0x0, 0x0, 0x6f, 0x50,
    0xfd, 0x0, 0x0, 0x0, 0xaf, 0x20, 0xfd, 0x0,
    0x4c, 0xdd, 0xff, 0x0, 0xfd, 0x2, 0xef, 0xff,
    0xf7, 0x0, 0xfd, 0x1d, 0xf5, 0x0, 0x0, 0x0,
    0xfd, 0xbf, 0x70, 0x0, 0x0, 0x0, 0xff, 0xf9,
    0x0, 0x0, 0x0, 0x0, 0xff, 0xb0, 0x0, 0x0,
    0x0, 0x0, 0xdc, 0x0, 0x0, 0x0, 0x0, 0x0,
    0x0, 0x0, 0x0, 0x0, 0x0, 0x0,

    /* U+F181 "" */
    0x6f, 0xff, 0xff, 0xff, 0xff, 0xff, 0xf6, 0xff,
    0xed, 0xde, 0xff, 0xed, 0xde, 0xff, 0xff, 0x0,
    0x0, 0xef, 0x0, 0x0, 0xef, 0xfe, 0x0, 0x0,
    0xdf, 0x0, 0x0, 0xdf, 0xfe, 0x0, 0x0, 0xdf,
    0x0, 0x0, 0xdf, 0xfe, 0x0, 0x0, 0xdf, 0x0,
    0x0, 0xdf, 0xfe, 0x0, 0x0, 0xdf, 0x0, 0x0,
    0xdf, 0xfe, 0x0, 0x0, 0xdf, 0x31, 0x12, 0xff,
    0xfe, 0x0, 0x0, 0xdf, 0xff, 0xff, 0xff, 0xfe,
    0x0, 0x0, 0xdf, 0xff, 0xff, 0xff, 0xfe, 0x0,
    0x0, 0xef, 0xff, 0xff, 0xff, 0xff, 0xa9, 0x9a,
    0xff, 0xff, 0xff, 0xff, 0xff, 0xff, 0xff, 0xff,
    0xff, 0xff, 0xfe, 0x6f, 0xff, 0xff, 0xff, 0xff,
    0xff, 0xe6,

    /* U+F182 "" */
    0x0, 0x4e, 0xe4, 0x0, 0x0, 0xef, 0xfe, 0x0,
    0x0, 0xef, 0xfe, 0x0, 0x0, 0x4e, 0xe4, 0x0,
    0x0, 0x74, 0x47, 0x0, 0x5, 0xff, 0xff, 0x50,
    0x9, 0xff, 0xff, 0x90, 0xd, 0xff, 0xff, 0xd0,
    0x1f, 0xff, 0xff, 0xf1, 0x5f, 0xff, 0xff, 0xf5,
    0x9f, 0xff, 0xff, 0xf9, 0x9f, 0xff, 0xff, 0xf9,
    0x0, 0x4f, 0xf4, 0x0, 0x0, 0x4f, 0xf4, 0x0,
    0x0, 0x4f, 0xf4, 0x0, 0x0, 0x2f, 0xf2, 0x0,

    /* U+F183 "" */
    0x4, 0xee, 0x40, 0xe, 0xff, 0xe0, 0xe, 0xff,
    0xe0, 0x4, 0xee, 0x40, 0x27, 0x44, 0x72, 0xdf,
    0xff, 0xfd, 0xff, 0xff, 0xff, 0xff, 0xff, 0xff,
    0xff, 0xff, 0xff, 0xff, 0xff, 0xff, 0xdf, 0xff,
    0xfd, 0xc, 0xff, 0xc0, 0xc, 0xff, 0xc0, 0xc,
    0xff, 0xc0, 0xc, 0xff, 0xc0, 0x9, 0xff, 0x90,

    /* U+F184 "" */
    0x0, 0x0, 0x5, 0x9b, 0xb9, 0x40, 0x0, 0x0,
    0x0, 0x5, 0xef, 0xff, 0xff, 0xfd, 0x30, 0x0,
    0x0, 0x8f, 0xff, 0xff, 0xff, 0xff, 0xf5, 0x0,
    0x5, 0xff, 0xff, 0xff, 0xff, 0xff, 0xff, 0x30,
    0xe, 0xff, 0xfe, 0xff, 0xff, 0xef, 0xff, 0xd0,
    0x6f, 0xff, 0x80, 0x1b, 0xb1, 0x9, 0xff, 0xf3,
    0xaf, 0xff, 0x30, 0x0, 0x0, 0x4, 0xff, 0xf8,
    0xcf, 0xff, 0x90, 0x0, 0x0, 0xa, 0xff, 0xfa,
    0xcf, 0xff, 0xf5, 0x0, 0x0, 0x5f, 0xff, 0xf9,
    0xaf, 0xff, 0xff, 0x20, 0x2, 0xff, 0xff, 0xf8,
    0x6f, 0xff, 0xff, 0xc0, 0xc, 0xff, 0xff, 0xf3,
    0xe, 0xff, 0xff, 0xf8, 0x9f, 0xff, 0xff, 0xd0,
    0x5, 0xff, 0xff, 0xff, 0xff, 0xff, 0xff, 0x30,
    0x0, 0x8f, 0xff, 0xff, 0xff, 0xff, 0xf5, 0x0,
    0x0, 0x5, 0xef, 0xff, 0xff, 0xfd, 0x30, 0x0,
    0x0, 0x0, 0x5, 0x9b, 0xb9, 0x40, 0x0, 0x0,

    /* U+F185 "" */
    0x0, 0x0, 0x0, 0x9, 0x90, 0x0, 0x0, 0x0,
    0x0, 0x0, 0x0, 0x1f, 0xf1, 0x0, 0x0, 0x0,
    0x0, 0x99, 0x40, 0x9f, 0xf9, 0x4, 0x99, 0x0,
    0x0, 0x9f, 0xfe, 0xff, 0xff, 0xef, 0xf9, 0x0,
    0x0, 0x4f, 0xfd, 0x40, 0x4, 0xdf, 0xf4, 0x0,
    0x0, 0xe, 0xd1, 0x8e, 0xe8, 0x1d, 0xe0, 0x0,
    0x1, 0x9f, 0x48, 0xff, 0xff, 0x84, 0xf9, 0x10,
    0x9f, 0xff, 0xe, 0xff, 0xff, 0xe0, 0xff, 0xf9,
    0x9f, 0xff, 0xe, 0xff, 0xff, 0xe0, 0xff, 0xf9,
    0x1, 0x9f, 0x48, 0xff, 0xff, 0x84, 0xf9, 0x10,
    0x0, 0xe, 0xd1, 0x8e, 0xe8, 0x1d, 0xe0, 0x0,
    0x0, 0x4f, 0xfd, 0x40, 0x4, 0xdf, 0xf4, 0x0,
    0x0, 0x9f, 0xfe, 0xff, 0xff, 0xef, 0xf9, 0x0,
    0x0, 0x99, 0x40, 0x9f, 0xf9, 0x4, 0x99, 0x0,
    0x0, 0x0, 0x0, 0x1f, 0xf1, 0x0, 0x0, 0x0,
    0x0, 0x0, 0x0, 0x9, 0x80, 0x0, 0x0, 0x0,

    /* U+F186 "" */
    0x0, 0x0, 0x4, 0xad, 0xff, 0x60, 0x0, 0x0,
    0x0, 0x1, 0xbf, 0xff, 0xf8, 0x0, 0x0, 0x0,
    0x0, 0x1d, 0xff, 0xff, 0x90, 0x0, 0x0, 0x0,
    0x0, 0xbf, 0xff, 0xfe, 0x0, 0x0, 0x0, 0x0,
    0x5, 0xff, 0xff, 0xf8, 0x0, 0x0, 0x0, 0x0,
    0xb, 0xff, 0xff, 0xf5, 0x0, 0x0, 0x0, 0x0,
    0xf, 0xff, 0xff, 0xf4, 0x0, 0x0, 0x0, 0x0,
    0x1f, 0xff, 0xff, 0xf6, 0x0, 0x0, 0x0, 0x0,
    0x2f, 0xff, 0xff, 0xfa, 0x0, 0x0, 0x0, 0x0,
    0xf, 0xff, 0xff, 0xff, 0x20, 0x0, 0x0, 0x0,
    0xc, 0xff, 0xff, 0xff, 0xd1, 0x0, 0x0, 0x0,
    0x5, 0xff, 0xff, 0xff, 0xfd, 0x40, 0x0, 0x0,
    0x0, 0xbf, 0xff, 0xff, 0xff, 0xfc, 0x87, 0x80,
    0x0, 0x1d, 0xff, 0xff, 0xff, 0xff, 0xff, 0x90,
    0x0, 0x0, 0xaf, 0xff, 0xff, 0xff, 0xf7, 0x0,
    0x0, 0x0, 0x3, 0xad, 0xff, 0xc8, 0x20, 0x0,

    /* U+F187 "" */
    0xcf, 0xff, 0xff, 0xff, 0xff, 0xff, 0xff, 0xfc,
    0xff, 0xff, 0xff, 0xff, 0xff, 0xff, 0xff, 0xff,
    0xef, 0xff, 0xff, 0xff, 0xff, 0xff, 0xff, 0xfe,
    0x0, 0x0, 0x0, 0x0, 0x0, 0x0, 0x0, 0x0,
    0xf, 0xff, 0xff, 0xff, 0xff, 0xff, 0xff, 0xf0,
    0xf, 0xff, 0xff, 0xff, 0xff, 0xff, 0xff, 0xf0,
    0xf, 0xff, 0xff, 0x10, 0x1, 0xff, 0xff, 0xf0,
    0xf, 0xff, 0xff, 0xff, 0xff, 0xff, 0xff, 0xf0,
    0xf, 0xff, 0xff, 0xff, 0xff, 0xff, 0xff, 0xf0,
    0xf, 0xff, 0xff, 0xff, 0xff, 0xff, 0xff, 0xf0,
    0xf, 0xff, 0xff, 0xff, 0xff, 0xff, 0xff, 0xf0,
    0xf, 0xff, 0xff, 0xff, 0xff, 0xff, 0xff, 0xf0,
    0xf, 0xff, 0xff, 0xff, 0xff, 0xff, 0xff, 0xf0,
    0xc, 0xff, 0xff, 0xff, 0xff, 0xff, 0xff, 0xc0,

    /* U+F188 "" */
    0x0, 0x0, 0x1, 0x9e, 0xfa, 0x10, 0x0, 0x0,
    0x0, 0x0, 0xc, 0xff, 0xff, 0xd0, 0x0, 0x0,
    0x0, 0x0, 0x4f, 0xff, 0xff, 0xf5, 0x0, 0x0,
    0xc, 0xc1, 0x38, 0x88, 0x88, 0x84, 0x1c, 0xc0,
    0xc, 0xfd, 0x10, 0x0, 0x0, 0x1, 0xdf, 0xc0,
    0x1, 0xdf, 0xff, 0xff, 0xff, 0xff, 0xfd, 0x10,
    0x0, 0x4f, 0xff, 0xff, 0xff, 0xff, 0xf4, 0x0,
    0x0, 0x4f, 0xff, 0xf4, 0x4f, 0xff, 0xf4, 0x0,
    0xcf, 0xff, 0xff, 0xf4, 0x4f, 0xff, 0xff, 0xfc,
    0xcf, 0xff, 0xff, 0xf4, 0x4f, 0xff, 0xff, 0xfc,
    0x0, 0x3f, 0xff, 0xf4, 0x4f, 0xff, 0xf3, 0x0,
    0x0, 0x1f, 0xff, 0xf4, 0x4f, 0xff, 0xf1, 0x0,
    0x0, 0x1e, 0xff, 0xf4, 0x4f, 0xff, 0xe1, 0x0,
    0x1, 0xdf, 0xff, 0xf4, 0x4f, 0xff, 0xfd, 0x10,
    0xc, 0xfd, 0x29, 0xe3, 0x3e, 0x92, 0xdf, 0xc0,
    0xc, 0xc1, 0x0, 0x0, 0x0, 0x0, 0x1c, 0xc0,

    /* U+F189 "" */
    0x8f, 0xf8, 0x0, 0x8f, 0xff, 0x20, 0x4, 0xff,
    0xb0, 0x6f, 0xff, 0x0, 0x1f, 0xff, 0x30, 0xd,
    0xff, 0x70, 0x1f, 0xff, 0x60, 0xe, 0xff, 0x30,
    0x6f, 0xfe, 0x0, 0x9, 0xff, 0xe0, 0xe, 0xff,
    0x31, 0xef, 0xf4, 0x0, 0x1, 0xff, 0xf8, 0xe,
    0xff, 0x6c, 0xff, 0xa0, 0x0, 0x0, 0x7f, 0xff,
    0x8f, 0xff, 0xff, 0xff, 0x40, 0x0, 0x0, 0xc,
    0xff, 0xff, 0xff, 0xff, 0xff, 0xe2, 0x0, 0x0,
    0x1, 0xdf, 0xff, 0xff, 0x45, 0xff, 0xfe, 0x10,
    0x0, 0x0, 0x1c, 0xff, 0xff, 0x30, 0x3f, 0xff,
    0xc0, 0x0, 0x0, 0x0, 0x6c, 0xff, 0x10, 0x4,
    0xef, 0xf2,

    /* U+F18A "" */
    0x0, 0x0, 0x0, 0x0, 0x0, 0x0, 0x0, 0x0,
    0x0, 0x0, 0x0, 0x0, 0x0, 0x7, 0xfe, 0x91,
    0x0, 0x0, 0x0, 0x0, 0x10, 0x0, 0x13, 0x5c,
    0xd1, 0x0, 0x0, 0x7, 0xef, 0xc0, 0x0, 0xca,
    0x1c, 0x90, 0x0, 0x1c, 0xff, 0xfe, 0x3, 0x44,
    0xaa, 0x5e, 0x0, 0xc, 0xff, 0xff, 0xfe, 0xff,
    0xd4, 0xc4, 0xf0, 0xb, 0xff, 0xfd, 0xbb, 0xef,
    0xfd, 0x1, 0x4b, 0x5, 0xff, 0x91, 0x0, 0x0,
    0x4e, 0xf8, 0x0, 0x0, 0xcf, 0x40, 0x6e, 0xfa,
    0x0, 0x2f, 0xfb, 0x0, 0xf, 0xb0, 0x3f, 0xeb,
    0xf7, 0x0, 0xdf, 0xe0, 0x0, 0xda, 0x6, 0x80,
    0xef, 0x70, 0xf, 0xfa, 0x0, 0x6, 0xf2, 0x1c,
    0xbf, 0xd0, 0xb, 0xfe, 0x10, 0x0, 0x6, 0xe7,
    0x25, 0x43, 0x6e, 0xfb, 0x10, 0x0, 0x0, 0x1,
    0x6b, 0xdf, 0xec, 0x93, 0x0, 0x0, 0x0,

    /* U+F18B "" */
    0x0, 0x0, 0x5, 0x40, 0x7, 0x30, 0x0, 0x0,
    0x0, 0x5, 0xef, 0x80, 0xe, 0xfc, 0x20, 0x0,
    0x0, 0x8f, 0xff, 0x80, 0xe, 0xff, 0xf3, 0x0,
    0x6, 0xff, 0xff, 0x80, 0xe, 0xff, 0xfe, 0x10,
    0x1f, 0xff, 0xff, 0x80, 0xe, 0xff, 0xff, 0xa0,
    0x7f, 0xff, 0xff, 0x70, 0xe, 0xff, 0xff, 0xf1,
    0xbf, 0xff, 0xff, 0x60, 0xd, 0xff, 0xff, 0xf5,
    0xdf, 0xff, 0xff, 0x30, 0xa, 0xff, 0xff, 0xf7,
    0xef, 0xff, 0xfe, 0x0, 0x5, 0xff, 0xff, 0xf7,
    0xcf, 0xff, 0xf7, 0x0, 0x0, 0xdf, 0xff, 0xf5,
    0x8f, 0xff, 0xc0, 0x5, 0x0, 0x3f, 0xff, 0xf1,
    0x1f, 0xfd, 0x10, 0xd, 0x50, 0x5, 0xff, 0xa0,
    0x7, 0xa1, 0x0, 0x7f, 0xe1, 0x0, 0x4c, 0x10,
    0x0, 0x0, 0x5, 0xff, 0xfc, 0x0, 0x0, 0x0,
    0x0, 0x0, 0x7f, 0xff, 0xff, 0xd1, 0x0, 0x0,
    0x0, 0x0, 0x5, 0x9b, 0xa8, 0x30, 0x0, 0x0,

    /* U+F18C "" */
    0x0, 0x0, 0x3, 0x30, 0x0, 0x0, 0x0, 0x0,
    0x0, 0xcf, 0x60, 0x0, 0x0, 0x0, 0x0, 0xf,
    0xff, 0x0, 0x0, 0x0, 0x0, 0x0, 0xbf, 0xf1,
    0x0, 0x0, 0x0, 0x47, 0x53, 0xff, 0x3, 0x64,
    0x0, 0xd, 0xff, 0xb5, 0xb8, 0xff, 0xc0, 0x0,
    0x6f, 0xff, 0x9e, 0xff, 0xf7, 0x0, 0x0, 0x5c,
    0xff, 0xff, 0xe9, 0x0, 0x5, 0x87, 0x10, 0x76,
    0x10, 0x0, 0x4, 0xff, 0xff, 0x5b, 0x39, 0xee,
    0x80, 0xb, 0xff, 0xff, 0xef, 0xff, 0xfd, 0x0,
    0x8, 0xcc, 0xdc, 0xff, 0xfe, 0x30, 0x0, 0x0,
    0x2b, 0x1, 0x34, 0x0, 0x0, 0x0, 0x2c, 0x20,
    0x0, 0x0, 0x0, 0x2, 0x7c, 0x20, 0x0, 0x0,
    0x0, 0x8, 0xa6, 0x0, 0x0, 0x0, 0x0, 0x0,

    /* U+F18D "" */
    0x0, 0x12, 0x22, 0x22, 0x22, 0x22, 0x0, 0x9,
    0xff, 0xff, 0xff, 0xff, 0xff, 0xe1, 0x2f, 0xff,
    0xff, 0xff, 0xff, 0xff, 0xf8, 0x2a, 0xaa, 0xaa,
    0xaa, 0xaa, 0xaa, 0xa6, 0x29, 0x99, 0x99, 0x99,
    0x99, 0x99, 0x96, 0x3f, 0xff, 0xff, 0xff, 0xff,
    0xff, 0xfa, 0x3f, 0xff, 0xff, 0xff, 0xff, 0xff,
    0xfa, 0x3, 0x33, 0x33, 0x33, 0x33, 0x33, 0x32,
    0x3f, 0xff, 0xff, 0xff, 0xff, 0xff, 0xfa, 0x3f,
    0xff, 0xff, 0xff, 0xff, 0xff, 0xfa, 0x18, 0x88,
    0x88, 0x88, 0x88, 0x88, 0x85, 0x2c, 0xcc, 0xcc,
    0xcc, 0xcc, 0xcc, 0xc7, 0x1f, 0xff, 0xff, 0xff,
    0xff, 0xff, 0xf8, 0x7, 0xff, 0xff, 0xff, 0xff,
    0xff, 0xc1, 0x0, 0x0, 0x0, 0x0, 0xbf, 0x90,
    0x0, 0x0, 0x0, 0x0, 0x0, 0xb9, 0x0, 0x0,
    0x0, 0x0, 0x0, 0x0, 0x50, 0x0, 0x0,

    /* U+F191 "" */
    0x8f, 0xff, 0xff, 0xff, 0xff, 0xff, 0xf8, 0xff,
    0xff, 0xff, 0xff, 0xff, 0xff, 0xff, 0xff, 0xff,
    0xff, 0xff, 0xef, 0xff, 0xff, 0xff, 0xff, 0xff,
    0xf7, 0x4f, 0xff, 0xff, 0xff, 0xff, 0xff, 0x70,
    0x4f, 0xff, 0xff, 0xff, 0xff, 0xf7, 0x0, 0x4f,
    0xff, 0xff, 0xff, 0xff, 0x80, 0x0, 0x4f, 0xff,
    0xff, 0xff, 0xff, 0x80, 0x0, 0x4f, 0xff, 0xff,
    0xff, 0xff, 0xf8, 0x0, 0x4f, 0xff, 0xff, 0xff,
    0xff, 0xff, 0x80, 0x4f, 0xff, 0xff, 0xff, 0xff,
    0xff, 0xf8, 0x4f, 0xff, 0xff, 0xff, 0xff, 0xff,
    0xff, 0xef, 0xff, 0xff, 0xff, 0xff, 0xff, 0xff,
    0xff, 0xff, 0xff, 0x8f, 0xff, 0xff, 0xff, 0xff,
    0xff, 0xf8,

    /* U+F192 "" */
    0x0, 0x0, 0x16, 0xbc, 0xdb, 0x61, 0x0, 0x0,
    0x0, 0x6, 0xef, 0xff, 0xff, 0xfe, 0x60, 0x0,
    0x0, 0x8f, 0xff, 0xff, 0xff, 0xff, 0xf8, 0x0,
    0x5, 0xff, 0xff, 0xff, 0xff, 0xff, 0xff, 0x50,
    0xe, 0xff, 0xff, 0xff, 0xff, 0xff, 0xff, 0xe0,
    0x5f, 0xff, 0xff, 0xe7, 0x7e, 0xff, 0xff, 0xf5,
    0x9f, 0xff, 0xfe, 0x10, 0x1, 0xef, 0xff, 0xf9,
    0xbf, 0xff, 0xf9, 0x0, 0x0, 0x9f, 0xff, 0xfb,
    0xbf, 0xff, 0xf9, 0x0, 0x0, 0x9f, 0xff, 0xfb,
    0x9f, 0xff, 0xfe, 0x10, 0x1, 0xef, 0xff, 0xf9,
    0x5f, 0xff, 0xff, 0xe7, 0x7e, 0xff, 0xff, 0xf5,
    0xe, 0xff, 0xff, 0xff, 0xff, 0xff, 0xff, 0xe0,
    0x5, 0xff, 0xff, 0xff, 0xff, 0xff, 0xff, 0x50,
    0x0, 0x8f, 0xff, 0xff, 0xff, 0xff, 0xf8, 0x0,
    0x0, 0x6, 0xef, 0xff, 0xff, 0xfe, 0x60, 0x0,
    0x0, 0x0, 0x16, 0xbd, 0xdb, 0x61, 0x0, 0x0,

    /* U+F193 "" */
    0x0, 0x0, 0x0, 0x0, 0x0, 0x0, 0x0, 0x0,
    0x0, 0x0, 0x4, 0xee, 0x40, 0x0, 0x0, 0x0,
    0x0, 0x0, 0x0, 0xef, 0xfe, 0x0, 0x0, 0x0,
    0x0, 0x0, 0x0, 0xe, 0xff, 0xd0, 0x0, 0x0,
    0x0, 0x0, 0x0, 0x0, 0xcf, 0xe4, 0x0, 0x0,
    0x0, 0x0, 0x0, 0x0, 0xa, 0xf5, 0x0, 0x0,
    0x0, 0x0, 0x0, 0x0, 0x13, 0x8f, 0xff, 0xff,
    0xe0, 0x0, 0x0, 0x0, 0x4f, 0x96, 0xff, 0xff,
    0xfe, 0x0, 0x0, 0x0, 0x1f, 0xf8, 0x3f, 0xc0,
    0x0, 0x0, 0x0, 0x0, 0x9, 0xfa, 0x1, 0xff,
    0xff, 0xff, 0xc0, 0x0, 0x0, 0xdf, 0x20, 0xb,
    0xff, 0xff, 0xff, 0x50, 0x0, 0xf, 0xf0, 0x0,
    0x0, 0x0, 0x6, 0xfc, 0x0, 0x0, 0xef, 0x20,
    0x0, 0x0, 0x3e, 0x1e, 0xf4, 0x10, 0x9, 0xfa,
    0x0, 0x0, 0xa, 0xf6, 0x7f, 0xdf, 0xb0, 0x2f,
    0xfa, 0x20, 0x3a, 0xff, 0x10, 0xff, 0xfb, 0x0,
    0x4f, 0xff, 0xff, 0xfe, 0x40, 0x5, 0xa3, 0x0,
    0x0, 0x29, 0xef, 0xd9, 0x10, 0x0, 0x0, 0x0,
    0x0,

    /* U+F194 "" */
    0x8f, 0xff, 0xff, 0xff, 0xff, 0xff, 0xf8, 0xff,
    0xff, 0xff, 0xff, 0xff, 0xff, 0xff, 0xff, 0xff,
    0xee, 0xff, 0xfd, 0xbf, 0xff, 0xff, 0xfa, 0x0,
    0xef, 0x90, 0x3, 0xff, 0xff, 0x80, 0x0, 0x9e,
    0x10, 0x0, 0xff, 0xff, 0xa9, 0x0, 0x7f, 0xf1,
    0x3, 0xff, 0xff, 0xff, 0x10, 0x3f, 0xd0, 0x9,
    0xff, 0xff, 0xff, 0x60, 0xe, 0x40, 0x3f, 0xff,
    0xff, 0xff, 0xb0, 0x1, 0x1, 0xdf, 0xff, 0xff,
    0xff, 0xf0, 0x0, 0xb, 0xff, 0xff, 0xff, 0xff,
    0xf6, 0x1, 0xbf, 0xff, 0xff, 0xff, 0xff, 0xff,
    0xbf, 0xff, 0xff, 0xff, 0xff, 0xff, 0xff, 0xff,
    0xff, 0xff, 0xff, 0x8f, 0xff, 0xff, 0xff, 0xff,
    0xff, 0xf8,

    /* U+F195 "" */
    0x0, 0xff, 0x70, 0x0, 0x0, 0x0, 0x0, 0xff,
    0x84, 0x7b, 0xd0, 0x0, 0x25, 0xff, 0xff, 0xff,
    0xf0, 0x0, 0xff, 0xff, 0xfc, 0x95, 0x20, 0x0,
    0xdb, 0xff, 0x84, 0x7b, 0xd0, 0x0, 0x25, 0xff,
    0xff, 0xff, 0xf0, 0x0, 0xff, 0xff, 0xfc, 0x95,
    0x20, 0x0, 0xdb, 0xff, 0x80, 0x0, 0x3, 0xfe,
    0x0, 0xff, 0x80, 0x0, 0x6, 0xfd, 0x0, 0xff,
    0x80, 0x0, 0xb, 0xfa, 0x0, 0xff, 0x80, 0x0,
    0x7f, 0xf3, 0x0, 0xff, 0x81, 0x5c, 0xff, 0x90,
    0x0, 0xff, 0xff, 0xff, 0xf9, 0x0, 0x0, 0xff,
    0xff, 0xd9, 0x30, 0x0,

    /* U+F197 "" */
    0x6, 0x7f, 0xc5, 0x0, 0x0, 0x0, 0x0, 0x0,
    0x0, 0x0, 0xe, 0x8f, 0xff, 0xb0, 0x0, 0x0,
    0x0, 0x0, 0x0, 0x0, 0xf, 0x8f, 0xff, 0xfd,
    0x20, 0x0, 0x0, 0x0, 0x0, 0x0, 0xf, 0x8f,
    0xff, 0xff, 0xf8, 0x10, 0x0, 0x0, 0x0, 0x0,
    0xcf, 0xff, 0xfc, 0x88, 0x88, 0x75, 0x44, 0x32,
    0x10, 0x0, 0xff, 0xff, 0xff, 0xff, 0xff, 0xff,
    0xff, 0xfe, 0xfd, 0x70, 0x9f, 0xff, 0xff, 0xff,
    0xff, 0xff, 0xff, 0xf1, 0xff, 0xfc, 0x8f, 0xff,
    0xff, 0xff, 0xff, 0xff, 0xff, 0xf1, 0xff, 0xfc,
    0xff, 0xff, 0xff, 0xff, 0xff, 0xff, 0xff, 0xfe,
    0xfd, 0x70, 0xdf, 0xff, 0xfc, 0x88, 0x88, 0x75,
    0x44, 0x32, 0x10, 0x0, 0xf, 0x8f, 0xff, 0xff,
    0xf8, 0x10, 0x0, 0x0, 0x0, 0x0, 0xf, 0x8f,
    0xff, 0xfd, 0x20, 0x0, 0x0, 0x0, 0x0, 0x0,
    0xe, 0x8f, 0xff, 0xb0, 0x0, 0x0, 0x0, 0x0,
    0x0, 0x0, 0x6, 0x7f, 0xc5, 0x0, 0x0, 0x0,
    0x0, 0x0, 0x0, 0x0,

    /* U+F198 "" */
    0x0, 0x0, 0xaf, 0x61, 0xdd, 0x10, 0x0, 0x0,
    0x0, 0xff, 0xd6, 0xff, 0x60, 0x0, 0x0, 0x0,
    0x7d, 0xb6, 0xff, 0x60, 0x0, 0x5, 0x66, 0x66,
    0x6, 0xff, 0x61, 0x51, 0x9f, 0xff, 0xff, 0xb6,
    0xff, 0x6b, 0xfd, 0xaf, 0xff, 0xff, 0xa4, 0xff,
    0x4d, 0xfd, 0x5, 0x66, 0x66, 0x0, 0x44, 0x5,
    0x61, 0x3c, 0xd2, 0x7c, 0x40, 0xad, 0xdd, 0xd6,
    0xbf, 0xf3, 0xff, 0xc5, 0xff, 0xff, 0xff, 0x6f,
    0xc1, 0xff, 0xd2, 0xef, 0xff, 0xfa, 0x0, 0x1,
    0xff, 0xd1, 0x22, 0x11, 0x10, 0x0, 0x1, 0xff,
    0xd6, 0xff, 0x20, 0x0, 0x0, 0x0, 0xff, 0xc5,
    0xff, 0x50, 0x0, 0x0, 0x0, 0x6b, 0x30, 0x9a,
    0x0, 0x0,

    /* U+F199 "" */
    0x8f, 0xff, 0xff, 0xff, 0xff, 0xff, 0xf8, 0xff,
    0xff, 0xff, 0xff, 0xff, 0xff, 0xff, 0xff, 0xff,
    0xff, 0xff, 0xff, 0xff, 0xff, 0xff, 0x20, 0x0,
    0x0, 0x0, 0x2, 0xff, 0xff, 0x20, 0x0, 0x0,
    0x0, 0x2, 0xff, 0xff, 0xe5, 0x0, 0x0, 0x0,
    0x5e, 0xff, 0xff, 0x3d, 0x90, 0x0, 0x9, 0xd3,
    0xff, 0xff, 0x0, 0xad, 0x33, 0xda, 0x0, 0xff,
    0xff, 0x0, 0x6, 0xee, 0x60, 0x0, 0xff, 0xff,
    0x0, 0x0, 0x0, 0x0, 0x0, 0xff, 0xff, 0x20,
    0x0, 0x0, 0x0, 0x2, 0xff, 0xff, 0xff, 0xff,
    0xff, 0xff, 0xff, 0xff, 0xff, 0xff, 0xff, 0xff,
    0xff, 0xff, 0xff, 0x8f, 0xff, 0xff, 0xff, 0xff,
    0xff, 0xf8,

    /* U+F19A "" */
    0x0, 0x0, 0x25, 0x55, 0x55, 0x52, 0x0, 0x0,
    0x0, 0x5, 0x45, 0xac, 0xdb, 0x64, 0x50, 0x0,
    0x0, 0x63, 0xcf, 0xff, 0xff, 0xfd, 0x36, 0x0,
    0x5, 0x3e, 0xff, 0xff, 0xff, 0xf7, 0x1, 0x50,
    0x5, 0x11, 0x5e, 0x31, 0x15, 0xf6, 0x0, 0x50,
    0x53, 0x10, 0xdf, 0xf0, 0xd, 0xfd, 0x2, 0x35,
    0x57, 0x70, 0x8f, 0xf6, 0x8, 0xff, 0x44, 0x75,
    0x59, 0xd0, 0x2f, 0xfb, 0x2, 0xff, 0x79, 0x95,
    0x59, 0xf2, 0xd, 0xf8, 0x10, 0xdf, 0x5e, 0x95,
    0x56, 0xf8, 0x7, 0xf7, 0x80, 0x7f, 0x5f, 0x65,
    0x42, 0xfe, 0x2, 0xd9, 0xe0, 0x2b, 0x9f, 0x24,
    0x6, 0x7f, 0x40, 0x5e, 0xf4, 0x4, 0xe7, 0x60,
    0x3, 0x39, 0xa0, 0x4f, 0xf9, 0x4, 0xa3, 0x30,
    0x0, 0x53, 0x50, 0xaf, 0xff, 0x2, 0x35, 0x0,
    0x0, 0x3, 0x51, 0x36, 0x64, 0x15, 0x30, 0x0,
    0x0, 0x0, 0x4, 0x55, 0x55, 0x40, 0x0, 0x0,

    /* U+F19B "" */
    0x0, 0x0, 0x0, 0x2, 0x10, 0x0, 0x0, 0x0,
    0x0, 0x0, 0x9f, 0x40, 0x0, 0x0, 0x0, 0x0,
    0x0, 0xef, 0x40, 0x0, 0x0, 0x0, 0x0, 0x0,
    0xef, 0x40, 0x0, 0x0, 0x0, 0x0, 0x35, 0xef,
    0x66, 0x20, 0x0, 0x0, 0x7e, 0xfb, 0xef, 0x8f,
    0xfc, 0x77, 0x1c, 0xfb, 0x20, 0xef, 0x40, 0xaf,
    0xfa, 0x9f, 0xa0, 0x0, 0xef, 0x40, 0x59, 0xdb,
    0xff, 0x30, 0x0, 0xef, 0x40, 0x0, 0x0, 0xef,
    0x30, 0x0, 0xef, 0x40, 0x0, 0x0, 0x8f, 0xb0,
    0x0, 0xef, 0x40, 0x0, 0x0, 0xb, 0xfd, 0x40,
    0xef, 0x40, 0x0, 0x0, 0x0, 0x6e, 0xff, 0xfd,
    0x20, 0x0, 0x0, 0x0, 0x0, 0x36, 0x50, 0x0,
    0x0, 0x0,

    /* U+F19C "" */
    0x0, 0x0, 0x2, 0x8e, 0xb5, 0x0, 0x0, 0x0,
    0x0, 0x6, 0xcf, 0xff, 0xff, 0xe9, 0x30, 0x0,
    0x39, 0xff, 0xff, 0xff, 0xff, 0xff, 0xfd, 0x70,
    0x8e, 0xff, 0xff, 0xff, 0xff, 0xff, 0xff, 0xd2,
    0x5, 0x88, 0x88, 0x88, 0x88, 0x88, 0x87, 0x10,
    0x0, 0x3f, 0xc0, 0x3f, 0xc0, 0x3f, 0xc0, 0x0,
    0x0, 0x3f, 0xc0, 0x3f, 0xc0, 0x3f, 0xc0, 0x0,
    0x0, 0x3f, 0xc0, 0x3f, 0xc0, 0x3f, 0xc0, 0x0,
    0x0, 0x3f, 0xc0, 0x3f, 0xc0, 0x3f, 0xc0, 0x0,
    0x0, 0x3f, 0xc0, 0x3f, 0xc0, 0x3f, 0xc0, 0x0,
    0x0, 0x3f, 0xc0, 0x3f, 0xc0, 0x3f, 0xc0, 0x0,
    0xa, 0xff, 0xff, 0xff, 0xff, 0xff, 0xff, 0x30,
    0x37, 0x88, 0x88, 0x88, 0x88, 0x88, 0x88, 0x70,
    0xaf, 0xff, 0xff, 0xff, 0xff, 0xff, 0xff, 0xf3,

    /* U+F19D "" */
    0x0, 0x0, 0x0, 0x0, 0x0, 0x0, 0x0, 0x0,
    0x0, 0x0, 0x0, 0x0, 0x0, 0x5, 0xae, 0xea,
    0x50, 0x0, 0x0, 0x0, 0x0, 0x1, 0x6b, 0xff,
    0xff, 0xff, 0xff, 0xb6, 0x10, 0x0, 0x28, 0xcf,
    0xff, 0xff, 0xff, 0xff, 0xff, 0xff, 0xfc, 0x82,
    0xef, 0xff, 0xff, 0xff, 0xff, 0xff, 0xff, 0xff,
    0xff, 0xfe, 0x28, 0xff, 0xff, 0xff, 0xff, 0xff,
    0xff, 0xff, 0xfd, 0x82, 0x5, 0xc1, 0x6b, 0xff,
    0xff, 0xff, 0xff, 0xb6, 0x10, 0x0, 0xc, 0xc0,
    0x43, 0x5, 0xae, 0xea, 0x50, 0x34, 0x0, 0x0,
    0xc, 0xc0, 0xbf, 0xe9, 0x41, 0x14, 0x9e, 0xfb,
    0x0, 0x0, 0xb, 0xb0, 0xdf, 0xff, 0xff, 0xff,
    0xff, 0xfd, 0x0, 0x0, 0xe, 0xe0, 0xff, 0xff,
    0xff, 0xff, 0xff, 0xff, 0x0, 0x0, 0x2f, 0xf2,
    0xbf, 0xff, 0xff, 0xff, 0xff, 0xfb, 0x0, 0x0,
    0x4f, 0xf4, 0x5, 0x9c, 0xef, 0xfe, 0xc9, 0x50,
    0x0, 0x0,

    /* U+F19E "" */
    0x1d, 0xe1, 0x0, 0x0, 0x0, 0x1e, 0xd1, 0x5,
    0xfa, 0x0, 0x0, 0x0, 0xaf, 0x50, 0x0, 0xbf,
    0x30, 0x0, 0x3, 0xfb, 0x0, 0x0, 0x2f, 0xd0,
    0x0, 0xd, 0xf2, 0x0, 0x0, 0x8, 0xf7, 0x0,
    0x7f, 0x80, 0x0, 0x0, 0x0, 0xef, 0x11, 0xfe,
    0x0, 0x0, 0x0, 0x0, 0x6f, 0xaa, 0xf6, 0x0,
    0x0, 0x0, 0x0, 0xd, 0xff, 0xc0, 0x0, 0x0,
    0x0, 0x0, 0x4, 0xff, 0x30, 0x0, 0x0, 0x0,
    0x0, 0x0, 0xee, 0x0, 0x0, 0x0, 0x0, 0x0,
    0x0, 0xee, 0x0, 0x0, 0x0, 0x0, 0x0, 0x0,
    0xfe, 0x0, 0x0, 0x0, 0x0, 0x0, 0x0, 0xfe,
    0x0, 0x0, 0x0, 0x0, 0x0, 0x0, 0xff, 0x0,
    0x0, 0x0, 0x0, 0x0, 0x0, 0xff, 0x0, 0x0,
    0x0, 0x0, 0x0, 0x0, 0xee, 0x0, 0x0, 0x0,

    /* U+F1A0 "" */
    0x0, 0x0, 0x4, 0x8a, 0x97, 0x30, 0x0, 0x0,
    0x0, 0x5, 0xef, 0xff, 0xff, 0xfc, 0x20, 0x0,
    0x0, 0x8f, 0xff, 0xff, 0xff, 0xff, 0xc0, 0x0,
    0x7, 0xff, 0xfd, 0x74, 0x48, 0xed, 0x10, 0x0,
    0x2f, 0xff, 0x90, 0x0, 0x0, 0x11, 0x0, 0x0,
    0x8f, 0xfb, 0x0, 0x0, 0x0, 0x0, 0x0, 0x0,
    0xdf, 0xf3, 0x0, 0x0, 0x0, 0x0, 0x0, 0x0,
    0xff, 0xf0, 0x0, 0x1, 0xff, 0xff, 0xff, 0xf5,
    0xff, 0xf0, 0x0, 0x1, 0xff, 0xff, 0xff, 0xf6,
    0xdf, 0xf2, 0x0, 0x0, 0xaa, 0xaa, 0xef, 0xf4,
    0x9f, 0xf9, 0x0, 0x0, 0x0, 0x1, 0xff, 0xf1,
    0x2f, 0xff, 0x60, 0x0, 0x0, 0xb, 0xff, 0xc0,
    0x8, 0xff, 0xfb, 0x41, 0x25, 0xcf, 0xff, 0x30,
    0x0, 0xaf, 0xff, 0xff, 0xff, 0xff, 0xf6, 0x0,
    0x0, 0x7, 0xff, 0xff, 0xff, 0xfe, 0x40, 0x0,
    0x0, 0x0, 0x16, 0x9b, 0xb9, 0x50, 0x0, 0x0,

    /* U+F1A1 "" */
    0x0, 0x0, 0x16, 0xbc, 0xdb, 0x61, 0x0, 0x0,
    0x0, 0x6, 0xef, 0xff, 0xff, 0xfe, 0x60, 0x0,
    0x0, 0x8f, 0xff, 0xff, 0xff, 0xff, 0xf8, 0x0,
    0x5, 0xff, 0xff, 0xff, 0xa9, 0x86, 0xff, 0x50,
    0xe, 0xff, 0xff, 0xff, 0xaf, 0xa4, 0xff, 0xe0,
    0x5f, 0xff, 0xff, 0xfe, 0xbf, 0xff, 0xff, 0xf5,
    0x9f, 0xff, 0xcc, 0x52, 0x15, 0xdc, 0xff, 0xf9,
    0xbf, 0xf7, 0x0, 0x0, 0x0, 0x0, 0x6f, 0xfb,
    0xbf, 0xfb, 0x4, 0xd0, 0xd, 0x40, 0xaf, 0xfb,
    0x9f, 0xfe, 0x1, 0x60, 0x6, 0x10, 0xef, 0xf9,
    0x5f, 0xff, 0x50, 0x44, 0x44, 0x6, 0xff, 0xf5,
    0xd, 0xff, 0xf8, 0x11, 0x11, 0x8f, 0xff, 0xd0,
    0x4, 0xff, 0xff, 0xff, 0xff, 0xff, 0xff, 0x40,
    0x0, 0x6f, 0xff, 0xff, 0xff, 0xff, 0xf6, 0x0,
    0x0, 0x4, 0xdf, 0xff, 0xff, 0xfd, 0x40, 0x0,
    0x0, 0x0, 0x5, 0x9b, 0xb9, 0x50, 0x0, 0x0,

    /* U+F1A2 "" */
    0x8f, 0xff, 0xff, 0xff, 0xff, 0xff, 0xf8, 0xff,
    0xff, 0xff, 0xff, 0xff, 0xff, 0xff, 0xff, 0xff,
    0xff, 0xfa, 0x9a, 0x5e, 0xff, 0xff, 0xff, 0xff,
    0xf9, 0xfc, 0x2d, 0xff, 0xff, 0xff, 0xff, 0xfa,
    0xff, 0xff, 0xff, 0xff, 0xff, 0xe9, 0x55, 0x8e,
    0xff, 0xff, 0xff, 0x30, 0x0, 0x0, 0x0, 0x3,
    0xff, 0xff, 0x30, 0x48, 0x0, 0x84, 0x3, 0xff,
    0xff, 0x90, 0x6b, 0x0, 0xb6, 0x9, 0xff, 0xff,
    0xc0, 0x1, 0x0, 0x10, 0xc, 0xff, 0xff, 0xf8,
    0x4, 0x66, 0x40, 0x8f, 0xff, 0xff, 0xff, 0xe8,
    0x55, 0x8e, 0xff, 0xff, 0xff, 0xff, 0xff, 0xff,
    0xff, 0xff, 0xff, 0x8f, 0xff, 0xff, 0xff, 0xff,
    0xff, 0xf8,

    /* U+F1A3 "" */
    0x0, 0x0, 0x6, 0x9b, 0xa8, 0x40, 0x0, 0x0,
    0x0, 0x6, 0xef, 0xff, 0xff, 0xfc, 0x30, 0x0,
    0x0, 0x9f, 0xff, 0xff, 0xff, 0xff, 0xf4, 0x0,
    0x7, 0xff, 0xff, 0xff, 0xff, 0xff, 0xff, 0x20,
    0x1f, 0xff, 0xff, 0x50, 0x3c, 0xff, 0xff, 0xb0,
    0x7f, 0xff, 0xf7, 0x1, 0x1, 0xff, 0xff, 0xf2,
    0xcf, 0xff, 0xf4, 0xe, 0x20, 0xef, 0xff, 0xf6,
    0xef, 0xff, 0xf4, 0xe, 0xdd, 0xff, 0xff, 0xf8,
    0xef, 0xa3, 0xd4, 0xe, 0x86, 0xf5, 0x3f, 0xf8,
    0xcf, 0x90, 0xc3, 0xe, 0x30, 0xe2, 0xe, 0xf6,
    0x7f, 0xc0, 0x10, 0x1f, 0x60, 0x20, 0x2f, 0xf2,
    0x1f, 0xf8, 0x12, 0xcf, 0xe5, 0x2, 0xdf, 0xb0,
    0x7, 0xff, 0xff, 0xff, 0xff, 0xff, 0xff, 0x20,
    0x0, 0x9f, 0xff, 0xff, 0xff, 0xff, 0xf4, 0x0,
    0x0, 0x6, 0xef, 0xff, 0xff, 0xfc, 0x30, 0x0,
    0x0, 0x0, 0x16, 0x9b, 0xb8, 0x40, 0x0, 0x0,

    /* U+F1A4 "" */
    0x0, 0x0, 0x1, 0xae, 0xe9, 0x10, 0x0, 0x0,
    0x0, 0x0, 0x1e, 0xff, 0xff, 0xd0, 0x0, 0x0,
    0x0, 0x0, 0x8f, 0xfd, 0xef, 0xf7, 0x0, 0x0,
    0x0, 0x0, 0xaf, 0xf1, 0x2f, 0xf9, 0x0, 0x0,
    0x0, 0x0, 0xaf, 0xf0, 0xc, 0xd5, 0x0, 0x0,
    0x0, 0x0, 0xaf, 0xf0, 0x0, 0x0, 0x0, 0x0,
    0xbb, 0x70, 0xaf, 0xf0, 0x6, 0x55, 0xa, 0xb7,
    0xff, 0xb0, 0xaf, 0xf0, 0x1f, 0xf9, 0xf, 0xfb,
    0xff, 0xb0, 0xbf, 0xf0, 0x1f, 0xfa, 0xf, 0xfb,
    0xdf, 0xfc, 0xff, 0xd0, 0xe, 0xff, 0xcf, 0xf8,
    0x5f, 0xff, 0xff, 0x60, 0x6, 0xff, 0xff, 0xe1,
    0x5, 0xdf, 0xd5, 0x0, 0x0, 0x7e, 0xfc, 0x30,

    /* U+F1A5 "" */
    0x8f, 0xff, 0xff, 0xff, 0xff, 0xff, 0xf8, 0xf1,
    0x0, 0x0, 0xf, 0xff, 0xff, 0xff, 0xf0, 0x0,
    0x0, 0xf, 0xff, 0xff, 0xff, 0xf0, 0x0, 0x0,
    0xf, 0xff, 0xff, 0xff, 0xf0, 0x0, 0x0, 0xf,
    0xff, 0xff, 0xff, 0xf0, 0x0, 0x0, 0xf, 0xff,
    0xff, 0xff, 0xf0, 0x0, 0x0, 0xf, 0xff, 0xff,
    0xff, 0xff, 0xff, 0xff, 0xf0, 0x0, 0x0, 0xf,
    0xff, 0xff, 0xff, 0xf0, 0x0, 0x0, 0xf, 0xff,
    0xff, 0xff, 0xf0, 0x0, 0x0, 0xf, 0xff, 0xff,
    0xff, 0xf0, 0x0, 0x0, 0xf, 0xff, 0xff, 0xff,
    0xf0, 0x0, 0x0, 0xf, 0xff, 0xff, 0xff, 0xf0,
    0x0, 0x0, 0x1f, 0x8f, 0xff, 0xff, 0xff, 0xff,
    0xff, 0xf8,

    /* U+F1A6 "" */
    0x0, 0x6f, 0x5f, 0x80, 0x0, 0x0, 0x0, 0x0,
    0x0, 0x6f, 0x49, 0x50, 0x0, 0x0, 0x0, 0x0,
    0x66, 0xaf, 0x46, 0x35, 0x66, 0x62, 0x66, 0x66,
    0xff, 0xef, 0x5f, 0x8e, 0xff, 0xf5, 0xfe, 0xff,
    0xf9, 0x6f, 0x5f, 0x8e, 0x98, 0xf5, 0xf6, 0x9f,
    0xf9, 0x6f, 0x5f, 0x8e, 0x98, 0xf5, 0xf6, 0x9f,
    0xfb, 0x9f, 0x5f, 0x8e, 0xba, 0xf5, 0xf9, 0xbf,
    0xee, 0xee, 0x4e, 0x7c, 0xef, 0xf4, 0xee, 0xff,
    0x0, 0x0, 0x0, 0x3, 0x4a, 0xf2, 0x44, 0xbf,
    0x0, 0x0, 0x0, 0xe, 0xff, 0xf5, 0xff, 0xff,

    /* U+F1A7 "" */
    0x8f, 0xff, 0xff, 0xff, 0xff, 0xff, 0xf8, 0xff,
    0xff, 0xff, 0xff, 0xff, 0xff, 0xff, 0xff, 0xf7,
    0x40, 0x2d, 0xff, 0xff, 0xff, 0xff, 0xf4, 0xa,
    0x12, 0xff, 0xff, 0xff, 0xff, 0xf4, 0x1f, 0x60,
    0xff, 0xff, 0xff, 0xff, 0xf4, 0x9, 0x11, 0x59,
    0xff, 0xff, 0xff, 0xf4, 0x1, 0x25, 0x40, 0xaf,
    0xff, 0xff, 0xf4, 0x1f, 0x7, 0xf0, 0x5f, 0xff,
    0xff, 0xf8, 0x8f, 0x6, 0xb0, 0x6f, 0xff, 0xff,
    0xff, 0xff, 0x0, 0x2, 0xef, 0xff, 0xff, 0xff,
    0xff, 0x6, 0xcf, 0xff, 0xff, 0xff, 0xff, 0xff,
    0x19, 0xff, 0xff, 0xff, 0xff, 0xff, 0xff, 0xff,
    0xff, 0xff, 0xff, 0x8f, 0xff, 0xff, 0xff, 0xff,
    0xff, 0xf8,

    /* U+F1A8 "" */
    0x0, 0x0, 0x0, 0x0, 0x0, 0x0, 0x0, 0x0,
    0x1, 0x0, 0x0, 0x0, 0x0, 0x0, 0x0, 0x0,
    0x0, 0x50, 0x0, 0x0, 0x0, 0x0, 0x0, 0x0,
    0x0, 0x5, 0x30, 0x0, 0x0, 0x0, 0x0, 0x0,
    0x20, 0x0, 0x84, 0x0, 0x0, 0x0, 0x0, 0x0,
    0xa, 0xe3, 0x67, 0x10, 0x0, 0x0, 0x0, 0x0,
    0x1, 0xac, 0xb6, 0x0, 0x0, 0x0, 0x0, 0x0,
    0x0, 0x0, 0xef, 0xf2, 0x0, 0x0, 0x0, 0x0,
    0x0, 0x4, 0x15, 0xdf, 0xf8, 0x0, 0x0, 0x0,
    0x0, 0x15, 0x9f, 0xcb, 0x3a, 0xf6, 0x40, 0x0,
    0x0, 0x8c, 0xa6, 0x36, 0x97, 0x39, 0xfa, 0xaa,
    0x0, 0x0, 0x0, 0x0, 0x0, 0x99, 0xbf, 0xef,
    0x3f, 0x80, 0x0, 0x0, 0x0, 0x0, 0xc, 0xd9,
    0xff, 0x1d, 0xf3, 0x0, 0x0, 0x0, 0x0, 0x0,
    0x9, 0xfe, 0xa, 0xfd, 0x0, 0x0, 0x0, 0x0,
    0x0, 0x5, 0x85, 0x7, 0xff, 0xb0, 0x0, 0x0,
    0x0, 0x0, 0x7, 0xef, 0x53, 0xff, 0xf6, 0x0,
    0x0, 0x0, 0x0, 0x6, 0xfe, 0x80, 0xa8, 0x10,
    0x0, 0x0, 0x0, 0x0, 0x0, 0x0, 0x0, 0x0,
    0x0,

    /* U+F1A9 "" */
    0x0, 0x0, 0x7, 0x10, 0x0, 0x0, 0x0, 0x0,
    0x3f, 0xd2, 0x0, 0x0, 0x0, 0x9, 0xff, 0xff,
    0xa1, 0x0, 0x1, 0xdf, 0xff, 0xff, 0xfe, 0x20,
    0xd, 0xff, 0xff, 0xff, 0xff, 0xd0, 0x6f, 0xff,
    0xff, 0xff, 0xff, 0xf6, 0xcf, 0xff, 0xff, 0xff,
    0xff, 0xfc, 0xff, 0xff, 0xff, 0xff, 0xff, 0xff,
    0xff, 0xf9, 0x24, 0xbf, 0xfe, 0x7c, 0xcf, 0xc0,
    0x0, 0x5, 0x81, 0x4, 0x7f, 0xa0, 0x0, 0x1a,
    0xb1, 0x2, 0xd, 0xf7, 0x49, 0xd9, 0xad, 0x50,
    0x1, 0xcf, 0xfc, 0xde, 0xbd, 0x20, 0x0, 0x6,
    0xce, 0xa8, 0x60, 0x0,

    /* U+F1AA "" */
    0x5e, 0xd2, 0x0, 0x0, 0x0, 0x2d, 0xe5, 0xef,
    0xfc, 0x74, 0x0, 0x57, 0xcf, 0xfe, 0xdf, 0xff,
    0xff, 0x8c, 0xff, 0xff, 0xfc, 0x2d, 0xfd, 0x8b,
    0xdf, 0xd7, 0xef, 0xc2, 0xa, 0xf5, 0x1d, 0xfd,
    0x90, 0x8f, 0x60, 0x8, 0xfb, 0xbf, 0xcb, 0xfb,
    0xcf, 0x40, 0x1, 0xef, 0xca, 0x2, 0xef, 0xda,
    0x0, 0x0, 0xae, 0xfb, 0x1, 0xae, 0xfa, 0x0,
    0x7, 0xfa, 0xef, 0x9d, 0xfa, 0xef, 0x40, 0xa,
    0xf5, 0x2b, 0xdf, 0xc1, 0x8f, 0x70, 0x2d, 0xfc,
    0x5d, 0xfd, 0x96, 0xef, 0xc2, 0xdf, 0xff, 0xff,
    0xcb, 0xff, 0xff, 0xfd, 0xef, 0xfc, 0x97, 0x1,
    0x79, 0xcf, 0xfe, 0x5e, 0xd2, 0x0, 0x0, 0x0,
    0x2d, 0xe5,

    /* U+F1AB "" */
    0xdf, 0xff, 0xff, 0xff, 0xf8, 0xbf, 0xff, 0xff,
    0xff, 0xfd, 0xff, 0xff, 0xff, 0xff, 0xf8, 0xbf,
    0xff, 0xff, 0xff, 0xff, 0xff, 0xf8, 0x8, 0xff,
    0xf8, 0xbf, 0xee, 0x90, 0xce, 0xff, 0xff, 0xf3,
    0x13, 0xff, 0xf8, 0xbf, 0x40, 0x0, 0x0, 0x8f,
    0xff, 0xd0, 0x90, 0xdf, 0xf8, 0xbf, 0xed, 0xad,
    0x25, 0xff, 0xff, 0x80, 0x80, 0x8f, 0xf8, 0xbf,
    0xfc, 0x3, 0x1e, 0xff, 0xff, 0x21, 0x41, 0x2f,
    0xf8, 0xbf, 0xfd, 0x10, 0x3f, 0xff, 0xfe, 0xa,
    0xfa, 0xe, 0xf8, 0xbf, 0xf8, 0x4a, 0x2b, 0xff,
    0xff, 0xff, 0xff, 0xff, 0xf8, 0xbf, 0xff, 0xff,
    0xff, 0xff, 0xdf, 0xff, 0xff, 0xff, 0xf8, 0xbf,
    0xff, 0xff, 0xff, 0xfd,

    /* U+F1AC "" */
    0x0, 0x0, 0xcf, 0xff, 0xff, 0xff, 0xf7, 0x0,
    0x0, 0x0, 0xfc, 0x88, 0x88, 0x88, 0xff, 0x70,
    0x0, 0x0, 0xf8, 0x0, 0x0, 0x0, 0xef, 0xf0,
    0x0, 0x0, 0xf8, 0x0, 0x0, 0x0, 0x8, 0xf0,
    0xcf, 0xc0, 0xf8, 0x0, 0x0, 0x0, 0x8, 0xf0,
    0xff, 0xf0, 0xf8, 0x0, 0x0, 0x0, 0x8, 0xfc,
    0xff, 0xf0, 0xff, 0xff, 0xff, 0xff, 0xff, 0xff,
    0xff, 0xf0, 0xff, 0xff, 0xff, 0xff, 0xff, 0xff,
    0xff, 0xf0, 0xff, 0xf1, 0x1f, 0xf1, 0x1f, 0xff,
    0xff, 0xf0, 0xff, 0xf1, 0x1f, 0xf1, 0x1f, 0xff,
    0xff, 0xf0, 0xff, 0xff, 0xff, 0xff, 0xff, 0xff,
    0xff, 0xf0, 0xff, 0xff, 0xff, 0xff, 0xff, 0xff,
    0xff, 0xf0, 0xff, 0xf1, 0x1f, 0xf1, 0x1f, 0xff,
    0xff, 0xf0, 0xff, 0xf1, 0x1f, 0xf1, 0x1f, 0xff,
    0xff, 0xf0, 0xff, 0xff, 0xff, 0xff, 0xff, 0xff,
    0xcf, 0xc0, 0xcf, 0xff, 0xff, 0xff, 0xff, 0xfc,

    /* U+F1AD "" */
    0xd, 0xff, 0xff, 0xff, 0xff, 0xff, 0xd0, 0xf,
    0xff, 0xff, 0xff, 0xff, 0xff, 0xf0, 0xf, 0xff,
    0x0, 0xff, 0x0, 0xff, 0xf0, 0xf, 0xff, 0x0,
    0xff, 0x0, 0xff, 0xf0, 0xf, 0xff, 0xff, 0xff,
    0xff, 0xff, 0xf0, 0xf, 0xff, 0x0, 0xff, 0x0,
    0xff, 0xf0, 0xf, 0xff, 0x0, 0xff, 0x0, 0xff,
    0xf0, 0xf, 0xff, 0xff, 0xff, 0xff, 0xff, 0xf0,
    0xf, 0xff, 0x0, 0xff, 0x0, 0xff, 0xf0, 0xf,
    0xff, 0x0, 0xff, 0x0, 0xff, 0xf0, 0xf, 0xff,
    0xff, 0xff, 0xff, 0xff, 0xf0, 0xf, 0xff, 0xff,
    0xff, 0xff, 0xff, 0xf0, 0xf, 0xff, 0xff, 0x0,
    0xff, 0xff, 0xf0, 0xf, 0xff, 0xff, 0x0, 0xff,
    0xff, 0xf0, 0xf, 0xff, 0xff, 0x0, 0xff, 0xff,
    0xf0, 0xff, 0xff, 0xff, 0xff, 0xff, 0xff, 0xff,

    /* U+F1AE "" */
    0x0, 0x0, 0x7e, 0xd4, 0x0, 0x0, 0x0, 0x3,
    0xff, 0xfe, 0x0, 0x0, 0xcc, 0x5, 0xff, 0xff,
    0x11, 0xdc, 0xdf, 0xc1, 0xef, 0xfb, 0x2e, 0xfc,
    0x1d, 0xfb, 0x16, 0x52, 0xef, 0xc1, 0x2, 0xef,
    0xff, 0xff, 0xfc, 0x10, 0x0, 0x2f, 0xff, 0xff,
    0xd0, 0x0, 0x0, 0xe, 0xff, 0xff, 0xa0, 0x0,
    0x0, 0xe, 0xff, 0xff, 0xa0, 0x0, 0x0, 0xe,
    0xff, 0xff, 0xa0, 0x0, 0x0, 0xe, 0xff, 0xff,
    0xa0, 0x0, 0x0, 0xe, 0xfc, 0xff, 0xa0, 0x0,
    0x0, 0xe, 0xf9, 0xef, 0xa0, 0x0, 0x0, 0xe,
    0xf9, 0xef, 0xa0, 0x0, 0x0, 0xe, 0xf9, 0xef,
    0xa0, 0x0, 0x0, 0xa, 0xf5, 0xaf, 0x60, 0x0,

    /* U+F1B0 "" */
    0x0, 0x0, 0x0, 0x0, 0x0, 0x0, 0x0, 0x0,
    0x0, 0x0, 0x0, 0x1d, 0xe3, 0x0, 0x3d, 0xd1,
    0x0, 0x0, 0x0, 0x0, 0x6f, 0xfd, 0x0, 0xef,
    0xf6, 0x0, 0x0, 0x0, 0x0, 0x7f, 0xff, 0x23,
    0xff, 0xf6, 0x0, 0x0, 0x0, 0x0, 0x2f, 0xff,
    0x22, 0xff, 0xf2, 0x0, 0x0, 0x8, 0xf9, 0x6,
    0xea, 0x0, 0xae, 0x60, 0x9f, 0x80, 0xf, 0xff,
    0x50, 0x0, 0x0, 0x0, 0x5, 0xff, 0xf0, 0xd,
    0xff, 0x70, 0x19, 0xee, 0x91, 0x7, 0xff, 0xd0,
    0x3, 0xdd, 0x13, 0xef, 0xff, 0xfe, 0x31, 0xdd,
    0x30, 0x0, 0x0, 0x3f, 0xff, 0xff, 0xff, 0xf3,
    0x0, 0x0, 0x0, 0x0, 0xef, 0xff, 0xff, 0xff,
    0xfe, 0x0, 0x0, 0x0, 0x8, 0xff, 0xff, 0xff,
    0xff, 0xff, 0x80, 0x0, 0x0, 0xd, 0xff, 0xff,
    0xff, 0xff, 0xff, 0xd0, 0x0, 0x0, 0xe, 0xff,
    0xff, 0xff, 0xff, 0xff, 0xe0, 0x0, 0x0, 0x5,
    0xef, 0xc8, 0x44, 0x8c, 0xfe, 0x50, 0x0,

    /* U+F1B2 "" */
    0x0, 0x0, 0x1, 0x7c, 0xc7, 0x10, 0x0, 0x0,
    0x0, 0x5, 0xbf, 0xff, 0xff, 0xfb, 0x50, 0x0,
    0x19, 0xef, 0xff, 0xb5, 0x5b, 0xff, 0xfe, 0x91,
    0xdf, 0xfd, 0x71, 0x0, 0x0, 0x17, 0xdf, 0xfd,
    0xff, 0x80, 0x0, 0x0, 0x0, 0x0, 0x8, 0xff,
    0xff, 0xfe, 0x82, 0x0, 0x0, 0x28, 0xef, 0xff,
    0xff, 0xff, 0xff, 0xb5, 0x5b, 0xff, 0xfc, 0xff,
    0xff, 0xff, 0xff, 0xff, 0xff, 0xf9, 0x20, 0xff,
    0xff, 0xff, 0xff, 0xff, 0xf6, 0x0, 0x0, 0xff,
    0xff, 0xff, 0xff, 0xff, 0xf0, 0x0, 0x0, 0xff,
    0xff, 0xff, 0xff, 0xff, 0xf0, 0x0, 0x0, 0xff,
    0xef, 0xff, 0xff, 0xff, 0xf0, 0x0, 0x7e, 0xfe,
    0x2c, 0xff, 0xff, 0xff, 0xf0, 0x7e, 0xff, 0xb2,
    0x0, 0x4c, 0xff, 0xff, 0xff, 0xff, 0xb3, 0x0,
    0x0, 0x0, 0x4c, 0xff, 0xff, 0xb3, 0x0, 0x0,
    0x0, 0x0, 0x0, 0x4b, 0xa3, 0x0, 0x0, 0x0,

    /* U+F1B3 "" */
    0x0, 0x0, 0x0, 0x0, 0x0, 0x0, 0x0, 0x0,
    0x0, 0x0, 0x2, 0x8e, 0xd7, 0x10, 0x0, 0x0,
    0x0, 0x0, 0xbe, 0x83, 0x5b, 0xf9, 0x0, 0x0,
    0x0, 0x3, 0xe5, 0x0, 0x2, 0x9f, 0x0, 0x0,
    0x0, 0x4, 0xff, 0xe9, 0xbf, 0xaf, 0x0, 0x0,
    0x0, 0x4, 0xff, 0xff, 0x91, 0xf, 0x0, 0x0,
    0x0, 0x6, 0xff, 0xff, 0x50, 0x1f, 0x20, 0x0,
    0x17, 0xde, 0xbf, 0xff, 0x9b, 0xfb, 0xfc, 0x71,
    0xdb, 0x40, 0x1, 0x7e, 0xd6, 0x0, 0x6, 0xdd,
    0xfe, 0x92, 0x5, 0xcf, 0xfa, 0x40, 0x3a, 0xff,
    0xff, 0xff, 0xfd, 0x5c, 0xff, 0xff, 0xf9, 0x4f,
    0xff, 0xff, 0xd0, 0xc, 0xff, 0xff, 0x20, 0x1f,
    0xef, 0xff, 0xc0, 0x4e, 0xff, 0xff, 0x10, 0x7e,
    0x3c, 0xff, 0xdb, 0xe6, 0x9f, 0xff, 0x9e, 0xb3,
    0x0, 0x4c, 0xe6, 0x0, 0x1, 0x9e, 0xb3, 0x0,
    0x0, 0x0, 0x0, 0x0, 0x0, 0x0, 0x0, 0x0,

    /* U+F1B4 "" */
    0xaa, 0xaa, 0xa9, 0x72, 0x0, 0x0, 0x0, 0x0,
    0x0, 0xff, 0xff, 0xff, 0xff, 0x30, 0x4, 0xff,
    0xff, 0x40, 0xff, 0x94, 0x46, 0xff, 0xa0, 0x0,
    0x0, 0x0, 0x0, 0xff, 0x70, 0x0, 0xaf, 0xb0,
    0x0, 0x7b, 0xc8, 0x10, 0xff, 0x82, 0x24, 0xef,
    0x50, 0x1d, 0xff, 0xef, 0xd1, 0xff, 0xff, 0xff,
    0xfb, 0x0, 0x9f, 0xa0, 0xa, 0xf9, 0xff, 0xb8,
    0x89, 0xef, 0xc0, 0xef, 0x96, 0x69, 0xfe, 0xff,
    0x70, 0x0, 0x4f, 0xf3, 0xff, 0xff, 0xff, 0xfe,
    0xff, 0x70, 0x0, 0x3f, 0xf4, 0xef, 0x40, 0x0,
    0x10, 0xff, 0xa7, 0x77, 0xdf, 0xf1, 0x8f, 0xc2,
    0x19, 0xf9, 0xff, 0xff, 0xff, 0xfe, 0x50, 0xc,
    0xff, 0xff, 0xd1, 0x77, 0x77, 0x76, 0x40, 0x0,
    0x0, 0x59, 0x96, 0x0,

    /* U+F1B5 "" */
    0x8f, 0xff, 0xff, 0xff, 0xff, 0xff, 0xf8, 0xff,
    0xff, 0xff, 0xff, 0xff, 0xff, 0xff, 0xff, 0xff,
    0xff, 0xff, 0xff, 0xff, 0xff, 0xff, 0xff, 0xff,
    0xff, 0xff, 0xff, 0xff, 0xff, 0x20, 0x10, 0x8f,
    0xb6, 0x7f, 0xff, 0xff, 0x27, 0xf9, 0x2f, 0xc7,
    0x9f, 0xff, 0xff, 0x22, 0x41, 0x8d, 0x19, 0x37,
    0xff, 0xff, 0x24, 0xa6, 0x8, 0x4, 0x22, 0xff,
    0xff, 0x26, 0xfa, 0x9, 0x2f, 0xca, 0xff, 0xff,
    0x20, 0x1, 0x8f, 0x61, 0x2c, 0xff, 0xff, 0xff,
    0xff, 0xff, 0xff, 0xff, 0xff, 0xff, 0xff, 0xff,
    0xff, 0xff, 0xff, 0xff, 0xff, 0xff, 0xff, 0xff,
    0xff, 0xff, 0xff, 0x8f, 0xff, 0xff, 0xff, 0xff,
    0xff, 0xf8,

    /* U+F1B6 "" */
    0x0, 0x0, 0x16, 0x9b, 0xb9, 0x40, 0x0, 0x0,
    0x0, 0x7, 0xff, 0xff, 0xff, 0xfd, 0x30, 0x0,
    0x0, 0xaf, 0xff, 0xff, 0xff, 0xff, 0xf6, 0x0,
    0x8, 0xff, 0xff, 0xff, 0xc4, 0x25, 0xdf, 0x40,
    0x2f, 0xff, 0xff, 0xfd, 0x18, 0x77, 0x2f, 0xd0,
    0x9f, 0xff, 0xff, 0xf7, 0x70, 0x2, 0x5a, 0xf4,
    0xdf, 0xff, 0xff, 0xf1, 0x70, 0x2, 0x5a, 0xf8,
    0x9f, 0xff, 0xff, 0x50, 0x18, 0x77, 0x2f, 0xfa,
    0x0, 0x6d, 0xe9, 0x0, 0x0, 0x14, 0xdf, 0xfa,
    0x0, 0x0, 0x5, 0x40, 0x7, 0xff, 0xff, 0xf8,
    0x65, 0x0, 0x0, 0x82, 0xcf, 0xff, 0xff, 0xf4,
    0x2f, 0xe4, 0x20, 0x98, 0xff, 0xff, 0xff, 0xd0,
    0x8, 0xfd, 0x67, 0x6f, 0xff, 0xff, 0xff, 0x30,
    0x0, 0xaf, 0xff, 0xff, 0xff, 0xff, 0xf6, 0x0,
    0x0, 0x7, 0xff, 0xff, 0xff, 0xfd, 0x30, 0x0,
    0x0, 0x0, 0x6, 0xab, 0xb9, 0x40, 0x0, 0x0,

    /* U+F1B7 "" */
    0x8f, 0xff, 0xff, 0xff, 0xff, 0xff, 0xf8, 0xff,
    0xff, 0xff, 0xff, 0xff, 0xff, 0xff, 0xff, 0xff,
    0xff, 0xff, 0x97, 0xbf, 0xff, 0xff, 0xff, 0xff,
    0xf4, 0x67, 0x27, 0xff, 0xff, 0xff, 0xff, 0xc5,
    0x20, 0x80, 0xff, 0xff, 0xff, 0xff, 0x66, 0x0,
    0x70, 0xff, 0xbf, 0xff, 0xfb, 0x0, 0x87, 0x45,
    0xff, 0x2, 0x8e, 0xb1, 0x0, 0x2, 0x7f, 0xff,
    0x0, 0x0, 0x27, 0x0, 0x9f, 0xff, 0xff, 0xd6,
    0x0, 0x3, 0x5d, 0xff, 0xff, 0xff, 0xff, 0xe2,
    0x38, 0x7f, 0xff, 0xff, 0xff, 0xff, 0xfb, 0x77,
    0xef, 0xff, 0xff, 0xff, 0xff, 0xff, 0xff, 0xff,
    0xff, 0xff, 0xff, 0x8f, 0xff, 0xff, 0xff, 0xff,
    0xff, 0xf8,

    /* U+F1B8 "" */
    0x0, 0x0, 0x0, 0x9, 0xee, 0x90, 0x0, 0x0,
    0x0, 0x0, 0x0, 0x9, 0xff, 0xff, 0x90, 0x0,
    0x0, 0x0, 0x0, 0x1, 0xff, 0x33, 0xff, 0x30,
    0x40, 0x0, 0x0, 0x0, 0x2, 0x50, 0x8, 0xfd,
    0xec, 0x0, 0x0, 0x3, 0x68, 0x0, 0x0, 0x2f,
    0xff, 0x80, 0x0, 0x4f, 0xff, 0xf2, 0x0, 0x3f,
    0xff, 0xf5, 0x0, 0x0, 0x8f, 0xff, 0x60, 0x0,
    0x59, 0xdf, 0x10, 0x0, 0x5, 0xff, 0xf9, 0x0,
    0x0, 0x0, 0x0, 0x0, 0x0, 0xef, 0x66, 0x80,
    0x0, 0x0, 0x0, 0xae, 0x10, 0x8f, 0xc0, 0x0,
    0x0, 0x0, 0x0, 0xb, 0xf9, 0xe, 0xf2, 0x0,
    0x0, 0x3, 0xe0, 0x0, 0x2f, 0xe0, 0xef, 0x30,
    0x0, 0x3, 0xff, 0x0, 0x3, 0xfe, 0x8, 0xff,
    0xff, 0x3, 0xff, 0xff, 0xff, 0xff, 0x80, 0x8,
    0xef, 0xf0, 0x3f, 0xff, 0xff, 0xfe, 0x80, 0x0,
    0x0, 0x0, 0x0, 0x3f, 0xf0, 0x0, 0x0, 0x0,
    0x0, 0x0, 0x0, 0x0, 0x3e, 0x0, 0x0, 0x0,
    0x0, 0x0, 0x0, 0x0, 0x0, 0x0, 0x0, 0x0,
    0x0,

    /* U+F1B9 "" */
    0x0, 0x0, 0x1a, 0xef, 0xff, 0xfe, 0x91, 0x0,
    0x0, 0x0, 0x0, 0xcf, 0xff, 0xff, 0xff, 0xfc,
    0x0, 0x0, 0x0, 0x5, 0xfc, 0x10, 0x0, 0x3,
    0xff, 0x50, 0x0, 0x7, 0x8d, 0xf3, 0x0, 0x0,
    0x0, 0x9f, 0xd8, 0x70, 0xd, 0xff, 0xf8, 0x88,
    0x88, 0x88, 0xaf, 0xff, 0xd0, 0x3, 0xff, 0xff,
    0xff, 0xff, 0xff, 0xff, 0xff, 0x30, 0x7, 0xf3,
    0x4f, 0xff, 0xff, 0xff, 0xd2, 0x3f, 0x70, 0x8,
    0xf3, 0xc, 0xff, 0xff, 0xff, 0x60, 0x3f, 0x80,
    0x6, 0xff, 0xff, 0xff, 0xff, 0xff, 0xff, 0xff,
    0x60, 0x0, 0xff, 0xff, 0xff, 0xff, 0xff, 0xff,
    0xff, 0x0, 0x0, 0xff, 0xd0, 0x0, 0x0, 0x0,
    0x2f, 0xff, 0x0, 0x0, 0xcf, 0x90, 0x0, 0x0,
    0x0, 0xd, 0xfc, 0x0,

    /* U+F1BA "" */
    0x0, 0x0, 0xc, 0xff, 0xff, 0xc0, 0x0, 0x0,
    0x0, 0x0, 0xf, 0xff, 0xff, 0xf0, 0x0, 0x0,
    0x0, 0xa, 0xff, 0xff, 0xff, 0xff, 0xa0, 0x0,
    0x0, 0x9f, 0xff, 0xff, 0xff, 0xff, 0xf9, 0x0,
    0x0, 0xef, 0x30, 0x0, 0x0, 0x3, 0xfe, 0x0,
    0x2, 0xfe, 0x0, 0x0, 0x0, 0x0, 0xef, 0x20,
    0x9, 0xfd, 0x88, 0x88, 0x88, 0x88, 0xdf, 0x90,
    0xbf, 0xff, 0xff, 0xff, 0xff, 0xff, 0xff, 0xfb,
    0xff, 0x33, 0xff, 0xff, 0xff, 0xff, 0x33, 0xff,
    0xff, 0x33, 0xff, 0xff, 0xff, 0xff, 0x33, 0xff,
    0xef, 0xff, 0xff, 0xff, 0xff, 0xff, 0xff, 0xfd,
    0x4f, 0xff, 0xff, 0xff, 0xff, 0xff, 0xff, 0xf4,
    0xf, 0xff, 0x0, 0x0, 0x0, 0x0, 0xff, 0xf0,
    0xc, 0xfc, 0x0, 0x0, 0x0, 0x0, 0xcf, 0xc0,

    /* U+F1BB "" */
    0x0, 0x0, 0x0, 0xaa, 0x0, 0x0, 0x0, 0x0,
    0x0, 0xa, 0xff, 0xa0, 0x0, 0x0, 0x0, 0x0,
    0x9f, 0xff, 0xf9, 0x0, 0x0, 0x0, 0x8, 0xff,
    0xff, 0xff, 0x80, 0x0, 0x0, 0xd, 0xff, 0xff,
    0xff, 0xd0, 0x0, 0x0, 0x0, 0xcf, 0xff, 0xfc,
    0x0, 0x0, 0x0, 0xa, 0xff, 0xff, 0xff, 0xa0,
    0x0, 0x0, 0x8f, 0xff, 0xff, 0xff, 0xf8, 0x0,
    0x0, 0xdf, 0xff, 0xff, 0xff, 0xfd, 0x0, 0x0,
    0xb, 0xff, 0xff, 0xff, 0xb0, 0x0, 0x0, 0xaf,
    0xff, 0xff, 0xff, 0xfa, 0x0, 0x8, 0xff, 0xff,
    0xff, 0xff, 0xff, 0x80, 0xd, 0xff, 0xff, 0xff,
    0xff, 0xff, 0xd0, 0x0, 0x0, 0x0, 0xff, 0x0,
    0x0, 0x0, 0x0, 0x0, 0x7, 0xff, 0x70, 0x0,
    0x0, 0x0, 0x0, 0xd, 0xff, 0xd0, 0x0, 0x0,

    /* U+F1BC "" */
    0x0, 0x0, 0x28, 0xbd, 0xc9, 0x40, 0x0, 0x0,
    0x0, 0x9, 0xff, 0xff, 0xff, 0xfc, 0x20, 0x0,
    0x0, 0xcf, 0xff, 0xff, 0xff, 0xff, 0xe2, 0x0,
    0x9, 0xff, 0xff, 0xff, 0xff, 0xff, 0xfd, 0x0,
    0x3f, 0xe8, 0x53, 0x33, 0x47, 0xbf, 0xff, 0x70,
    0x9f, 0x80, 0x14, 0x43, 0x20, 0x1, 0x8f, 0xe0,
    0xdf, 0xfe, 0xfe, 0xee, 0xff, 0xb4, 0xd, 0xf2,
    0xff, 0xf4, 0x0, 0x0, 0x15, 0xaf, 0xff, 0xf4,
    0xff, 0xf7, 0x9b, 0xcb, 0x84, 0x3, 0xff, 0xf4,
    0xdf, 0xff, 0xca, 0xaa, 0xdf, 0xd7, 0xff, 0xf2,
    0x9f, 0xf6, 0x35, 0x65, 0x21, 0x9f, 0xff, 0xe0,
    0x3f, 0xff, 0xff, 0xff, 0xfc, 0x5e, 0xff, 0x70,
    0x9, 0xff, 0xff, 0xff, 0xff, 0xff, 0xfd, 0x0,
    0x0, 0xcf, 0xff, 0xff, 0xff, 0xff, 0xe2, 0x0,
    0x0, 0x9, 0xff, 0xff, 0xff, 0xfc, 0x20, 0x0,
    0x0, 0x0, 0x28, 0xcd, 0xc9, 0x40, 0x0, 0x0,

    /* U+F1BD "" */
    0x0, 0x0, 0x0, 0x5d, 0xdd, 0x0, 0x0, 0x0,
    0xef, 0xff, 0x0, 0x0, 0x8, 0xff, 0xff, 0xff,
    0xff, 0xff, 0xff, 0xfa, 0xff, 0xff, 0xff, 0xff,
    0xf2, 0xff, 0xff, 0xff, 0xff, 0x90, 0xff, 0xff,
    0xff, 0xff, 0x10, 0x0, 0x4f, 0xff, 0xf8, 0x0,
    0x0, 0xaf, 0xff, 0xf2, 0x0, 0x2, 0xff, 0xff,
    0xff, 0xff, 0xa, 0xff, 0xff, 0xff, 0xff, 0x2f,
    0xff, 0xff, 0xff, 0xff, 0xaf, 0xff, 0xff, 0xff,
    0xff, 0xff, 0xff, 0x60, 0x0, 0x0, 0xff, 0xfc,
    0x0, 0x0, 0x0, 0xdd, 0xd3, 0x0, 0x0, 0x0,

    /* U+F1BE "" */
    0x0, 0x0, 0x0, 0x0, 0x0, 0x3, 0x53, 0x0,
    0x0, 0x0, 0x0, 0x0, 0x0, 0x0, 0x3, 0xaf,
    0xff, 0xc2, 0x0, 0x0, 0x0, 0x0, 0x3, 0x54,
    0x4b, 0xcf, 0xff, 0xfd, 0x0, 0x0, 0x0, 0x0,
    0x59, 0x87, 0x9c, 0xdf, 0xff, 0xff, 0x60, 0x0,
    0x1, 0x1, 0xab, 0x98, 0xac, 0xdf, 0xff, 0xff,
    0xdb, 0x80, 0x28, 0x56, 0xcc, 0xa9, 0xbd, 0xdf,
    0xff, 0xff, 0xff, 0xfa, 0x8b, 0xa9, 0xdd, 0xca,
    0xce, 0xef, 0xff, 0xff, 0xff, 0xff, 0x6a, 0x98,
    0xcb, 0xb9, 0xbd, 0xdf, 0xff, 0xff, 0xff, 0xfd,
    0x5, 0x55, 0x98, 0x87, 0x9a, 0xcf, 0xff, 0xff,
    0xff, 0xe3, 0x0, 0x0, 0x0, 0x0, 0x0, 0x2,
    0x22, 0x22, 0x21, 0x0,

    /* U+F1C0 "" */
    0x1, 0x6a, 0xde, 0xff, 0xed, 0xa7, 0x10, 0x8f,
    0xff, 0xff, 0xff, 0xff, 0xff, 0xf7, 0xff, 0xff,
    0xff, 0xff, 0xff, 0xff, 0xff, 0xff, 0xff, 0xff,
    0xff, 0xff, 0xff, 0xff, 0x7f, 0xff, 0xff, 0xff,
    0xff, 0xff, 0xf8, 0x31, 0x7a, 0xde, 0xff, 0xed,
    0xa6, 0x13, 0xfc, 0x74, 0x10, 0x0, 0x1, 0x47,
    0xcf, 0xff, 0xff, 0xff, 0xff, 0xff, 0xff, 0xff,
    0xff, 0xff, 0xff, 0xff, 0xff, 0xff, 0xff, 0x8f,
    0xff, 0xff, 0xff, 0xff, 0xff, 0xf8, 0x31, 0x6a,
    0xde, 0xff, 0xed, 0xa6, 0x13, 0xfc, 0x74, 0x10,
    0x0, 0x1, 0x47, 0xcf, 0xff, 0xff, 0xff, 0xff,
    0xff, 0xff, 0xff, 0xff, 0xff, 0xff, 0xff, 0xff,
    0xff, 0xff, 0x8f, 0xff, 0xff, 0xff, 0xff, 0xff,
    0xf8, 0x1, 0x6a, 0xde, 0xff, 0xed, 0xa6, 0x10,

    /* U+F1C1 "" */
    0xdf, 0xff, 0xff, 0xf0, 0xd1, 0x0, 0xff, 0xff,
    0xff, 0xf0, 0xfd, 0x10, 0xff, 0xff, 0xff, 0xf0,
    0xff, 0xd1, 0xff, 0xff, 0xff, 0xf0, 0xff, 0xfd,
    0xff, 0xff, 0xff, 0xf2, 0x0, 0x0, 0xff, 0xff,
    0xff, 0xff, 0xff, 0xff, 0xff, 0xff, 0xe2, 0xbf,
    0xff, 0xff, 0xff, 0xff, 0xd2, 0xaf, 0xff, 0xff,
    0xff, 0xff, 0xf0, 0xcf, 0xff, 0xff, 0xff, 0xff,
    0xd2, 0x5f, 0xff, 0xff, 0xff, 0xff, 0x6c, 0x54,
    0x57, 0xff, 0xff, 0xfb, 0x15, 0x78, 0x44, 0xff,
    0xff, 0x81, 0x8f, 0xff, 0xff, 0xff, 0xff, 0x36,
    0xff, 0xff, 0xff, 0xff, 0xff, 0xff, 0xff, 0xff,
    0xff, 0xff, 0xdf, 0xff, 0xff, 0xff, 0xff, 0xfd,

    /* U+F1C2 "" */
    0xdf, 0xff, 0xff, 0xf0, 0xd1, 0x0, 0xff, 0xff,
    0xff, 0xf0, 0xfd, 0x10, 0xff, 0xff, 0xff, 0xf0,
    0xff, 0xd1, 0xff, 0xff, 0xff, 0xf0, 0xff, 0xfd,
    0xff, 0xff, 0xff, 0xf2, 0x0, 0x0, 0xff, 0xff,
    0xff, 0xff, 0xff, 0xff, 0xff, 0xff, 0xff, 0xff,
    0xff, 0xff, 0xff, 0xff, 0xff, 0xff, 0xff, 0xff,
    0xff, 0x35, 0xf2, 0x2f, 0x62, 0xff, 0xff, 0x52,
    0xe0, 0xe, 0x35, 0xff, 0xff, 0x90, 0x91, 0xa,
    0x8, 0xff, 0xff, 0xc0, 0x34, 0x44, 0xc, 0xff,
    0xff, 0xf0, 0x8, 0x70, 0xf, 0xff, 0xff, 0xf4,
    0xc, 0xb0, 0x4f, 0xff, 0xff, 0xff, 0xff, 0xff,
    0xff, 0xff, 0xdf, 0xff, 0xff, 0xff, 0xff, 0xfd,

    /* U+F1C3 "" */
    0xdf, 0xff, 0xff, 0xf0, 0xd1, 0x0, 0xff, 0xff,
    0xff, 0xf0, 0xfd, 0x10, 0xff, 0xff, 0xff, 0xf0,
    0xff, 0xd1, 0xff, 0xff, 0xff, 0xf0, 0xff, 0xfd,
    0xff, 0xff, 0xff, 0xf2, 0x0, 0x0, 0xff, 0xff,
    0xff, 0xff, 0xff, 0xff, 0xff, 0xff, 0xff, 0xff,
    0xff, 0xff, 0xff, 0xf3, 0x1e, 0xe1, 0x3f, 0xff,
    0xff, 0xfb, 0x7, 0x70, 0xbf, 0xff, 0xff, 0xff,
    0x50, 0x5, 0xff, 0xff, 0xff, 0xff, 0xd0, 0xd,
    0xff, 0xff, 0xff, 0xff, 0x50, 0x5, 0xff, 0xff,
    0xff, 0xfb, 0x6, 0x70, 0xbf, 0xff, 0xff, 0xf3,
    0x1e, 0xe1, 0x3f, 0xff, 0xff, 0xff, 0xff, 0xff,
    0xff, 0xff, 0xdf, 0xff, 0xff, 0xff, 0xff, 0xfd,

    /* U+F1C4 "" */
    0xdf, 0xff, 0xff, 0xf0, 0xd1, 0x0, 0xff, 0xff,
    0xff, 0xf0, 0xfd, 0x10, 0xff, 0xff, 0xff, 0xf0,
    0xff, 0xd1, 0xff, 0xff, 0xff, 0xf0, 0xff, 0xfd,
    0xff, 0xff, 0xff, 0xf2, 0x0, 0x0, 0xff, 0xff,
    0xff, 0xff, 0xff, 0xff, 0xff, 0xff, 0xff, 0xff,
    0xff, 0xff, 0xff, 0xf8, 0x0, 0x5, 0xff, 0xff,
    0xff, 0xf7, 0x9, 0x80, 0x8f, 0xff, 0xff, 0xf7,
    0xc, 0xc0, 0x6f, 0xff, 0xff, 0xf7, 0x1, 0x0,
    0x9f, 0xff, 0xff, 0xf7, 0x1, 0x37, 0xff, 0xff,
    0xff, 0xf7, 0xc, 0xff, 0xff, 0xff, 0xff, 0xf8,
    0xd, 0xff, 0xff, 0xff, 0xff, 0xff, 0xff, 0xff,
    0xff, 0xff, 0xdf, 0xff, 0xff, 0xff, 0xff, 0xfd,

    /* U+F1C5 "" */
    0xdf, 0xff, 0xff, 0xf0, 0xd1, 0x0, 0xff, 0xff,
    0xff, 0xf0, 0xfd, 0x10, 0xff, 0xff, 0xff, 0xf0,
    0xff, 0xd1, 0xff, 0xff, 0xff, 0xf0, 0xff, 0xfd,
    0xff, 0xff, 0xff, 0xf2, 0x0, 0x0, 0xff, 0xd8,
    0xdf, 0xff, 0xff, 0xff, 0xff, 0x20, 0x1f, 0xff,
    0xff, 0xff, 0xff, 0x20, 0x1f, 0xff, 0xff, 0xff,
    0xff, 0xd8, 0xdf, 0xfe, 0x4d, 0xff, 0xff, 0xff,
    0xff, 0xe2, 0x1, 0xff, 0xff, 0xe4, 0xde, 0x20,
    0x0, 0xff, 0xff, 0x20, 0x12, 0x0, 0x0, 0xff,
    0xff, 0x0, 0x0, 0x0, 0x0, 0xff, 0xff, 0xff,
    0xff, 0xff, 0xff, 0xff, 0xff, 0xff, 0xff, 0xff,
    0xff, 0xff, 0xdf, 0xff, 0xff, 0xff, 0xff, 0xfd,

    /* U+F1C6 "" */
    0xdf, 0xff, 0xf, 0xf0, 0xd1, 0x0, 0xff, 0xf0,
    0xff, 0xf0, 0xfd, 0x10, 0xff, 0xff, 0xf, 0xf0,
    0xff, 0xd1, 0xff, 0xf0, 0xff, 0xf0, 0xff, 0xfd,
    0xff, 0xff, 0xf, 0xf2, 0x0, 0x0, 0xff, 0xf0,
    0xff, 0xff, 0xff, 0xff, 0xff, 0xff, 0xf, 0xff,
    0xff, 0xff, 0xff, 0xf0, 0xff, 0xff, 0xff, 0xff,
    0xff, 0xe0, 0xe, 0xff, 0xff, 0xff, 0xff, 0xb0,
    0xb, 0xff, 0xff, 0xff, 0xff, 0x84, 0x57, 0xff,
    0xff, 0xff, 0xff, 0x6e, 0xe6, 0xff, 0xff, 0xff,
    0xff, 0xd2, 0x2d, 0xff, 0xff, 0xff, 0xff, 0xff,
    0xff, 0xff, 0xff, 0xff, 0xff, 0xff, 0xff, 0xff,
    0xff, 0xff, 0xdf, 0xff, 0xff, 0xff, 0xff, 0xfd,

    /* U+F1C7 "" */
    0xdf, 0xff, 0xff, 0xf0, 0xd1, 0x0, 0xff, 0xff,
    0xff, 0xf0, 0xfd, 0x10, 0xff, 0xff, 0xff, 0xf0,
    0xff, 0xd1, 0xff, 0xff, 0xff, 0xf0, 0xff, 0xfd,
    0xff, 0xff, 0xff, 0xf2, 0x0, 0x0, 0xff, 0xff,
    0xff, 0xff, 0xff, 0xff, 0xff, 0xff, 0xff, 0xff,
    0xff, 0xff, 0xff, 0xff, 0xff, 0xfd, 0x5f, 0xff,
    0xff, 0xfe, 0x2f, 0xed, 0x7, 0xff, 0xff, 0x41,
    0xe, 0x6, 0x72, 0xff, 0xff, 0x0, 0xf, 0x21,
    0xa0, 0xff, 0xff, 0x41, 0xe, 0x4, 0x81, 0xff,
    0xff, 0xfd, 0x2f, 0xad, 0x15, 0xff, 0xff, 0xff,
    0xff, 0xfc, 0x1d, 0xff, 0xff, 0xff, 0xff, 0xff,
    0xff, 0xff, 0xdf, 0xff, 0xff, 0xff, 0xff, 0xfd,

    /* U+F1C8 "" */
    0xdf, 0xff, 0xff, 0xf0, 0xd1, 0x0, 0xff, 0xff,
    0xff, 0xf0, 0xfd, 0x10, 0xff, 0xff, 0xff, 0xf0,
    0xff, 0xd1, 0xff, 0xff, 0xff, 0xf0, 0xff, 0xfd,
    0xff, 0xff, 0xff, 0xf2, 0x0, 0x0, 0xff, 0xff,
    0xff, 0xff, 0xff, 0xff, 0xff, 0xff, 0xff, 0xff,
    0xff, 0xff, 0xff, 0xff, 0xff, 0xff, 0xff, 0xff,
    0xff, 0x20, 0x0, 0x2f, 0x72, 0xff, 0xff, 0x0,
    0x0, 0x7, 0x0, 0xff, 0xff, 0x0, 0x0, 0x0,
    0x0, 0xff, 0xff, 0x0, 0x0, 0x7, 0x0, 0xff,
    0xff, 0x20, 0x0, 0x2f, 0x72, 0xff, 0xff, 0xff,
    0xff, 0xff, 0xff, 0xff, 0xff, 0xff, 0xff, 0xff,
    0xff, 0xff, 0xdf, 0xff, 0xff, 0xff, 0xff, 0xfd,

    /* U+F1C9 "" */
    0xdf, 0xff, 0xff, 0xf0, 0xd1, 0x0, 0xff, 0xff,
    0xff, 0xf0, 0xfd, 0x10, 0xff, 0xff, 0xff, 0xf0,
    0xff, 0xd1, 0xff, 0xff, 0xff, 0xf0, 0xff, 0xfd,
    0xff, 0xff, 0xff, 0xf2, 0x0, 0x0, 0xff, 0xff,
    0xff, 0xff, 0xff, 0xff, 0xff, 0xff, 0xff, 0xff,
    0xff, 0xff, 0xff, 0xff, 0xff, 0x48, 0xff, 0xff,
    0xff, 0xfa, 0xef, 0xb, 0xaf, 0xff, 0xff, 0x80,
    0xba, 0xc, 0x7, 0xff, 0xfb, 0x8, 0xf6, 0x5f,
    0x90, 0xaf, 0xff, 0x80, 0xb1, 0x9c, 0x7, 0xff,
    0xff, 0xfa, 0xb0, 0xef, 0xaf, 0xff, 0xff, 0xff,
    0x93, 0xff, 0xff, 0xff, 0xff, 0xff, 0xff, 0xff,
    0xff, 0xff, 0xdf, 0xff, 0xff, 0xff, 0xff, 0xfd,

    /* U+F1CA "" */
    0x0, 0x0, 0x0, 0x7, 0xcc, 0x70, 0x0, 0x0,
    0x0, 0x8, 0xff, 0xff, 0x80, 0xbc, 0x40, 0x0,
    0xff, 0x69, 0xfd, 0xc, 0xf7, 0x0, 0x2f, 0xf0,
    0x3f, 0xe0, 0x9f, 0xa0, 0x2, 0xff, 0x5, 0xfd,
    0x6, 0xfe, 0x0, 0xe, 0xf5, 0x3c, 0x80, 0x1f,
    0xf2, 0x0, 0x7f, 0xe5, 0x0, 0x0, 0xdf, 0x80,
    0x0, 0xbf, 0xff, 0xf0, 0x7, 0xff, 0x10, 0x0,
    0xef, 0xda, 0x0, 0x1f, 0xf8, 0x0, 0x7f, 0xe0,
    0x0, 0x0, 0x7f, 0xf2, 0x3f, 0xf5, 0x0, 0x0,
    0x0, 0xdf, 0xde, 0xf9, 0x0, 0x0, 0x0, 0x2,
    0xff, 0xfb, 0x0, 0x0, 0x0, 0x0, 0x2, 0xb9,
    0x0, 0x0, 0x0, 0x0, 0x0, 0x0, 0x0, 0x0,
    0x0, 0x0,

    /* U+F1CB "" */
    0x0, 0x0, 0x0, 0x0, 0x0, 0x0, 0x0, 0x0,
    0x0, 0x0, 0x0, 0x4d, 0x90, 0x0, 0x0, 0x0,
    0x0, 0x0, 0x8, 0xff, 0xfe, 0x40, 0x0, 0x0,
    0x0, 0x3, 0xdf, 0x6e, 0x8a, 0xf9, 0x0, 0x0,
    0x0, 0x8f, 0xc2, 0xe, 0x70, 0x6f, 0xd3, 0x0,
    0x2c, 0xf7, 0x0, 0xe, 0x70, 0x2, 0xcf, 0x80,
    0xff, 0x40, 0x0, 0x6f, 0xc2, 0x0, 0xb, 0xf8,
    0xff, 0xe5, 0x1b, 0xf9, 0xdf, 0x61, 0xaf, 0xf9,
    0xf6, 0xaf, 0xfe, 0x40, 0x8, 0xff, 0xe5, 0xd9,
    0xf6, 0xaf, 0xfe, 0x40, 0x8, 0xff, 0xe5, 0xd9,
    0xff, 0xe5, 0x1b, 0xf9, 0xdf, 0x61, 0xaf, 0xf9,
    0xff, 0x40, 0x0, 0x6f, 0xc2, 0x0, 0xb, 0xf8,
    0x2c, 0xf7, 0x0, 0xe, 0x70, 0x2, 0xcf, 0x80,
    0x0, 0x8f, 0xc2, 0xe, 0x70, 0x6f, 0xd3, 0x0,
    0x0, 0x3, 0xdf, 0x6e, 0x8a, 0xf9, 0x0, 0x0,
    0x0, 0x0, 0x8, 0xff, 0xfe, 0x40, 0x0, 0x0,
    0x0, 0x0, 0x0, 0x4d, 0xa0, 0x0, 0x0, 0x0,
    0x0, 0x0, 0x0, 0x0, 0x0, 0x0, 0x0, 0x0,

    /* U+F1CC "" */
    0x0, 0x0, 0x0, 0x0, 0x0, 0x0, 0x0, 0x0,
    0x0, 0x0, 0x0, 0x0, 0x2, 0x88, 0x89, 0x81,
    0x0, 0x0, 0x0, 0x0, 0x0, 0x48, 0x0, 0x0,
    0x19, 0x20, 0x0, 0x0, 0x7, 0x87, 0x80, 0x0,
    0x0, 0x0, 0x90, 0x0, 0x0, 0x91, 0x3, 0x0,
    0x0, 0x0, 0x0, 0x26, 0x0, 0x3, 0x50, 0x0,
    0x0, 0x0, 0x0, 0x0, 0x8, 0x0, 0x6, 0x40,
    0x6, 0x87, 0x0, 0x48, 0x81, 0x9, 0x30, 0x37,
    0x0, 0x44, 0x3, 0x90, 0x50, 0x19, 0x0, 0x82,
    0x80, 0x0, 0x80, 0x0, 0x29, 0x0, 0x8, 0x0,
    0x8, 0x80, 0x0, 0x38, 0x5, 0x42, 0x91, 0x37,
    0x0, 0x8, 0x80, 0x0, 0x3, 0x74, 0x0, 0x17,
    0x50, 0x0, 0x8, 0x28, 0x0, 0x0, 0x0, 0x0,
    0x0, 0x0, 0x0, 0x82, 0x2, 0x98, 0x88, 0x88,
    0x88, 0x88, 0x88, 0x88, 0x30,

    /* U+F1CD "" */
    0x0, 0x0, 0x5, 0x9b, 0xb9, 0x50, 0x0, 0x0,
    0x0, 0x4, 0xdf, 0xff, 0xff, 0xfd, 0x40, 0x0,
    0x0, 0x6e, 0xef, 0xff, 0xff, 0xfe, 0xe6, 0x0,
    0x4, 0xe2, 0x2e, 0xff, 0xff, 0xe2, 0x2e, 0x40,
    0xd, 0xe2, 0x4, 0xff, 0xff, 0x40, 0x2e, 0xd0,
    0x5f, 0xfe, 0x4e, 0x71, 0x17, 0xe4, 0xef, 0xf5,
    0x9f, 0xff, 0xf7, 0x0, 0x0, 0x7f, 0xff, 0xf9,
    0xbf, 0xff, 0xf1, 0x0, 0x0, 0x1f, 0xff, 0xfb,
    0xbf, 0xff, 0xf1, 0x0, 0x0, 0x1f, 0xff, 0xfb,
    0x9f, 0xff, 0xf7, 0x0, 0x0, 0x7f, 0xff, 0xf9,
    0x5f, 0xfe, 0x4e, 0x71, 0x17, 0xe4, 0xef, 0xf5,
    0xe, 0xe2, 0x4, 0xff, 0xff, 0x40, 0x2e, 0xd0,
    0x4, 0xe2, 0x2e, 0xff, 0xff, 0xe2, 0x2e, 0x40,
    0x0, 0x6e, 0xef, 0xff, 0xff, 0xfe, 0xe6, 0x0,
    0x0, 0x4, 0xef, 0xff, 0xff, 0xfd, 0x40, 0x0,
    0x0, 0x0, 0x5, 0x9b, 0xb9, 0x50, 0x0, 0x0,

    /* U+F1CE "" */
    0x0, 0x0, 0x3, 0x40, 0x4, 0x30, 0x0, 0x0,
    0x0, 0x3, 0xcf, 0xf0, 0xf, 0xfc, 0x30, 0x0,
    0x0, 0x5f, 0xfe, 0x70, 0x7, 0xef, 0xf5, 0x0,
    0x3, 0xff, 0x90, 0x0, 0x0, 0x8, 0xff, 0x30,
    0xd, 0xf8, 0x0, 0x0, 0x0, 0x0, 0x8f, 0xd0,
    0x4f, 0xd0, 0x0, 0x0, 0x0, 0x0, 0xd, 0xf4,
    0x9f, 0x70, 0x0, 0x0, 0x0, 0x0, 0x7, 0xf9,
    0xbf, 0x40, 0x0, 0x0, 0x0, 0x0, 0x4, 0xfb,
    0xbf, 0x40, 0x0, 0x0, 0x0, 0x0, 0x4, 0xfb,
    0x9f, 0x60, 0x0, 0x0, 0x0, 0x0, 0x6, 0xfa,
    0x5f, 0xc0, 0x0, 0x0, 0x0, 0x0, 0xc, 0xf6,
    0xe, 0xf5, 0x0, 0x0, 0x0, 0x0, 0x6f, 0xe0,
    0x6, 0xff, 0x50, 0x0, 0x0, 0x5, 0xff, 0x50,
    0x0, 0x8f, 0xfb, 0x52, 0x25, 0xbf, 0xf8, 0x0,
    0x0, 0x6, 0xef, 0xff, 0xff, 0xff, 0x50, 0x0,
    0x0, 0x0, 0x16, 0xbd, 0xdb, 0x71, 0x0, 0x0,

    /* U+F1D0 "" */
    0x0, 0x0, 0x0, 0x3, 0x20, 0x0, 0x0, 0x0,
    0x0, 0x0, 0x0, 0x2e, 0xd1, 0x0, 0x0, 0x0,
    0x0, 0x24, 0x1, 0x3f, 0xf2, 0x10, 0x62, 0x0,
    0x0, 0xc0, 0xb, 0xde, 0xde, 0xa0, 0xd, 0x10,
    0x9, 0x90, 0x0, 0xdf, 0xfc, 0x0, 0xa, 0xb0,
    0x1f, 0x60, 0x0, 0x5f, 0xf4, 0x0, 0x6, 0xf2,
    0x5f, 0x70, 0x0, 0x1f, 0xf1, 0x0, 0x7, 0xf6,
    0x8f, 0xc0, 0x0, 0xf, 0xf0, 0x0, 0xc, 0xf8,
    0x8f, 0xf7, 0x0, 0x5f, 0xf5, 0x0, 0x8f, 0xf8,
    0x7f, 0xff, 0xb9, 0xff, 0xff, 0x9c, 0xff, 0xf7,
    0x3f, 0xff, 0xff, 0xff, 0xff, 0xff, 0xff, 0xf4,
    0xd, 0xff, 0xff, 0xff, 0xff, 0xff, 0xff, 0xe0,
    0x4, 0xff, 0xff, 0xff, 0xff, 0xff, 0xff, 0x60,
    0x0, 0x6f, 0xff, 0xff, 0xff, 0xff, 0xf9, 0x0,
    0x0, 0x5, 0xef, 0xff, 0xff, 0xff, 0x70, 0x0,
    0x0, 0x0, 0x6, 0xbd, 0xdb, 0x71, 0x0, 0x0,

    /* U+F1D1 "" */
    0x0, 0x0, 0x15, 0x66, 0x66, 0x30, 0x0, 0x0,
    0x0, 0x5, 0x8a, 0xa5, 0x9c, 0x97, 0x20, 0x0,
    0x0, 0x7a, 0xfb, 0x40, 0x9, 0xee, 0x93, 0x0,
    0x6, 0xad, 0x40, 0x9, 0x40, 0x9, 0xc9, 0x20,
    0x28, 0x20, 0x0, 0xe, 0x60, 0x0, 0x6, 0x70,
    0x6a, 0x1, 0xd3, 0x1d, 0x70, 0x97, 0x6, 0xa1,
    0x7f, 0x32, 0xae, 0xef, 0xfe, 0xd6, 0xb, 0xa5,
    0x9f, 0x10, 0x7, 0xff, 0xff, 0x0, 0x9, 0xb6,
    0x8f, 0x20, 0x1a, 0xff, 0xff, 0x40, 0x9, 0xa6,
    0x6e, 0x33, 0xfb, 0x9f, 0xd7, 0xfb, 0x9, 0x85,
    0x68, 0x0, 0x60, 0xc, 0x40, 0x33, 0x6, 0x71,
    0x25, 0x74, 0x0, 0xf, 0x70, 0x1, 0x46, 0x60,
    0x6, 0x7f, 0x80, 0x2, 0x10, 0x3d, 0xd6, 0x20,
    0x0, 0x77, 0xfe, 0x60, 0xc, 0xfc, 0x63, 0x0,
    0x0, 0x5, 0x79, 0xa6, 0x9b, 0x76, 0x20, 0x0,
    0x0, 0x0, 0x15, 0x66, 0x66, 0x30, 0x0, 0x0,

    /* U+F1D2 "" */
    0x8f, 0xff, 0xff, 0xff, 0xff, 0xff, 0xf8, 0xff,
    0xff, 0xff, 0xff, 0xff, 0xff, 0xff, 0xff, 0xff,
    0xff, 0xff, 0xff, 0xff, 0xff, 0xff, 0xff, 0xff,
    0xf1, 0xcf, 0xdf, 0xff, 0xff, 0xff, 0xff, 0xfc,
    0xf8, 0x5f, 0xff, 0xff, 0x91, 0x22, 0x90, 0x81,
    0x17, 0xff, 0xff, 0x2b, 0xa4, 0xf2, 0xb6, 0x6f,
    0xff, 0xff, 0x81, 0x19, 0xf2, 0xb6, 0x6f, 0xff,
    0xff, 0x34, 0x7b, 0xc0, 0x68, 0x5, 0xff, 0xff,
    0x38, 0x60, 0xdd, 0xdf, 0xef, 0xff, 0xff, 0x43,
    0x36, 0xff, 0xff, 0xff, 0xff, 0xff, 0xff, 0xff,
    0xff, 0xff, 0xff, 0xff, 0xff, 0xff, 0xff, 0xff,
    0xff, 0xff, 0xff, 0x8f, 0xff, 0xff, 0xff, 0xff,
    0xff, 0xf8,

    /* U+F1D3 "" */
    0x0, 0x0, 0x0, 0x0, 0x44, 0x0, 0x0, 0x0,
    0x0, 0x0, 0x0, 0x1, 0xff, 0x10, 0x13, 0x0,
    0x0, 0x0, 0x0, 0x0, 0xbb, 0x0, 0x9c, 0x0,
    0x0, 0x12, 0x11, 0x1, 0x33, 0x6, 0xfe, 0x53,
    0x2d, 0xff, 0xff, 0xc9, 0xff, 0x4f, 0xff, 0xfa,
    0xaf, 0x62, 0xdd, 0x0, 0xdf, 0x22, 0xfc, 0x0,
    0xbf, 0x10, 0xbf, 0x0, 0xcf, 0x22, 0xfc, 0x0,
    0x6f, 0xec, 0xfb, 0x0, 0xcf, 0x22, 0xfc, 0x0,
    0x2e, 0xa9, 0x60, 0x0, 0xcf, 0x22, 0xfd, 0x0,
    0xbf, 0xcb, 0x96, 0x6, 0xef, 0xa0, 0xef, 0xfd,
    0x8f, 0xff, 0xff, 0x84, 0x77, 0x60, 0x16, 0x62,
    0xe9, 0x0, 0x6f, 0x90, 0x0, 0x0, 0x0, 0x0,
    0xbf, 0xcc, 0xfe, 0x20, 0x0, 0x0, 0x0, 0x0,
    0x4, 0x66, 0x40, 0x0, 0x0, 0x0, 0x0, 0x0,

    /* U+F1D4 "" */
    0xff, 0xff, 0xff, 0xff, 0xff, 0xff, 0xff, 0xff,
    0xff, 0xff, 0xff, 0xff, 0xff, 0xff, 0xff, 0xff,
    0xff, 0xff, 0xff, 0xff, 0xff, 0xff, 0xff, 0x49,
    0xff, 0xa4, 0xff, 0xff, 0xff, 0xff, 0xc1, 0xff,
    0x2c, 0xff, 0xff, 0xff, 0xff, 0xf4, 0x9a, 0x4f,
    0xff, 0xff, 0xff, 0xff, 0xfd, 0x23, 0xdf, 0xff,
    0xff, 0xff, 0xff, 0xff, 0x55, 0xff, 0xff, 0xff,
    0xff, 0xff, 0xff, 0x88, 0xff, 0xff, 0xff, 0xff,
    0xff, 0xff, 0x88, 0xff, 0xff, 0xff, 0xff, 0xff,
    0xff, 0x88, 0xff, 0xff, 0xff, 0xff, 0xff, 0xff,
    0xff, 0xff, 0xff, 0xff, 0xff, 0xff, 0xff, 0xff,
    0xff, 0xff, 0xff, 0xff, 0xff, 0xff, 0xff, 0xff,
    0xff, 0xff,

    /* U+F1D5 "" */
    0x0, 0x5, 0xce, 0xec, 0x50, 0x0, 0x0, 0x9c,
    0x30, 0x3, 0xc9, 0x0, 0x6, 0xb0, 0x0, 0x0,
    0xb, 0x60, 0xd, 0x20, 0x7, 0x81, 0x1, 0xe0,
    0x1d, 0x0, 0x7f, 0xfa, 0x0, 0xc2, 0x2c, 0x0,
    0x9f, 0xfb, 0x0, 0xc2, 0xe, 0x1, 0xdb, 0xc2,
    0x0, 0xe0, 0x8, 0x2c, 0x50, 0x0, 0x6, 0xa0,
    0x0, 0x5a, 0x0, 0x0, 0x5d, 0x10, 0x0, 0xc3,
    0x48, 0x8c, 0xb2, 0x0, 0x2, 0xc0, 0x15, 0x52,
    0x0, 0x0, 0x7, 0x80, 0x0, 0x0, 0x0, 0x0,
    0x9, 0x50, 0x0, 0x0, 0x0, 0x0, 0xb, 0x30,
    0x0, 0x0, 0x0, 0x0, 0xb, 0x30, 0x0, 0x0,
    0x0, 0x0, 0x9, 0x30, 0x0, 0x0, 0x0, 0x0,
    0x0, 0x0, 0x0, 0x0, 0x0, 0x0,

    /* U+F1D6 "" */
    0x0, 0x0, 0x5c, 0xff, 0xc5, 0x0, 0x0, 0x0,
    0x7, 0xff, 0xff, 0xff, 0x70, 0x0, 0x0, 0x2f,
    0xff, 0xff, 0xff, 0xf2, 0x0, 0x0, 0x9f, 0xff,
    0xff, 0xff, 0xf9, 0x0, 0x0, 0xdf, 0xff, 0xff,
    0xff, 0xfd, 0x0, 0x0, 0xff, 0xff, 0xff, 0xff,
    0xff, 0x0, 0x0, 0xff, 0xff, 0xff, 0xff, 0xff,
    0x0, 0x5, 0xff, 0xff, 0xff, 0xff, 0xff, 0x40,
    0xb, 0xff, 0xff, 0xff, 0xff, 0xff, 0xb0, 0x1f,
    0xff, 0xff, 0xff, 0xff, 0xff, 0xf1, 0x5f, 0xff,
    0xff, 0xff, 0xff, 0xff, 0xf5, 0x9e, 0xff, 0xff,
    0xff, 0xff, 0xff, 0xe9, 0xa3, 0xff, 0xff, 0xff,
    0xff, 0xff, 0x3a, 0x0, 0x8f, 0xff, 0xff, 0xff,
    0xf8, 0x0, 0x0, 0xd, 0xff, 0xff, 0xff, 0xd0,
    0x0, 0x0, 0xcf, 0xff, 0xee, 0xff, 0xfc, 0x0,

    /* U+F1D7 "" */
    0x0, 0x6, 0xcf, 0xfe, 0xa3, 0x0, 0x0, 0x0,
    0x0, 0x1, 0xdf, 0xff, 0xff, 0xff, 0x80, 0x0,
    0x0, 0x0, 0xd, 0xfe, 0xbf, 0xff, 0xaf, 0xf8,
    0x0, 0x0, 0x0, 0x7f, 0xf8, 0xf, 0xfc, 0xc,
    0xff, 0x10, 0x0, 0x0, 0xbf, 0xff, 0xff, 0xff,
    0xfc, 0x9a, 0x74, 0x0, 0x0, 0xbf, 0xff, 0xff,
    0xff, 0x8b, 0xff, 0xff, 0xf7, 0x0, 0x8f, 0xff,
    0xff, 0xf9, 0xef, 0xff, 0xff, 0xff, 0x80, 0x1e,
    0xff, 0xff, 0xfa, 0xff, 0x1e, 0xf6, 0x6f, 0xf3,
    0x3, 0xef, 0xff, 0xcd, 0xff, 0xef, 0xff, 0xff,
    0xf7, 0x0, 0x7f, 0xff, 0xcd, 0xff, 0xff, 0xff,
    0xff, 0xf6, 0x0, 0x96, 0x24, 0x49, 0xff, 0xff,
    0xff, 0xff, 0xf1, 0x0, 0x0, 0x0, 0x1, 0xdf,
    0xff, 0xff, 0xff, 0x60, 0x0, 0x0, 0x0, 0x0,
    0x1a, 0xff, 0xff, 0xf8, 0x0, 0x0, 0x0, 0x0,
    0x0, 0x0, 0x14, 0x42, 0x37, 0x0,

    /* U+F1D8 "" */
    0x0, 0x0, 0x0, 0x0, 0x0, 0x0, 0x0, 0x0,
    0x0, 0x0, 0x0, 0x0, 0x0, 0x0, 0x0, 0x0,
    0x2a, 0xd0, 0x0, 0x0, 0x0, 0x0, 0x0, 0x0,
    0x8, 0xff, 0xe0, 0x0, 0x0, 0x0, 0x0, 0x0,
    0x6, 0xef, 0xff, 0xb0, 0x0, 0x0, 0x0, 0x0,
    0x3, 0xcf, 0xf9, 0xff, 0x80, 0x0, 0x0, 0x0,
    0x1, 0xaf, 0xff, 0x6b, 0xff, 0x60, 0x0, 0x0,
    0x0, 0x7f, 0xff, 0xf4, 0x9f, 0xff, 0x30, 0x0,
    0x0, 0x5e, 0xff, 0xfe, 0x36, 0xff, 0xff, 0x10,
    0x0, 0x3c, 0xff, 0xff, 0xd1, 0x3f, 0xff, 0xfe,
    0x0, 0x9, 0xff, 0xff, 0xfc, 0x11, 0xef, 0xff,
    0xfb, 0x0, 0xc, 0xff, 0xff, 0xa0, 0xc, 0xff,
    0xff, 0xf8, 0x0, 0x0, 0x3a, 0xf8, 0x0, 0xaf,
    0xff, 0xff, 0xf6, 0x0, 0x0, 0x0, 0x0, 0x8,
    0xff, 0xff, 0xff, 0xf3, 0x0, 0x0, 0x0, 0x0,
    0x4f, 0xff, 0xff, 0xff, 0xf1, 0x0, 0x0, 0x0,
    0x0, 0x8f, 0xfa, 0x9f, 0xff, 0xe0, 0x0, 0x0,
    0x0, 0x0, 0x8f, 0xc0, 0x0, 0x6d, 0xa0, 0x0,
    0x0, 0x0, 0x0, 0x5d, 0x10, 0x0, 0x0, 0x0,
    0x0, 0x0, 0x0, 0x0, 0x0, 0x0, 0x0, 0x0,
    0x0, 0x0,

    /* U+F1DA "" */
    0x30, 0x0, 0x6, 0xbc, 0xdb, 0x61, 0x0, 0x0,
    0xbc, 0x5, 0xef, 0xff, 0xff, 0xfe, 0x60, 0x0,
    0xcf, 0xef, 0xfc, 0x63, 0x35, 0xbf, 0xf8, 0x0,
    0xcf, 0xff, 0x80, 0x0, 0x0, 0x6, 0xff, 0x50,
    0xcf, 0xff, 0xb0, 0xb, 0xb0, 0x0, 0x6f, 0xe0,
    0xbf, 0xff, 0xfa, 0xf, 0xf0, 0x0, 0xc, 0xf5,
    0x2, 0x22, 0x21, 0xf, 0xf0, 0x0, 0x7, 0xf9,
    0x0, 0x0, 0x0, 0xf, 0xf0, 0x0, 0x4, 0xfb,
    0x0, 0x0, 0x0, 0xf, 0xfa, 0x0, 0x4, 0xfb,
    0x0, 0x0, 0x0, 0x5, 0xff, 0x70, 0x7, 0xf9,
    0x0, 0x0, 0x0, 0x0, 0x29, 0x10, 0xc, 0xf5,
    0x0, 0x0, 0x0, 0x0, 0x0, 0x0, 0x6f, 0xe0,
    0x0, 0x5, 0x50, 0x0, 0x0, 0x5, 0xff, 0x50,
    0x0, 0x1f, 0xfc, 0x52, 0x25, 0xbf, 0xf8, 0x0,
    0x0, 0x5, 0xef, 0xff, 0xff, 0xfe, 0x60, 0x0,
    0x0, 0x0, 0x6, 0xbd, 0xdb, 0x61, 0x0, 0x0,

    /* U+F1DC "" */
    0xaf, 0xff, 0xff, 0x30, 0xb, 0xff, 0xff, 0xf2,
    0xaf, 0xff, 0xff, 0x30, 0xb, 0xff, 0xff, 0xf2,
    0x3, 0xff, 0xc0, 0x0, 0x0, 0x4f, 0xfb, 0x0,
    0x3, 0xff, 0xc0, 0x0, 0x0, 0x4f, 0xfb, 0x0,
    0x3, 0xff, 0xc0, 0x0, 0x0, 0x4f, 0xfb, 0x0,
    0x3, 0xff, 0xc0, 0x0, 0x0, 0x4f, 0xfb, 0x0,
    0x3, 0xff, 0xff, 0xff, 0xff, 0xff, 0xfb, 0x0,
    0x3, 0xff, 0xff, 0xff, 0xff, 0xff, 0xfb, 0x0,
    0x3, 0xff, 0xc0, 0x0, 0x0, 0x4f, 0xfb, 0x0,
    0x3, 0xff, 0xc0, 0x0, 0x0, 0x4f, 0xfb, 0x0,
    0x3, 0xff, 0xc0, 0x0, 0x0, 0x4f, 0xfb, 0x0,
    0x3, 0xff, 0xc0, 0x0, 0x0, 0x4f, 0xfb, 0x0,
    0xaf, 0xff, 0xff, 0x30, 0xb, 0xff, 0xff, 0xf2,
    0xaf, 0xff, 0xff, 0x30, 0xb, 0xff, 0xff, 0xf2,

    /* U+F1DD "" */
    0x0, 0x4c, 0xff, 0xff, 0xff, 0xff, 0xe0, 0x8f,
    0xff, 0xff, 0xff, 0xff, 0xfe, 0x4f, 0xff, 0xff,
    0xff, 0xf, 0xf0, 0xc, 0xff, 0xff, 0xff, 0xf0,
    0xff, 0x0, 0xff, 0xff, 0xff, 0xff, 0xf, 0xf0,
    0xf, 0xff, 0xff, 0xff, 0xf0, 0xff, 0x0, 0xcf,
    0xff, 0xff, 0xff, 0xf, 0xf0, 0x4, 0xff, 0xff,
    0xff, 0xf0, 0xff, 0x0, 0x8, 0xff, 0xff, 0xff,
    0xf, 0xf0, 0x0, 0x4, 0xcf, 0xff, 0xf0, 0xff,
    0x0, 0x0, 0x0, 0x0, 0xff, 0xf, 0xf0, 0x0,
    0x0, 0x0, 0xf, 0xf0, 0xff, 0x0, 0x0, 0x0,
    0x0, 0xff, 0xf, 0xf0, 0x0, 0x0, 0x0, 0xe,
    0xe0, 0xee, 0x0,

    /* U+F1DE "" */
    0x0, 0x0, 0x0, 0xe, 0xe0, 0x0, 0x0, 0x0,
    0xef, 0xff, 0xff, 0xff, 0xff, 0xff, 0xff, 0xfe,
    0xef, 0xff, 0xff, 0xff, 0xff, 0xff, 0xff, 0xfe,
    0x0, 0x0, 0x0, 0xe, 0xe0, 0x0, 0x0, 0x0,
    0x0, 0x0, 0x0, 0x0, 0x0, 0x0, 0x0, 0x0,
    0x0, 0x0, 0x0, 0x0, 0x0, 0xe, 0xe0, 0x0,
    0xef, 0xff, 0xff, 0xff, 0xff, 0xff, 0xff, 0xfe,
    0xef, 0xff, 0xff, 0xff, 0xff, 0xff, 0xff, 0xfe,
    0x0, 0x0, 0x0, 0x0, 0x0, 0xe, 0xe0, 0x0,
    0x0, 0x0, 0x0, 0x0, 0x0, 0x0, 0x0, 0x0,
    0x0, 0xe, 0xe0, 0x0, 0x0, 0x0, 0x0, 0x0,
    0xef, 0xff, 0xff, 0xff, 0xff, 0xff, 0xff, 0xfe,
    0xef, 0xff, 0xff, 0xff, 0xff, 0xff, 0xff, 0xfe,
    0x0, 0xe, 0xe0, 0x0, 0x0, 0x0, 0x0, 0x0,

    /* U+F1E0 "" */
    0x0, 0x0, 0x0, 0x0, 0x8, 0xee, 0x80, 0x0,
    0x0, 0x0, 0x0, 0x8f, 0xff, 0xf8, 0x0, 0x0,
    0x0, 0x0, 0xef, 0xff, 0xfe, 0x0, 0x0, 0x0,
    0x1, 0xff, 0xff, 0xfe, 0x0, 0x0, 0x0, 0x5e,
    0xff, 0xff, 0xf8, 0x8, 0xee, 0x9b, 0xff, 0xb9,
    0xee, 0x80, 0x8f, 0xff, 0xff, 0xe5, 0x0, 0x0,
    0x0, 0xef, 0xff, 0xff, 0x10, 0x0, 0x0, 0x0,
    0xef, 0xff, 0xff, 0x10, 0x0, 0x0, 0x0, 0x8f,
    0xff, 0xff, 0xe5, 0x0, 0x0, 0x0, 0x8, 0xee,
    0x9b, 0xff, 0xb8, 0xee, 0x80, 0x0, 0x0, 0x0,
    0x5e, 0xff, 0xff, 0xf8, 0x0, 0x0, 0x0, 0x1,
    0xff, 0xff, 0xfe, 0x0, 0x0, 0x0, 0x0, 0xef,
    0xff, 0xfe, 0x0, 0x0, 0x0, 0x0, 0x8f, 0xff,
    0xf8, 0x0, 0x0, 0x0, 0x0, 0x8, 0xee, 0x80,

    /* U+F1E1 "" */
    0x8f, 0xff, 0xff, 0xff, 0xff, 0xff, 0xf8, 0xff,
    0xff, 0xff, 0xff, 0xff, 0xff, 0xff, 0xff, 0xff,
    0xff, 0xff, 0xa4, 0x9f, 0xff, 0xff, 0xff, 0xff,
    0xfd, 0x0, 0xd, 0xff, 0xff, 0xff, 0xff, 0xf8,
    0x0, 0xe, 0xff, 0xff, 0xfa, 0x47, 0x24, 0x96,
    0xbf, 0xff, 0xff, 0xd0, 0x0, 0x9f, 0xff, 0xff,
    0xff, 0xff, 0xd0, 0x0, 0x7f, 0xff, 0xff, 0xff,
    0xff, 0xfa, 0x49, 0x43, 0x83, 0x8f, 0xff, 0xff,
    0xff, 0xff, 0xf8, 0x0, 0xd, 0xff, 0xff, 0xff,
    0xff, 0xfd, 0x0, 0xd, 0xff, 0xff, 0xff, 0xff,
    0xff, 0xa4, 0xaf, 0xff, 0xff, 0xff, 0xff, 0xff,
    0xff, 0xff, 0xff, 0x8f, 0xff, 0xff, 0xff, 0xff,
    0xff, 0xf8,

    /* U+F1E2 "" */
    0x0, 0x0, 0x0, 0x0, 0x0, 0x0, 0x49, 0x32,
    0x0, 0x0, 0x0, 0x0, 0x0, 0x0, 0x77, 0xa3,
    0x0, 0x0, 0x0, 0x0, 0x0, 0x10, 0x25, 0x79,
    0x0, 0x3, 0xae, 0xfe, 0xab, 0xf6, 0xc1, 0x84,
    0x0, 0x9f, 0xff, 0xff, 0xff, 0xff, 0x60, 0x0,
    0x9, 0xff, 0xb9, 0xff, 0xff, 0xff, 0xf1, 0x0,
    0x3f, 0xf5, 0x28, 0xff, 0xff, 0xff, 0xb0, 0x0,
    0xaf, 0xb2, 0xff, 0xff, 0xff, 0xff, 0xa0, 0x0,
    0xef, 0x98, 0xff, 0xff, 0xff, 0xff, 0xe0, 0x0,
    0xff, 0xff, 0xff, 0xff, 0xff, 0xff, 0xf0, 0x0,
    0xef, 0xff, 0xff, 0xff, 0xff, 0xff, 0xe0, 0x0,
    0xaf, 0xff, 0xff, 0xff, 0xff, 0xff, 0xa0, 0x0,
    0x4f, 0xff, 0xff, 0xff, 0xff, 0xff, 0x30, 0x0,
    0x9, 0xff, 0xff, 0xff, 0xff, 0xf9, 0x0, 0x0,
    0x0, 0x9f, 0xff, 0xff, 0xff, 0x90, 0x0, 0x0,
    0x0, 0x4, 0xae, 0xfe, 0xa3, 0x0, 0x0, 0x0,

    /* U+F1E3 "" */
    0x0, 0x0, 0x17, 0xbd, 0xdb, 0x71, 0x0, 0x0,
    0x0, 0x7, 0xff, 0xff, 0xff, 0xff, 0x60, 0x0,
    0x0, 0x9f, 0xb5, 0xff, 0xff, 0x5b, 0xf8, 0x0,
    0x6, 0xf8, 0x0, 0x5e, 0xe5, 0x0, 0x9f, 0x50,
    0x1e, 0xfd, 0x10, 0x0, 0x0, 0x1, 0xdf, 0xe0,
    0x6f, 0xff, 0x40, 0x3, 0x30, 0x4, 0xff, 0xf5,
    0xaf, 0xff, 0x60, 0x8f, 0xf7, 0x7, 0xff, 0xf9,
    0xbf, 0xfa, 0x5, 0xff, 0xff, 0x40, 0xaf, 0xfb,
    0xbc, 0x50, 0x0, 0xff, 0xff, 0x0, 0x5, 0xda,
    0x9f, 0x0, 0x0, 0xbf, 0xfa, 0x0, 0x0, 0xf8,
    0x4f, 0x56, 0x53, 0x0, 0x0, 0x35, 0x65, 0xf4,
    0xd, 0xef, 0xff, 0x20, 0x2, 0xff, 0xfe, 0xc0,
    0x3, 0xff, 0xff, 0xa0, 0xa, 0xff, 0xff, 0x30,
    0x0, 0x5f, 0xff, 0x90, 0xa, 0xff, 0xf4, 0x0,
    0x0, 0x3, 0xcf, 0xfe, 0xef, 0xfc, 0x20, 0x0,
    0x0, 0x0, 0x3, 0x79, 0x97, 0x20, 0x0, 0x0,

    /* U+F1E4 "" */
    0x0, 0x0, 0x0, 0x0, 0x0, 0x0, 0x0, 0x0,
    0x0, 0x0, 0x16, 0xbe, 0xff, 0xeb, 0x61, 0x0,
    0x0, 0x0, 0x8f, 0xff, 0xff, 0xff, 0xff, 0xf8,
    0x0, 0x2, 0xdf, 0xff, 0xa6, 0x55, 0x6a, 0xff,
    0xfd, 0x20, 0xef, 0xff, 0xf1, 0x0, 0x0, 0x1f,
    0xff, 0xfe, 0x9, 0xff, 0xff, 0x20, 0x0, 0x2,
    0xff, 0xff, 0x90, 0xe, 0xfc, 0x60, 0x0, 0x0,
    0x6, 0xcf, 0xe0, 0x0, 0x23, 0x0, 0x0, 0x0,
    0x0, 0x0, 0x32, 0x0, 0x0, 0x0, 0x0, 0x0,
    0x0, 0x0, 0x0, 0x0, 0x0, 0xff, 0xf, 0xf0,
    0xff, 0xf, 0xf0, 0xff, 0x0, 0xf, 0xf0, 0xff,
    0xf, 0xf0, 0xff, 0xf, 0xf0, 0x0, 0x0, 0x0,
    0x0, 0x0, 0x0, 0x0, 0x0, 0x0, 0x0, 0x7f,
    0x77, 0xf7, 0x7f, 0x77, 0xf7, 0x0, 0x0, 0x7,
    0xf7, 0x7f, 0x77, 0xf7, 0x7f, 0x70, 0x0, 0x0,
    0x0, 0x0, 0x0, 0x0, 0x0, 0x0, 0x0, 0x0,
    0xff, 0xf, 0xff, 0xff, 0xff, 0xf0, 0xff, 0x0,
    0xf, 0xf0, 0xff, 0xff, 0xff, 0xff, 0xf, 0xf0,
    0x0,

    /* U+F1E5 "" */
    0x0, 0xe, 0xfe, 0x0, 0x0, 0xef, 0xe0, 0x0,
    0x0, 0xf, 0xff, 0x0, 0x0, 0xff, 0xf0, 0x0,
    0x0, 0x0, 0x0, 0x0, 0x0, 0x0, 0x0, 0x0,
    0x0, 0xcf, 0xff, 0xf, 0xf0, 0xff, 0xfb, 0x0,
    0x1, 0xff, 0xff, 0xf, 0xf0, 0xff, 0xff, 0x0,
    0x4, 0xff, 0xff, 0xf, 0xf0, 0xff, 0xff, 0x30,
    0x9, 0xff, 0xff, 0xf, 0xf0, 0xff, 0xff, 0x90,
    0x1f, 0xff, 0xff, 0xf, 0xf0, 0xff, 0xff, 0xf1,
    0x7f, 0xff, 0xf0, 0x0, 0x0, 0xf, 0xff, 0xf7,
    0xbf, 0xff, 0xf0, 0x0, 0x0, 0xf, 0xff, 0xfb,
    0xdf, 0xff, 0xf0, 0x0, 0x0, 0xf, 0xff, 0xfe,
    0xff, 0xff, 0xf0, 0x0, 0x0, 0xf, 0xff, 0xff,
    0xff, 0xff, 0xf0, 0x0, 0x0, 0xf, 0xff, 0xff,
    0xcf, 0xff, 0xc0, 0x0, 0x0, 0xc, 0xff, 0xfc,

    /* U+F1E6 "" */
    0x0, 0xcc, 0x0, 0x0, 0xcc, 0x0, 0x0, 0xff,
    0x0, 0x0, 0xff, 0x0, 0x0, 0xff, 0x0, 0x0,
    0xff, 0x0, 0x0, 0xff, 0x0, 0x0, 0xff, 0x0,
    0x0, 0x88, 0x0, 0x0, 0x88, 0x0, 0xef, 0xff,
    0xff, 0xff, 0xff, 0xfe, 0xef, 0xff, 0xff, 0xff,
    0xff, 0xfe, 0xf, 0xff, 0xff, 0xff, 0xff, 0xf0,
    0xf, 0xff, 0xff, 0xff, 0xff, 0xf0, 0xc, 0xff,
    0xff, 0xff, 0xff, 0xc0, 0x5, 0xff, 0xff, 0xff,
    0xff, 0x40, 0x0, 0x8f, 0xff, 0xff, 0xf8, 0x0,
    0x0, 0x5, 0xcf, 0xfc, 0x50, 0x0, 0x0, 0x0,
    0xf, 0xf0, 0x0, 0x0, 0x0, 0x0, 0xf, 0xf0,
    0x0, 0x0, 0x0, 0x0, 0xf, 0xf0, 0x0, 0x0,

    /* U+F1E7 "" */
    0x8, 0xed, 0xdd, 0xdd, 0xdd, 0xdd, 0xde, 0x80,
    0xe, 0x0, 0x0, 0x0, 0x0, 0x0, 0x0, 0xe0,
    0xd, 0x0, 0x0, 0x0, 0x0, 0x0, 0x0, 0xc0,
    0xd, 0x0, 0x0, 0x0, 0x0, 0x0, 0x0, 0xc0,
    0xd, 0x0, 0x1, 0x0, 0x0, 0x10, 0x0, 0xc0,
    0xd, 0x0, 0x7f, 0xf5, 0x2e, 0xfb, 0x0, 0xc0,
    0xd, 0x0, 0xff, 0xfc, 0x7f, 0xff, 0x30, 0xc0,
    0x4d, 0x0, 0xbf, 0xf8, 0x4f, 0xfe, 0x0, 0xc4,
    0x6f, 0x61, 0x5, 0x50, 0x3, 0x61, 0x16, 0xe6,
    0x4, 0xef, 0xdc, 0xc9, 0x6c, 0xcd, 0xfe, 0x40,
    0x0, 0x9, 0xff, 0xff, 0xff, 0xff, 0xa0, 0x0,
    0x0, 0x9, 0xff, 0xfe, 0xdf, 0xff, 0x90, 0x0,
    0x0, 0xa, 0xff, 0xfd, 0xbf, 0xff, 0xb0, 0x0,
    0x0, 0x9, 0xff, 0xfd, 0xbf, 0xff, 0x90, 0x0,
    0x0, 0x3, 0xff, 0xfd, 0xbf, 0xff, 0x30, 0x0,
    0x0, 0x0, 0x5f, 0xf6, 0x5f, 0xf6, 0x0, 0x0,
    0x0, 0x0, 0x0, 0x0, 0x0, 0x0, 0x0, 0x0,

    /* U+F1E8 "" */
    0x2f, 0xff, 0xff, 0xff, 0xff, 0xff, 0xf5, 0x9f,
    0x64, 0x44, 0x44, 0x44, 0x44, 0xf5, 0xef, 0x30,
    0x0, 0x0, 0x0, 0x0, 0xe5, 0xef, 0x30, 0x2,
    0x80, 0x19, 0x10, 0xe5, 0xef, 0x30, 0x5, 0xe0,
    0x2f, 0x20, 0xe5, 0xef, 0x30, 0x5, 0xe0, 0x2f,
    0x20, 0xe5, 0xef, 0x30, 0x5, 0xe0, 0x2f, 0x20,
    0xe5, 0xef, 0x30, 0x0, 0x10, 0x1, 0x0, 0xe5,
    0xef, 0x30, 0x0, 0x0, 0x0, 0x8, 0xf3, 0xef,
    0x30, 0x0, 0x0, 0x0, 0x6f, 0x50, 0xef, 0xff,
    0xf0, 0x9f, 0xff, 0xf6, 0x0, 0xef, 0xff, 0xfa,
    0xff, 0xff, 0x70, 0x0, 0x33, 0x3a, 0xff, 0xd3,
    0x33, 0x0, 0x0, 0x0, 0x9, 0xfd, 0x10, 0x0,
    0x0, 0x0,

    /* U+F1E9 "" */
    0x0, 0x5, 0xad, 0xe0, 0x0, 0x0, 0x0, 0x8,
    0xff, 0xff, 0x10, 0x0, 0x0, 0x0, 0x3f, 0xff,
    0xf1, 0x0, 0x0, 0x0, 0x0, 0x9f, 0xff, 0x10,
    0x0, 0x0, 0x0, 0x1, 0xff, 0xf1, 0x0, 0x0,
    0x0, 0x0, 0x7, 0xff, 0x10, 0x1c, 0x60, 0x0,
    0x0, 0xd, 0xf1, 0xa, 0xff, 0x30, 0x55, 0x0,
    0x4d, 0x5, 0xff, 0xfb, 0xe, 0xfd, 0x50, 0x0,
    0xdf, 0xea, 0x31, 0xff, 0xff, 0x90, 0x3, 0x30,
    0x0, 0xf, 0xfc, 0x82, 0x0, 0x65, 0x0, 0x0,
    0x20, 0x0, 0x5c, 0xd, 0xff, 0xa3, 0x0, 0x0,
    0x4f, 0xf0, 0x4f, 0xff, 0x90, 0x0, 0x3f, 0xff,
    0x0, 0xaf, 0xe1, 0x0, 0xa, 0xff, 0xe0, 0x1,
    0xb3, 0x0, 0x0, 0x7, 0xdb, 0x0, 0x0, 0x0,

    /* U+F1EA "" */
    0x0, 0xdf, 0xff, 0xff, 0xff, 0xff, 0xff, 0xff,
    0xfd, 0xdf, 0xff, 0xff, 0xff, 0xff, 0xff, 0xff,
    0xff, 0xff, 0xfc, 0xff, 0x0, 0x0, 0x0, 0x0,
    0x0, 0x0, 0xff, 0xf8, 0xff, 0x0, 0x0, 0x0,
    0x0, 0x0, 0x0, 0xff, 0xf8, 0xff, 0xff, 0xff,
    0xff, 0xff, 0xff, 0xff, 0xff, 0xf8, 0xff, 0xff,
    0xff, 0xff, 0xff, 0xff, 0xff, 0xff, 0xf8, 0xff,
    0x0, 0x0, 0xc, 0x50, 0x0, 0x1, 0xff, 0xf8,
    0xff, 0xff, 0xff, 0xff, 0xff, 0xff, 0xff, 0xff,
    0xf8, 0xff, 0xff, 0xff, 0xff, 0xff, 0xff, 0xff,
    0xff, 0xf8, 0xff, 0x0, 0x0, 0xc, 0x50, 0x0,
    0x1, 0xff, 0xfd, 0xff, 0xff, 0xff, 0xff, 0xff,
    0xff, 0xff, 0xff, 0x6f, 0xff, 0xff, 0xff, 0xff,
    0xff, 0xff, 0xff, 0xf8,

    /* U+F1EB "" */
    0x0, 0x0, 0x0, 0x0, 0x0, 0x0, 0x0, 0x0,
    0x0, 0x0, 0x0, 0x0, 0x4, 0x9c, 0xef, 0xfe,
    0xc9, 0x40, 0x0, 0x0, 0x0, 0x7, 0xef, 0xff,
    0xff, 0xff, 0xff, 0xfe, 0x70, 0x0, 0x4, 0xdf,
    0xff, 0xfc, 0xa8, 0x8a, 0xcf, 0xff, 0xfd, 0x40,
    0x6f, 0xff, 0xd5, 0x0, 0x0, 0x0, 0x0, 0x5d,
    0xff, 0xf6, 0xcf, 0xf6, 0x0, 0x0, 0x0, 0x0,
    0x0, 0x0, 0x6f, 0xfc, 0x1a, 0x30, 0x0, 0x5a,
    0xdf, 0xfd, 0xa5, 0x0, 0x3, 0xa1, 0x0, 0x0,
    0x4d, 0xff, 0xff, 0xff, 0xff, 0xd4, 0x0, 0x0,
    0x0, 0x5, 0xff, 0xfe, 0xa8, 0x8a, 0xef, 0xff,
    0x50, 0x0, 0x0, 0x1, 0xdf, 0x70, 0x0, 0x0,
    0x7, 0xfd, 0x10, 0x0, 0x0, 0x0, 0x12, 0x0,
    0x0, 0x0, 0x0, 0x21, 0x0, 0x0, 0x0, 0x0,
    0x0, 0x0, 0x4e, 0xe4, 0x0, 0x0, 0x0, 0x0,
    0x0, 0x0, 0x0, 0x0, 0xef, 0xfe, 0x0, 0x0,
    0x0, 0x0, 0x0, 0x0, 0x0, 0x0, 0xef, 0xfe,
    0x0, 0x0, 0x0, 0x0, 0x0, 0x0, 0x0, 0x0,
    0x4e, 0xe4, 0x0, 0x0, 0x0, 0x0,

    /* U+F1EC "" */
    0x8f, 0xff, 0xff, 0xff, 0xff, 0xff, 0xf8, 0xff,
    0xff, 0xff, 0xff, 0xff, 0xff, 0xff, 0xff, 0x0,
    0x0, 0x0, 0x0, 0x0, 0xff, 0xff, 0x0, 0x0,
    0x0, 0x0, 0x0, 0xff, 0xff, 0x0, 0x0, 0x0,
    0x0, 0x0, 0xff, 0xff, 0x0, 0x0, 0x0, 0x0,
    0x0, 0xff, 0xff, 0xff, 0xff, 0xff, 0xff, 0xff,
    0xff, 0xff, 0xff, 0xff, 0xff, 0xff, 0xff, 0xff,
    0xff, 0x0, 0xff, 0x0, 0xff, 0x0, 0xff, 0xff,
    0x0, 0xff, 0x0, 0xff, 0x0, 0xff, 0xff, 0xff,
    0xff, 0xff, 0xff, 0x0, 0xff, 0xff, 0xff, 0xff,
    0xff, 0xff, 0x0, 0xff, 0xff, 0x0, 0xff, 0x0,
    0xff, 0x0, 0xff, 0xff, 0x0, 0xff, 0x0, 0xff,
    0x0, 0xff, 0xff, 0xff, 0xff, 0xff, 0xff, 0xff,
    0xff, 0x8f, 0xff, 0xff, 0xff, 0xff, 0xff, 0xf8,

    /* U+F1ED "" */
    0x0, 0x0, 0x11, 0x11, 0x0, 0x0, 0x0, 0x0,
    0x2f, 0xff, 0xff, 0xfd, 0x40, 0x0, 0x0, 0x5f,
    0xff, 0xff, 0xff, 0xf3, 0x0, 0x0, 0x7f, 0xff,
    0xff, 0xff, 0xf8, 0x0, 0x0, 0xaf, 0xff, 0xff,
    0xff, 0xf7, 0x10, 0x0, 0xcf, 0xff, 0xff, 0xff,
    0xf5, 0xb0, 0x0, 0xff, 0xff, 0xff, 0xff, 0xc8,
    0xf0, 0x1, 0xff, 0xff, 0xff, 0xfc, 0x5f, 0xe0,
    0x4, 0xff, 0xd7, 0x76, 0x68, 0xff, 0x90, 0x6,
    0xff, 0x7d, 0xef, 0xff, 0xff, 0x20, 0x9, 0xff,
    0x6f, 0xff, 0xff, 0xc3, 0x0, 0xc, 0xff, 0x6f,
    0xfa, 0x20, 0x0, 0x0, 0xe, 0xff, 0x7f, 0xf6,
    0x0, 0x0, 0x0, 0x7, 0x86, 0x9f, 0xf3, 0x0,
    0x0, 0x0, 0x0, 0x0, 0xbf, 0xf1, 0x0, 0x0,
    0x0, 0x0, 0x0, 0x1, 0x0, 0x0, 0x0, 0x0,

    /* U+F1EE "" */
    0x0, 0x0, 0x0, 0x0, 0x9, 0xff, 0xc0, 0x0,
    0x0, 0x0, 0x0, 0x6, 0xff, 0xf0, 0x0, 0x0,
    0x7, 0x88, 0x33, 0xff, 0xf3, 0x0, 0x0, 0x1b,
    0xff, 0xe1, 0xff, 0xf7, 0x0, 0x0, 0x1d, 0xef,
    0xf9, 0xef, 0xf8, 0x7c, 0xca, 0x1f, 0xbf, 0xff,
    0xbf, 0xfa, 0x2f, 0xff, 0x9f, 0xde, 0xff, 0xbf,
    0xfb, 0x7, 0xff, 0xfb, 0xfc, 0xff, 0xfc, 0xfb,
    0x0, 0xef, 0xfb, 0xf7, 0xff, 0xfc, 0xfa, 0x0,
    0x8f, 0xfd, 0xe1, 0xbf, 0xfd, 0xe9, 0x0, 0x2f,
    0xff, 0x70, 0x6f, 0xff, 0xc8, 0x0, 0x7, 0x88,
    0x20, 0x2f, 0xff, 0xb5, 0x0, 0x0, 0x0, 0x0,
    0xf, 0xff, 0xb2, 0x0, 0x0, 0x0, 0x0, 0xd,
    0xff, 0xb0,

    /* U+F1F0 "" */
    0x8f, 0xff, 0xff, 0xff, 0xff, 0xff, 0xff, 0xff,
    0xf8, 0xff, 0xff, 0xff, 0xff, 0xff, 0xff, 0xff,
    0xff, 0xff, 0xff, 0xff, 0xff, 0xff, 0xff, 0xff,
    0xff, 0xff, 0xff, 0xff, 0xff, 0xff, 0xff, 0xff,
    0xff, 0xff, 0xff, 0xff, 0xfb, 0x7c, 0xfa, 0xa9,
    0xce, 0x87, 0xef, 0x8b, 0xff, 0xff, 0x64, 0xf0,
    0xa1, 0xa2, 0x6b, 0xf9, 0x4, 0xff, 0xff, 0xa0,
    0xa1, 0xe0, 0xd4, 0x1a, 0xf3, 0x61, 0xff, 0xff,
    0xe0, 0x27, 0xc0, 0xff, 0x70, 0xb0, 0x80, 0xef,
    0xff, 0xf3, 0xe, 0x92, 0x91, 0x12, 0x52, 0x61,
    0xaf, 0xff, 0xfc, 0xbf, 0xdb, 0xe9, 0xaf, 0xad,
    0xfc, 0xdf, 0xff, 0xff, 0xff, 0xff, 0xff, 0xff,
    0xff, 0xff, 0xff, 0xff, 0xff, 0xff, 0xff, 0xff,
    0xff, 0xff, 0xff, 0xff, 0xff, 0xff, 0xff, 0xff,
    0xff, 0xff, 0xff, 0xff, 0xff, 0x8f, 0xff, 0xff,
    0xff, 0xff, 0xff, 0xff, 0xff, 0xf8,

    /* U+F1F1 "" */
    0x7f, 0xff, 0xff, 0xff, 0xff, 0xff, 0xff, 0xff,
    0xf7, 0xff, 0xff, 0xfa, 0x9b, 0xff, 0xc9, 0xae,
    0xff, 0xff, 0xff, 0xfa, 0x0, 0x0, 0x67, 0x0,
    0x0, 0xaf, 0xff, 0xff, 0xb0, 0x0, 0x3, 0x21,
    0x40, 0x0, 0xb, 0xff, 0xff, 0x30, 0x0, 0x5,
    0x0, 0x50, 0x0, 0x3, 0xff, 0xff, 0x0, 0x0,
    0x5, 0x0, 0x50, 0x0, 0x0, 0xff, 0xff, 0x10,
    0x0, 0x5, 0x0, 0x50, 0x0, 0x1, 0xff, 0xff,
    0x50, 0x0, 0x5, 0x0, 0x50, 0x0, 0x5, 0xff,
    0xff, 0xd1, 0x0, 0x1, 0x33, 0x20, 0x0, 0x1d,
    0xff, 0xff, 0xfd, 0x40, 0x0, 0x8a, 0x10, 0x4,
    0xdf, 0xff, 0xff, 0xff, 0xff, 0xef, 0xff, 0xfe,
    0xff, 0xfe, 0xff, 0xff, 0xc9, 0xb8, 0xa8, 0xb9,
    0x9b, 0x8a, 0xab, 0xff, 0xff, 0xee, 0xeb, 0xdd,
    0xdc, 0xec, 0xbe, 0xcd, 0xff, 0x8f, 0xff, 0xff,
    0xff, 0xff, 0xff, 0xff, 0xff, 0xf8, 0x0, 0x0,
    0x0, 0x0, 0x0, 0x0, 0x0, 0x0, 0x0,

    /* U+F1F2 "" */
    0x8f, 0xff, 0xff, 0xff, 0xff, 0xff, 0xff, 0xff,
    0xf8, 0xff, 0xff, 0xff, 0xff, 0xff, 0xff, 0xff,
    0xff, 0xff, 0xff, 0xff, 0xff, 0xff, 0xff, 0xff,
    0xff, 0xff, 0xff, 0xff, 0xff, 0xff, 0xff, 0xff,
    0xff, 0xff, 0xff, 0xff, 0xf6, 0xaa, 0xab, 0xa7,
    0xb4, 0x9c, 0xb9, 0xa6, 0xaf, 0xf8, 0x77, 0x8a,
    0x7f, 0x30, 0x28, 0x79, 0xb4, 0x7f, 0xf5, 0x88,
    0x97, 0x89, 0x80, 0x7a, 0xba, 0xb7, 0x8f, 0xff,
    0xff, 0xff, 0xff, 0xff, 0xff, 0xff, 0xff, 0xff,
    0xff, 0xff, 0xff, 0xff, 0xff, 0xff, 0xff, 0xfd,
    0x4f, 0xff, 0xff, 0xff, 0xff, 0xff, 0xff, 0xfc,
    0x50, 0xf, 0xff, 0xff, 0xff, 0xff, 0xff, 0xfa,
    0x30, 0x0, 0xf, 0xff, 0xff, 0xff, 0xff, 0xc6,
    0x10, 0x0, 0x0, 0xf, 0xff, 0xff, 0xea, 0x62,
    0x0, 0x0, 0x0, 0x0, 0x1f, 0x8f, 0xff, 0xff,
    0xff, 0xff, 0xff, 0xff, 0xff, 0xf8,

    /* U+F1F3 "" */
    0x8f, 0xff, 0xff, 0xff, 0xff, 0xff, 0xff, 0xff,
    0xf8, 0xff, 0xff, 0xff, 0xff, 0xff, 0xff, 0xff,
    0xff, 0xff, 0xff, 0xff, 0xff, 0xff, 0xff, 0xff,
    0xff, 0xff, 0xff, 0xb8, 0x78, 0xa7, 0x98, 0x99,
    0x77, 0x88, 0x68, 0x7b, 0x9a, 0x8a, 0x88, 0xc6,
    0xcb, 0x98, 0x5a, 0x7c, 0x9a, 0x89, 0xb5, 0x66,
    0x95, 0x78, 0x86, 0x99, 0x96, 0xba, 0xef, 0xed,
    0xdd, 0xdd, 0xde, 0xde, 0xdf, 0xde, 0xee, 0xff,
    0xf7, 0x77, 0x78, 0x75, 0x76, 0x76, 0x67, 0x56,
    0xff, 0xfa, 0x95, 0xe8, 0x78, 0xaa, 0xa6, 0x68,
    0x68, 0xff, 0xf9, 0x99, 0x8a, 0x99, 0x96, 0x88,
    0x79, 0x7a, 0xff, 0xff, 0xff, 0xff, 0xff, 0xff,
    0xff, 0xff, 0xff, 0xff, 0xff, 0xff, 0xff, 0xff,
    0xff, 0xff, 0xff, 0xff, 0xff, 0xff, 0xff, 0xff,
    0xff, 0xff, 0xff, 0xff, 0xff, 0x8f, 0xff, 0xff,
    0xff, 0xff, 0xff, 0xff, 0xff, 0xf8,

    /* U+F1F4 "" */
    0x8f, 0xff, 0xff, 0xff, 0xff, 0xff, 0xff, 0xff,
    0xf9, 0xf, 0xff, 0xff, 0xff, 0xff, 0xff, 0xff,
    0xff, 0xff, 0xf0, 0xff, 0xff, 0xff, 0xff, 0xff,
    0xff, 0xff, 0xff, 0xff, 0x1f, 0xff, 0xff, 0xff,
    0xff, 0xff, 0xff, 0xff, 0xff, 0xf1, 0xfe, 0xdf,
    0xff, 0xff, 0xff, 0xed, 0xff, 0xff, 0xef, 0x1f,
    0x64, 0x1f, 0xff, 0xff, 0xf4, 0x43, 0xff, 0xf3,
    0xf1, 0xf4, 0x63, 0x33, 0x53, 0xb5, 0x26, 0x42,
    0x35, 0x3f, 0x1f, 0x2d, 0xd3, 0x87, 0x82, 0xe2,
    0xdb, 0x48, 0x65, 0xf1, 0xfc, 0xff, 0xbb, 0xe6,
    0xbf, 0xcf, 0xfb, 0xbd, 0xdf, 0x1f, 0xff, 0xff,
    0xff, 0xef, 0xff, 0xff, 0xff, 0xff, 0xf1, 0xff,
    0xff, 0xff, 0xff, 0xff, 0xff, 0xff, 0xff, 0xff,
    0x1f, 0xff, 0xff, 0xff, 0xff, 0xff, 0xff, 0xff,
    0xff, 0xf1, 0xff, 0xff, 0xff, 0xff, 0xff, 0xff,
    0xff, 0xff, 0xff, 0x8, 0xff, 0xff, 0xff, 0xff,
    0xff, 0xff, 0xff, 0xff, 0x90,

    /* U+F1F5 "" */
    0x8f, 0xff, 0xff, 0xff, 0xff, 0xff, 0xff, 0xff,
    0xf8, 0xff, 0xff, 0xff, 0xff, 0xff, 0xff, 0xff,
    0xff, 0xff, 0xff, 0xff, 0xff, 0xff, 0xff, 0xff,
    0xff, 0xff, 0xff, 0xff, 0xff, 0xff, 0xff, 0xec,
    0xff, 0xff, 0xff, 0xff, 0xff, 0xff, 0x3e, 0xff,
    0xaa, 0xff, 0xff, 0xff, 0xff, 0xf6, 0x8, 0x1,
    0x52, 0x47, 0x12, 0x3e, 0x50, 0x9f, 0xf1, 0x7d,
    0xd, 0x46, 0x76, 0xc, 0x25, 0x18, 0x1f, 0xfc,
    0x45, 0xe, 0x49, 0x76, 0xe, 0x25, 0x7, 0x7f,
    0xf3, 0x18, 0x42, 0x59, 0x86, 0x1, 0x2e, 0x51,
    0x5f, 0xff, 0xff, 0xff, 0xff, 0xff, 0xe, 0xff,
    0xff, 0xff, 0xff, 0xff, 0xff, 0xff, 0xff, 0xdf,
    0xff, 0xff, 0xff, 0xff, 0xff, 0xff, 0xff, 0xff,
    0xff, 0xff, 0xff, 0xff, 0xff, 0xff, 0xff, 0xff,
    0xff, 0xff, 0xff, 0xff, 0xff, 0x8f, 0xff, 0xff,
    0xff, 0xff, 0xff, 0xff, 0xff, 0xf8,

    /* U+F1F6 "" */
    0x0, 0x0, 0x0, 0x0, 0x0, 0x0, 0x0, 0x0,
    0x0, 0x0, 0x0, 0x8, 0xc2, 0x0, 0x0, 0x0,
    0xcc, 0x0, 0x0, 0x0, 0x0, 0x0, 0xd, 0xfe,
    0x40, 0x0, 0x3, 0xff, 0x20, 0x0, 0x0, 0x0,
    0x0, 0x1, 0xbf, 0xf8, 0x1, 0xcf, 0xff, 0xfb,
    0x10, 0x0, 0x0, 0x0, 0x0, 0x7, 0xff, 0xbe,
    0xff, 0xff, 0xff, 0xe1, 0x0, 0x0, 0x0, 0x0,
    0x0, 0x4e, 0xff, 0xff, 0xff, 0xff, 0xf9, 0x0,
    0x0, 0x0, 0x0, 0x0, 0x1, 0xcf, 0xff, 0xff,
    0xff, 0xfe, 0x0, 0x0, 0x0, 0x0, 0x0, 0x0,
    0x9, 0xff, 0xff, 0xff, 0xff, 0x0, 0x0, 0x0,
    0x0, 0x0, 0x0, 0x0, 0x5f, 0xff, 0xff, 0xff,
    0x0, 0x0, 0x0, 0x0, 0x0, 0x4, 0xa0, 0x2,
    0xdf, 0xff, 0xff, 0x30, 0x0, 0x0, 0x0, 0x0,
    0x8, 0xfd, 0x20, 0xa, 0xff, 0xff, 0x80, 0x0,
    0x0, 0x0, 0x0, 0x1e, 0xff, 0xf5, 0x0, 0x6f,
    0xff, 0xe1, 0x0, 0x0, 0x0, 0x0, 0xcf, 0xff,
    0xff, 0x90, 0x3, 0xef, 0xfc, 0x0, 0x0, 0x0,
    0x0, 0xcf, 0xff, 0xff, 0xfc, 0x10, 0x1b, 0xff,
    0x70, 0x0, 0x0, 0x0, 0x0, 0x0, 0x0, 0x0,
    0x0, 0x0, 0x8f, 0xfb, 0x0, 0x0, 0x0, 0x0,
    0x0, 0xe, 0xff, 0xe0, 0x0, 0x4, 0xef, 0xd0,
    0x0, 0x0, 0x0, 0x0, 0x4, 0xee, 0x40, 0x0,
    0x0, 0x2c, 0x80, 0x0, 0x0, 0x0, 0x0, 0x0,
    0x0, 0x0, 0x0, 0x0, 0x0, 0x0,

    /* U+F1F8 "" */
    0x0, 0x0, 0x7f, 0xff, 0xf7, 0x0, 0x0, 0xef,
    0xff, 0xff, 0xff, 0xff, 0xff, 0xfe, 0xef, 0xff,
    0xff, 0xff, 0xff, 0xff, 0xfe, 0x0, 0x0, 0x0,
    0x0, 0x0, 0x0, 0x0, 0xf, 0xff, 0xff, 0xff,
    0xff, 0xff, 0xf0, 0xe, 0xff, 0xff, 0xff, 0xff,
    0xff, 0xe0, 0xd, 0xff, 0xff, 0xff, 0xff, 0xff,
    0xd0, 0xc, 0xff, 0xff, 0xff, 0xff, 0xff, 0xc0,
    0xb, 0xff, 0xff, 0xff, 0xff, 0xff, 0xb0, 0xa,
    0xff, 0xff, 0xff, 0xff, 0xff, 0xa0, 0x9, 0xff,
    0xff, 0xff, 0xff, 0xff, 0x90, 0x8, 0xff, 0xff,
    0xff, 0xff, 0xff, 0x80, 0x7, 0xff, 0xff, 0xff,
    0xff, 0xff, 0x70, 0x6, 0xff, 0xff, 0xff, 0xff,
    0xff, 0x60, 0x5, 0xff, 0xff, 0xff, 0xff, 0xff,
    0x50, 0x0, 0xcf, 0xff, 0xff, 0xff, 0xfc, 0x0,

    /* U+F1F9 "" */
    0x0, 0x0, 0x16, 0xbc, 0xdb, 0x61, 0x0, 0x0,
    0x0, 0x6, 0xef, 0xff, 0xff, 0xfe, 0x60, 0x0,
    0x0, 0x8f, 0xff, 0xff, 0xff, 0xff, 0xf8, 0x0,
    0x5, 0xff, 0xff, 0xb7, 0x68, 0xef, 0xff, 0x50,
    0xe, 0xff, 0xf4, 0x0, 0x0, 0xa, 0xff, 0xe0,
    0x5f, 0xff, 0x60, 0x7, 0x95, 0xd, 0xff, 0xf5,
    0x9f, 0xfe, 0x0, 0xaf, 0xff, 0xef, 0xff, 0xf9,
    0xbf, 0xfb, 0x0, 0xff, 0xff, 0xff, 0xff, 0xfb,
    0xbf, 0xfc, 0x0, 0xdf, 0xff, 0xff, 0xff, 0xfb,
    0x9f, 0xfe, 0x0, 0x5f, 0xfe, 0x5e, 0xff, 0xf9,
    0x5f, 0xff, 0x60, 0x1, 0x20, 0x5, 0xff, 0xf5,
    0xe, 0xff, 0xf4, 0x0, 0x0, 0x1c, 0xff, 0xe0,
    0x5, 0xff, 0xff, 0xb7, 0x69, 0xff, 0xff, 0x50,
    0x0, 0x8f, 0xff, 0xff, 0xff, 0xff, 0xf8, 0x0,
    0x0, 0x6, 0xef, 0xff, 0xff, 0xfe, 0x60, 0x0,
    0x0, 0x0, 0x16, 0xbd, 0xdb, 0x61, 0x0, 0x0,

    /* U+F1FA "" */
    0x0, 0x0, 0x16, 0xbc, 0xdb, 0x82, 0x0, 0x0,
    0x0, 0x6, 0xef, 0xff, 0xff, 0xff, 0xa0, 0x0,
    0x0, 0x8f, 0xfb, 0x53, 0x24, 0x9f, 0xfd, 0x10,
    0x5, 0xff, 0x60, 0x0, 0x0, 0x2, 0xdf, 0xb0,
    0xe, 0xf6, 0x5, 0xdf, 0xf9, 0xbb, 0x3e, 0xf3,
    0x5f, 0xc0, 0x6f, 0xff, 0xff, 0xff, 0x38, 0xf8,
    0x9f, 0x71, 0xff, 0xe6, 0x6f, 0xff, 0x4, 0xfb,
    0xbf, 0x46, 0xff, 0x60, 0xe, 0xfc, 0x4, 0xfb,
    0xbf, 0x47, 0xff, 0x30, 0x1f, 0xf9, 0x8, 0xf9,
    0x9f, 0x76, 0xff, 0xa5, 0xdf, 0xf9, 0x5f, 0xf4,
    0x5f, 0xc1, 0xff, 0xff, 0xff, 0xff, 0xff, 0x90,
    0xe, 0xf6, 0x4c, 0xfc, 0x28, 0xdd, 0xa5, 0x0,
    0x5, 0xff, 0x50, 0x0, 0x0, 0x1, 0x0, 0x0,
    0x0, 0x8f, 0xfb, 0x52, 0x36, 0xcf, 0x50, 0x0,
    0x0, 0x6, 0xff, 0xff, 0xff, 0xfe, 0x40, 0x0,
    0x0, 0x0, 0x16, 0xbd, 0xdb, 0x61, 0x0, 0x0,

    /* U+F1FB "" */
    0x0, 0x0, 0x0, 0x0, 0x0, 0x8, 0xee, 0x80,
    0x0, 0x0, 0x0, 0x0, 0x0, 0xbf, 0xff, 0xf8,
    0x0, 0x0, 0x0, 0x3, 0xb, 0xff, 0xff, 0xfe,
    0x0, 0x0, 0x0, 0x9f, 0xef, 0xff, 0xff, 0xfe,
    0x0, 0x0, 0x6, 0xff, 0xff, 0xff, 0xff, 0xf8,
    0x0, 0x0, 0x1, 0xef, 0xff, 0xff, 0xff, 0xb0,
    0x0, 0x0, 0x4, 0x2e, 0xff, 0xff, 0xfb, 0x0,
    0x0, 0x0, 0x7f, 0x82, 0xef, 0xff, 0xe0, 0x0,
    0x0, 0x7, 0xff, 0xf8, 0x2e, 0xff, 0xf3, 0x0,
    0x0, 0x7f, 0xff, 0xff, 0x82, 0xef, 0x90, 0x0,
    0x7, 0xff, 0xff, 0xff, 0xf4, 0x16, 0x0, 0x0,
    0xe, 0xff, 0xff, 0xff, 0x70, 0x0, 0x0, 0x0,
    0xf, 0xff, 0xff, 0xf7, 0x0, 0x0, 0x0, 0x0,
    0x2f, 0xff, 0xff, 0x70, 0x0, 0x0, 0x0, 0x0,
    0xbf, 0xff, 0xe7, 0x0, 0x0, 0x0, 0x0, 0x0,
    0x8b, 0x20, 0x0, 0x0, 0x0, 0x0, 0x0, 0x0,

    /* U+F1FC "" */
    0x0, 0x0, 0x0, 0x0, 0x0, 0x0, 0x1b, 0xf7,
    0x0, 0x0, 0x0, 0x0, 0x0, 0x2, 0xef, 0xff,
    0x0, 0x0, 0x0, 0x0, 0x0, 0x3e, 0xff, 0xfc,
    0x0, 0x0, 0x0, 0x0, 0x5, 0xff, 0xff, 0xf4,
    0x0, 0x0, 0x0, 0x0, 0x7f, 0xff, 0xff, 0xb0,
    0x0, 0x0, 0x0, 0x9, 0xff, 0xff, 0xff, 0x30,
    0x0, 0x0, 0x0, 0x7f, 0xff, 0xff, 0xf9, 0x0,
    0x0, 0x0, 0x0, 0xff, 0xff, 0xff, 0xe1, 0x0,
    0x0, 0x0, 0x0, 0xef, 0xff, 0xff, 0x50, 0x0,
    0x0, 0x0, 0x32, 0x6f, 0xff, 0xf9, 0x0, 0x0,
    0x0, 0xb, 0xff, 0x44, 0xee, 0x80, 0x0, 0x0,
    0x60, 0x9f, 0xff, 0xf6, 0x0, 0x0, 0x0, 0x0,
    0xdd, 0xff, 0xff, 0xff, 0x0, 0x0, 0x0, 0x0,
    0x8f, 0xff, 0xff, 0xfc, 0x0, 0x0, 0x0, 0x0,
    0x1e, 0xff, 0xff, 0xf5, 0x0, 0x0, 0x0, 0x0,
    0x2, 0xbf, 0xeb, 0x30, 0x0, 0x0, 0x0, 0x0,

    /* U+F1FD "" */
    0x0, 0x28, 0x0, 0x28, 0x0, 0x28, 0x0, 0x0,
    0xcf, 0x0, 0xcf, 0x0, 0xcf, 0x0, 0x0, 0xcb,
    0x0, 0xcb, 0x0, 0xcb, 0x0, 0x0, 0x88, 0x0,
    0x88, 0x0, 0x88, 0x0, 0x0, 0xff, 0x0, 0xff,
    0x0, 0xff, 0x0, 0x0, 0xff, 0x0, 0xff, 0x0,
    0xff, 0x0, 0x0, 0xff, 0x0, 0xff, 0x0, 0xff,
    0x0, 0x0, 0xff, 0x0, 0xff, 0x0, 0xff, 0x0,
    0x8f, 0xff, 0xff, 0xff, 0xff, 0xff, 0xf8, 0xff,
    0xff, 0xff, 0xff, 0xff, 0xff, 0xff, 0xff, 0xff,
    0xff, 0xff, 0xff, 0xff, 0xff, 0xc3, 0x6, 0xe9,
    0x11, 0x9e, 0x60, 0x3c, 0x19, 0xe6, 0x3, 0xcc,
    0x30, 0x6e, 0x91, 0xff, 0xff, 0xff, 0xff, 0xff,
    0xff, 0xff, 0xff, 0xff, 0xff, 0xff, 0xff, 0xff,
    0xff, 0xff, 0xff, 0xff, 0xff, 0xff, 0xff, 0xff,

    /* U+F1FE "" */
    0xff, 0x0, 0x0, 0x0, 0x0, 0x0, 0x0, 0x0,
    0xff, 0x0, 0x6, 0x80, 0x0, 0x0, 0x0, 0x0,
    0xff, 0x0, 0x1f, 0xf5, 0x0, 0x0, 0x0, 0x0,
    0xff, 0x0, 0xaf, 0xfe, 0x20, 0x3d, 0x50, 0x0,
    0xff, 0x4, 0xff, 0xff, 0xc9, 0xff, 0xd0, 0x0,
    0xff, 0xd, 0xff, 0xff, 0xff, 0xff, 0xf5, 0x0,
    0xff, 0xf, 0xff, 0xff, 0xff, 0xff, 0xfc, 0x0,
    0xff, 0xf, 0xff, 0xff, 0xff, 0xff, 0xff, 0x40,
    0xff, 0xf, 0xff, 0xff, 0xff, 0xff, 0xff, 0xc0,
    0xff, 0x0, 0x0, 0x0, 0x0, 0x0, 0x0, 0x0,
    0xff, 0xff, 0xff, 0xff, 0xff, 0xff, 0xff, 0xff,
    0xff, 0xff, 0xff, 0xff, 0xff, 0xff, 0xff, 0xff,

    /* U+F200 "" */
    0x0, 0x0, 0x0, 0x0, 0x0, 0x0, 0x0, 0x0,
    0x0, 0x0, 0x0, 0x0, 0x0, 0x0, 0x6f, 0xc6,
    0x0, 0x0, 0x0, 0x0, 0x0, 0x5, 0xbc, 0x7,
    0xff, 0xfd, 0x20, 0x0, 0x0, 0x0, 0x2c, 0xff,
    0xf0, 0x7f, 0xff, 0xff, 0x20, 0x0, 0x0, 0x2e,
    0xff, 0xff, 0x7, 0xff, 0xff, 0xfd, 0x0, 0x0,
    0xc, 0xff, 0xff, 0xf0, 0x7f, 0xff, 0xff, 0xf6,
    0x0, 0x5, 0xff, 0xff, 0xff, 0x7, 0xff, 0xff,
    0xff, 0xc0, 0x0, 0xbf, 0xff, 0xff, 0xf0, 0x7f,
    0xff, 0xff, 0xff, 0x0, 0xe, 0xff, 0xff, 0xff,
    0x3, 0x77, 0x77, 0x77, 0x60, 0x0, 0xff, 0xff,
    0xff, 0xf0, 0x0, 0x0, 0x0, 0x0, 0x0, 0xe,
    0xff, 0xff, 0xff, 0x80, 0x6f, 0xff, 0xff, 0xfe,
    0x0, 0xbf, 0xff, 0xff, 0xff, 0x80, 0x6f, 0xff,
    0xff, 0xc0, 0x5, 0xff, 0xff, 0xff, 0xff, 0x80,
    0x6f, 0xff, 0xf7, 0x0, 0xc, 0xff, 0xff, 0xff,
    0xff, 0x80, 0x6f, 0xfd, 0x0, 0x0, 0x1e, 0xff,
    0xff, 0xff, 0xff, 0x80, 0x6f, 0x30, 0x0, 0x0,
    0x1c, 0xff, 0xff, 0xff, 0xfc, 0x0, 0x0, 0x0,
    0x0, 0x0, 0x5, 0xbe, 0xfe, 0xb5, 0x0, 0x0,
    0x0, 0x0, 0x0, 0x0, 0x0, 0x0, 0x0, 0x0,
    0x0, 0x0, 0x0,

    /* U+F201 "" */
    0xee, 0x0, 0x0, 0x0, 0x0, 0x0, 0x0, 0x0,
    0xff, 0x0, 0x0, 0x0, 0x0, 0xcf, 0xff, 0xe0,
    0xff, 0x0, 0x0, 0x0, 0x0, 0x7f, 0xff, 0xf0,
    0xff, 0x0, 0x1c, 0xc1, 0x0, 0x1e, 0xff, 0xf0,
    0xff, 0x1, 0xdf, 0xfd, 0x11, 0xdf, 0xef, 0xf0,
    0xff, 0xc, 0xfd, 0xdf, 0xdd, 0xfd, 0x17, 0xc0,
    0xff, 0x7, 0xc1, 0x1d, 0xff, 0xd1, 0x0, 0x0,
    0xff, 0x0, 0x0, 0x1, 0xcc, 0x10, 0x0, 0x0,
    0xff, 0x0, 0x0, 0x0, 0x0, 0x0, 0x0, 0x0,
    0xff, 0x0, 0x0, 0x0, 0x0, 0x0, 0x0, 0x0,
    0xff, 0xff, 0xff, 0xff, 0xff, 0xff, 0xff, 0xfe,
    0xcf, 0xff, 0xff, 0xff, 0xff, 0xff, 0xff, 0xfe,

    /* U+F202 "" */
    0x0, 0x26, 0x64, 0x0, 0x0, 0x4, 0x65, 0x10,
    0x9, 0xff, 0xff, 0xe3, 0x1, 0xdf, 0xff, 0xf5,
    0x6f, 0xd3, 0x16, 0xfe, 0x8, 0xf7, 0x3, 0xfc,
    0xcf, 0x30, 0x0, 0x9f, 0x69, 0xf7, 0x0, 0x0,
    0xff, 0x0, 0x0, 0x3f, 0xc3, 0xff, 0xeb, 0x50,
    0xff, 0x0, 0x0, 0xe, 0xf1, 0x28, 0xcf, 0xf9,
    0xdf, 0x30, 0x0, 0x8, 0xf9, 0x0, 0x2, 0xff,
    0x8f, 0xc2, 0x17, 0x91, 0xef, 0x71, 0x4, 0xfd,
    0xb, 0xff, 0xff, 0xb0, 0x3e, 0xff, 0xff, 0xf5,
    0x0, 0x36, 0x63, 0x0, 0x0, 0x46, 0x64, 0x10,

    /* U+F203 "" */
    0x8f, 0xff, 0xff, 0xff, 0xff, 0xff, 0xf8, 0xff,
    0xff, 0xff, 0xff, 0xff, 0xff, 0xff, 0xff, 0xff,
    0xff, 0xff, 0xff, 0xff, 0xff, 0xff, 0xff, 0xff,
    0xff, 0xff, 0xff, 0xff, 0xff, 0xf7, 0x45, 0xcf,
    0xb4, 0x4b, 0xff, 0xff, 0x63, 0xd8, 0x1e, 0xa,
    0x95, 0xff, 0xff, 0x1b, 0xff, 0x29, 0x24, 0x9e,
    0xff, 0xff, 0xb, 0xff, 0x83, 0xe9, 0x32, 0xff,
    0xff, 0x43, 0xc8, 0xb0, 0x7c, 0x91, 0xff, 0xff,
    0xe6, 0x46, 0xed, 0x63, 0x5b, 0xff, 0xff, 0xff,
    0xff, 0xff, 0xff, 0xff, 0xff, 0xff, 0xff, 0xff,
    0xff, 0xff, 0xff, 0xff, 0xff, 0xff, 0xff, 0xff,
    0xff, 0xff, 0xff, 0x8f, 0xff, 0xff, 0xff, 0xff,
    0xff, 0xf8,

    /* U+F204 "" */
    0x0, 0x7, 0xcf, 0xff, 0xff, 0xff, 0xfc, 0x70,
    0x0, 0x1, 0xdf, 0xff, 0xff, 0xff, 0xff, 0xff,
    0xfd, 0x10, 0xd, 0xfd, 0x40, 0x4, 0xdf, 0xc0,
    0x4, 0xdf, 0xd0, 0x7f, 0xd1, 0x0, 0x0, 0x1d,
    0xf6, 0x0, 0x1d, 0xf7, 0xcf, 0x40, 0x0, 0x0,
    0x4, 0xfc, 0x0, 0x4, 0xfc, 0xff, 0x0, 0x0,
    0x0, 0x0, 0xff, 0x0, 0x0, 0xff, 0xff, 0x0,
    0x0, 0x0, 0x0, 0xff, 0x0, 0x0, 0xff, 0xcf,
    0x40, 0x0, 0x0, 0x4, 0xfc, 0x0, 0x4, 0xfc,
    0x7f, 0xd1, 0x0, 0x0, 0x1d, 0xf6, 0x0, 0x1d,
    0xf7, 0xd, 0xfd, 0x40, 0x4, 0xdf, 0xc0, 0x4,
    0xdf, 0xd0, 0x1, 0xdf, 0xff, 0xff, 0xff, 0xff,
    0xff, 0xfd, 0x10, 0x0, 0x7, 0xcf, 0xff, 0xff,
    0xff, 0xfc, 0x70, 0x0,

    /* U+F205 "" */
    0x0, 0x7, 0xcf, 0xff, 0xff, 0xff, 0xfc, 0x70,
    0x0, 0x1, 0xdf, 0xff, 0xff, 0xff, 0xff, 0xff,
    0xfd, 0x10, 0xd, 0xff, 0xff, 0xff, 0xfd, 0x40,
    0x4, 0xdf, 0xd0, 0x7f, 0xff, 0xff, 0xff, 0xd1,
    0x0, 0x0, 0x1d, 0xf7, 0xcf, 0xff, 0xff, 0xff,
    0x40, 0x0, 0x0, 0x4, 0xfc, 0xff, 0xff, 0xff,
    0xff, 0x0, 0x0, 0x0, 0x0, 0xff, 0xff, 0xff,
    0xff, 0xff, 0x0, 0x0, 0x0, 0x0, 0xff, 0xcf,
    0xff, 0xff, 0xff, 0x40, 0x0, 0x0, 0x4, 0xfc,
    0x7f, 0xff, 0xff, 0xff, 0xd1, 0x0, 0x0, 0x1d,
    0xf7, 0xd, 0xff, 0xff, 0xff, 0xfd, 0x40, 0x4,
    0xdf, 0xd0, 0x1, 0xdf, 0xff, 0xff, 0xff, 0xff,
    0xff, 0xfd, 0x10, 0x0, 0x7, 0xcf, 0xff, 0xff,
    0xff, 0xfc, 0x70, 0x0,

    /* U+F206 "" */
    0x0, 0x0, 0x0, 0x0, 0xb, 0xcc, 0x20, 0x0,
    0x0, 0x0, 0x0, 0x0, 0x6, 0x88, 0x70, 0xab,
    0xfc, 0x0, 0x0, 0x0, 0x0, 0x0, 0x0, 0xcf,
    0xff, 0x88, 0x8c, 0xf6, 0x0, 0x0, 0x0, 0x0,
    0x0, 0x0, 0x2f, 0xdc, 0xcc, 0xef, 0xf1, 0x0,
    0x0, 0x0, 0x2, 0xaf, 0xee, 0xe0, 0x0, 0x1f,
    0xcf, 0xee, 0xfb, 0x20, 0x2, 0xef, 0x9c, 0xfe,
    0x20, 0xa, 0xf4, 0xff, 0xc9, 0xfe, 0x20, 0xbf,
    0x21, 0xfc, 0xea, 0x4, 0xf7, 0xbf, 0xde, 0x2,
    0xfb, 0xf, 0x90, 0xaf, 0xad, 0xf8, 0xed, 0xf,
    0x93, 0xf9, 0x9, 0xf0, 0xf9, 0xd, 0xff, 0xff,
    0xff, 0x30, 0xf9, 0x7, 0x70, 0x9f, 0xb, 0xf2,
    0x0, 0x1e, 0xa0, 0x0, 0xa, 0xe2, 0x0, 0x2f,
    0xb0, 0x2e, 0xf9, 0x9e, 0xe2, 0x0, 0x0, 0x2e,
    0xe9, 0x9f, 0xf2, 0x0, 0x2b, 0xfe, 0xa2, 0x0,
    0x0, 0x0, 0x2a, 0xff, 0xb2, 0x0, 0x0, 0x0,
    0x0, 0x0, 0x0, 0x0, 0x0, 0x0, 0x0, 0x0,
    0x0,

    /* U+F207 "" */
    0x0, 0x16, 0xad, 0xef, 0xfe, 0xda, 0x61, 0x0,
    0x6, 0xff, 0xff, 0xff, 0xff, 0xff, 0xff, 0x60,
    0xf, 0xff, 0xff, 0xff, 0xff, 0xff, 0xff, 0xf0,
    0xf, 0xf3, 0x0, 0x0, 0x0, 0x0, 0x3f, 0xf0,
    0xdf, 0xf0, 0x0, 0x0, 0x0, 0x0, 0xf, 0xfd,
    0xff, 0xf0, 0x0, 0x0, 0x0, 0x0, 0xf, 0xff,
    0xff, 0xf0, 0x0, 0x0, 0x0, 0x0, 0xf, 0xff,
    0xdf, 0xf0, 0x0, 0x0, 0x0, 0x0, 0xf, 0xfd,
    0xf, 0xf3, 0x0, 0x0, 0x0, 0x0, 0x3f, 0xf0,
    0xf, 0xff, 0xff, 0xff, 0xff, 0xff, 0xff, 0xf0,
    0xf, 0xe9, 0xff, 0xff, 0xff, 0xfd, 0x8f, 0xf0,
    0xf, 0x80, 0xcf, 0xff, 0xff, 0xf5, 0x8, 0xf0,
    0xf, 0xe9, 0xff, 0xff, 0xff, 0xfd, 0x8f, 0xf0,
    0xc, 0xff, 0xff, 0xff, 0xff, 0xff, 0xff, 0xd0,
    0x0, 0xff, 0xc0, 0x0, 0x0, 0x3f, 0xff, 0x0,
    0x0, 0xcf, 0x80, 0x0, 0x0, 0x1e, 0xfb, 0x0,

    /* U+F208 "" */
    0x0, 0x0, 0x0, 0x3, 0x79, 0x97, 0x30, 0x0,
    0x0, 0x0, 0x0, 0x0, 0x3, 0xcf, 0xfe, 0xef,
    0xfc, 0x30, 0x0, 0x0, 0x0, 0x0, 0x5f, 0xe6,
    0x10, 0x1, 0x6e, 0xf5, 0x0, 0x0, 0x0, 0x3,
    0xfb, 0x10, 0x0, 0x0, 0x1, 0xbf, 0x40, 0x0,
    0x0, 0xd, 0xd0, 0x0, 0x0, 0x0, 0x0, 0xd,
    0xd0, 0x0, 0x0, 0x4f, 0x40, 0xdf, 0xff, 0xff,
    0xff, 0xff, 0xff, 0xfc, 0x0, 0x9f, 0x0, 0x58,
    0x88, 0x88, 0x88, 0x88, 0xfc, 0x85, 0x0, 0xbc,
    0x0, 0x9c, 0xcc, 0xcc, 0xc9, 0x0, 0xda, 0x0,
    0x0, 0xbc, 0x0, 0x9c, 0xcc, 0xcc, 0xc9, 0x0,
    0xcb, 0x0, 0x58, 0xcf, 0x88, 0x88, 0x88, 0x88,
    0x85, 0x0, 0xf9, 0x0, 0xdf, 0xff, 0xff, 0xff,
    0xff, 0xff, 0xfd, 0x4, 0xf5, 0x0, 0x0, 0xe,
    0xd0, 0x0, 0x0, 0x0, 0x0, 0xc, 0xe0, 0x0,
    0x0, 0x5, 0xfa, 0x0, 0x0, 0x0, 0x0, 0x9f,
    0x50, 0x0, 0x0, 0x0, 0x7f, 0xc3, 0x0, 0x0,
    0x2b, 0xf8, 0x0, 0x0, 0x0, 0x0, 0x5, 0xef,
    0xdb, 0xad, 0xfe, 0x60, 0x0, 0x0, 0x0, 0x0,
    0x0, 0x16, 0xbd, 0xdb, 0x61, 0x0, 0x0, 0x0,

    /* U+F209 "" */
    0x0, 0x1a, 0x70, 0x0, 0x9, 0xb1, 0x0, 0x79,
    0xc4, 0x0, 0x6b, 0xc6, 0x0, 0x69, 0x4d, 0x0,
    0xe2, 0xc4, 0x0, 0x2d, 0xe, 0x45, 0xc1, 0xf1,
    0x0, 0xd, 0x38, 0xac, 0x76, 0xb0, 0x0, 0x8,
    0x83, 0xff, 0x1b, 0x60, 0x0, 0x6, 0xeb, 0xfe,
    0x6f, 0x30, 0x0, 0xde, 0xf8, 0x56, 0x9e, 0xf4,
    0x2, 0xd0, 0xad, 0x75, 0x41, 0xba, 0x9, 0xf3,
    0x1f, 0xcf, 0xf5, 0x8b, 0x6b, 0x4d, 0x28, 0xeb,
    0x10, 0x8b, 0x8b, 0x57, 0xec, 0xd0, 0x0, 0xc8,
    0x5e, 0xe6, 0xfb, 0x80, 0x3, 0xf2, 0xd, 0xbc,
    0x92, 0xa0, 0x1d, 0x90, 0x2, 0xea, 0x31, 0x46,
    0xeb, 0x0, 0x0, 0x18, 0xdf, 0xeb, 0x50, 0x0,

    /* U+F20A "" */
    0x8f, 0xff, 0xff, 0xff, 0xff, 0xff, 0xff, 0xf8,
    0xff, 0xff, 0xff, 0xff, 0xff, 0xff, 0xff, 0xff,
    0xff, 0xff, 0xff, 0xff, 0xff, 0xff, 0xff, 0xff,
    0xff, 0xfa, 0x20, 0x2b, 0xfa, 0x20, 0x3b, 0xff,
    0xff, 0xb0, 0x27, 0x39, 0xa0, 0x27, 0x39, 0xff,
    0xff, 0x50, 0xef, 0xff, 0x40, 0xff, 0xff, 0xff,
    0xff, 0x60, 0xef, 0xff, 0x50, 0xff, 0xff, 0xff,
    0xff, 0xb0, 0x38, 0x39, 0xa0, 0x38, 0x39, 0xff,
    0xff, 0xf9, 0x10, 0x2b, 0xf9, 0x10, 0x2c, 0xff,
    0xff, 0xff, 0xff, 0xff, 0xff, 0xff, 0xff, 0xff,
    0xff, 0xff, 0xff, 0xff, 0xff, 0xff, 0xff, 0xff,
    0x8f, 0xff, 0xff, 0xff, 0xff, 0xff, 0xff, 0xf8,

    /* U+F20B "" */
    0xdf, 0xff, 0xff, 0xfc, 0x40, 0x6, 0xfe, 0xff,
    0xff, 0xff, 0xff, 0xf5, 0x8, 0xff, 0xff, 0xc8,
    0x88, 0x9f, 0xff, 0x18, 0xff, 0xff, 0x80, 0x0,
    0x5, 0xff, 0x58, 0xff, 0xff, 0x80, 0xff, 0x51,
    0xff, 0x68, 0xff, 0xff, 0x81, 0xff, 0x61, 0xff,
    0x68, 0xff, 0xff, 0x81, 0xff, 0x61, 0xff, 0x68,
    0xff, 0xff, 0x81, 0xff, 0x61, 0xff, 0x68, 0xff,
    0xff, 0x81, 0xff, 0x61, 0xff, 0x68, 0xff, 0xff,
    0x81, 0xff, 0x60, 0xff, 0x58, 0xff, 0xff, 0x81,
    0xff, 0x60, 0x0, 0xb, 0xfe, 0xff, 0x81, 0xff,
    0xb8, 0x88, 0xbf, 0xf9, 0xff, 0x81, 0xff, 0xff,
    0xff, 0xff, 0xd1, 0xef, 0x60, 0xef, 0xff, 0xff,
    0xe9, 0x10,

    /* U+F20D "" */
    0x8f, 0xff, 0xff, 0xff, 0xff, 0xff, 0xf8, 0xff,
    0xff, 0xff, 0xff, 0xff, 0xff, 0xff, 0xff, 0xff,
    0xe5, 0x55, 0x5e, 0xff, 0xff, 0xff, 0xff, 0xa0,
    0x0, 0xa, 0xff, 0xff, 0xff, 0xff, 0x40, 0x33,
    0x5, 0xff, 0xff, 0xff, 0xff, 0x0, 0x77, 0x0,
    0xff, 0xff, 0xff, 0xfa, 0x0, 0xbb, 0x0, 0xaf,
    0xff, 0xff, 0xf5, 0x0, 0xff, 0x0, 0x5f, 0xff,
    0xff, 0xf0, 0x2, 0xbb, 0x30, 0xf, 0xff, 0xff,
    0xb0, 0x0, 0x7, 0x80, 0xb, 0xff, 0xff, 0x60,
    0x0, 0xaf, 0xd0, 0x6, 0xff, 0xff, 0x65, 0x5c,
    0xff, 0xf5, 0x56, 0xff, 0xff, 0xff, 0xff, 0xff,
    0xff, 0xff, 0xff, 0x8f, 0xff, 0xff, 0xff, 0xff,
    0xff, 0xf8,

    /* U+F20E "" */
    0x0, 0x0, 0x68, 0x88, 0x98, 0x88, 0x93, 0x0,
    0x0, 0x0, 0x0, 0xd6, 0x11, 0x24, 0x67, 0x7a,
    0x0, 0x0, 0x0, 0x8, 0x70, 0x54, 0x42, 0x4,
    0x8, 0x40, 0x0, 0x0, 0x2a, 0x64, 0x35, 0x0,
    0x40, 0x0, 0xb0, 0x0, 0x0, 0xa7, 0x40, 0x1,
    0x44, 0x0, 0x0, 0x77, 0x0, 0x3, 0x83, 0x50,
    0x0, 0x53, 0x0, 0x2, 0x7b, 0x0, 0xb, 0x0,
    0x61, 0x4, 0x1, 0x30, 0x24, 0x33, 0x80, 0x66,
    0x0, 0x43, 0x40, 0x0, 0x24, 0x40, 0x30, 0x92,
    0x57, 0x0, 0x44, 0x40, 0x0, 0x16, 0x20, 0x30,
    0xb1, 0xa, 0x10, 0x61, 0x4, 0x1, 0x40, 0x33,
    0x25, 0x60, 0x2, 0x93, 0x60, 0x0, 0x55, 0x0,
    0x6, 0x2b, 0x0, 0x0, 0xa8, 0x74, 0x44, 0x77,
    0x44, 0x46, 0xb5, 0x0, 0x0, 0x1a, 0x40, 0x5,
    0x0, 0x40, 0x5, 0xb0, 0x0, 0x0, 0x7, 0x80,
    0x50, 0x0, 0x4, 0xc, 0x30, 0x0, 0x0, 0x0,
    0xd5, 0x21, 0x21, 0x12, 0x6a, 0x0, 0x0, 0x0,
    0x0, 0x69, 0x99, 0x99, 0x99, 0x93, 0x0, 0x0,

    /* U+F210 "" */
    0x0, 0x0, 0x0, 0x0, 0x0, 0x0, 0x0, 0x0,
    0x0, 0x0, 0x0, 0x0, 0x0, 0x64, 0x0, 0x0,
    0x0, 0x0, 0x0, 0x6, 0xf4, 0x0, 0x0, 0x0,
    0x0, 0x0, 0x5f, 0xf4, 0x1, 0xbe, 0xff, 0xff,
    0xff, 0xff, 0xf4, 0xd, 0xff, 0xff, 0xff, 0xff,
    0xff, 0xf4, 0x3f, 0xff, 0xff, 0xff, 0xff, 0xff,
    0xf4, 0x4f, 0xff, 0x74, 0x44, 0x47, 0xff, 0xf4,
    0x4f, 0xfe, 0x0, 0x0, 0x0, 0xef, 0xf4, 0x4f,
    0xfe, 0x0, 0x0, 0x0, 0xef, 0xf4, 0x4f, 0xfe,
    0x0, 0x0, 0x0, 0xef, 0xf4, 0x4f, 0xfe, 0x0,
    0x0, 0x0, 0xef, 0xf4, 0x4f, 0xfe, 0x0, 0x0,
    0x0, 0xaf, 0xf4, 0x4f, 0xff, 0x20, 0x0, 0x0,
    0xc, 0xf4, 0x4f, 0xff, 0xff, 0xff, 0xff, 0xff,
    0xf4, 0xe, 0xff, 0xff, 0xff, 0xff, 0xff, 0xe0,
    0x3, 0xcf, 0xff, 0xff, 0xff, 0xfc, 0x30,

    /* U+F211 "" */
    0x0, 0x0, 0x7b, 0xd8, 0x10, 0x0, 0x0, 0x0,
    0x4e, 0xfd, 0x30, 0x1, 0x73, 0x0, 0x4, 0xff,
    0xa0, 0x2, 0xaf, 0xff, 0x20, 0x1e, 0xf8, 0x0,
    0x6f, 0xff, 0x81, 0x0, 0x8f, 0x90, 0x8, 0xff,
    0xa1, 0x0, 0x44, 0xcd, 0x0, 0x9f, 0xf6, 0x0,
    0x4d, 0xfb, 0xf3, 0x6, 0xff, 0x40, 0xa, 0xff,
    0xd4, 0xa0, 0x2f, 0xf6, 0x1, 0xcf, 0xf6, 0x0,
    0x20, 0xaf, 0xa0, 0xc, 0xfe, 0x30, 0x17, 0x2,
    0xff, 0x10, 0x9f, 0xe1, 0x4, 0xf7, 0x8, 0xf8,
    0x4, 0xff, 0x30, 0x6f, 0xf1, 0x6, 0xf1, 0xd,
    0xf6, 0x4, 0xff, 0xf3, 0x0, 0x40, 0x4f, 0xd0,
    0x1e, 0xff, 0xf8, 0x0, 0x0, 0x6e, 0x50, 0x99,
    0x24, 0x9c, 0x0, 0x0, 0x0, 0x0, 0x0, 0x0,
    0x0,

    /* U+F212 "" */
    0x0, 0x5b, 0xef, 0xeb, 0x55, 0xbe, 0xfe, 0xb5,
    0x0, 0x8, 0xeb, 0xbb, 0xba, 0xee, 0xab, 0x45,
    0x9e, 0x80, 0xa, 0xaf, 0xff, 0xff, 0xaa, 0xff,
    0x20, 0x8, 0xa0, 0xc, 0xbf, 0xff, 0xff, 0xff,
    0xff, 0x30, 0x6, 0xc0, 0xe, 0xbf, 0xff, 0xff,
    0xff, 0xff, 0x40, 0x4, 0xd0, 0xf, 0xbf, 0xff,
    0xff, 0xff, 0xff, 0x50, 0x3, 0xf0, 0x1f, 0xbf,
    0xff, 0xff, 0xff, 0xff, 0x60, 0x1, 0xf1, 0x3f,
    0xbf, 0xff, 0xff, 0xff, 0xff, 0x70, 0x0, 0xf3,
    0x5d, 0xdf, 0xff, 0xff, 0xff, 0xff, 0x80, 0x0,
    0xd5, 0x7b, 0xfc, 0xbb, 0xab, 0xff, 0xba, 0x72,
    0x0, 0xb7, 0x9c, 0xbf, 0xfe, 0xef, 0xbb, 0xfe,
    0xef, 0xe9, 0xb9, 0xbe, 0x94, 0x0, 0x3, 0xbb,
    0x30, 0x0, 0x49, 0xeb, 0x10, 0x0, 0x0, 0x0,
    0x0, 0x0, 0x0, 0x0, 0x1,

    /* U+F213 "" */
    0x0, 0x0, 0x0, 0x0, 0x0, 0x12, 0x10, 0x0,
    0x0, 0x0, 0x0, 0x0, 0x0, 0x0, 0x2b, 0xff,
    0xfd, 0x40, 0x0, 0x0, 0x0, 0x0, 0x0, 0x2,
    0xff, 0xff, 0xff, 0xf7, 0x0, 0x0, 0x0, 0x0,
    0x0, 0xd, 0xff, 0xff, 0xff, 0xff, 0x30, 0x0,
    0x0, 0x6, 0xcb, 0x7f, 0xff, 0xff, 0xfe, 0xff,
    0xa0, 0x0, 0x0, 0x5f, 0xff, 0xff, 0xff, 0xff,
    0xd0, 0x8f, 0xd0, 0x0, 0x0, 0xaf, 0xff, 0xff,
    0xff, 0xff, 0xd0, 0x8f, 0xe0, 0x0, 0x0, 0xcf,
    0xff, 0xfe, 0xee, 0x1, 0xd0, 0x8f, 0xe6, 0x0,
    0xc, 0xff, 0x96, 0xf0, 0xe, 0x0, 0xd0, 0x8f,
    0xff, 0xa0, 0x8f, 0xff, 0x30, 0xe0, 0xe, 0x0,
    0xd0, 0x8f, 0xff, 0xf5, 0xdf, 0xff, 0x30, 0xe0,
    0xe, 0x0, 0xd0, 0x8f, 0xff, 0xfa, 0xef, 0xff,
    0x30, 0xe0, 0xe, 0x0, 0xd0, 0x8f, 0xff, 0xfb,
    0xaf, 0xff, 0x40, 0xe0, 0xe, 0x1, 0xd0, 0x9f,
    0xff, 0xf7, 0x2e, 0xff, 0xff, 0xff, 0xff, 0xff,
    0xff, 0xff, 0xff, 0xd0, 0x2, 0xbf, 0xff, 0xff,
    0xff, 0xff, 0xff, 0xff, 0xe9, 0x10,

    /* U+F214 "" */
    0xee, 0xee, 0xee, 0xee, 0xee, 0xee, 0xee, 0xe3,
    0x35, 0x33, 0x54, 0x35, 0x43, 0x3e, 0xe2, 0x22,
    0x22, 0x22, 0x22, 0x22, 0x2e, 0xfc, 0xcc, 0xcc,
    0xcc, 0xcc, 0xcc, 0xcf, 0xe6, 0x25, 0x33, 0x53,
    0x25, 0x33, 0x6e, 0xe3, 0x0, 0x0, 0x0, 0x0,
    0x0, 0x3e, 0xe3, 0x0, 0x7, 0xee, 0x90, 0x0,
    0x3e, 0xe5, 0x0, 0x7d, 0x78, 0xd8, 0x0, 0x5e,
    0xe3, 0x0, 0xcb, 0x58, 0xde, 0x0, 0x3e, 0xe3,
    0x0, 0xbd, 0xc8, 0x7d, 0x0, 0x3e, 0xe3, 0x0,
    0x4f, 0xbc, 0xf5, 0x0, 0x3e, 0xe5, 0x0, 0x3,
    0x99, 0x40, 0x0, 0x5e, 0xe8, 0x73, 0x0, 0x0,
    0x0, 0x36, 0x8f, 0x17, 0xdb, 0x74, 0x21, 0x37,
    0xbd, 0x71, 0x0, 0x5, 0xcc, 0x87, 0xcc, 0x50,
    0x0, 0x0, 0x0, 0x3, 0xaa, 0x30, 0x0, 0x0,

    /* U+F215 "" */
    0xbf, 0xff, 0xd0, 0x0, 0x0, 0xd, 0xff, 0xfb,
    0xef, 0xff, 0xf0, 0x0, 0x0, 0xf, 0xff, 0xfe,
    0xef, 0xff, 0xff, 0xff, 0xff, 0xff, 0xff, 0xfe,
    0xef, 0xff, 0xff, 0xff, 0xff, 0xff, 0xff, 0xfe,
    0xef, 0xff, 0xff, 0xff, 0xff, 0xff, 0xff, 0xfe,
    0xef, 0xf5, 0x3, 0xef, 0xfd, 0x30, 0x6f, 0xfe,
    0xef, 0xa0, 0x0, 0x6f, 0xf5, 0x0, 0xa, 0xfe,
    0xef, 0xa0, 0x0, 0x6f, 0xf4, 0x0, 0xa, 0xfe,
    0xef, 0xf4, 0x2, 0xdf, 0xfc, 0x10, 0x4f, 0xfe,
    0xef, 0xff, 0xef, 0xff, 0xff, 0xfe, 0xff, 0xfe,
    0xef, 0xff, 0xff, 0xff, 0xff, 0xff, 0xff, 0xfe,
    0xbf, 0xff, 0xff, 0xff, 0xff, 0xff, 0xff, 0xfb,

    /* U+F216 "" */
    0x0, 0x0, 0x0, 0x0, 0x29, 0xdd, 0x91, 0x0,
    0x0, 0x0, 0x0, 0x0, 0x0, 0x2, 0xd6, 0x24,
    0xae, 0x20, 0x0, 0x0, 0x0, 0x2, 0x43, 0x1,
    0x0, 0x0, 0x8, 0xb0, 0x0, 0x0, 0x2, 0xcf,
    0xff, 0xf8, 0x0, 0x0, 0x0, 0xf1, 0x0, 0x0,
    0x1e, 0xf7, 0x21, 0x4c, 0xd1, 0x0, 0x0, 0xc3,
    0x0, 0x0, 0x9f, 0x30, 0x0, 0x0, 0x8e, 0x10,
    0x0, 0xef, 0xfd, 0x50, 0xec, 0x0, 0x0, 0x0,
    0x8, 0xc0, 0x0, 0x31, 0x19, 0xf6, 0xfb, 0x0,
    0x0, 0x0, 0x0, 0xb9, 0x0, 0x0, 0x0, 0xee,
    0xde, 0x0, 0x0, 0x0, 0x0, 0x1d, 0x70, 0x0,
    0x0, 0xdf, 0x7f, 0x70, 0x0, 0x0, 0x3c, 0x12,
    0xe9, 0x0, 0x4, 0xfc, 0xa, 0xfb, 0x65, 0x7b,
    0xb1, 0x0, 0x2d, 0xea, 0xbf, 0xf3, 0x0, 0x5b,
    0xdc, 0x94, 0x0, 0x0, 0x0, 0x7c, 0xda, 0x30,

    /* U+F217 "" */
    0xd, 0xff, 0xf9, 0x0, 0x0, 0x0, 0x0, 0x0,
    0x0, 0x0, 0xd, 0xff, 0xfd, 0x0, 0x0, 0x0,
    0x0, 0x0, 0x0, 0x0, 0x0, 0x0, 0xff, 0xff,
    0xff, 0xff, 0xff, 0xff, 0xff, 0xd0, 0x0, 0x0,
    0xcf, 0xff, 0xff, 0xe8, 0xff, 0xff, 0xff, 0xd0,
    0x0, 0x0, 0x9f, 0xff, 0xff, 0xb0, 0xcf, 0xff,
    0xff, 0x90, 0x0, 0x0, 0x5f, 0xff, 0xd4, 0x20,
    0x34, 0xef, 0xff, 0x50, 0x0, 0x0, 0x2f, 0xff,
    0xd4, 0x20, 0x34, 0xef, 0xff, 0x20, 0x0, 0x0,
    0xf, 0xff, 0xff, 0xb0, 0xcf, 0xff, 0xfe, 0x0,
    0x0, 0x0, 0xc, 0xff, 0xff, 0xe8, 0xff, 0xff,
    0xfb, 0x0, 0x0, 0x0, 0x8, 0xff, 0xff, 0xff,
    0xff, 0xff, 0xf6, 0x0, 0x0, 0x0, 0x5, 0xfb,
    0x0, 0x0, 0x0, 0x0, 0x0, 0x0, 0x0, 0x0,
    0x2, 0xff, 0xff, 0xff, 0xff, 0xff, 0xc0, 0x0,
    0x0, 0x0, 0x0, 0xff, 0xff, 0xff, 0xff, 0xff,
    0xd0, 0x0, 0x0, 0x0, 0x8, 0xff, 0x80, 0x0,
    0x0, 0x8f, 0xf7, 0x0, 0x0, 0x0, 0xb, 0xff,
    0xa0, 0x0, 0x0, 0xbf, 0xfa, 0x0, 0x0, 0x0,
    0x3, 0xed, 0x30, 0x0, 0x0, 0x3e, 0xd3, 0x0,
    0x0, 0x0, 0x0, 0x0, 0x0, 0x0, 0x0, 0x0,
    0x0, 0x0,

    /* U+F218 "" */
    0xd, 0xff, 0xf9, 0x0, 0x0, 0x0, 0x0, 0x0,
    0x0, 0x0, 0xd, 0xff, 0xfd, 0x0, 0x0, 0x0,
    0x0, 0x0, 0x0, 0x0, 0x0, 0x0, 0xff, 0xff,
    0xff, 0xff, 0xff, 0xff, 0xff, 0xd0, 0x0, 0x0,
    0xcf, 0xff, 0xff, 0xfc, 0xff, 0xff, 0xff, 0xd0,
    0x0, 0x0, 0x9f, 0xff, 0xff, 0xb0, 0xcf, 0xff,
    0xff, 0x90, 0x0, 0x0, 0x5f, 0xff, 0xff, 0xb0,
    0xcf, 0xff, 0xff, 0x50, 0x0, 0x0, 0x2f, 0xff,
    0xf3, 0x0, 0x3, 0xff, 0xff, 0x20, 0x0, 0x0,
    0xf, 0xff, 0xfd, 0x10, 0x2e, 0xff, 0xfe, 0x0,
    0x0, 0x0, 0xc, 0xff, 0xff, 0xd4, 0xef, 0xff,
    0xfb, 0x0, 0x0, 0x0, 0x8, 0xff, 0xff, 0xff,
    0xff, 0xff, 0xf6, 0x0, 0x0, 0x0, 0x5, 0xfb,
    0x0, 0x0, 0x0, 0x0, 0x0, 0x0, 0x0, 0x0,
    0x2, 0xff, 0xff, 0xff, 0xff, 0xff, 0xc0, 0x0,
    0x0, 0x0, 0x0, 0xff, 0xff, 0xff, 0xff, 0xff,
    0xd0, 0x0, 0x0, 0x0, 0x8, 0xff, 0x80, 0x0,
    0x0, 0x8f, 0xf7, 0x0, 0x0, 0x0, 0xb, 0xff,
    0xa0, 0x0, 0x0, 0xbf, 0xfa, 0x0, 0x0, 0x0,
    0x3, 0xed, 0x30, 0x0, 0x0, 0x3e, 0xd3, 0x0,
    0x0, 0x0, 0x0, 0x0, 0x0, 0x0, 0x0, 0x0,
    0x0, 0x0,

    /* U+F21A "" */
    0x0, 0x0, 0x0, 0xd, 0xff, 0xff, 0xd0, 0x0,
    0x0, 0x0, 0x0, 0x0, 0x0, 0xf, 0xff, 0xff,
    0xf0, 0x0, 0x0, 0x0, 0x0, 0x0, 0xcf, 0xff,
    0xff, 0xff, 0xff, 0xfc, 0x0, 0x0, 0x0, 0x0,
    0xff, 0xff, 0xff, 0xff, 0xff, 0xff, 0x0, 0x0,
    0x0, 0x0, 0xff, 0x0, 0x0, 0x0, 0x0, 0xff,
    0x0, 0x0, 0x0, 0x0, 0xff, 0x0, 0x15, 0x51,
    0x0, 0xff, 0x0, 0x0, 0x0, 0x0, 0xff, 0x6b,
    0xff, 0xff, 0xb6, 0xff, 0x0, 0x0, 0x0, 0x17,
    0xff, 0xff, 0xff, 0xff, 0xff, 0xff, 0x71, 0x0,
    0x0, 0xef, 0xff, 0xff, 0xff, 0xff, 0xff, 0xff,
    0xfe, 0x0, 0x0, 0xaf, 0xff, 0xff, 0xff, 0xff,
    0xff, 0xff, 0xfa, 0x0, 0x0, 0xa, 0xff, 0xff,
    0xff, 0xff, 0xff, 0xff, 0xa0, 0x0, 0x0, 0x0,
    0xcf, 0xff, 0xff, 0xff, 0xff, 0xfc, 0x0, 0x0,
    0x0, 0x1, 0xef, 0xff, 0xff, 0xff, 0xff, 0xff,
    0x20, 0x0, 0x1, 0x5e, 0xff, 0xff, 0xff, 0xff,
    0xff, 0xff, 0xe6, 0x10, 0xdf, 0xff, 0xc9, 0xff,
    0xff, 0xff, 0xff, 0x9c, 0xff, 0xfd, 0xdf, 0xc6,
    0x0, 0x8e, 0xff, 0xff, 0xe8, 0x0, 0x6c, 0xfd,

    /* U+F21B "" */
    0x0, 0x0, 0x0, 0x0, 0x0, 0x0, 0x0, 0x0,
    0x0, 0x8e, 0x88, 0xe8, 0x0, 0x0, 0x0, 0x3,
    0xff, 0xff, 0xff, 0x30, 0x0, 0x0, 0xa, 0xff,
    0xff, 0xff, 0xa0, 0x0, 0x7, 0xdf, 0xff, 0xff,
    0xff, 0xfd, 0x70, 0x7, 0xef, 0xff, 0xff, 0xff,
    0xfe, 0x70, 0x0, 0xe, 0x44, 0x55, 0x44, 0xe0,
    0x0, 0x0, 0xa, 0x90, 0xaa, 0x9, 0xa0, 0x0,
    0xa, 0xff, 0xff, 0xff, 0xff, 0xff, 0xa0, 0x5,
    0xff, 0xff, 0xff, 0xff, 0xff, 0x60, 0x1, 0xff,
    0x8d, 0xff, 0xd8, 0xff, 0x20, 0x1d, 0xff, 0x80,
    0xee, 0x8, 0xff, 0xd1, 0x9f, 0xff, 0xb0, 0x99,
    0xb, 0xff, 0xf9, 0xef, 0xff, 0xf0, 0xdd, 0xf,
    0xff, 0xfe, 0xff, 0xff, 0xf4, 0xff, 0x4f, 0xff,
    0xff, 0xff, 0xff, 0xfc, 0xff, 0xcf, 0xff, 0xff,
    0x9f, 0xff, 0xff, 0xff, 0xff, 0xff, 0xf9,

    /* U+F21C "" */
    0x0, 0x0, 0x0, 0x0, 0x3, 0xff, 0xf7, 0x1d,
    0xfd, 0x0, 0x0, 0x0, 0x3b, 0xcb, 0x81, 0x1,
    0x78, 0xcf, 0xcf, 0xff, 0x0, 0x0, 0x0, 0x3b,
    0xcd, 0xfe, 0x88, 0x88, 0x9f, 0xe8, 0x85, 0x0,
    0x0, 0x0, 0x0, 0x0, 0xbf, 0xff, 0xff, 0xff,
    0xf4, 0x0, 0x0, 0x0, 0x0, 0x2b, 0xfe, 0xff,
    0xff, 0xff, 0xfc, 0xde, 0xef, 0xb2, 0x0, 0x2,
    0xef, 0x9e, 0xff, 0xff, 0xff, 0xe3, 0xef, 0xd9,
    0xfe, 0x20, 0xb, 0xf2, 0x2f, 0xff, 0xff, 0xff,
    0x8a, 0xfb, 0xf1, 0x2f, 0xb0, 0xf, 0x90, 0xbf,
    0xff, 0xff, 0xff, 0x5f, 0x91, 0xfa, 0x9, 0xf0,
    0xf, 0x90, 0xdf, 0xff, 0xff, 0xff, 0x2f, 0x90,
    0x7e, 0x9, 0xf0, 0xb, 0xf2, 0x0, 0x2e, 0xa0,
    0x0, 0xb, 0xf2, 0x0, 0x2e, 0xb0, 0x2, 0xef,
    0x99, 0xee, 0x20, 0x0, 0x2, 0xef, 0x99, 0xef,
    0x20, 0x0, 0x2b, 0xfe, 0xa2, 0x0, 0x0, 0x0,
    0x2b, 0xff, 0xb2, 0x0, 0x0, 0x0, 0x0, 0x0,
    0x0, 0x0, 0x0, 0x0, 0x0, 0x0, 0x0,

    /* U+F21D "" */
    0x0, 0x0, 0x0, 0x4e, 0xe4, 0x0, 0x0, 0x0,
    0x0, 0x0, 0x0, 0xef, 0xfe, 0x0, 0x0, 0x0,
    0x0, 0x0, 0x0, 0xef, 0xfe, 0x0, 0x0, 0x0,
    0x0, 0x0, 0x0, 0x4e, 0xe4, 0x0, 0x0, 0x0,
    0x0, 0x0, 0x2, 0x75, 0x57, 0x20, 0x0, 0x0,
    0x0, 0x0, 0xd, 0xff, 0xff, 0xd0, 0x0, 0x0,
    0x0, 0x0, 0xf, 0xff, 0xff, 0xf0, 0x0, 0x0,
    0x0, 0x0, 0xf, 0xff, 0xff, 0xf0, 0x0, 0x0,
    0x0, 0x0, 0xf, 0xff, 0xff, 0xf0, 0x0, 0x0,
    0x0, 0x0, 0xc, 0xff, 0xff, 0xc0, 0x0, 0x0,
    0x0, 0x26, 0x80, 0xff, 0xff, 0x8, 0x62, 0x0,
    0x2b, 0xfc, 0x80, 0xff, 0xff, 0x8, 0xbf, 0xb1,
    0xdc, 0x10, 0x0, 0xff, 0xff, 0x0, 0x1, 0xcd,
    0xdc, 0x10, 0x0, 0xcf, 0xfc, 0x0, 0x1, 0xcd,
    0x2b, 0xfc, 0x96, 0x54, 0x45, 0x69, 0xcf, 0xb2,
    0x0, 0x26, 0xad, 0xef, 0xfe, 0xda, 0x62, 0x0,

    /* U+F21E "" */
    0x0, 0x19, 0xef, 0xc4, 0x0, 0x4c, 0xfe, 0x91,
    0x0, 0x1, 0xdf, 0xff, 0xff, 0x66, 0xff, 0xff,
    0xfd, 0x10, 0x9, 0xff, 0xff, 0xff, 0xff, 0xff,
    0xff, 0xff, 0x90, 0xe, 0xff, 0xff, 0xff, 0xff,
    0xff, 0xff, 0xff, 0xe0, 0xf, 0xff, 0xff, 0x3b,
    0xff, 0xff, 0xff, 0xff, 0xf0, 0xd, 0xff, 0xfc,
    0x3, 0xff, 0x77, 0xff, 0xff, 0xc0, 0x5, 0xff,
    0xf5, 0x82, 0xce, 0x11, 0xef, 0xff, 0x50, 0x0,
    0x0, 0x0, 0xe9, 0x57, 0x76, 0x0, 0x0, 0x0,
    0x0, 0x9, 0xff, 0xff, 0x11, 0xef, 0xff, 0x90,
    0x0, 0x0, 0x0, 0x9f, 0xff, 0x77, 0xff, 0xf9,
    0x0, 0x0, 0x0, 0x0, 0xa, 0xff, 0xff, 0xff,
    0xa0, 0x0, 0x0, 0x0, 0x0, 0x0, 0xaf, 0xff,
    0xfa, 0x0, 0x0, 0x0, 0x0, 0x0, 0x0, 0xa,
    0xff, 0xa0, 0x0, 0x0, 0x0, 0x0, 0x0, 0x0,
    0x0, 0xaa, 0x0, 0x0, 0x0, 0x0,

    /* U+F221 "" */
    0x0, 0x8d, 0xfd, 0x80, 0x0, 0xcf, 0xff, 0xff,
    0xc0, 0x8f, 0xe4, 0x4, 0xef, 0x8d, 0xf4, 0x0,
    0x4, 0xfd, 0xff, 0x0, 0x0, 0xf, 0xfd, 0xf4,
    0x0, 0x4, 0xfd, 0x7f, 0xe4, 0x4, 0xef, 0x70,
    0xbf, 0xff, 0xff, 0xb0, 0x0, 0x7e, 0xfe, 0x70,
    0x0, 0x0, 0x8f, 0x80, 0x0, 0x0, 0x7c, 0xfc,
    0x70, 0x0, 0xf, 0xff, 0xff, 0x0, 0x0, 0x7c,
    0xfc, 0x70, 0x0, 0x0, 0x7f, 0x70, 0x0,

    /* U+F222 "" */
    0x0, 0x0, 0x0, 0x0, 0x1f, 0xff, 0x0, 0x0,
    0x0, 0x0, 0x1d, 0xff, 0x0, 0x0, 0x0, 0x1,
    0xdf, 0xdf, 0x0, 0x8d, 0xfd, 0x8d, 0xfd, 0x11,
    0xc, 0xff, 0xff, 0xff, 0xd1, 0x0, 0x8f, 0xe4,
    0x4, 0xef, 0x80, 0x0, 0xdf, 0x40, 0x0, 0x4f,
    0xd0, 0x0, 0xff, 0x0, 0x0, 0xf, 0xf0, 0x0,
    0xdf, 0x40, 0x0, 0x4f, 0xd0, 0x0, 0x8f, 0xe4,
    0x4, 0xef, 0x80, 0x0, 0xc, 0xff, 0xff, 0xfc,
    0x0, 0x0, 0x0, 0x8d, 0xfd, 0x80, 0x0, 0x0,

    /* U+F223 "" */
    0xef, 0x10, 0x0, 0x1f, 0xea, 0xfc, 0x30, 0x3c,
    0xfa, 0x1d, 0xff, 0xff, 0xfd, 0x10, 0xcf, 0xff,
    0xff, 0xc0, 0x8f, 0xe4, 0x4, 0xef, 0x8d, 0xf4,
    0x0, 0x4, 0xfd, 0xff, 0x0, 0x0, 0xf, 0xfd,
    0xf4, 0x0, 0x4, 0xfd, 0x7f, 0xe4, 0x4, 0xef,
    0x70, 0xbf, 0xff, 0xff, 0xb0, 0x0, 0x7e, 0xfe,
    0x70, 0x0, 0x0, 0x8f, 0x80, 0x0, 0x0, 0x7c,
    0xfc, 0x70, 0x0, 0xf, 0xff, 0xff, 0x0, 0x0,
    0x7c, 0xfc, 0x70, 0x0, 0x0, 0x7f, 0x70, 0x0,

    /* U+F224 "" */
    0x0, 0x0, 0x0, 0x0, 0x1f, 0xff, 0x0, 0x0,
    0x0, 0x0, 0x1d, 0xff, 0x0, 0x0, 0x0, 0x1,
    0xdf, 0xdf, 0x0, 0x8d, 0xfd, 0x8d, 0xfd, 0x11,
    0xc, 0xff, 0xff, 0xff, 0xd1, 0x0, 0x8f, 0xe4,
    0x4, 0xef, 0x80, 0x0, 0xdf, 0x40, 0x0, 0x4f,
    0xd0, 0x0, 0xff, 0x0, 0x0, 0xf, 0xf0, 0x0,
    0xdf, 0x40, 0x0, 0x4f, 0xd0, 0x0, 0x7f, 0xe4,
    0x4, 0xef, 0x70, 0x0, 0xb, 0xff, 0xff, 0xfb,
    0x0, 0x0, 0x0, 0x7e, 0xfe, 0x70, 0x0, 0x0,
    0x0, 0x3a, 0xfa, 0x30, 0x0, 0x0, 0x0, 0xff,
    0xff, 0xf0, 0x0, 0x0, 0x0, 0xbe, 0xfe, 0xb0,
    0x0, 0x0, 0x0, 0x7, 0xf7, 0x0, 0x0, 0x0,

    /* U+F225 "" */
    0xff, 0xf1, 0x0, 0x0, 0x0, 0x1, 0xff, 0xff,
    0xfd, 0x9a, 0x0, 0x0, 0x0, 0x1d, 0xff, 0xfd,
    0xff, 0xf2, 0x0, 0x0, 0x1d, 0xfd, 0xf1, 0x9f,
    0xfd, 0x8d, 0xfd, 0x8d, 0xfd, 0x11, 0xa, 0xfd,
    0xff, 0xff, 0xff, 0xfd, 0x10, 0x0, 0x2, 0x8f,
    0xe4, 0x4, 0xef, 0x80, 0x0, 0x0, 0xd, 0xf4,
    0x0, 0x4, 0xfd, 0x0, 0x0, 0x0, 0xff, 0x0,
    0x0, 0xf, 0xf0, 0x0, 0x0, 0xd, 0xf4, 0x0,
    0x4, 0xfd, 0x0, 0x0, 0x0, 0x8f, 0xe4, 0x4,
    0xef, 0x70, 0x0, 0x0, 0x0, 0xcf, 0xff, 0xff,
    0xb0, 0x0, 0x0, 0x0, 0x0, 0x7e, 0xfe, 0x70,
    0x0, 0x0, 0x0, 0x0, 0x3, 0xaf, 0xa3, 0x0,
    0x0, 0x0, 0x0, 0x0, 0xff, 0xff, 0xf0, 0x0,
    0x0, 0x0, 0x0, 0xb, 0xef, 0xeb, 0x0, 0x0,
    0x0, 0x0, 0x0, 0x7, 0xf7, 0x0, 0x0, 0x0,

    /* U+F226 "" */
    0x0, 0x8d, 0xfd, 0x80, 0x7, 0xdf, 0xd8, 0x0,
    0xc, 0xff, 0xff, 0xfc, 0x1d, 0xff, 0xff, 0xc0,
    0x8f, 0xe4, 0x4, 0xef, 0x84, 0x40, 0x4e, 0xf8,
    0xdf, 0x40, 0x0, 0x4f, 0xd0, 0x0, 0x4, 0xfd,
    0xff, 0x0, 0x0, 0xf, 0xf0, 0x0, 0x0, 0xff,
    0xdf, 0x40, 0x0, 0x4f, 0xd0, 0x0, 0x4, 0xfd,
    0x7f, 0xe4, 0x4, 0xef, 0x74, 0x40, 0x4e, 0xf7,
    0xb, 0xff, 0xff, 0xfb, 0x1d, 0xff, 0xff, 0xb0,
    0x0, 0x7e, 0xfe, 0x70, 0x7, 0xef, 0xe7, 0x0,
    0x0, 0x8, 0xf8, 0x0, 0x0, 0x8f, 0x80, 0x0,
    0x0, 0x7c, 0xfc, 0x70, 0x7, 0xcf, 0xc7, 0x0,
    0x0, 0xff, 0xff, 0xf0, 0xf, 0xff, 0xff, 0x0,
    0x0, 0x7c, 0xfc, 0x70, 0x7, 0xcf, 0xc7, 0x0,
    0x0, 0x7, 0xf7, 0x0, 0x0, 0x7f, 0x70, 0x0,

    /* U+F227 "" */
    0x0, 0x0, 0x0, 0x1, 0xff, 0xf0, 0x0, 0x0,
    0x0, 0x0, 0x0, 0x1, 0xdf, 0xf0, 0x0, 0x0,
    0x0, 0x8d, 0xfd, 0x8d, 0xfd, 0xf0, 0x0, 0x0,
    0xc, 0xff, 0xff, 0xff, 0xd1, 0x10, 0x0, 0x0,
    0x8f, 0xe4, 0x4, 0xef, 0x80, 0x0, 0x0, 0x0,
    0xdf, 0x40, 0x0, 0x4f, 0xd0, 0x0, 0x1f, 0xff,
    0xff, 0x0, 0x0, 0xf, 0xf0, 0x0, 0x1d, 0xff,
    0xdf, 0x40, 0x0, 0x4f, 0xd1, 0xd8, 0xdf, 0xdf,
    0x8f, 0xe4, 0x4, 0xef, 0x86, 0xff, 0xfd, 0x11,
    0xc, 0xff, 0xff, 0xfc, 0x0, 0x3e, 0xf8, 0x0,
    0x0, 0x8d, 0xfd, 0x80, 0x0, 0x3, 0xfd, 0x0,
    0x0, 0x0, 0x1, 0x60, 0x0, 0x0, 0xff, 0x0,
    0x0, 0x0, 0xd, 0xf4, 0x0, 0x4, 0xfd, 0x0,
    0x0, 0x0, 0x7, 0xfe, 0x40, 0x4e, 0xf8, 0x0,
    0x0, 0x0, 0x0, 0xcf, 0xff, 0xff, 0xc0, 0x0,
    0x0, 0x0, 0x0, 0x8, 0xdf, 0xd8, 0x0, 0x0,

    /* U+F228 "" */
    0x0, 0x0, 0x0, 0x0, 0x0, 0x0, 0x0, 0x1f,
    0xff, 0x0, 0x0, 0x0, 0x0, 0x0, 0x0, 0x0,
    0x1d, 0xff, 0x0, 0x8d, 0xfd, 0x80, 0x7, 0xdf,
    0xd8, 0xdf, 0xdf, 0xc, 0xff, 0xff, 0xfc, 0x1e,
    0xff, 0xff, 0xfd, 0x11, 0x8f, 0xe4, 0x4, 0xef,
    0x84, 0x40, 0x4e, 0xf8, 0x0, 0xdf, 0x40, 0x0,
    0x4f, 0xd0, 0x0, 0x4, 0xfd, 0x0, 0xff, 0x0,
    0x0, 0xf, 0xf0, 0x0, 0x0, 0xff, 0x0, 0xdf,
    0x40, 0x0, 0x4f, 0xd0, 0x0, 0x4, 0xfd, 0x0,
    0x7f, 0xe4, 0x4, 0xef, 0x74, 0x40, 0x4e, 0xf8,
    0x0, 0xb, 0xff, 0xff, 0xfb, 0x1d, 0xff, 0xff,
    0xc0, 0x0, 0x0, 0x7e, 0xfe, 0x70, 0x7, 0xdf,
    0xd8, 0x0, 0x0, 0x0, 0x8, 0xf8, 0x0, 0x0,
    0x0, 0x0, 0x0, 0x0, 0x0, 0x7c, 0xfc, 0x70,
    0x0, 0x0, 0x0, 0x0, 0x0, 0x0, 0xff, 0xff,
    0xf0, 0x0, 0x0, 0x0, 0x0, 0x0, 0x0, 0x7c,
    0xfc, 0x70, 0x0, 0x0, 0x0, 0x0, 0x0, 0x0,
    0x7, 0xf7, 0x0, 0x0, 0x0, 0x0, 0x0, 0x0,

    /* U+F229 "" */
    0x0, 0x0, 0x0, 0x0, 0x1f, 0xff, 0x0, 0x0,
    0x0, 0x5, 0x9d, 0xff, 0x0, 0x0, 0x0, 0xe,
    0xff, 0xdf, 0x0, 0x7d, 0xfd, 0x8d, 0xff, 0x91,
    0xc, 0xff, 0xff, 0xff, 0xde, 0x50, 0x7f, 0xe4,
    0x4, 0xef, 0x80, 0x0, 0xdf, 0x40, 0x0, 0x4f,
    0xd0, 0x0, 0xff, 0x0, 0x0, 0xf, 0xf0, 0x0,
    0xdf, 0x40, 0x0, 0x4f, 0xd0, 0x0, 0x8f, 0xe4,
    0x4, 0xef, 0x80, 0x0, 0xc, 0xff, 0xff, 0xfc,
    0x0, 0x0, 0x0, 0x8d, 0xfd, 0x80, 0x0, 0x0,

    /* U+F22A "" */
    0x0, 0x0, 0x0, 0x0, 0x0, 0x0, 0x4f, 0x40,
    0x0, 0x0, 0x4f, 0xff, 0x40, 0x0, 0x3, 0xbf,
    0xa2, 0x0, 0x0, 0x6e, 0xfe, 0x60, 0x0, 0x7,
    0xff, 0xf7, 0x0, 0x0, 0x9, 0xf9, 0x0, 0x0,
    0x1a, 0xff, 0xfa, 0x10, 0x1d, 0xff, 0xff, 0xfd,
    0x19, 0xfd, 0x20, 0x2d, 0xf9, 0xef, 0x30, 0x0,
    0x3f, 0xef, 0xf0, 0x0, 0x0, 0xff, 0xdf, 0x40,
    0x0, 0x4f, 0xd8, 0xfe, 0x40, 0x4e, 0xf8, 0xc,
    0xff, 0xff, 0xfc, 0x0, 0x8, 0xdf, 0xd8, 0x0,

    /* U+F22B "" */
    0x0, 0x2, 0x42, 0x0, 0x0, 0x0, 0x0, 0x0,
    0x2, 0xcf, 0xff, 0xc2, 0x0, 0x0, 0x0, 0x0,
    0x2e, 0xfe, 0xce, 0xfe, 0x10, 0x0, 0x0, 0x0,
    0xaf, 0xb0, 0x0, 0xbf, 0x92, 0xc9, 0x66, 0x0,
    0xef, 0x20, 0x0, 0x2f, 0xfd, 0xff, 0xef, 0x60,
    0xff, 0x0, 0x0, 0xf, 0xff, 0xff, 0xff, 0xc0,
    0xcf, 0x60, 0x0, 0x6f, 0xc6, 0xfd, 0x9c, 0x10,
    0x5f, 0xf8, 0x58, 0xff, 0x50, 0x32, 0x10, 0x0,
    0x8, 0xff, 0xff, 0xf8, 0x0, 0x0, 0x0, 0x0,
    0x0, 0x39, 0xb9, 0x30, 0x0, 0x0, 0x0, 0x0,

    /* U+F22C "" */
    0x1, 0x9e, 0xfc, 0x50, 0x0, 0xdf, 0xff, 0xff,
    0x70, 0x8f, 0xd3, 0x17, 0xff, 0x2e, 0xf3, 0x0,
    0xa, 0xf7, 0xff, 0x0, 0x0, 0x7f, 0x8d, 0xf3,
    0x0, 0xa, 0xf6, 0x8f, 0xd3, 0x7, 0xff, 0x10,
    0xcf, 0xff, 0xff, 0x60, 0x0, 0x8f, 0xfc, 0x40,
    0x0, 0x0, 0xbf, 0x40, 0x0, 0x0, 0xb, 0xf4,
    0x0, 0x0, 0x0, 0xbf, 0x40, 0x0, 0x0, 0xb,
    0xf4, 0x0, 0x0, 0x0, 0xaf, 0x30, 0x0,

    /* U+F22D "" */
    0x0, 0x2, 0x42, 0x0, 0x0, 0x2c, 0xff, 0xfc,
    0x20, 0x2e, 0xfe, 0xce, 0xfe, 0x2a, 0xfb, 0x0,
    0xb, 0xfa, 0xef, 0x20, 0x0, 0x2f, 0xef, 0xf0,
    0x0, 0x1, 0xff, 0xcf, 0x60, 0x0, 0x6f, 0xc5,
    0xff, 0x85, 0x8f, 0xf5, 0x8, 0xff, 0xff, 0xf8,
    0x0, 0x3, 0x9b, 0x93, 0x0,

    /* U+F231 "" */
    0x0, 0x3, 0x9c, 0xdb, 0x71, 0x0, 0x1, 0xaf,
    0xfb, 0xbe, 0xfe, 0x30, 0xc, 0xf8, 0x0, 0x0,
    0x6f, 0xf2, 0x7f, 0x80, 0x23, 0x0, 0x8, 0xfa,
    0xdf, 0x5, 0xff, 0x10, 0x4, 0xfe, 0xfc, 0xa,
    0xff, 0x20, 0x3, 0xff, 0xed, 0xa, 0xfe, 0x0,
    0x5, 0xfe, 0xaf, 0x27, 0xf9, 0x0, 0x9, 0xfa,
    0x2f, 0x5a, 0xf7, 0x0, 0xe, 0xf5, 0x1, 0xe,
    0xfc, 0x23, 0xcf, 0xc0, 0x0, 0x2f, 0xee, 0xff,
    0xfc, 0x10, 0x0, 0x5f, 0x90, 0x66, 0x30, 0x0,
    0x0, 0x7f, 0x50, 0x0, 0x0, 0x0, 0x0, 0x9f,
    0x10, 0x0, 0x0, 0x0, 0x0, 0x98, 0x0, 0x0,
    0x0, 0x0, 0x0, 0x50, 0x0, 0x0, 0x0, 0x0,

    /* U+F232 "" */
    0x0, 0x1, 0x8d, 0xff, 0xd8, 0x10, 0x0, 0x0,
    0x5f, 0xc6, 0x33, 0x6c, 0xf4, 0x0, 0x4, 0xf6,
    0x0, 0x0, 0x0, 0x6f, 0x40, 0x1e, 0x60, 0x30,
    0x0, 0x0, 0x6, 0xf1, 0x7c, 0x4, 0xf7, 0x0,
    0x0, 0x0, 0xc8, 0xc6, 0x7, 0xfb, 0x0, 0x0,
    0x0, 0x6d, 0xe4, 0x3, 0xf6, 0x0, 0x0, 0x0,
    0x3f, 0xd4, 0x0, 0x9e, 0x20, 0x10, 0x0, 0x3f,
    0xb7, 0x0, 0xa, 0xf7, 0xde, 0x40, 0x6c, 0x6e,
    0x0, 0x0, 0x7e, 0xff, 0x40, 0xc7, 0x1f, 0x20,
    0x0, 0x0, 0x31, 0x7, 0xe1, 0x4e, 0x1, 0x0,
    0x0, 0x0, 0x7f, 0x40, 0x9e, 0xdf, 0xe8, 0x55,
    0x7d, 0xe3, 0x0, 0xb9, 0x51, 0x5a, 0xdd, 0xb6,
    0x0, 0x0,

    /* U+F233 "" */
    0xcf, 0xff, 0xff, 0xff, 0xff, 0xff, 0xff, 0xfc,
    0xff, 0xff, 0xff, 0xff, 0xff, 0xe5, 0xd5, 0xef,
    0xff, 0xff, 0xff, 0xff, 0xff, 0xe5, 0xd5, 0xef,
    0xcf, 0xff, 0xff, 0xff, 0xff, 0xff, 0xff, 0xfc,
    0x0, 0x0, 0x0, 0x0, 0x0, 0x0, 0x0, 0x0,
    0xcf, 0xff, 0xff, 0xff, 0xff, 0xff, 0xff, 0xfc,
    0xff, 0xff, 0xff, 0xff, 0xff, 0xe5, 0xd5, 0xef,
    0xff, 0xff, 0xff, 0xff, 0xff, 0xe5, 0xd5, 0xef,
    0xcf, 0xff, 0xff, 0xff, 0xff, 0xff, 0xff, 0xfc,
    0x0, 0x0, 0x0, 0x0, 0x0, 0x0, 0x0, 0x0,
    0xcf, 0xff, 0xff, 0xff, 0xff, 0xff, 0xff, 0xfc,
    0xff, 0xff, 0xff, 0xff, 0xff, 0xe5, 0xd5, 0xef,
    0xff, 0xff, 0xff, 0xff, 0xff, 0xe5, 0xd5, 0xef,
    0xcf, 0xff, 0xff, 0xff, 0xff, 0xff, 0xff, 0xfc,

    /* U+F234 "" */
    0x0, 0x0, 0x2b, 0xff, 0xb2, 0x0, 0x0, 0x0,
    0x0, 0x0, 0x0, 0x2, 0xef, 0xff, 0xfe, 0x20,
    0x0, 0x0, 0x0, 0x0, 0x0, 0xb, 0xff, 0xff,
    0xff, 0xb0, 0x0, 0x0, 0x0, 0x0, 0x0, 0xf,
    0xff, 0xff, 0xff, 0xf0, 0x0, 0x0, 0x0, 0x0,
    0x0, 0xf, 0xff, 0xff, 0xff, 0xf0, 0x0, 0x6,
    0xf6, 0x0, 0x0, 0xb, 0xff, 0xff, 0xff, 0xb0,
    0x0, 0x8, 0xf8, 0x0, 0x0, 0x2, 0xef, 0xff,
    0xfe, 0x20, 0x6, 0x8c, 0xfc, 0x86, 0x0, 0x0,
    0x2b, 0xff, 0xb2, 0x0, 0xf, 0xff, 0xff, 0xff,
    0x0, 0x0, 0x0, 0x0, 0x0, 0x0, 0x6, 0x8c,
    0xfc, 0x86, 0x1, 0x9e, 0xfb, 0x88, 0xbf, 0xe9,
    0x10, 0x8, 0xf8, 0x0, 0x1e, 0xff, 0xff, 0xff,
    0xff, 0xff, 0xe1, 0x6, 0xf6, 0x0, 0x9f, 0xff,
    0xff, 0xff, 0xff, 0xff, 0xf9, 0x0, 0x0, 0x0,
    0xef, 0xff, 0xff, 0xff, 0xff, 0xff, 0xfe, 0x0,
    0x0, 0x0, 0xff, 0xff, 0xff, 0xff, 0xff, 0xff,
    0xff, 0x0, 0x0, 0x0, 0xff, 0xff, 0xff, 0xff,
    0xff, 0xff, 0xff, 0x0, 0x0, 0x0, 0x8f, 0xff,
    0xff, 0xff, 0xff, 0xff, 0xf8, 0x0, 0x0, 0x0,

    /* U+F235 "" */
    0x0, 0x0, 0x2b, 0xff, 0xb2, 0x0, 0x0, 0x0,
    0x0, 0x0, 0x0, 0x0, 0x2e, 0xff, 0xff, 0xe2,
    0x0, 0x0, 0x0, 0x0, 0x0, 0x0, 0xb, 0xff,
    0xff, 0xff, 0xb0, 0x0, 0x0, 0x0, 0x0, 0x0,
    0x0, 0xff, 0xff, 0xff, 0xff, 0x0, 0x0, 0x0,
    0x0, 0x0, 0x0, 0xf, 0xff, 0xff, 0xff, 0xf0,
    0x0, 0x15, 0x0, 0x51, 0x0, 0x0, 0xbf, 0xff,
    0xff, 0xfb, 0x0, 0xd, 0xf6, 0x6f, 0xd0, 0x0,
    0x2, 0xef, 0xff, 0xfe, 0x20, 0x0, 0x6f, 0xff,
    0xf6, 0x0, 0x0, 0x2, 0xbf, 0xfb, 0x20, 0x0,
    0x0, 0xaf, 0xfa, 0x0, 0x0, 0x0, 0x0, 0x0,
    0x0, 0x0, 0x0, 0x6f, 0xff, 0xf6, 0x0, 0x19,
    0xef, 0xb8, 0x8b, 0xfe, 0x91, 0xd, 0xf6, 0x6f,
    0xd0, 0x1e, 0xff, 0xff, 0xff, 0xff, 0xff, 0xe1,
    0x15, 0x0, 0x51, 0x9, 0xff, 0xff, 0xff, 0xff,
    0xff, 0xff, 0x90, 0x0, 0x0, 0x0, 0xef, 0xff,
    0xff, 0xff, 0xff, 0xff, 0xfe, 0x0, 0x0, 0x0,
    0xf, 0xff, 0xff, 0xff, 0xff, 0xff, 0xff, 0xf0,
    0x0, 0x0, 0x0, 0xff, 0xff, 0xff, 0xff, 0xff,
    0xff, 0xff, 0x0, 0x0, 0x0, 0x8, 0xff, 0xff,
    0xff, 0xff, 0xff, 0xff, 0x80, 0x0, 0x0, 0x0,

    /* U+F236 "" */
    0xee, 0x0, 0x0, 0x0, 0x0, 0x0, 0x0, 0x0,
    0x0, 0x0, 0xff, 0x1, 0xbf, 0xb1, 0x0, 0x0,
    0x0, 0x0, 0x0, 0x0, 0xff, 0xb, 0xff, 0xfb,
    0xe, 0xff, 0xff, 0xff, 0xfd, 0x50, 0xff, 0xf,
    0xff, 0xff, 0xf, 0xff, 0xff, 0xff, 0xff, 0xf5,
    0xff, 0xb, 0xff, 0xfb, 0xf, 0xff, 0xff, 0xff,
    0xff, 0xfd, 0xff, 0x1, 0xbf, 0xb1, 0xf, 0xff,
    0xff, 0xff, 0xff, 0xff, 0xff, 0x0, 0x0, 0x0,
    0xf, 0xff, 0xff, 0xff, 0xff, 0xff, 0xff, 0xff,
    0xff, 0xff, 0xff, 0xff, 0xff, 0xff, 0xff, 0xff,
    0xff, 0xff, 0xff, 0xff, 0xff, 0xff, 0xff, 0xff,
    0xff, 0xff, 0xff, 0xff, 0xff, 0xff, 0xff, 0xff,
    0xff, 0xff, 0xff, 0xff, 0xff, 0x0, 0x0, 0x0,
    0x0, 0x0, 0x0, 0x0, 0x0, 0xff, 0xee, 0x0,
    0x0, 0x0, 0x0, 0x0, 0x0, 0x0, 0x0, 0xee,

    /* U+F237 "" */
    0xcf, 0x30, 0x0, 0x0, 0x3, 0xfc, 0x5f, 0xa0,
    0x0, 0x0, 0xa, 0xf5, 0xe, 0xf1, 0x0, 0x0,
    0x1f, 0xe0, 0x8c, 0xf7, 0x0, 0x0, 0x7f, 0xc8,
    0xff, 0xfe, 0x0, 0x0, 0xef, 0xff, 0x0, 0xaf,
    0x50, 0x5, 0xfa, 0x0, 0xff, 0xff, 0xff, 0xff,
    0xff, 0xff, 0x88, 0x8d, 0xfa, 0xaf, 0xd8, 0x88,
    0x0, 0x5, 0xf9, 0x9f, 0x50, 0x0, 0x0, 0x0,
    0xef, 0xfe, 0x0, 0x0, 0x0, 0x0, 0x8f, 0xf7,
    0x0, 0x0, 0x0, 0x0, 0x1f, 0xf1, 0x0, 0x0,
    0x0, 0x0, 0xa, 0xa0, 0x0, 0x0, 0x0, 0x0,
    0x3, 0x30, 0x0, 0x0,

    /* U+F238 "" */
    0x3, 0xbe, 0xff, 0xff, 0xff, 0xeb, 0x30, 0x6f,
    0xff, 0xff, 0xff, 0xff, 0xff, 0xf6, 0xef, 0xff,
    0xff, 0xff, 0xff, 0xff, 0xfe, 0xfa, 0x0, 0x0,
    0x0, 0x0, 0x0, 0xaf, 0xf8, 0x0, 0x0, 0x0,
    0x0, 0x0, 0x8f, 0xf8, 0x0, 0x0, 0x0, 0x0,
    0x0, 0x8f, 0xf8, 0x0, 0x0, 0x0, 0x0, 0x0,
    0x8f, 0xfa, 0x0, 0x0, 0x0, 0x0, 0x0, 0xaf,
    0xff, 0xff, 0xff, 0xff, 0xff, 0xff, 0xff, 0xff,
    0xff, 0xfe, 0x65, 0xef, 0xff, 0xff, 0xff, 0xff,
    0xf5, 0x0, 0x5f, 0xff, 0xff, 0xef, 0xff, 0xf5,
    0x0, 0x6f, 0xff, 0xfe, 0x6f, 0xff, 0xfe, 0x55,
    0xef, 0xff, 0xf6, 0x3, 0xbe, 0xff, 0xff, 0xff,
    0xeb, 0x30, 0x0, 0x8, 0xff, 0xff, 0xff, 0x80,
    0x0, 0x0, 0xbf, 0xff, 0xff, 0xff, 0xfb, 0x0,

    /* U+F239 "" */
    0x3, 0xbe, 0xff, 0xff, 0xff, 0xeb, 0x30, 0x6f,
    0xff, 0xff, 0xff, 0xff, 0xff, 0xf6, 0xef, 0xff,
    0xff, 0xff, 0xff, 0xff, 0xfe, 0xfa, 0x0, 0x1,
    0xfb, 0x0, 0x0, 0xaf, 0xf8, 0x0, 0x0, 0xe9,
    0x0, 0x0, 0x8f, 0xf8, 0x0, 0x0, 0xe9, 0x0,
    0x0, 0x8f, 0xf8, 0x0, 0x0, 0xe9, 0x0, 0x0,
    0x8f, 0xfa, 0x0, 0x1, 0xfb, 0x0, 0x0, 0xaf,
    0xff, 0xff, 0xff, 0xff, 0xff, 0xff, 0xff, 0xfd,
    0x13, 0xff, 0xff, 0xfc, 0x12, 0xdf, 0xf8, 0x0,
    0xbf, 0xff, 0xf6, 0x0, 0x8f, 0xed, 0x13, 0xff,
    0xff, 0xfc, 0x12, 0xde, 0x6f, 0xff, 0xff, 0xff,
    0xff, 0xff, 0xf6, 0x4, 0xbe, 0xff, 0xff, 0xff,
    0xeb, 0x30, 0x0, 0xa, 0xff, 0xff, 0xff, 0x70,
    0x0, 0x0, 0xdf, 0xff, 0xff, 0xff, 0xf9, 0x0,

    /* U+F23A "" */
    0xff, 0xff, 0xff, 0xff, 0xff, 0xff, 0xff, 0xff,
    0xff, 0xff, 0xff, 0xff, 0xff, 0xff, 0xff, 0xff,
    0xff, 0xff, 0xff, 0xff, 0xff, 0xff, 0xa2, 0x2c,
    0xff, 0xe2, 0x2b, 0xff, 0xff, 0xf3, 0x4, 0xff,
    0x80, 0x2f, 0xff, 0xff, 0xf6, 0x10, 0xdf, 0x30,
    0x3f, 0xff, 0xff, 0xf6, 0x70, 0x6b, 0x70, 0x3f,
    0xff, 0xff, 0xf6, 0xe0, 0x5, 0xc0, 0x3f, 0xff,
    0xff, 0xf6, 0xf6, 0x8, 0xc0, 0x3f, 0xff, 0xff,
    0xe1, 0xbd, 0xe, 0xb0, 0x2f, 0xff, 0xff, 0x96,
    0x7f, 0xaf, 0x76, 0x6b, 0xff, 0xff, 0xff, 0xff,
    0xff, 0xff, 0xff, 0xff, 0xff, 0xff, 0xff, 0xff,
    0xff, 0xff, 0xff, 0xff, 0xff, 0xff, 0xff, 0xff,
    0xff, 0xff,

    /* U+F23B "" */
    0xff, 0xff, 0xff, 0xff, 0xff, 0xff, 0xff, 0xff,
    0xff, 0xff, 0xff, 0xff, 0xff, 0xff, 0xff, 0xff,
    0xff, 0xff, 0xff, 0xff, 0xff, 0xff, 0xff, 0x8d,
    0xff, 0xca, 0xff, 0xff, 0xff, 0xff, 0x95, 0xff,
    0x3c, 0xff, 0xff, 0xff, 0xff, 0xf2, 0xdb, 0x4f,
    0xff, 0xff, 0xff, 0xff, 0xfa, 0x53, 0xdf, 0xff,
    0xff, 0xff, 0xff, 0xff, 0x35, 0xff, 0xff, 0xff,
    0xff, 0xff, 0xff, 0x7a, 0xff, 0xff, 0xff, 0xff,
    0xff, 0xff, 0x7a, 0xff, 0xff, 0xff, 0xff, 0xff,
    0xff, 0x8a, 0xff, 0xff, 0xff, 0xff, 0xff, 0xff,
    0xff, 0xff, 0xff, 0xff, 0xff, 0xff, 0xff, 0xff,
    0xff, 0xff, 0xff, 0xff, 0xff, 0xff, 0xff, 0xff,
    0xff, 0xff,

    /* U+F23C "" */
    0x0, 0x0, 0x0, 0x0, 0x3, 0x84, 0x0, 0x0,
    0x0, 0x0, 0x0, 0x0, 0x0, 0x0, 0x15, 0x38,
    0x50, 0x0, 0x0, 0x0, 0x0, 0x0, 0x0, 0x2a,
    0xfa, 0xab, 0x70, 0x0, 0x0, 0x0, 0x0, 0x0,
    0x6, 0xdf, 0x40, 0x2, 0xfc, 0x10, 0x0, 0x0,
    0x0, 0x46, 0x7f, 0xfb, 0x2, 0xb2, 0xaf, 0xb0,
    0x54, 0x0, 0x0, 0x76, 0xaf, 0xfc, 0x37, 0xfa,
    0xbf, 0xf9, 0x67, 0x0, 0x0, 0x84, 0x6f, 0xff,
    0x8f, 0xfa, 0xff, 0xf9, 0x48, 0x0, 0x0, 0x37,
    0xcf, 0xff, 0xfd, 0xdf, 0xff, 0xfd, 0x73, 0x0,
    0x0, 0x1b, 0xaf, 0x56, 0x3, 0x20, 0x77, 0xfa,
    0xb1, 0x0, 0x0, 0x9f, 0xf4, 0x69, 0x47, 0x76,
    0x87, 0x4f, 0xf8, 0x0, 0x0, 0x5f, 0xe6, 0x31,
    0x10, 0x0, 0x14, 0x6d, 0xf5, 0x0, 0x0, 0x48,
    0x50, 0x56, 0x0, 0x0, 0x64, 0x4, 0x84, 0x0,
    0x8, 0xcb, 0x60, 0x5, 0xb6, 0x6a, 0x40, 0x6,
    0xbc, 0x80, 0xb, 0xde, 0x55, 0x84, 0x1, 0x0,
    0x27, 0x56, 0xed, 0xa0, 0x4, 0x9b, 0x9a, 0x77,
    0x77, 0x67, 0x77, 0x99, 0xb9, 0x40, 0x0, 0x24,
    0x10, 0x0, 0x0, 0x0, 0x0, 0x1, 0x32, 0x0,

    /* U+F23D "" */
    0x0, 0x0, 0x0, 0x0, 0x0, 0x0, 0x0, 0x0,
    0x0, 0x0, 0x5, 0x0, 0x0, 0x0, 0x0, 0x0,
    0x0, 0x0, 0x0, 0x0, 0x0, 0xb, 0x60, 0x0,
    0x0, 0x0, 0x0, 0x0, 0x0, 0x0, 0x0, 0x0,
    0x1b, 0xfb, 0x85, 0x43, 0x22, 0x11, 0x11, 0x10,
    0x0, 0x0, 0x0, 0x3, 0x8d, 0xff, 0xff, 0xff,
    0xff, 0xff, 0xff, 0xd7, 0x0, 0x0, 0x0, 0x0,
    0x23, 0x44, 0x55, 0x56, 0x7b, 0xff, 0xd0, 0x0,
    0x0, 0x0, 0x0, 0x0, 0x0, 0x0, 0x0, 0x9,
    0xf3, 0x0, 0x0, 0x0, 0x0, 0x0, 0x0, 0x0,
    0x0, 0x1, 0xd3, 0x0, 0x0, 0x0, 0x0, 0x0,
    0x0, 0x0, 0x0, 0x1, 0xa2, 0x0, 0x0, 0x0,
    0x0, 0x0, 0x0, 0x0, 0x0, 0x0, 0x80, 0x0,
    0x0, 0x0, 0x0, 0x0, 0x0, 0x0, 0x0, 0x0,
    0x40, 0x0, 0x0, 0x0, 0x0, 0x0, 0x0, 0x0,
    0x0, 0x0, 0x0, 0x0, 0x0, 0x0, 0x0, 0x0,
    0x6a, 0x20, 0x0, 0x19, 0x70, 0x0, 0x0, 0x0,
    0x0, 0x0, 0x1f, 0xfa, 0x0, 0x8, 0xff, 0x20,
    0x0, 0x0, 0x0, 0x0, 0x0, 0xdf, 0x60, 0x0,
    0x5f, 0xd0, 0x0, 0x0, 0x0, 0x0, 0x0, 0x0,
    0x10, 0x0, 0x0, 0x10, 0x0, 0x0, 0x0, 0x0,

    /* U+F23E "" */
    0x0, 0x0, 0x38, 0x99, 0x99, 0x60, 0x0, 0x0,
    0x0, 0x9, 0x77, 0xbd, 0xc9, 0x6a, 0x30, 0x0,
    0x0, 0xa6, 0xef, 0x94, 0x7e, 0xf9, 0x84, 0x0,
    0x9, 0x6f, 0xf6, 0x14, 0x31, 0xef, 0xa9, 0x10,
    0x37, 0xef, 0xe0, 0xdf, 0xf5, 0x8f, 0xf7, 0x90,
    0x97, 0xff, 0xb2, 0xff, 0xfa, 0x5f, 0xfd, 0x80,
    0x9b, 0xff, 0xc7, 0xff, 0xfc, 0x8f, 0xff, 0x74,
    0x9d, 0xf7, 0x40, 0x0, 0x0, 0x0, 0xff, 0x75,
    0x8d, 0xf6, 0x90, 0x2d, 0x80, 0x0, 0xef, 0x75,
    0x9b, 0xf6, 0x90, 0x4f, 0xb0, 0x0, 0xef, 0x73,
    0x87, 0xf6, 0x90, 0xd, 0x50, 0x0, 0xec, 0x90,
    0x28, 0xd6, 0x80, 0x4, 0x10, 0x0, 0xe6, 0x70,
    0x7, 0x6b, 0x88, 0x88, 0x88, 0x88, 0x8a, 0x0,
    0x0, 0x96, 0xcf, 0xff, 0xff, 0xf7, 0xa2, 0x0,
    0x0, 0x7, 0x87, 0x8a, 0x97, 0x79, 0x10, 0x0,
    0x0, 0x0, 0x16, 0x99, 0x98, 0x30, 0x0, 0x0,

    /* U+F240 "" */
    0x8f, 0xff, 0xff, 0xff, 0xff, 0xff, 0xff, 0xff,
    0xff, 0x80, 0xff, 0xff, 0xff, 0xff, 0xff, 0xff,
    0xff, 0xff, 0xff, 0xf0, 0xff, 0x0, 0x0, 0x0,
    0x0, 0x0, 0x0, 0x0, 0xf, 0xfd, 0xff, 0xf,
    0xff, 0xff, 0xff, 0xff, 0xff, 0xff, 0xf, 0xff,
    0xff, 0xf, 0xff, 0xff, 0xff, 0xff, 0xff, 0xff,
    0x0, 0xff, 0xff, 0xf, 0xff, 0xff, 0xff, 0xff,
    0xff, 0xff, 0x0, 0xff, 0xff, 0xf, 0xff, 0xff,
    0xff, 0xff, 0xff, 0xff, 0xf, 0xff, 0xff, 0x0,
    0x0, 0x0, 0x0, 0x0, 0x0, 0x0, 0xf, 0xfd,
    0xff, 0xff, 0xff, 0xff, 0xff, 0xff, 0xff, 0xff,
    0xff, 0xf0, 0x8f, 0xff, 0xff, 0xff, 0xff, 0xff,
    0xff, 0xff, 0xff, 0x80,

    /* U+F241 "" */
    0x8f, 0xff, 0xff, 0xff, 0xff, 0xff, 0xff, 0xff,
    0xff, 0x80, 0xff, 0xff, 0xff, 0xff, 0xff, 0xff,
    0xff, 0xff, 0xff, 0xf0, 0xff, 0x0, 0x0, 0x0,
    0x0, 0x0, 0x0, 0x0, 0xf, 0xfd, 0xff, 0xf,
    0xff, 0xff, 0xff, 0xff, 0xf0, 0x0, 0xf, 0xff,
    0xff, 0xf, 0xff, 0xff, 0xff, 0xff, 0xf0, 0x0,
    0x0, 0xff, 0xff, 0xf, 0xff, 0xff, 0xff, 0xff,
    0xf0, 0x0, 0x0, 0xff, 0xff, 0xf, 0xff, 0xff,
    0xff, 0xff, 0xf0, 0x0, 0xf, 0xff, 0xff, 0x0,
    0x0, 0x0, 0x0, 0x0, 0x0, 0x0, 0xf, 0xfd,
    0xff, 0xff, 0xff, 0xff, 0xff, 0xff, 0xff, 0xff,
    0xff, 0xf0, 0x8f, 0xff, 0xff, 0xff, 0xff, 0xff,
    0xff, 0xff, 0xff, 0x80,

    /* U+F242 "" */
    0x8f, 0xff, 0xff, 0xff, 0xff, 0xff, 0xff, 0xff,
    0xff, 0x80, 0xff, 0xff, 0xff, 0xff, 0xff, 0xff,
    0xff, 0xff, 0xff, 0xf0, 0xff, 0x0, 0x0, 0x0,
    0x0, 0x0, 0x0, 0x0, 0xf, 0xfd, 0xff, 0xf,
    0xff, 0xff, 0xff, 0x0, 0x0, 0x0, 0xf, 0xff,
    0xff, 0xf, 0xff, 0xff, 0xff, 0x0, 0x0, 0x0,
    0x0, 0xff, 0xff, 0xf, 0xff, 0xff, 0xff, 0x0,
    0x0, 0x0, 0x0, 0xff, 0xff, 0xf, 0xff, 0xff,
    0xff, 0x0, 0x0, 0x0, 0xf, 0xff, 0xff, 0x0,
    0x0, 0x0, 0x0, 0x0, 0x0, 0x0, 0xf, 0xfd,
    0xff, 0xff, 0xff, 0xff, 0xff, 0xff, 0xff, 0xff,
    0xff, 0xf0, 0x8f, 0xff, 0xff, 0xff, 0xff, 0xff,
    0xff, 0xff, 0xff, 0x80,

    /* U+F243 "" */
    0x8f, 0xff, 0xff, 0xff, 0xff, 0xff, 0xff, 0xff,
    0xff, 0x80, 0xff, 0xff, 0xff, 0xff, 0xff, 0xff,
    0xff, 0xff, 0xff, 0xf0, 0xff, 0x0, 0x0, 0x0,
    0x0, 0x0, 0x0, 0x0, 0xf, 0xfd, 0xff, 0xf,
    0xff, 0xf0, 0x0, 0x0, 0x0, 0x0, 0xf, 0xff,
    0xff, 0xf, 0xff, 0xf0, 0x0, 0x0, 0x0, 0x0,
    0x0, 0xff, 0xff, 0xf, 0xff, 0xf0, 0x0, 0x0,
    0x0, 0x0, 0x0, 0xff, 0xff, 0xf, 0xff, 0xf0,
    0x0, 0x0, 0x0, 0x0, 0xf, 0xff, 0xff, 0x0,
    0x0, 0x0, 0x0, 0x0, 0x0, 0x0, 0xf, 0xfd,
    0xff, 0xff, 0xff, 0xff, 0xff, 0xff, 0xff, 0xff,
    0xff, 0xf0, 0x8f, 0xff, 0xff, 0xff, 0xff, 0xff,
    0xff, 0xff, 0xff, 0x80,

    /* U+F244 "" */
    0x8f, 0xff, 0xff, 0xff, 0xff, 0xff, 0xff, 0xff,
    0xff, 0x80, 0xff, 0xff, 0xff, 0xff, 0xff, 0xff,
    0xff, 0xff, 0xff, 0xf0, 0xff, 0x0, 0x0, 0x0,
    0x0, 0x0, 0x0, 0x0, 0xf, 0xfd, 0xff, 0x0,
    0x0, 0x0, 0x0, 0x0, 0x0, 0x0, 0xf, 0xff,
    0xff, 0x0, 0x0, 0x0, 0x0, 0x0, 0x0, 0x0,
    0x0, 0xff, 0xff, 0x0, 0x0, 0x0, 0x0, 0x0,
    0x0, 0x0, 0x0, 0xff, 0xff, 0x0, 0x0, 0x0,
    0x0, 0x0, 0x0, 0x0, 0xf, 0xff, 0xff, 0x0,
    0x0, 0x0, 0x0, 0x0, 0x0, 0x0, 0xf, 0xfd,
    0xff, 0xff, 0xff, 0xff, 0xff, 0xff, 0xff, 0xff,
    0xff, 0xf0, 0x8f, 0xff, 0xff, 0xff, 0xff, 0xff,
    0xff, 0xff, 0xff, 0x80,

    /* U+F245 "" */
    0x0, 0x0, 0x0, 0x0, 0x0, 0xe, 0x40, 0x0,
    0x0, 0x0, 0x0, 0xff, 0x40, 0x0, 0x0, 0x0,
    0xf, 0xff, 0x40, 0x0, 0x0, 0x0, 0xff, 0xff,
    0x30, 0x0, 0x0, 0xf, 0xff, 0xff, 0x30, 0x0,
    0x0, 0xff, 0xff, 0xfe, 0x30, 0x0, 0xf, 0xff,
    0xff, 0xfe, 0x20, 0x0, 0xff, 0xff, 0xff, 0xfe,
    0x20, 0xf, 0xff, 0xff, 0xff, 0xfe, 0x20, 0xff,
    0xff, 0xff, 0xff, 0xfd, 0xf, 0xff, 0xff, 0xf7,
    0x44, 0x30, 0xff, 0xfe, 0xff, 0xa0, 0x0, 0xf,
    0xfc, 0x1f, 0xff, 0x10, 0x0, 0xfc, 0x0, 0x9f,
    0xf7, 0x0, 0x7, 0x0, 0x2, 0xff, 0xd0, 0x0,
    0x0, 0x0, 0xb, 0xc4, 0x0, 0x0, 0x0, 0x0,
    0x0, 0x0, 0x0,

    /* U+F246 "" */
    0xfe, 0xa2, 0x3b, 0xff, 0xff, 0xff, 0xff, 0xff,
    0x1, 0x8f, 0xf9, 0x10, 0x0, 0xf, 0xf0, 0x0,
    0x0, 0xf, 0xf0, 0x0, 0x0, 0xf, 0xf0, 0x0,
    0x0, 0xf, 0xf0, 0x0, 0x7, 0xff, 0xff, 0x70,
    0x7, 0xff, 0xff, 0x70, 0x0, 0xf, 0xf0, 0x0,
    0x0, 0xf, 0xf0, 0x0, 0x0, 0xf, 0xf0, 0x0,
    0x0, 0xf, 0xf0, 0x0, 0x1, 0x9f, 0xf8, 0x10,
    0xff, 0xff, 0xff, 0xff, 0xff, 0xb3, 0x2a, 0xef,

    /* U+F247 "" */
    0xff, 0x0, 0x0, 0x0, 0x0, 0x0, 0x0, 0xff,
    0xff, 0xff, 0xff, 0xff, 0xff, 0xff, 0xff, 0xff,
    0xf, 0xff, 0xff, 0xff, 0xff, 0xff, 0xff, 0xf0,
    0xf, 0xf0, 0x0, 0x0, 0xf, 0xff, 0xff, 0xf0,
    0xf, 0xf0, 0x0, 0x0, 0xf, 0xff, 0xff, 0xf0,
    0xf, 0xf0, 0x0, 0x0, 0xf, 0xff, 0xff, 0xf0,
    0xf, 0xf0, 0x0, 0x0, 0xf, 0x0, 0xf, 0xf0,
    0xf, 0xf0, 0x0, 0x0, 0xf, 0x0, 0xf, 0xf0,
    0xf, 0xff, 0xff, 0xff, 0xfd, 0x0, 0xf, 0xf0,
    0xf, 0xff, 0xff, 0xf0, 0x0, 0x0, 0xf, 0xf0,
    0xf, 0xff, 0xff, 0xf0, 0x0, 0x0, 0xf, 0xf0,
    0xf, 0xff, 0xff, 0xff, 0xff, 0xff, 0xff, 0xf0,
    0xff, 0xff, 0xff, 0xff, 0xff, 0xff, 0xff, 0xff,
    0xff, 0x0, 0x0, 0x0, 0x0, 0x0, 0x0, 0xff,

    /* U+F248 "" */
    0xff, 0x0, 0x0, 0x0, 0x0, 0xf, 0xf0, 0x0,
    0x0, 0xff, 0xff, 0xff, 0xff, 0xff, 0xff, 0xf0,
    0x0, 0x0, 0xf, 0xff, 0xff, 0xff, 0xff, 0xff,
    0x0, 0x0, 0x0, 0xf, 0xff, 0xff, 0xff, 0xff,
    0xff, 0x0, 0x0, 0x0, 0xf, 0xff, 0xff, 0xff,
    0xff, 0xff, 0x0, 0x0, 0xff, 0xf, 0xff, 0xff,
    0xff, 0xff, 0xff, 0x4f, 0xff, 0xff, 0xf, 0xff,
    0xff, 0xff, 0xff, 0xff, 0x4f, 0xff, 0xf0, 0xf,
    0xff, 0xff, 0xff, 0xff, 0xff, 0x19, 0xff, 0xf0,
    0xff, 0xff, 0xff, 0xff, 0xff, 0xff, 0xf4, 0xff,
    0xf0, 0xff, 0x0, 0x0, 0x44, 0x44, 0x1f, 0xf4,
    0xff, 0xf0, 0x0, 0x0, 0x0, 0xff, 0xff, 0x94,
    0x49, 0xff, 0xf0, 0x0, 0x0, 0x0, 0xff, 0xff,
    0xff, 0xff, 0xff, 0xf0, 0x0, 0x0, 0xf, 0xff,
    0xff, 0xff, 0xff, 0xff, 0xff, 0x0, 0x0, 0xf,
    0xf0, 0x0, 0x0, 0x0, 0x0, 0xff,

    /* U+F249 "" */
    0xdf, 0xff, 0xff, 0xff, 0xff, 0xff, 0xfd, 0xff,
    0xff, 0xff, 0xff, 0xff, 0xff, 0xff, 0xff, 0xff,
    0xff, 0xff, 0xff, 0xff, 0xff, 0xff, 0xff, 0xff,
    0xff, 0xff, 0xff, 0xff, 0xff, 0xff, 0xff, 0xff,
    0xff, 0xff, 0xff, 0xff, 0xff, 0xff, 0xff, 0xff,
    0xff, 0xff, 0xff, 0xff, 0xff, 0xff, 0xff, 0xff,
    0xff, 0xff, 0xff, 0xff, 0xff, 0xff, 0xff, 0xff,
    0xff, 0xff, 0xff, 0xff, 0xff, 0xff, 0xff, 0xff,
    0xff, 0xff, 0xff, 0xf2, 0x0, 0x0, 0xff, 0xff,
    0xff, 0xff, 0xf0, 0xff, 0xfd, 0xff, 0xff, 0xff,
    0xff, 0xf0, 0xff, 0xe1, 0xff, 0xff, 0xff, 0xff,
    0xf0, 0xfe, 0x10, 0xdf, 0xff, 0xff, 0xff, 0xf0,
    0xd1, 0x0,

    /* U+F24B "" */
    0x8f, 0xff, 0xff, 0xff, 0xff, 0xff, 0xff, 0xff,
    0xf8, 0xff, 0xff, 0xff, 0xff, 0xff, 0xff, 0xff,
    0xff, 0xff, 0xff, 0xff, 0xff, 0xff, 0xff, 0xff,
    0xff, 0xff, 0xff, 0xff, 0xff, 0xff, 0xff, 0xff,
    0xff, 0xff, 0xff, 0xff, 0xff, 0xff, 0xff, 0xff,
    0xfe, 0xff, 0xff, 0xff, 0xff, 0xff, 0xfe, 0x7,
    0xb2, 0x3, 0x1a, 0x2, 0x21, 0x9f, 0xff, 0xfe,
    0x6, 0x10, 0xdf, 0xfc, 0x9, 0xb0, 0x7f, 0xff,
    0xfd, 0x7, 0x10, 0xff, 0xfd, 0x6, 0x90, 0x6f,
    0xf3, 0x63, 0x1d, 0xb2, 0x37, 0x5a, 0x3, 0x40,
    0x4f, 0xff, 0xee, 0xff, 0xff, 0xff, 0xff, 0xff,
    0xff, 0xff, 0xff, 0xff, 0xff, 0xff, 0xff, 0xff,
    0xff, 0xff, 0xff, 0xff, 0xff, 0xff, 0xff, 0xff,
    0xff, 0xff, 0xff, 0xff, 0xff, 0xff, 0xff, 0xff,
    0xff, 0xff, 0xff, 0xff, 0xff, 0x8f, 0xff, 0xff,
    0xff, 0xff, 0xff, 0xff, 0xff, 0xf8,

    /* U+F24C "" */
    0x8f, 0xff, 0xff, 0xff, 0xff, 0xff, 0xff, 0xff,
    0xf8, 0xff, 0xff, 0xc7, 0x87, 0x61, 0x2, 0x6d,
    0xff, 0xff, 0xff, 0xf7, 0x9f, 0xff, 0xff, 0x90,
    0x0, 0x9f, 0xff, 0xff, 0x9b, 0xff, 0xff, 0xff,
    0xfb, 0x0, 0xa, 0xff, 0xff, 0x7f, 0xd2, 0xef,
    0x94, 0xff, 0x60, 0x1, 0xff, 0xfa, 0xcf, 0x40,
    0xef, 0x90, 0x6f, 0xc0, 0x0, 0xaf, 0xf8, 0xff,
    0x0, 0xef, 0x90, 0x1f, 0xf0, 0x0, 0x7f, 0xf7,
    0xff, 0x0, 0xef, 0x90, 0x1f, 0xf0, 0x0, 0x7f,
    0xfa, 0xcf, 0x40, 0xef, 0x90, 0x7f, 0xc0, 0x0,
    0xaf, 0xfe, 0x7f, 0xe2, 0xef, 0x94, 0xff, 0x50,
    0x1, 0xff, 0xff, 0x9b, 0xff, 0xff, 0xff, 0xfb,
    0x0, 0xa, 0xff, 0xff, 0xf8, 0x9f, 0xff, 0xff,
    0x90, 0x0, 0xaf, 0xff, 0xff, 0xff, 0xc7, 0x77,
    0x61, 0x2, 0x6d, 0xff, 0xff, 0x8f, 0xff, 0xff,
    0xff, 0xff, 0xff, 0xff, 0xff, 0xf8,

    /* U+F24D "" */
    0x0, 0x0, 0x8f, 0xff, 0xff, 0xff, 0xff, 0xf8,
    0x0, 0x0, 0xff, 0xff, 0xff, 0xff, 0xff, 0xff,
    0x0, 0x0, 0xff, 0xff, 0xff, 0xff, 0xff, 0xff,
    0x0, 0x0, 0xff, 0xff, 0xff, 0xff, 0xff, 0xff,
    0x8f, 0xf0, 0xff, 0xff, 0xff, 0xff, 0xff, 0xff,
    0xff, 0xf0, 0xff, 0xff, 0xff, 0xff, 0xff, 0xff,
    0xff, 0xf0, 0xff, 0xff, 0xff, 0xff, 0xff, 0xff,
    0xff, 0xf0, 0xff, 0xff, 0xff, 0xff, 0xff, 0xff,
    0xff, 0xf0, 0xff, 0xff, 0xff, 0xff, 0xff, 0xff,
    0xff, 0xf0, 0xff, 0xff, 0xff, 0xff, 0xff, 0xff,
    0xff, 0xf0, 0xff, 0xff, 0xff, 0xff, 0xff, 0xff,
    0xff, 0xf4, 0x8f, 0xff, 0xff, 0xff, 0xff, 0xf8,
    0xff, 0xfe, 0x40, 0x0, 0x0, 0x0, 0x0, 0x0,
    0xff, 0xff, 0xff, 0xff, 0xff, 0xff, 0x0, 0x0,
    0xff, 0xff, 0xff, 0xff, 0xff, 0xff, 0x0, 0x0,
    0x8f, 0xff, 0xff, 0xff, 0xff, 0xf8, 0x0, 0x0,

    /* U+F24E "" */
    0x0, 0x0, 0x0, 0x0, 0x6e, 0xe6, 0x0, 0x0,
    0x0, 0x0, 0x0, 0xe, 0xff, 0xff, 0xff, 0xff,
    0xff, 0xff, 0xe0, 0x0, 0x0, 0xe, 0xff, 0xff,
    0xff, 0xff, 0xff, 0xff, 0xe0, 0x0, 0x0, 0x0,
    0x0, 0x3, 0xff, 0xff, 0x30, 0x0, 0x0, 0x0,
    0x0, 0x2d, 0xd2, 0x0, 0x6f, 0xf6, 0x0, 0x2d,
    0xd2, 0x0, 0x0, 0xbe, 0xfa, 0x0, 0xf, 0xf0,
    0x0, 0xae, 0xfa, 0x0, 0x3, 0xf7, 0x8f, 0x20,
    0xf, 0xf0, 0x2, 0xf7, 0x8f, 0x20, 0xb, 0xe0,
    0x1f, 0xa0, 0xf, 0xf0, 0xb, 0xe0, 0x1f, 0xa0,
    0x3f, 0x70, 0x8, 0xf2, 0xf, 0xf0, 0x3f, 0x70,
    0x8, 0xf2, 0xaf, 0x0, 0x1, 0xfa, 0xf, 0xf0,
    0xaf, 0x0, 0x1, 0xfa, 0xff, 0xff, 0xff, 0xff,
    0xf, 0xf0, 0xff, 0xff, 0xff, 0xff, 0xaf, 0xff,
    0xff, 0xfa, 0xf, 0xf0, 0xaf, 0xff, 0xff, 0xf9,
    0x6, 0xcf, 0xfc, 0x60, 0xf, 0xf0, 0x6, 0xcf,
    0xfc, 0x70, 0x0, 0x0, 0x0, 0x0, 0xf, 0xf0,
    0x0, 0x0, 0x0, 0x0, 0x0, 0xe, 0xff, 0xff,
    0xff, 0xff, 0xff, 0xff, 0xe0, 0x0, 0x0, 0xe,
    0xff, 0xff, 0xff, 0xff, 0xff, 0xff, 0xe0, 0x0,

    /* U+F251 "" */
    0xdf, 0xff, 0xff, 0xff, 0xff, 0xfd, 0xdf, 0xff,
    0xff, 0xff, 0xff, 0xfd, 0x3f, 0xff, 0xff, 0xff,
    0xff, 0xf3, 0x1f, 0xff, 0xff, 0xff, 0xff, 0xf1,
    0xc, 0xff, 0xff, 0xff, 0xff, 0xc0, 0x5, 0xff,
    0xff, 0xff, 0xff, 0x50, 0x0, 0x9f, 0xff, 0xff,
    0xf9, 0x0, 0x0, 0x7, 0xef, 0xff, 0x70, 0x0,
    0x0, 0x7, 0xef, 0xfe, 0x70, 0x0, 0x0, 0x9f,
    0xe9, 0x9e, 0xf9, 0x0, 0x5, 0xfe, 0x10, 0x1,
    0xef, 0x50, 0xc, 0xf5, 0x0, 0x0, 0x6f, 0xc0,
    0x1f, 0xf0, 0x0, 0x0, 0xf, 0xf1, 0x3f, 0xd0,
    0x0, 0x0, 0xd, 0xf3, 0xdf, 0xff, 0xff, 0xff,
    0xff, 0xfd, 0xdf, 0xff, 0xff, 0xff, 0xff, 0xfd,

    /* U+F252 "" */
    0xdf, 0xff, 0xff, 0xff, 0xff, 0xfd, 0xdf, 0xff,
    0xff, 0xff, 0xff, 0xfd, 0x3f, 0xc0, 0x0, 0x0,
    0xc, 0xf3, 0x1f, 0xf0, 0x0, 0x0, 0xf, 0xf1,
    0xc, 0xff, 0xff, 0xff, 0xff, 0xc0, 0x5, 0xff,
    0xff, 0xff, 0xff, 0x50, 0x0, 0x9f, 0xff, 0xff,
    0xf9, 0x0, 0x0, 0x7, 0xef, 0xff, 0x70, 0x0,
    0x0, 0x7, 0xef, 0xfe, 0x70, 0x0, 0x0, 0x9f,
    0xf9, 0x9f, 0xf9, 0x0, 0x5, 0xfe, 0x20, 0x2,
    0xef, 0x50, 0xc, 0xf5, 0x0, 0x0, 0x5f, 0xc0,
    0x1f, 0xff, 0xff, 0xff, 0xff, 0xf1, 0x3f, 0xff,
    0xff, 0xff, 0xff, 0xf3, 0xdf, 0xff, 0xff, 0xff,
    0xff, 0xfd, 0xdf, 0xff, 0xff, 0xff, 0xff, 0xfd,

    /* U+F253 "" */
    0xdf, 0xff, 0xff, 0xff, 0xff, 0xfd, 0xdf, 0xff,
    0xff, 0xff, 0xff, 0xfd, 0x3f, 0xd0, 0x0, 0x0,
    0xd, 0xf3, 0x1f, 0xf0, 0x0, 0x0, 0xf, 0xf1,
    0xc, 0xf5, 0x0, 0x0, 0x6f, 0xc0, 0x5, 0xfe,
    0x10, 0x1, 0xef, 0x50, 0x0, 0x9f, 0xe9, 0x9e,
    0xf9, 0x0, 0x0, 0x7, 0xef, 0xff, 0x70, 0x0,
    0x0, 0x7, 0xef, 0xfe, 0x70, 0x0, 0x0, 0x9f,
    0xff, 0xff, 0xf9, 0x0, 0x5, 0xff, 0xff, 0xff,
    0xff, 0x50, 0xc, 0xff, 0xff, 0xff, 0xff, 0xc0,
    0x1f, 0xff, 0xff, 0xff, 0xff, 0xf1, 0x3f, 0xff,
    0xff, 0xff, 0xff, 0xf3, 0xdf, 0xff, 0xff, 0xff,
    0xff, 0xfd, 0xdf, 0xff, 0xff, 0xff, 0xff, 0xfd,

    /* U+F254 "" */
    0xdf, 0xff, 0xff, 0xff, 0xff, 0xfd, 0xdf, 0xff,
    0xff, 0xff, 0xff, 0xfd, 0x3f, 0xff, 0xff, 0xff,
    0xff, 0xf3, 0x1f, 0xff, 0xff, 0xff, 0xff, 0xf1,
    0xc, 0xff, 0xff, 0xff, 0xff, 0xc0, 0x5, 0xff,
    0xff, 0xff, 0xff, 0x50, 0x0, 0x9f, 0xff, 0xff,
    0xf9, 0x0, 0x0, 0x7, 0xef, 0xff, 0x70, 0x0,
    0x0, 0x7, 0xef, 0xfe, 0x70, 0x0, 0x0, 0x9f,
    0xff, 0xff, 0xf9, 0x0, 0x5, 0xff, 0xff, 0xff,
    0xff, 0x50, 0xc, 0xff, 0xff, 0xff, 0xff, 0xc0,
    0x1f, 0xff, 0xff, 0xff, 0xff, 0xf1, 0x3f, 0xff,
    0xff, 0xff, 0xff, 0xf3, 0xdf, 0xff, 0xff, 0xff,
    0xff, 0xfd, 0xdf, 0xff, 0xff, 0xff, 0xff, 0xfd,

    /* U+F255 "" */
    0x0, 0x0, 0x63, 0x2d, 0xd2, 0x36, 0x0, 0x0,
    0x0, 0x9, 0xff, 0x9f, 0xf9, 0xff, 0x92, 0x71,
    0x0, 0xc, 0xff, 0xbf, 0xfc, 0xff, 0xbd, 0xfd,
    0x8f, 0x8c, 0xff, 0xff, 0xff, 0xff, 0xff, 0xff,
    0xff, 0xfc, 0xff, 0xff, 0xff, 0xff, 0xff, 0xff,
    0xff, 0xfc, 0xff, 0xff, 0xff, 0xff, 0xff, 0xff,
    0xff, 0xff, 0xff, 0xff, 0xff, 0xff, 0xff, 0xff,
    0xcf, 0xff, 0xff, 0xff, 0xff, 0xff, 0xff, 0xfe,
    0x3f, 0xff, 0xff, 0xff, 0xff, 0xff, 0xff, 0xfa,
    0x4, 0xff, 0xff, 0xff, 0xff, 0xff, 0xff, 0xf4,
    0x0, 0x3e, 0xff, 0xff, 0xff, 0xff, 0xff, 0xd0,
    0x0, 0x2, 0xdf, 0xff, 0xff, 0xff, 0xff, 0x70,
    0x0, 0x0, 0x2f, 0xff, 0xff, 0xff, 0xff, 0x20,
    0x0, 0x0, 0xd, 0xff, 0xff, 0xff, 0xfd, 0x0,

    /* U+F256 "" */
    0x0, 0x0, 0x0, 0xc, 0xd1, 0x0, 0x0, 0x0,
    0x0, 0x5, 0xa4, 0xff, 0x6a, 0x70, 0x0, 0x0,
    0x0, 0xef, 0xbf, 0xfb, 0xff, 0x0, 0x0, 0x0,
    0xe, 0xfc, 0xff, 0xcf, 0xf1, 0x0, 0x0, 0x0,
    0xef, 0xcf, 0xfc, 0xff, 0x6f, 0x70, 0x0, 0xe,
    0xfc, 0xff, 0xcf, 0xfb, 0xfd, 0x0, 0x0, 0xef,
    0xcf, 0xfc, 0xff, 0xcf, 0xd0, 0x0, 0xe, 0xfc,
    0xff, 0xcf, 0xfc, 0xfd, 0xc, 0xd2, 0xef, 0xff,
    0xff, 0xff, 0xff, 0xd1, 0xff, 0xce, 0xff, 0xff,
    0xff, 0xff, 0xfd, 0x8, 0xff, 0xff, 0xff, 0xff,
    0xff, 0xff, 0xc0, 0xc, 0xff, 0xff, 0xff, 0xff,
    0xff, 0xf9, 0x0, 0x2f, 0xff, 0xff, 0xff, 0xff,
    0xff, 0x60, 0x0, 0x6f, 0xff, 0xff, 0xff, 0xff,
    0xf2, 0x0, 0x0, 0xaf, 0xff, 0xff, 0xff, 0xfe,
    0x0, 0x0, 0x0, 0xbf, 0xff, 0xff, 0xff, 0x60,

    /* U+F257 "" */
    0x1, 0xaa, 0x50, 0x0, 0x0, 0x0, 0x0, 0x0,
    0x6, 0xff, 0xfe, 0x82, 0x0, 0x7b, 0x40, 0x0,
    0x3, 0xff, 0xff, 0xff, 0xb8, 0xff, 0xfb, 0x20,
    0x0, 0x28, 0xef, 0xff, 0xff, 0xff, 0xff, 0xf7,
    0x0, 0x0, 0x5, 0xbf, 0xff, 0xff, 0xff, 0xff,
    0x4, 0x44, 0x44, 0x46, 0xff, 0xff, 0xff, 0xff,
    0xcf, 0xff, 0xff, 0xff, 0xff, 0xff, 0xff, 0xff,
    0xef, 0xff, 0xff, 0xff, 0xff, 0xff, 0xff, 0xff,
    0x4b, 0xbb, 0xbb, 0xbc, 0xff, 0xff, 0xff, 0xff,
    0x0, 0x0, 0x1, 0xef, 0xff, 0xff, 0xff, 0xff,
    0x0, 0x0, 0x2, 0xff, 0xff, 0xff, 0xff, 0xff,
    0x0, 0x0, 0x0, 0x29, 0xff, 0xff, 0xff, 0xff,
    0x0, 0x0, 0x0, 0x2f, 0xff, 0xff, 0xff, 0xfa,
    0x0, 0x0, 0x0, 0x1d, 0xff, 0xfc, 0x95, 0x10,

    /* U+F258 "" */
    0xdf, 0xff, 0xff, 0xff, 0xff, 0xfe, 0x30, 0x0,
    0x0, 0xff, 0xff, 0xff, 0xff, 0xff, 0xff, 0xe0,
    0x0, 0x0, 0x6f, 0xff, 0xff, 0xff, 0xff, 0xff,
    0xf9, 0x0, 0x0, 0x0, 0x0, 0x0, 0x0, 0xa,
    0xff, 0xff, 0x30, 0x0, 0x0, 0x0, 0x0, 0x0,
    0xd, 0xff, 0xff, 0xd0, 0x0, 0x0, 0x0, 0x0,
    0x0, 0x6f, 0xff, 0xff, 0xf7, 0x0, 0x0, 0x4e,
    0xff, 0xff, 0xff, 0xff, 0xff, 0xff, 0x20, 0x0,
    0xef, 0xff, 0xff, 0xff, 0xff, 0xff, 0xff, 0xb0,
    0x0, 0xdf, 0xff, 0xff, 0xff, 0xff, 0xff, 0xff,
    0xf5, 0x0, 0x0, 0x0, 0x0, 0x7f, 0xff, 0xff,
    0xff, 0xfd, 0x0, 0x0, 0x0, 0x0, 0x1, 0xbf,
    0xff, 0xff, 0xff, 0x0, 0x0, 0x0, 0x0, 0x0,
    0x6, 0xff, 0xff, 0xff, 0x0, 0x0, 0x0, 0x0,
    0x0, 0x0, 0xff, 0xff, 0xff, 0x0, 0x0, 0x0,
    0x0, 0x0, 0x0, 0xff, 0xff, 0xff,

    /* U+F259 "" */
    0x0, 0x0, 0x0, 0x0, 0x0, 0x0, 0x0, 0x0,
    0x0, 0x0, 0x0, 0x8e, 0x40, 0x0, 0x0, 0x0,
    0x0, 0x0, 0x0, 0xd, 0xfa, 0x0, 0x8, 0xf5,
    0x0, 0x0, 0x0, 0x99, 0xaf, 0xe0, 0x0, 0xff,
    0x90, 0x0, 0x0, 0x3f, 0xfb, 0xff, 0x20, 0x3f,
    0xf9, 0xea, 0x0, 0x1, 0xff, 0xbf, 0xf6, 0x7,
    0xff, 0xbf, 0xf0, 0x0, 0xd, 0xfb, 0xff, 0x90,
    0xbf, 0xdd, 0xfb, 0x0, 0x0, 0x9f, 0xfb, 0xfd,
    0xf, 0xfa, 0xff, 0x80, 0x0, 0x5, 0xff, 0xbf,
    0xf4, 0xff, 0xaf, 0xf4, 0x0, 0x0, 0x2f, 0xff,
    0xff, 0xff, 0xff, 0xff, 0x0, 0x36, 0x0, 0xff,
    0xff, 0xff, 0xff, 0xff, 0xd0, 0xe, 0xfb, 0xf,
    0xff, 0xff, 0xff, 0xff, 0xfc, 0x0, 0xaf, 0xfc,
    0xff, 0xff, 0xff, 0xff, 0xff, 0xb0, 0x0, 0xaf,
    0xff, 0xff, 0xff, 0xff, 0xff, 0xf8, 0x0, 0x0,
    0xaf, 0xff, 0xff, 0xff, 0xff, 0xff, 0x30, 0x0,
    0x0, 0x9f, 0xff, 0xff, 0xff, 0xff, 0xe0, 0x0,
    0x0, 0x0, 0x8f, 0xff, 0xff, 0xff, 0xf6, 0x0,
    0x0,

    /* U+F25A "" */
    0x0, 0x0, 0x9f, 0x40, 0x0, 0x0, 0x0, 0x0,
    0x0, 0xe, 0xf9, 0x0, 0x0, 0x0, 0x0, 0x0,
    0x0, 0xef, 0x90, 0x0, 0x0, 0x0, 0x0, 0x0,
    0xe, 0xf9, 0x0, 0x0, 0x0, 0x0, 0x0, 0x0,
    0xef, 0x90, 0x0, 0x0, 0x0, 0x0, 0x0, 0xe,
    0xf9, 0xcd, 0x16, 0x40, 0x0, 0x0, 0x0, 0xef,
    0xbf, 0xfa, 0xff, 0x3b, 0x40, 0x0, 0xe, 0xfe,
    0xff, 0xef, 0xfd, 0xfc, 0xc, 0xd2, 0xef, 0xff,
    0xff, 0xff, 0xff, 0xd1, 0xff, 0xce, 0xff, 0xff,
    0xff, 0xff, 0xfd, 0x8, 0xff, 0xff, 0xcf, 0xfc,
    0xff, 0xcf, 0xc0, 0xc, 0xff, 0xfc, 0xff, 0xcf,
    0xfc, 0xfa, 0x0, 0x2f, 0xff, 0xcf, 0xfc, 0xff,
    0xcf, 0x60, 0x0, 0x6f, 0xff, 0xff, 0xff, 0xff,
    0xf2, 0x0, 0x0, 0xaf, 0xff, 0xff, 0xff, 0xfe,
    0x0, 0x0, 0x0, 0xcf, 0xff, 0xff, 0xff, 0x70,

    /* U+F25B "" */
    0x0, 0x0, 0x0, 0x4e, 0xc0, 0x0, 0x0, 0x0,
    0x36, 0x0, 0xb, 0xff, 0x40, 0x0, 0x0, 0x1f,
    0xfa, 0x0, 0xbf, 0xf4, 0x0, 0x0, 0x1, 0xff,
    0xf1, 0xb, 0xff, 0x40, 0x0, 0x0, 0xc, 0xff,
    0x70, 0xbf, 0xf4, 0x0, 0x0, 0x0, 0x5f, 0xfd,
    0xb, 0xff, 0x42, 0x10, 0x0, 0x0, 0xef, 0xf4,
    0xbf, 0xf9, 0xfe, 0x3, 0x0, 0x9, 0xff, 0xab,
    0xff, 0xbf, 0xf9, 0xfc, 0x0, 0x2f, 0xff, 0xff,
    0xff, 0xff, 0xff, 0xe0, 0x1, 0xef, 0xff, 0xff,
    0xff, 0xff, 0xfe, 0x0, 0xdf, 0xff, 0xff, 0xff,
    0xff, 0xff, 0xe0, 0x2f, 0xff, 0xff, 0xff, 0xff,
    0xff, 0xfb, 0x0, 0xbf, 0xff, 0xff, 0xff, 0xff,
    0xff, 0x70, 0x2, 0xff, 0xff, 0xff, 0xff, 0xff,
    0xf3, 0x0, 0x8, 0xff, 0xff, 0xff, 0xff, 0xff,
    0x0, 0x0, 0xc, 0xff, 0xff, 0xff, 0xff, 0x80,

    /* U+F25C "" */
    0xff, 0xff, 0xff, 0xff, 0x71, 0xff, 0xc0, 0x0,
    0x9f, 0xf3, 0xf, 0xff, 0xff, 0xff, 0xf7, 0x2f,
    0xff, 0x20, 0xe, 0xff, 0x50, 0x11, 0x1f, 0xf8,
    0x11, 0x3, 0xff, 0xf7, 0x4, 0xff, 0xf6, 0x0,
    0x0, 0xff, 0x70, 0x0, 0x5f, 0xff, 0xd0, 0xaf,
    0xff, 0x80, 0x0, 0xf, 0xf7, 0x0, 0x6, 0xfe,
    0xdf, 0x2f, 0xfc, 0xf9, 0x0, 0x0, 0xff, 0x70,
    0x0, 0x7f, 0xe7, 0xfb, 0xfa, 0xbf, 0xa0, 0x0,
    0xf, 0xf7, 0x0, 0x9, 0xfd, 0x2f, 0xff, 0x5a,
    0xfb, 0x0, 0x0, 0xff, 0x70, 0x0, 0xaf, 0xc0,
    0xcf, 0xf0, 0x9f, 0xd0, 0x0, 0xf, 0xf7, 0x0,
    0xb, 0xfb, 0x2, 0x63, 0x8, 0xfe, 0x0, 0x0,
    0xef, 0x60, 0x0, 0xcf, 0x90, 0x0, 0x0, 0x6f,
    0xf0,

    /* U+F25D "" */
    0x0, 0x0, 0x18, 0xce, 0xec, 0x82, 0x0, 0x0,
    0x0, 0x6, 0xff, 0xff, 0xff, 0xff, 0x70, 0x0,
    0x0, 0x8f, 0xff, 0xff, 0xff, 0xff, 0xf9, 0x0,
    0x5, 0xff, 0xf8, 0x66, 0x8b, 0xff, 0xff, 0x60,
    0xe, 0xff, 0xe0, 0x0, 0x0, 0x6f, 0xff, 0xf1,
    0x4f, 0xff, 0xe0, 0x8, 0x60, 0xe, 0xff, 0xf6,
    0x8f, 0xff, 0xe0, 0xd, 0xd0, 0xd, 0xff, 0xfa,
    0xaf, 0xff, 0xe0, 0x2, 0x0, 0x1f, 0xff, 0xfc,
    0xaf, 0xff, 0xe0, 0x0, 0x0, 0xbf, 0xff, 0xfb,
    0x8f, 0xff, 0xe0, 0x7, 0x0, 0x9f, 0xff, 0xfa,
    0x4f, 0xff, 0xe0, 0xd, 0x70, 0x1f, 0xff, 0xf5,
    0xd, 0xff, 0xf0, 0xd, 0xf1, 0x9, 0xff, 0xe0,
    0x4, 0xff, 0xfa, 0x9f, 0xfc, 0x8e, 0xff, 0x50,
    0x0, 0x7f, 0xff, 0xff, 0xff, 0xff, 0xf8, 0x0,
    0x0, 0x5, 0xef, 0xff, 0xff, 0xff, 0x60, 0x0,
    0x0, 0x0, 0x6, 0xbc, 0xdb, 0x71, 0x0, 0x0,

    /* U+F25E "" */
    0x0, 0x0, 0x28, 0xbd, 0xca, 0x50, 0x0, 0x0,
    0x0, 0x8, 0xff, 0xa9, 0x9c, 0xfd, 0x30, 0x0,
    0x0, 0xcf, 0x70, 0x0, 0x0, 0x2c, 0xf5, 0x0,
    0x9, 0xf4, 0x0, 0x0, 0x0, 0x0, 0xbf, 0x20,
    0x2f, 0x70, 0x0, 0x0, 0x0, 0x0, 0xe, 0xb0,
    0x9e, 0x0, 0x2, 0x0, 0x1, 0x20, 0x6, 0xf1,
    0xd9, 0x2, 0xde, 0xf5, 0x8f, 0xec, 0x1, 0xf5,
    0xf7, 0x8, 0xd0, 0x21, 0xf5, 0x2, 0x0, 0xf7,
    0xf7, 0x8, 0xd0, 0x22, 0xf5, 0x3, 0x0, 0xf7,
    0xd9, 0x2, 0xee, 0xe4, 0x9f, 0xeb, 0x1, 0xf5,
    0x9e, 0x0, 0x2, 0x0, 0x1, 0x20, 0x6, 0xf1,
    0x2f, 0x70, 0x0, 0x0, 0x0, 0x0, 0xd, 0xb0,
    0x9, 0xf4, 0x0, 0x0, 0x0, 0x0, 0xbf, 0x20,
    0x0, 0xbf, 0x70, 0x0, 0x0, 0x3c, 0xf4, 0x0,
    0x0, 0x8, 0xff, 0xa9, 0x9d, 0xfd, 0x30, 0x0,
    0x0, 0x0, 0x28, 0xbd, 0xca, 0x50, 0x0, 0x0,

    /* U+F260 "" */
    0x0, 0x0, 0x5, 0x0, 0x0, 0x50, 0x0, 0x0,
    0x0, 0x0, 0x7f, 0xa0, 0xa, 0xf8, 0x0, 0x0,
    0x0, 0x7, 0xe4, 0x40, 0xad, 0x4e, 0x80, 0x0,
    0x0, 0x7e, 0x20, 0x8, 0xf1, 0x2, 0xe8, 0x0,
    0x7, 0xe2, 0x0, 0x1, 0xda, 0x0, 0x2e, 0x80,
    0x7e, 0x20, 0x8, 0x10, 0x1d, 0xa0, 0x2, 0xe8,
    0x8e, 0x20, 0xa, 0xd1, 0x1, 0x80, 0x2, 0xe7,
    0x8, 0xe2, 0x0, 0xad, 0x10, 0x0, 0x2e, 0x70,
    0x0, 0x8e, 0x20, 0x1f, 0x80, 0x2, 0xe7, 0x0,
    0x0, 0x8, 0xe4, 0xda, 0x4, 0x4e, 0x70, 0x0,
    0x0, 0x0, 0x8f, 0xa0, 0xa, 0xf7, 0x0, 0x0,
    0x0, 0x0, 0x5, 0x0, 0x0, 0x50, 0x0, 0x0,

    /* U+F261 "" */
    0x0, 0x0, 0x3, 0x79, 0x97, 0x30, 0x0, 0x0,
    0x0, 0x3, 0xcf, 0xff, 0xff, 0xfc, 0x30, 0x0,
    0x0, 0x5f, 0xff, 0xff, 0xff, 0xff, 0xf5, 0x0,
    0x3, 0xff, 0xff, 0xff, 0xff, 0xff, 0xff, 0x40,
    0xc, 0xff, 0xff, 0x7f, 0xf6, 0xef, 0xff, 0xd0,
    0x4f, 0xff, 0xf3, 0x1a, 0x41, 0x2e, 0xff, 0xf5,
    0x8f, 0xff, 0x35, 0xf7, 0x1e, 0x62, 0xef, 0xf9,
    0xaf, 0xf3, 0x5f, 0x8f, 0x44, 0xf6, 0x2e, 0xfb,
    0xaf, 0xd1, 0x8e, 0x26, 0xf5, 0xd9, 0x1d, 0xfb,
    0x9f, 0xfd, 0x19, 0xe1, 0x7f, 0x81, 0xdf, 0xfa,
    0x5f, 0xff, 0xd1, 0x41, 0xa4, 0x1d, 0xff, 0xf6,
    0xe, 0xff, 0xfd, 0x2d, 0xe3, 0xdf, 0xff, 0xe1,
    0x5, 0xff, 0xff, 0xff, 0xff, 0xff, 0xff, 0x60,
    0x0, 0x8f, 0xff, 0xff, 0xff, 0xff, 0xf8, 0x0,
    0x0, 0x6, 0xef, 0xff, 0xff, 0xff, 0x60, 0x0,
    0x0, 0x0, 0x16, 0xbd, 0xdb, 0x71, 0x0, 0x0,

    /* U+F262 "" */
    0x0, 0x0, 0x0, 0x1, 0x46, 0x64, 0x10, 0x0,
    0x0, 0x0, 0x0, 0x0, 0x18, 0xca, 0x76, 0x67,
    0xab, 0x71, 0x0, 0x0, 0x9, 0xbb, 0xff, 0xa4,
    0x0, 0x0, 0x4a, 0xff, 0xbb, 0x90, 0x5, 0xfc,
    0x42, 0x4c, 0x80, 0x9, 0xd6, 0x36, 0xdf, 0x50,
    0x6, 0xb0, 0x6a, 0x50, 0xb5, 0x6c, 0x6, 0xa6,
    0xc, 0x70, 0xd, 0x27, 0x93, 0xa5, 0x2d, 0xc2,
    0x69, 0x39, 0x63, 0xd0, 0xe, 0xb, 0x4f, 0x3a,
    0xe, 0xe0, 0xb3, 0xf3, 0xb0, 0xf0, 0xe, 0x9,
    0x55, 0x67, 0xf, 0xf0, 0x85, 0x55, 0x90, 0xf0,
    0xa, 0x51, 0xbc, 0xa0, 0x5f, 0xf5, 0x1a, 0xcb,
    0x6, 0xb0, 0x2, 0xe3, 0x0, 0x3, 0xef, 0xed,
    0x40, 0x0, 0x4e, 0x30, 0x0, 0x2c, 0xc9, 0xbd,
    0x36, 0x53, 0xdb, 0x9b, 0xd3, 0x0, 0x0, 0x0,
    0x24, 0x20, 0x0, 0x0, 0x3, 0x53, 0x0, 0x0,

    /* U+F263 "" */
    0x0, 0x2b, 0xfe, 0xa2, 0x0, 0x2, 0xff, 0xff,
    0xff, 0x20, 0xb, 0xfc, 0x22, 0xcf, 0xb0, 0xf,
    0xf1, 0x0, 0x2f, 0xf0, 0xf, 0xf1, 0x0, 0x1f,
    0xf0, 0xc, 0xfb, 0x11, 0xbf, 0xc0, 0x3, 0xff,
    0xff, 0xff, 0x30, 0x0, 0x3c, 0xff, 0xc3, 0x0,
    0x8d, 0x50, 0x0, 0x4, 0xd8, 0x9f, 0xfe, 0xcc,
    0xef, 0xf9, 0x7, 0xef, 0xff, 0xfe, 0x70, 0x0,
    0x4, 0xff, 0x40, 0x0, 0x0, 0x1d, 0xff, 0xd1,
    0x0, 0x1, 0xdf, 0xcc, 0xfd, 0x10, 0xd, 0xfc,
    0x0, 0xcf, 0xd0, 0xc, 0xc0, 0x0, 0xb, 0xc0,
    0x0, 0x0, 0x0, 0x0, 0x0,

    /* U+F264 "" */
    0x8f, 0xff, 0xff, 0xff, 0xff, 0xff, 0xf8, 0xff,
    0xff, 0xff, 0xff, 0xff, 0xff, 0xff, 0xff, 0xff,
    0xf8, 0x11, 0x8f, 0xff, 0xff, 0xff, 0xff, 0xb0,
    0x77, 0xb, 0xff, 0xff, 0xff, 0xff, 0x82, 0xff,
    0x38, 0xff, 0xff, 0xff, 0xff, 0xb0, 0xab, 0xb,
    0xff, 0xff, 0xff, 0xff, 0xf7, 0x0, 0x7f, 0xff,
    0xff, 0xff, 0xff, 0x37, 0xbb, 0x72, 0xff, 0xff,
    0xff, 0xff, 0xa2, 0x0, 0x2a, 0xff, 0xff, 0xff,
    0xff, 0xfe, 0x22, 0xef, 0xff, 0xff, 0xff, 0xff,
    0xe2, 0x33, 0x2e, 0xff, 0xff, 0xff, 0xff, 0x93,
    0xef, 0x39, 0xff, 0xff, 0xff, 0xff, 0xff, 0xff,
    0xff, 0xff, 0xff, 0x8f, 0xff, 0xff, 0xff, 0xff,
    0xff, 0xf8,

    /* U+F265 "" */
    0x9f, 0xff, 0xff, 0xff, 0xff, 0xff, 0xfa, 0xff,
    0xff, 0xff, 0xff, 0xff, 0xff, 0xff, 0xff, 0xff,
    0xff, 0xff, 0xff, 0xff, 0xff, 0xff, 0xfb, 0xef,
    0xff, 0xfe, 0xbf, 0xff, 0xff, 0xd0, 0x1d, 0xff,
    0xe2, 0xd, 0xff, 0xff, 0xf4, 0x1, 0xdd, 0x20,
    0x4f, 0xff, 0xef, 0xff, 0x40, 0x11, 0x4, 0xff,
    0xfe, 0xbf, 0xff, 0xf4, 0x0, 0x4f, 0xff, 0xfb,
    0x6f, 0xff, 0xff, 0x55, 0xff, 0xff, 0xf6, 0xd,
    0xff, 0xff, 0xff, 0xff, 0xff, 0xd0, 0x2, 0xef,
    0xff, 0xff, 0xff, 0xfe, 0x20, 0x0, 0x1b, 0xff,
    0xff, 0xff, 0xb1, 0x0, 0x0, 0x0, 0x38, 0xaa,
    0x83, 0x0, 0x0,

    /* U+F266 "" */
    0x77, 0x77, 0x60, 0x77, 0x77, 0x25, 0x77, 0x61,
    0x66, 0x65, 0x2d, 0xfd, 0x10, 0x7, 0xf8, 0x0,
    0xab, 0x10, 0x2d, 0xb1, 0x1, 0xfd, 0x0, 0x0,
    0xdc, 0x0, 0xc1, 0x0, 0xd, 0x10, 0x0, 0x8f,
    0x50, 0x0, 0x7f, 0x34, 0x80, 0x0, 0x59, 0x0,
    0x0, 0x1f, 0xc0, 0x0, 0xf, 0xac, 0x10, 0x0,
    0xb2, 0x0, 0x0, 0xa, 0xf2, 0x0, 0x9, 0xf9,
    0x0, 0x2, 0xc0, 0x0, 0x0, 0x3, 0xf9, 0x0,
    0x3, 0xfb, 0x0, 0x9, 0x50, 0x0, 0x0, 0x0,
    0xcf, 0x10, 0x8, 0xdf, 0x20, 0x1d, 0x0, 0x0,
    0x0, 0x0, 0x5f, 0x70, 0x1c, 0x3f, 0x90, 0x77,
    0x0, 0x0, 0x0, 0x0, 0xe, 0xe0, 0x94, 0xc,
    0xf1, 0xd1, 0x0, 0x0, 0x0, 0x0, 0x7, 0xf7,
    0xb0, 0x5, 0xfc, 0x90, 0x0, 0x0, 0x0, 0x0,
    0x1, 0xff, 0x40, 0x0, 0xef, 0x20, 0x0, 0x0,
    0x0, 0x0, 0x0, 0x9b, 0x0, 0x0, 0x8b, 0x0,
    0x0, 0x0, 0x0, 0x0, 0x0, 0x12, 0x0, 0x0,
    0x12, 0x0, 0x0, 0x0,

    /* U+F267 "" */
    0x0, 0x0, 0x6, 0xac, 0xca, 0x60, 0x0, 0x0,
    0x0, 0x5, 0xd7, 0x20, 0x2, 0x7d, 0x50, 0x0,
    0x0, 0x7b, 0x28, 0xae, 0xeb, 0x61, 0xb7, 0x0,
    0x5, 0xb4, 0xef, 0xff, 0xff, 0xfb, 0x2b, 0x50,
    0xd, 0x2f, 0xff, 0xff, 0xff, 0xaf, 0xd1, 0xd0,
    0x58, 0xbf, 0xff, 0xff, 0xf7, 0xaf, 0xf6, 0x85,
    0x95, 0xff, 0xff, 0xff, 0x74, 0xff, 0xfa, 0x49,
    0xb6, 0xff, 0xff, 0xf8, 0xd, 0xff, 0xfe, 0x2b,
    0xb7, 0xff, 0xff, 0xa7, 0xaf, 0xff, 0xff, 0x2b,
    0x96, 0xef, 0xff, 0x16, 0xff, 0xff, 0xfd, 0x49,
    0x58, 0xef, 0xf7, 0x7f, 0xff, 0xff, 0xf9, 0x85,
    0xd, 0x7f, 0xd9, 0xff, 0xff, 0xff, 0xe3, 0xd0,
    0x5, 0xb9, 0xdf, 0xff, 0xff, 0xff, 0x5b, 0x50,
    0x0, 0x7b, 0x5e, 0xff, 0xfe, 0xc4, 0xb7, 0x0,
    0x0, 0x5, 0xd7, 0x66, 0x64, 0x7d, 0x50, 0x0,
    0x0, 0x0, 0x6, 0xac, 0xca, 0x60, 0x0, 0x0,

    /* U+F268 "" */
    0x0, 0x0, 0x39, 0xde, 0xeb, 0x60, 0x0, 0x0,
    0x0, 0x1a, 0xff, 0xff, 0xff, 0xfe, 0x30, 0x0,
    0x0, 0xcf, 0xff, 0xff, 0xff, 0xff, 0xf5, 0x0,
    0x2, 0xdf, 0xff, 0xff, 0xff, 0xff, 0xff, 0x20,
    0x3b, 0x4f, 0xfc, 0x40, 0x0, 0x12, 0x23, 0x20,
    0x9f, 0x39, 0xc0, 0x15, 0x30, 0x16, 0x67, 0x80,
    0xdf, 0xa0, 0x22, 0xef, 0xfa, 0xd, 0xff, 0xf4,
    0xff, 0xf2, 0xb, 0xff, 0xff, 0x39, 0xff, 0xf7,
    0xff, 0xfa, 0xd, 0xff, 0xff, 0x48, 0xff, 0xf7,
    0xdf, 0xff, 0x27, 0xff, 0xfe, 0x1b, 0xff, 0xf5,
    0x9f, 0xff, 0xc0, 0x7c, 0xb2, 0x2f, 0xff, 0xf2,
    0x2f, 0xff, 0xfc, 0x40, 0x0, 0xcf, 0xff, 0xb0,
    0x9, 0xff, 0xff, 0xff, 0x47, 0xff, 0xff, 0x30,
    0x0, 0xcf, 0xff, 0xfc, 0x2f, 0xff, 0xf6, 0x0,
    0x0, 0xa, 0xff, 0xf4, 0xbf, 0xfe, 0x50, 0x0,
    0x0, 0x0, 0x39, 0xa5, 0xec, 0x70, 0x0, 0x0,
    0x0, 0x0, 0x0, 0x0, 0x0, 0x0, 0x0, 0x0,

    /* U+F269 "" */
    0x0, 0x0, 0x0, 0x0, 0x2, 0x10, 0x0, 0x0,
    0x0, 0x0, 0x0, 0x0, 0xac, 0x0, 0x0, 0x2,
    0x50, 0x0, 0x0, 0xf, 0xfd, 0x50, 0x0, 0x8e,
    0x98, 0xd3, 0x1, 0xff, 0xfe, 0x10, 0xc, 0xff,
    0xfc, 0x0, 0xd, 0xff, 0xfb, 0x5, 0xff, 0xff,
    0xff, 0x50, 0x4f, 0xff, 0xf4, 0xaf, 0xff, 0xfe,
    0x40, 0x0, 0x5f, 0xff, 0x9d, 0xff, 0xfe, 0x50,
    0x0, 0x0, 0xaf, 0xfe, 0xdf, 0xff, 0xd0, 0x0,
    0x0, 0xd, 0xff, 0xeb, 0xff, 0xff, 0xda, 0xd7,
    0x0, 0xff, 0xfc, 0x7f, 0xff, 0xfd, 0xb6, 0x0,
    0x8f, 0xff, 0x51, 0xff, 0xff, 0xe5, 0x12, 0x9f,
    0xff, 0xf0, 0x7, 0xff, 0xff, 0xff, 0xff, 0xff,
    0xfb, 0x0, 0x9, 0xff, 0xff, 0xff, 0xff, 0xfb,
    0x10, 0x0, 0x6, 0xef, 0xff, 0xff, 0xf6, 0x0,
    0x0, 0x0, 0x0, 0x6a, 0xbb, 0x83, 0x0, 0x0,

    /* U+F26A "" */
    0x0, 0x0, 0x4a, 0xef, 0xec, 0x71, 0x0, 0x0,
    0x0, 0x1b, 0xff, 0xf8, 0x33, 0x8b, 0x40, 0x0,
    0x1, 0xdf, 0xfe, 0x20, 0x8, 0xff, 0xf7, 0x0,
    0xb, 0xff, 0xf2, 0x0, 0x0, 0x7f, 0xff, 0x40,
    0x4f, 0xff, 0x80, 0x0, 0x0, 0xd, 0xff, 0xd0,
    0xaf, 0xff, 0x10, 0x0, 0x0, 0x6, 0xff, 0xf2,
    0xef, 0xfd, 0x0, 0x0, 0x0, 0x3, 0xff, 0xf6,
    0xff, 0xfc, 0x0, 0x0, 0x0, 0x2, 0xff, 0xf7,
    0xef, 0xfd, 0x0, 0x0, 0x0, 0x3, 0xff, 0xf6,
    0xcf, 0xff, 0x0, 0x0, 0x0, 0x5, 0xff, 0xf4,
    0x6f, 0xff, 0x50, 0x0, 0x0, 0xb, 0xff, 0xe0,
    0xe, 0xff, 0xe0, 0x0, 0x0, 0x4f, 0xff, 0x60,
    0x3, 0xff, 0xfb, 0x0, 0x5, 0xef, 0xfa, 0x0,
    0x0, 0x4e, 0xff, 0xd4, 0x6, 0xbc, 0x80, 0x0,
    0x0, 0x1, 0x9e, 0xff, 0xec, 0x94, 0x0, 0x0,
    0x0, 0x0, 0x0, 0x24, 0x31, 0x0, 0x0, 0x0,

    /* U+F26B "" */
    0x0, 0x0, 0x0, 0x0, 0x0, 0x0, 0x0, 0x0,
    0x0, 0x0, 0x0, 0x0, 0x0, 0x17, 0xcf, 0xeb,
    0x10, 0x0, 0x0, 0x2, 0x8d, 0xff, 0xfd, 0x20,
    0x28, 0x0, 0x0, 0x6, 0xff, 0xff, 0xff, 0xfd,
    0x20, 0x60, 0x0, 0x8, 0xff, 0xff, 0xff, 0xff,
    0xfe, 0x24, 0x0, 0x4, 0xe9, 0xff, 0xc8, 0x8d,
    0xff, 0xfc, 0x30, 0x0, 0xa5, 0xef, 0x70, 0x0,
    0xa, 0xff, 0xf6, 0x0, 0x2, 0xdf, 0xd0, 0x0,
    0x0, 0xf, 0xff, 0xc0, 0x0, 0x9f, 0xfe, 0xcc,
    0xcc, 0xcc, 0xff, 0xff, 0x0, 0x3f, 0xff, 0xff,
    0xff, 0xff, 0xff, 0xff, 0xf0, 0xc, 0xff, 0xfc,
    0x33, 0x33, 0x33, 0x33, 0x32, 0x4, 0xff, 0xff,
    0xe1, 0x0, 0x0, 0x15, 0x55, 0x20, 0x9a, 0x9f,
    0xff, 0xc1, 0x0, 0x2d, 0xff, 0xf3, 0xd, 0x51,
    0xef, 0xff, 0xfc, 0xdf, 0xff, 0xf9, 0x0, 0xf2,
    0x3, 0xef, 0xff, 0xff, 0xff, 0xf9, 0x0, 0xd,
    0x60, 0x3, 0xdf, 0xff, 0xff, 0xb4, 0x0, 0x0,
    0x5d, 0x86, 0x50, 0x2, 0x32, 0x0, 0x0, 0x0,
    0x0, 0x0, 0x0, 0x0, 0x0, 0x0, 0x0, 0x0,
    0x0,

    /* U+F26C "" */
    0x8f, 0xff, 0xff, 0xff, 0xff, 0xff, 0xff, 0xff,
    0xff, 0xf8, 0xff, 0xff, 0xff, 0xff, 0xff, 0xff,
    0xff, 0xff, 0xff, 0xff, 0xff, 0x0, 0x0, 0x0,
    0x0, 0x0, 0x0, 0x0, 0x0, 0xff, 0xff, 0x0,
    0x0, 0x0, 0x0, 0x0, 0x0, 0x0, 0x0, 0xff,
    0xff, 0x0, 0x0, 0x0, 0x0, 0x0, 0x0, 0x0,
    0x0, 0xff, 0xff, 0x0, 0x0, 0x0, 0x0, 0x0,
    0x0, 0x0, 0x0, 0xff, 0xff, 0x0, 0x0, 0x0,
    0x0, 0x0, 0x0, 0x0, 0x0, 0xff, 0xff, 0x0,
    0x0, 0x0, 0x0, 0x0, 0x0, 0x0, 0x0, 0xff,
    0xff, 0x0, 0x0, 0x0, 0x0, 0x0, 0x0, 0x0,
    0x0, 0xff, 0xff, 0x0, 0x0, 0x0, 0x0, 0x0,
    0x0, 0x0, 0x0, 0xff, 0xff, 0x0, 0x0, 0x0,
    0x0, 0x0, 0x0, 0x0, 0x0, 0xff, 0xff, 0xff,
    0xff, 0xff, 0xff, 0xff, 0xff, 0xff, 0xff, 0xff,
    0x8f, 0xff, 0xff, 0xff, 0xff, 0xff, 0xff, 0xff,
    0xff, 0xf8, 0x0, 0x0, 0x0, 0x0, 0xd, 0xf2,
    0x0, 0x0, 0x0, 0x0, 0x0, 0x9, 0xff, 0xff,
    0xff, 0xff, 0xff, 0xff, 0xd0, 0x0, 0x0, 0x9,
    0xff, 0xff, 0xff, 0xff, 0xff, 0xff, 0xd0, 0x0,

    /* U+F26D "" */
    0xbf, 0x70, 0x0, 0x0, 0x0, 0x0, 0x7f, 0xfb,
    0xfb, 0x0, 0x0, 0x0, 0x0, 0x0, 0xc, 0xff,
    0xf3, 0x0, 0x1, 0xad, 0x80, 0x0, 0x19, 0xff,
    0xe0, 0x0, 0xa, 0xff, 0xfa, 0xae, 0xff, 0xff,
    0xd0, 0x0, 0xd, 0xff, 0xff, 0xff, 0xff, 0xff,
    0xe0, 0x0, 0xb, 0xff, 0xff, 0xff, 0xff, 0xff,
    0xf0, 0x0, 0x9, 0xff, 0xff, 0xff, 0xff, 0xff,
    0xf3, 0x0, 0x5, 0xff, 0xff, 0xff, 0xff, 0xff,
    0xf6, 0x0, 0x2, 0xff, 0xff, 0xff, 0xff, 0xff,
    0xfa, 0x0, 0x0, 0xef, 0xff, 0xfa, 0x73, 0xe,
    0xfd, 0x0, 0x0, 0x9f, 0xff, 0xa0, 0x0, 0xf,
    0xff, 0x20, 0x0, 0x1d, 0xfe, 0x20, 0x0, 0x3f,
    0xff, 0x90, 0x0, 0x0, 0x10, 0x0, 0x0, 0xaf,
    0xbf, 0xf3, 0x0, 0x0, 0x0, 0x0, 0x4, 0xfb,

    /* U+F26E "" */
    0x0, 0xc, 0xee, 0xee, 0xee, 0xe2, 0x0, 0x0,
    0xe, 0x0, 0x24, 0x31, 0x0, 0x0, 0x0, 0xe,
    0xb, 0xca, 0xad, 0xb3, 0x0, 0x0, 0xe, 0x0,
    0x2, 0x20, 0x4c, 0x50, 0x0, 0xe, 0x1a, 0xa7,
    0x8c, 0x60, 0x10, 0x0, 0xe, 0xc3, 0x1, 0x0,
    0x88, 0x0, 0x0, 0x7, 0x22, 0xce, 0xe9, 0xb,
    0x30, 0x0, 0x0, 0xd, 0x50, 0x1b, 0x74, 0xa0,
    0x0, 0x0, 0x3c, 0x2c, 0x92, 0xc1, 0xc0, 0x4,
    0x0, 0x4b, 0x2b, 0x93, 0xc2, 0xc0, 0xe, 0x1c,
    0x5b, 0x1, 0x3c, 0x67, 0x80, 0x9, 0x77, 0xdb,
    0x3e, 0xd6, 0x2e, 0x20, 0x2, 0xe2, 0xad, 0x30,
    0x16, 0xe5, 0x0, 0x0, 0x5d, 0x25, 0xbe, 0xd9,
    0x25, 0xb0, 0x0, 0x4, 0xd9, 0x42, 0x25, 0xbc,
    0x10, 0x0, 0x0, 0x6, 0xac, 0xb9, 0x40, 0x0,
    0x0, 0x0, 0x0, 0x0, 0x0, 0x0, 0x0,

    /* U+F270 "" */
    0x0, 0x0, 0x3b, 0xef, 0xd5, 0x0, 0x0, 0x0,
    0x5, 0xff, 0xff, 0xff, 0x40, 0x0, 0x0, 0xe,
    0xfc, 0x11, 0xff, 0xa0, 0x0, 0x0, 0x4, 0x62,
    0x0, 0xff, 0xa0, 0x0, 0x0, 0x0, 0x17, 0xbd,
    0xff, 0xa0, 0x0, 0x0, 0x4, 0xff, 0xd9, 0xff,
    0xa0, 0x0, 0x0, 0xe, 0xfb, 0x0, 0xff, 0xa0,
    0x0, 0x0, 0x3f, 0xf7, 0x1, 0xff, 0xc0, 0x0,
    0x0, 0x2f, 0xfe, 0x7b, 0xff, 0xf5, 0x0, 0x0,
    0xa, 0xff, 0xfe, 0x6f, 0xd1, 0x0, 0x30, 0x0,
    0x58, 0x71, 0x3, 0x14, 0x86, 0x2a, 0x40, 0x0,
    0x0, 0x0, 0x3, 0x29, 0x1, 0xad, 0x85, 0x33,
    0x58, 0xd9, 0x33, 0x0, 0x2, 0x8d, 0xff, 0xd8,
    0x20, 0x0,

    /* U+F271 "" */
    0x0, 0xf, 0xf0, 0x0, 0xf, 0xf0, 0x0, 0x0,
    0xf, 0xf0, 0x0, 0xf, 0xf0, 0x0, 0x8f, 0xff,
    0xff, 0xff, 0xff, 0xff, 0xf8, 0xff, 0xff, 0xff,
    0xff, 0xff, 0xff, 0xff, 0xff, 0xff, 0xff, 0xff,
    0xff, 0xff, 0xff, 0x0, 0x0, 0x0, 0x0, 0x0,
    0x0, 0x0, 0xff, 0xff, 0xff, 0xff, 0xff, 0xff,
    0xff, 0xff, 0xff, 0xff, 0xcc, 0xff, 0xff, 0xff,
    0xff, 0xff, 0xff, 0x0, 0xff, 0xff, 0xff, 0xff,
    0xff, 0xff, 0x0, 0xff, 0xff, 0xff, 0xff, 0xfc,
    0x0, 0x0, 0x0, 0xcf, 0xff, 0xff, 0xfc, 0x0,
    0x0, 0x0, 0xcf, 0xff, 0xff, 0xff, 0xff, 0x0,
    0xff, 0xff, 0xff, 0xff, 0xff, 0xff, 0x0, 0xff,
    0xff, 0xff, 0xff, 0xff, 0xff, 0xcc, 0xff, 0xff,
    0xff, 0x8f, 0xff, 0xff, 0xff, 0xff, 0xff, 0xf8,

    /* U+F272 "" */
    0x0, 0xf, 0xf0, 0x0, 0xf, 0xf0, 0x0, 0x0,
    0xf, 0xf0, 0x0, 0xf, 0xf0, 0x0, 0x8f, 0xff,
    0xff, 0xff, 0xff, 0xff, 0xf8, 0xff, 0xff, 0xff,
    0xff, 0xff, 0xff, 0xff, 0xff, 0xff, 0xff, 0xff,
    0xff, 0xff, 0xff, 0x0, 0x0, 0x0, 0x0, 0x0,
    0x0, 0x0, 0xff, 0xff, 0xff, 0xff, 0xff, 0xff,
    0xff, 0xff, 0xff, 0xff, 0xff, 0xff, 0xff, 0xff,
    0xff, 0xff, 0xff, 0xff, 0xff, 0xff, 0xff, 0xff,
    0xff, 0xff, 0xff, 0xff, 0xff, 0xff, 0xff, 0xfc,
    0x0, 0x0, 0x0, 0xcf, 0xff, 0xff, 0xfc, 0x0,
    0x0, 0x0, 0xcf, 0xff, 0xff, 0xff, 0xff, 0xff,
    0xff, 0xff, 0xff, 0xff, 0xff, 0xff, 0xff, 0xff,
    0xff, 0xff, 0xff, 0xff, 0xff, 0xff, 0xff, 0xff,
    0xff, 0x8f, 0xff, 0xff, 0xff, 0xff, 0xff, 0xf8,

    /* U+F273 "" */
    0x0, 0xf, 0xf0, 0x0, 0xf, 0xf0, 0x0, 0x0,
    0xf, 0xf0, 0x0, 0xf, 0xf0, 0x0, 0x8f, 0xff,
    0xff, 0xff, 0xff, 0xff, 0xf8, 0xff, 0xff, 0xff,
    0xff, 0xff, 0xff, 0xff, 0xff, 0xff, 0xff, 0xff,
    0xff, 0xff, 0xff, 0x0, 0x0, 0x0, 0x0, 0x0,
    0x0, 0x0, 0xff, 0xff, 0xff, 0xff, 0xff, 0xff,
    0xff, 0xff, 0xff, 0xff, 0xff, 0xff, 0xff, 0xff,
    0xff, 0xff, 0x82, 0xee, 0x28, 0xff, 0xff, 0xff,
    0xff, 0x20, 0x22, 0x2, 0xff, 0xff, 0xff, 0xff,
    0xe2, 0x0, 0x2e, 0xff, 0xff, 0xff, 0xff, 0xe2,
    0x0, 0x2e, 0xff, 0xff, 0xff, 0xff, 0x20, 0x22,
    0x2, 0xff, 0xff, 0xff, 0xff, 0x82, 0xee, 0x28,
    0xff, 0xff, 0xff, 0xff, 0xff, 0xff, 0xff, 0xff,
    0xff, 0x8f, 0xff, 0xff, 0xff, 0xff, 0xff, 0xf8,

    /* U+F274 "" */
    0x0, 0xf, 0xf0, 0x0, 0xf, 0xf0, 0x0, 0x0,
    0xf, 0xf0, 0x0, 0xf, 0xf0, 0x0, 0x8f, 0xff,
    0xff, 0xff, 0xff, 0xff, 0xf8, 0xff, 0xff, 0xff,
    0xff, 0xff, 0xff, 0xff, 0xff, 0xff, 0xff, 0xff,
    0xff, 0xff, 0xff, 0x0, 0x0, 0x0, 0x0, 0x0,
    0x0, 0x0, 0xff, 0xff, 0xff, 0xff, 0xff, 0xff,
    0xff, 0xff, 0xff, 0xff, 0xff, 0xff, 0xff, 0xff,
    0xff, 0xff, 0xff, 0xff, 0xd2, 0xbf, 0xff, 0xff,
    0xff, 0xef, 0xfd, 0x10, 0x4f, 0xff, 0xff, 0xf8,
    0xc, 0xd1, 0x3, 0xff, 0xff, 0xff, 0xf6, 0x0,
    0x10, 0x3f, 0xff, 0xff, 0xff, 0xff, 0x50, 0x4,
    0xff, 0xff, 0xff, 0xff, 0xff, 0xf5, 0x4f, 0xff,
    0xff, 0xff, 0xff, 0xff, 0xff, 0xff, 0xff, 0xff,
    0xff, 0x8f, 0xff, 0xff, 0xff, 0xff, 0xff, 0xf8,

    /* U+F275 "" */
    0xdf, 0xff, 0xd0, 0x0, 0x0, 0x0, 0x0, 0x0,
    0xff, 0xff, 0xf0, 0x0, 0x0, 0x0, 0x0, 0x0,
    0xff, 0xff, 0xf0, 0x0, 0x0, 0x0, 0x0, 0x0,
    0xff, 0xff, 0xf0, 0x0, 0x0, 0x0, 0x0, 0x0,
    0xff, 0xff, 0xf0, 0x0, 0x5e, 0x50, 0x1, 0xad,
    0xff, 0xff, 0xf0, 0x1b, 0xff, 0x80, 0x6e, 0xff,
    0xff, 0xff, 0xf7, 0xff, 0xff, 0xac, 0xff, 0xff,
    0xff, 0xff, 0xff, 0xff, 0xff, 0xff, 0xff, 0xff,
    0xff, 0xff, 0xff, 0xff, 0xff, 0xff, 0xff, 0xff,
    0xff, 0xff, 0xff, 0xff, 0xff, 0xff, 0xff, 0xff,
    0xff, 0xff, 0xff, 0xff, 0xff, 0xff, 0xff, 0xff,
    0xff, 0xff, 0xff, 0xff, 0xff, 0xff, 0xff, 0xff,
    0xff, 0xff, 0xff, 0xff, 0xff, 0xff, 0xff, 0xff,
    0xdf, 0xff, 0xff, 0xff, 0xff, 0xff, 0xff, 0xfd,

    /* U+F276 "" */
    0x0, 0x8e, 0xfd, 0x60, 0x0, 0xcf, 0xcc, 0xff,
    0xa0, 0x8f, 0x76, 0xcf, 0xff, 0x5e, 0xd8, 0xff,
    0xff, 0xfa, 0xfb, 0xdf, 0xff, 0xff, 0xce, 0xff,
    0xff, 0xff, 0xfa, 0x8f, 0xff, 0xff, 0xff, 0x50,
    0xcf, 0xff, 0xff, 0xa0, 0x0, 0x8e, 0xfd, 0x60,
    0x0, 0x0, 0x0, 0x0, 0x0, 0x0, 0xb, 0xf4,
    0x0, 0x0, 0x0, 0xbf, 0x40, 0x0, 0x0, 0xb,
    0xf4, 0x0, 0x0, 0x0, 0xbf, 0x40, 0x0, 0x0,
    0xb, 0xf4, 0x0, 0x0, 0x0, 0x4c, 0x0, 0x0,

    /* U+F277 "" */
    0x0, 0x0, 0x0, 0x0, 0xee, 0x0, 0x0, 0x0,
    0x0, 0x0, 0xdf, 0xff, 0xff, 0xff, 0xff, 0xff,
    0xfa, 0x0, 0x0, 0xff, 0xff, 0xff, 0xff, 0xff,
    0xff, 0xff, 0xa0, 0x0, 0xff, 0xff, 0xff, 0xff,
    0xff, 0xff, 0xff, 0xa0, 0x0, 0xdf, 0xff, 0xff,
    0xff, 0xff, 0xff, 0xfa, 0x0, 0x0, 0x0, 0x0,
    0x0, 0x0, 0x0, 0x0, 0x0, 0x0, 0x0, 0x0,
    0x0, 0x0, 0xff, 0x0, 0x0, 0x0, 0x0, 0x0,
    0xaf, 0xff, 0xff, 0xff, 0xff, 0xff, 0xfd, 0x0,
    0xa, 0xff, 0xff, 0xff, 0xff, 0xff, 0xff, 0xff,
    0x0, 0xa, 0xff, 0xff, 0xff, 0xff, 0xff, 0xff,
    0xff, 0x0, 0x0, 0xaf, 0xff, 0xff, 0xff, 0xff,
    0xff, 0xfd, 0x0, 0x0, 0x0, 0x0, 0x0, 0x0,
    0x0, 0x0, 0x0, 0x0, 0x0, 0x0, 0x0, 0x0,
    0xff, 0x0, 0x0, 0x0, 0x0, 0x0, 0x0, 0x0,
    0x0, 0xff, 0x0, 0x0, 0x0, 0x0, 0x0, 0x0,
    0x0, 0x0, 0xff, 0x0, 0x0, 0x0, 0x0, 0x0,
    0x0, 0x0, 0x0, 0xee, 0x0, 0x0, 0x0, 0x0,

    /* U+F279 "" */
    0x0, 0x0, 0x0, 0x0, 0x0, 0x0, 0x0, 0x0,
    0x0, 0x0, 0x6, 0xc0, 0xd7, 0x20, 0x0, 0x0,
    0x2, 0x9e, 0x29, 0xff, 0xf0, 0xff, 0xfd, 0x72,
    0x3, 0xaf, 0xff, 0xef, 0xff, 0xf0, 0xff, 0xff,
    0xff, 0xf, 0xff, 0xff, 0xff, 0xff, 0xf0, 0xff,
    0xff, 0xff, 0xf, 0xff, 0xff, 0xff, 0xff, 0xf0,
    0xff, 0xff, 0xff, 0xf, 0xff, 0xff, 0xff, 0xff,
    0xf0, 0xff, 0xff, 0xff, 0xf, 0xff, 0xff, 0xff,
    0xff, 0xf0, 0xff, 0xff, 0xff, 0xf, 0xff, 0xff,
    0xff, 0xff, 0xf0, 0xff, 0xff, 0xff, 0xf, 0xff,
    0xff, 0xff, 0xff, 0xf0, 0xff, 0xff, 0xff, 0xf,
    0xff, 0xff, 0xff, 0xff, 0xf0, 0xff, 0xff, 0xff,
    0xf, 0xff, 0xff, 0xff, 0xff, 0xf0, 0xff, 0xff,
    0xff, 0xf, 0xff, 0xff, 0xff, 0xff, 0xf0, 0xff,
    0xff, 0xff, 0xf, 0xff, 0xfe, 0xff, 0xfa, 0x30,
    0x28, 0xdf, 0xff, 0xf, 0xff, 0x92, 0xd9, 0x20,
    0x0, 0x0, 0x2, 0x8d, 0xc, 0x60, 0x0, 0x0,
    0x0, 0x0, 0x0, 0x0, 0x0, 0x0, 0x0, 0x0,

    /* U+F27A "" */
    0x4e, 0xff, 0xff, 0xff, 0xff, 0xff, 0xff, 0xe4,
    0xef, 0xff, 0xff, 0xff, 0xff, 0xff, 0xff, 0xfe,
    0xff, 0xff, 0xff, 0xff, 0xff, 0xff, 0xff, 0xff,
    0xff, 0xff, 0xff, 0xff, 0xff, 0xff, 0xff, 0xff,
    0xff, 0xff, 0xff, 0xff, 0xff, 0xff, 0xff, 0xff,
    0xff, 0xff, 0xff, 0xff, 0xff, 0xff, 0xff, 0xff,
    0xff, 0xff, 0xff, 0xff, 0xff, 0xff, 0xff, 0xff,
    0xff, 0xff, 0xff, 0xff, 0xff, 0xff, 0xff, 0xff,
    0xff, 0xff, 0xff, 0xff, 0xff, 0xff, 0xff, 0xff,
    0xff, 0xff, 0xff, 0xff, 0xff, 0xff, 0xff, 0xff,
    0xff, 0xff, 0xff, 0xff, 0xff, 0xff, 0xff, 0xff,
    0xef, 0xff, 0xff, 0xff, 0xff, 0xff, 0xff, 0xfe,
    0x4e, 0xff, 0xff, 0xff, 0xff, 0xff, 0xff, 0xe4,
    0x0, 0x0, 0xf, 0xff, 0xb1, 0x0, 0x0, 0x0,
    0x0, 0x0, 0xf, 0xf8, 0x0, 0x0, 0x0, 0x0,
    0x0, 0x0, 0xd, 0x40, 0x0, 0x0, 0x0, 0x0,
    0x0, 0x0, 0x0, 0x0, 0x0, 0x0, 0x0, 0x0,

    /* U+F27C "" */
    0x7f, 0xff, 0x0, 0x0, 0x0, 0x0, 0x0, 0x7f,
    0xff, 0x0, 0x0, 0x0, 0x0, 0x0, 0x7f, 0xff,
    0x0, 0x0, 0x0, 0x0, 0x0, 0x7f, 0xff, 0x95,
    0x0, 0x0, 0x0, 0x0, 0x7f, 0xff, 0xff, 0xfc,
    0x73, 0x0, 0x0, 0x7f, 0xff, 0xff, 0xff, 0xff,
    0xea, 0x61, 0x7f, 0xff, 0xff, 0xff, 0xff, 0xff,
    0xfb, 0x7f, 0xff, 0xff, 0xff, 0xff, 0xff, 0xfb,
    0x7f, 0xff, 0xff, 0xff, 0xff, 0xff, 0xfb, 0x7f,
    0xff, 0xf9, 0x55, 0x7f, 0xff, 0xfb, 0x7f, 0xff,
    0xf5, 0x0, 0x2f, 0xff, 0xfb, 0x7f, 0xff, 0xf5,
    0x0, 0x2f, 0xff, 0xfb, 0x7f, 0xff, 0xf5, 0x0,
    0x2f, 0xff, 0xfb, 0x7f, 0xff, 0xf5, 0x0, 0x2f,
    0xff, 0xfb,

    /* U+F27D "" */
    0x0, 0x0, 0x0, 0x0, 0x0, 0x0, 0x0, 0x0,
    0x1, 0x9c, 0x30, 0x0, 0x2b, 0xfe, 0x40, 0x2,
    0xdf, 0xfd, 0x0, 0x2e, 0xff, 0xfd, 0x3, 0xef,
    0xff, 0xf2, 0xa, 0xff, 0xff, 0xf0, 0xb9, 0xdf,
    0xff, 0x40, 0x23, 0xff, 0xfd, 0x0, 0x5, 0xff,
    0xf7, 0x0, 0x1f, 0xff, 0x80, 0x0, 0xf, 0xff,
    0xb0, 0x7, 0xff, 0xf1, 0x0, 0x0, 0xaf, 0xfe,
    0x1, 0xef, 0xf7, 0x0, 0x0, 0x6, 0xff, 0xf8,
    0xcf, 0xfc, 0x0, 0x0, 0x0, 0x2f, 0xff, 0xff,
    0xfe, 0x10, 0x0, 0x0, 0x0, 0xdf, 0xff, 0xff,
    0x30, 0x0, 0x0, 0x0, 0x7, 0xff, 0xff, 0x40,
    0x0, 0x0, 0x0, 0x0, 0xc, 0xfc, 0x30, 0x0,
    0x0, 0x0, 0x0, 0x0, 0x1, 0x0, 0x0, 0x0,
    0x0,

    /* U+F27E "" */
    0xff, 0xff, 0xff, 0xff, 0xff, 0xff, 0xff, 0xff,
    0xff, 0xcb, 0xbb, 0xbc, 0xff, 0xff, 0xff, 0xff,
    0xb0, 0x0, 0xb, 0xff, 0xff, 0xff, 0xff, 0xf7,
    0x0, 0x7f, 0xff, 0xff, 0xff, 0xff, 0xff, 0x0,
    0xff, 0xff, 0xff, 0xff, 0xff, 0xfb, 0x0, 0xbf,
    0xff, 0xff, 0xff, 0xff, 0xf6, 0x0, 0x6f, 0xff,
    0xff, 0xff, 0xff, 0xf1, 0x0, 0x1f, 0xff, 0xff,
    0xff, 0xff, 0xb0, 0x0, 0xb, 0xff, 0xff, 0xff,
    0xff, 0x50, 0x0, 0x5, 0xff, 0xff, 0xff, 0xff,
    0x70, 0x0, 0x7, 0xff, 0xff, 0xff, 0xff, 0xf8,
    0x0, 0x8f, 0xff, 0xff, 0xff, 0xff, 0xff, 0x88,
    0xff, 0xff, 0xff, 0xff, 0xff, 0xff, 0xff, 0xff,
    0xff, 0xff,

    /* U+F280 "" */
    0xff, 0xff, 0xff, 0xff, 0xff, 0xff, 0xff, 0xff,
    0xff, 0xff, 0xff, 0xff, 0xff, 0xff, 0xff, 0xff,
    0xff, 0xff, 0xe5, 0xcf, 0xff, 0xff, 0xff, 0x95,
    0x5c, 0x70, 0x1d, 0xff, 0xff, 0xfa, 0x6, 0x23,
    0xa3, 0x3f, 0xff, 0xff, 0xf8, 0xc, 0xff, 0xff,
    0xff, 0xff, 0xff, 0xa0, 0x0, 0xc, 0x30, 0x4f,
    0xff, 0xff, 0xe5, 0x8, 0xbf, 0xd0, 0x3f, 0xff,
    0xff, 0xf8, 0xc, 0xff, 0xf0, 0x3f, 0xff, 0xff,
    0xf8, 0xc, 0xff, 0xf0, 0x3f, 0xff, 0xff, 0xf7,
    0xb, 0xff, 0xf0, 0x3f, 0xff, 0xff, 0xb1, 0x1,
    0x6f, 0x40, 0xb, 0xff, 0xff, 0xff, 0xff, 0xff,
    0xff, 0xff, 0xff, 0xff, 0xff, 0xff, 0xff, 0xff,
    0xff, 0xff,

    /* U+F281 "" */
    0x0, 0x0, 0x0, 0x0, 0x0, 0x0, 0x0, 0x0,
    0x0, 0x0, 0x0, 0x0, 0x89, 0x96, 0xbe, 0x20,
    0x0, 0x0, 0x0, 0x0, 0x90, 0x3, 0xff, 0x40,
    0x0, 0x0, 0x0, 0x1, 0x70, 0x0, 0x35, 0x0,
    0x0, 0x0, 0x0, 0x5, 0x40, 0x0, 0x0, 0x0,
    0x0, 0x0, 0x5, 0x9d, 0xa8, 0x40, 0x0, 0x0,
    0x9, 0xc8, 0xef, 0xff, 0xff, 0xfe, 0x8c, 0x90,
    0x5f, 0xff, 0xff, 0xff, 0xff, 0xff, 0xff, 0xf5,
    0x3f, 0xff, 0x95, 0xff, 0xfc, 0x39, 0xff, 0xf3,
    0x9, 0xff, 0x10, 0xcf, 0xf5, 0x1, 0xff, 0x90,
    0x7, 0xff, 0x73, 0xff, 0xfb, 0x28, 0xff, 0x80,
    0x4, 0xff, 0xff, 0xff, 0xff, 0xff, 0xff, 0x40,
    0x0, 0xbf, 0xf7, 0x69, 0x96, 0x7f, 0xfb, 0x0,
    0x0, 0xa, 0xff, 0xc9, 0x9d, 0xff, 0xa0, 0x0,
    0x0, 0x0, 0x39, 0xdf, 0xfd, 0xa4, 0x0, 0x0,

    /* U+F282 "" */
    0x0, 0x0, 0x17, 0xbd, 0xca, 0x50, 0x0, 0x0,
    0x0, 0x5, 0xff, 0xff, 0xff, 0xfe, 0x40, 0x0,
    0x0, 0x5f, 0xff, 0xff, 0xff, 0xff, 0xf4, 0x0,
    0x2, 0xff, 0xc6, 0x31, 0x4b, 0xff, 0xfe, 0x10,
    0xa, 0xe5, 0x17, 0x0, 0x0, 0xbf, 0xff, 0x70,
    0xd, 0x21, 0xd6, 0x0, 0x0, 0x5f, 0xff, 0xc0,
    0x22, 0xb, 0xfc, 0xbb, 0xbb, 0xcf, 0xff, 0xf0,
    0x0, 0x2f, 0xff, 0xff, 0xff, 0xff, 0xff, 0xf0,
    0x0, 0x6f, 0xff, 0xff, 0xff, 0xff, 0xff, 0xf0,
    0x0, 0x7f, 0xf5, 0x0, 0x0, 0x0, 0x0, 0x0,
    0x0, 0x7f, 0xfa, 0x0, 0x0, 0x0, 0x0, 0x0,
    0x0, 0x2f, 0xff, 0x80, 0x0, 0x0, 0x37, 0x0,
    0x0, 0xb, 0xff, 0xff, 0xcb, 0xce, 0xfb, 0x0,
    0x0, 0x1, 0xdf, 0xff, 0xff, 0xff, 0xfb, 0x0,
    0x0, 0x0, 0x1a, 0xff, 0xff, 0xff, 0xf7, 0x0,
    0x0, 0x0, 0x0, 0x26, 0x88, 0x74, 0x0, 0x0,

    /* U+F284 "" */
    0x0, 0x0, 0x16, 0xab, 0xb8, 0x30, 0x0, 0x0,
    0x0, 0x7d, 0x84, 0x23, 0x6d, 0xa0, 0x0, 0x0,
    0xaa, 0x0, 0x0, 0x0, 0x7, 0xc1, 0x0, 0x89,
    0x0, 0x3, 0x66, 0x10, 0x6, 0xb0, 0x2d, 0x0,
    0x2c, 0xff, 0xff, 0x80, 0x2e, 0x59, 0x50, 0xd,
    0xff, 0xff, 0xff, 0xbd, 0x40, 0xd0, 0x7, 0xff,
    0xff, 0xff, 0xf7, 0x96, 0xe, 0x0, 0xbf, 0xff,
    0xff, 0x91, 0xf, 0xd0, 0xd0, 0xc, 0xff, 0xff,
    0xf9, 0x10, 0xd0, 0xd, 0x0, 0x9f, 0xff, 0xff,
    0xff, 0x96, 0x0, 0x95, 0x3, 0xff, 0xff, 0xff,
    0xfc, 0xd9, 0x12, 0xd0, 0x6, 0xff, 0xff, 0xfd,
    0x0, 0xb7, 0x8, 0x90, 0x3, 0xad, 0xc8, 0x0,
    0x3d, 0x0, 0xa, 0xa0, 0x0, 0x0, 0x0, 0x5d,
    0x20, 0x0, 0x7, 0xd8, 0x42, 0x36, 0xcb, 0x10,
    0x0, 0x0, 0x1, 0x6a, 0xba, 0x83, 0x0, 0x0,

    /* U+F285 "" */
    0x4, 0x80, 0x0, 0x0, 0x0, 0x0, 0x0, 0x4,
    0xfd, 0x40, 0x1a, 0xaa, 0xaa, 0xa5, 0x4, 0xff,
    0xf9, 0x7f, 0xff, 0xff, 0xf1, 0x4, 0xff, 0xff,
    0xe9, 0xdf, 0xff, 0x60, 0x4, 0xff, 0xff, 0xff,
    0xca, 0xfc, 0x0, 0x4, 0xff, 0xff, 0xff, 0xff,
    0x82, 0x0, 0x3, 0xff, 0xff, 0xd9, 0x77, 0x53,
    0x0, 0x0, 0x38, 0x77, 0x9d, 0xff, 0xaf, 0x30,
    0x0, 0x2e, 0xff, 0xff, 0xfa, 0xff, 0x40, 0x0,
    0xcf, 0xff, 0xff, 0xdb, 0xff, 0x40, 0x6, 0xff,
    0xff, 0xff, 0x9f, 0xff, 0x40, 0x1e, 0xff, 0xff,
    0xfa, 0x8f, 0xff, 0x40, 0x5a, 0xaa, 0xaa, 0xa1,
    0x3, 0xdf, 0x40, 0x0, 0x0, 0x0, 0x0, 0x0,
    0x8, 0x40,

    /* U+F286 "" */
    0x0, 0x0, 0x0, 0x0, 0x0, 0x0, 0x0, 0x0,
    0x0, 0x0, 0x0, 0x5, 0x70, 0x0, 0x0, 0x0,
    0x0, 0x0, 0x0, 0x2, 0xff, 0xe0, 0x0, 0x0,
    0x0, 0x0, 0x0, 0x2, 0xff, 0xf0, 0x0, 0x0,
    0x0, 0x0, 0x0, 0x2, 0x62, 0x30, 0x0, 0x0,
    0x0, 0x6, 0x5, 0x14, 0x70, 0x60, 0x52, 0x0,
    0x0, 0xf, 0x5e, 0x7a, 0xc5, 0xf5, 0xe7, 0x0,
    0x0, 0xf, 0xfe, 0xff, 0xff, 0xef, 0xf7, 0x0,
    0x0, 0xf, 0xf2, 0xbf, 0xfe, 0x2f, 0xf7, 0x0,
    0x0, 0xf, 0xf2, 0xbf, 0xfe, 0x2f, 0xf7, 0x0,
    0x3e, 0xf, 0xff, 0xff, 0xff, 0xff, 0xf7, 0x4d,
    0x3f, 0xef, 0xff, 0xff, 0xff, 0xff, 0xfe, 0xed,
    0x3f, 0xff, 0xff, 0xe6, 0x5d, 0xff, 0xff, 0xfd,
    0x3f, 0xff, 0xff, 0x60, 0x3, 0xff, 0xff, 0xfd,
    0x3f, 0xff, 0xff, 0x40, 0x1, 0xff, 0xff, 0xfd,
    0x3f, 0xff, 0xff, 0x40, 0x1, 0xff, 0xff, 0xfd,
    0x3f, 0xff, 0xff, 0x40, 0x1, 0xff, 0xff, 0xfd,

    /* U+F287 "" */
    0x0, 0x0, 0x0, 0x0, 0x0, 0x1, 0x0, 0x0,
    0x0, 0x0, 0x0, 0x0, 0x0, 0x0, 0x0, 0x7,
    0xfd, 0x10, 0x0, 0x0, 0x0, 0x0, 0x0, 0x0,
    0x1, 0xcf, 0xff, 0xf5, 0x0, 0x0, 0x0, 0x0,
    0x0, 0x0, 0x0, 0xb9, 0x29, 0xfe, 0x10, 0x0,
    0x0, 0x0, 0x0, 0x0, 0x0, 0x3f, 0x10, 0x2,
    0x0, 0x0, 0x0, 0x0, 0x3, 0xdf, 0x80, 0xa,
    0x90, 0x0, 0x0, 0x0, 0x3, 0x70, 0x0, 0xdf,
    0xff, 0x77, 0xf7, 0x55, 0x55, 0x55, 0x55, 0x8f,
    0xd3, 0xf, 0xff, 0xfd, 0xcc, 0xdf, 0xdc, 0xcc,
    0xcc, 0xcd, 0xff, 0xb0, 0x8f, 0xfe, 0x10, 0x0,
    0xaa, 0x0, 0x0, 0x0, 0x4d, 0x40, 0x0, 0x46,
    0x10, 0x0, 0x1, 0xf2, 0x2, 0x33, 0x10, 0x0,
    0x0, 0x0, 0x0, 0x0, 0x0, 0x9, 0xb1, 0xcf,
    0xf9, 0x0, 0x0, 0x0, 0x0, 0x0, 0x0, 0x0,
    0xa, 0xff, 0xff, 0x90, 0x0, 0x0, 0x0, 0x0,
    0x0, 0x0, 0x0, 0x0, 0xbf, 0xf9, 0x0, 0x0,
    0x0, 0x0, 0x0, 0x0, 0x0, 0x0, 0x1, 0x22,
    0x0, 0x0, 0x0,

    /* U+F288 "" */
    0x0, 0x0, 0x16, 0xac, 0xca, 0x60, 0x0, 0x0,
    0x0, 0x7, 0xff, 0xff, 0xff, 0xfe, 0x50, 0x0,
    0x0, 0x9f, 0xff, 0xff, 0xff, 0xff, 0xf7, 0x0,
    0x7, 0xff, 0xff, 0xff, 0xff, 0xff, 0xff, 0x50,
    0x1f, 0xff, 0xf2, 0x0, 0x2, 0x9f, 0xff, 0xe0,
    0x8f, 0xff, 0xf1, 0x15, 0x41, 0xa, 0xff, 0xf5,
    0xcf, 0xff, 0xf1, 0x5f, 0xfe, 0x4, 0xff, 0xf9,
    0xef, 0xff, 0xf1, 0x5f, 0xfb, 0x5, 0xff, 0xfb,
    0xef, 0xff, 0xf1, 0x0, 0x0, 0xd, 0xff, 0xfb,
    0xcf, 0xff, 0xf1, 0x15, 0x57, 0xdf, 0xff, 0xf9,
    0x8f, 0xff, 0xf1, 0x5f, 0xff, 0xff, 0xff, 0xf5,
    0x1f, 0xff, 0xf2, 0x5f, 0xff, 0xff, 0xff, 0xe0,
    0x7, 0xff, 0xff, 0xff, 0xff, 0xff, 0xff, 0x50,
    0x0, 0x9f, 0xff, 0xff, 0xff, 0xff, 0xf7, 0x0,
    0x0, 0x7, 0xff, 0xff, 0xff, 0xfe, 0x50, 0x0,
    0x0, 0x0, 0x16, 0xbc, 0xca, 0x60, 0x0, 0x0,

    /* U+F289 "" */
    0x0, 0x0, 0x2, 0x9c, 0xda, 0x30, 0x0, 0x0,
    0x0, 0x0, 0x0, 0x0, 0x6f, 0xc8, 0x7b, 0xf7,
    0x0, 0x0, 0x0, 0x0, 0x0, 0x5, 0xf7, 0x0,
    0x0, 0x5f, 0x50, 0x0, 0x0, 0x0, 0x0, 0x1d,
    0xa0, 0x0, 0x0, 0x8, 0xd0, 0x0, 0x0, 0x20,
    0x9, 0xff, 0xfa, 0x0, 0x0, 0x2, 0xf2, 0x0,
    0x15, 0xf1, 0x7f, 0x51, 0x5c, 0x20, 0x0, 0x1,
    0xff, 0x53, 0xf2, 0xe8, 0xd8, 0x0, 0x0, 0x0,
    0x0, 0x3, 0xfa, 0xf3, 0xd8, 0x8d, 0xf6, 0x0,
    0x0, 0x0, 0x0, 0x1, 0x70, 0xd8, 0xaa, 0x6f,
    0xbc, 0x0, 0x0, 0x0, 0x0, 0x0, 0x0, 0xe6,
    0xba, 0x7e, 0x2f, 0xd9, 0x88, 0x88, 0x88, 0x88,
    0x9d, 0xe2, 0xf6, 0xab, 0x2, 0x9c, 0xcc, 0xcc,
    0xcc, 0xcc, 0xc9, 0x12, 0xb2, 0xf6, 0x0, 0x0,
    0x0, 0x0, 0x0, 0x0, 0x0, 0x0, 0x4, 0xc0,

    /* U+F28A "" */
    0x0, 0x0, 0x4, 0x54, 0x30, 0x0, 0x0, 0x0,
    0x7f, 0xff, 0xff, 0xe8, 0x0, 0x0, 0x9f, 0x92,
    0x0, 0x38, 0xfd, 0x20, 0x2f, 0x70, 0x0, 0x0,
    0xb, 0xe1, 0x6, 0xf5, 0x20, 0x0, 0x1, 0xc4,
    0x0, 0x7f, 0xff, 0xe1, 0x0, 0x0, 0x0, 0x5,
    0xff, 0xff, 0x60, 0x0, 0x0, 0x0, 0xe, 0xff,
    0xf3, 0x2, 0xac, 0x60, 0x0, 0x2a, 0xb6, 0x0,
    0xcf, 0xff, 0x60, 0x0, 0x0, 0x0, 0xe, 0xff,
    0xfc, 0x0, 0x32, 0x0, 0x0, 0x7f, 0xff, 0xe0,
    0x2e, 0xb0, 0x0, 0x0, 0x12, 0xdd, 0xc, 0xf3,
    0x0, 0x0, 0x0, 0x2f, 0x80, 0x3d, 0xf9, 0x30,
    0x1, 0x5e, 0xe1, 0x0, 0x7, 0xef, 0xff, 0xff,
    0xa1, 0x0, 0x0, 0x0, 0x24, 0x54, 0x10, 0x0,

    /* U+F28B "" */
    0x0, 0x0, 0x5, 0x9b, 0xb9, 0x50, 0x0, 0x0,
    0x0, 0x4, 0xdf, 0xff, 0xff, 0xfd, 0x40, 0x0,
    0x0, 0x6f, 0xff, 0xff, 0xff, 0xff, 0xf6, 0x0,
    0x4, 0xff, 0xff, 0xff, 0xff, 0xff, 0xff, 0x40,
    0xd, 0xff, 0xff, 0xff, 0xff, 0xff, 0xff, 0xd0,
    0x5f, 0xff, 0xf1, 0xc, 0x50, 0x1f, 0xff, 0xf5,
    0x9f, 0xff, 0xf0, 0xb, 0x40, 0xf, 0xff, 0xf9,
    0xbf, 0xff, 0xf0, 0xb, 0x40, 0xf, 0xff, 0xfb,
    0xbf, 0xff, 0xf0, 0xb, 0x40, 0xf, 0xff, 0xfb,
    0x9f, 0xff, 0xf0, 0xb, 0x40, 0xf, 0xff, 0xf9,
    0x5f, 0xff, 0xf1, 0xc, 0x50, 0x1f, 0xff, 0xf5,
    0xe, 0xff, 0xff, 0xff, 0xff, 0xff, 0xff, 0xd0,
    0x4, 0xff, 0xff, 0xff, 0xff, 0xff, 0xff, 0x40,
    0x0, 0x6f, 0xff, 0xff, 0xff, 0xff, 0xf6, 0x0,
    0x0, 0x4, 0xef, 0xff, 0xff, 0xfd, 0x40, 0x0,
    0x0, 0x0, 0x5, 0x9b, 0xb9, 0x50, 0x0, 0x0,

    /* U+F28D "" */
    0x0, 0x0, 0x5, 0x9b, 0xb9, 0x50, 0x0, 0x0,
    0x0, 0x4, 0xdf, 0xff, 0xff, 0xfd, 0x40, 0x0,
    0x0, 0x6f, 0xff, 0xff, 0xff, 0xff, 0xf6, 0x0,
    0x4, 0xff, 0xff, 0xff, 0xff, 0xff, 0xff, 0x40,
    0xd, 0xff, 0xff, 0xff, 0xff, 0xff, 0xff, 0xd0,
    0x5f, 0xff, 0xf1, 0x0, 0x0, 0x1f, 0xff, 0xf5,
    0x9f, 0xff, 0xf0, 0x0, 0x0, 0xf, 0xff, 0xf9,
    0xbf, 0xff, 0xf0, 0x0, 0x0, 0xf, 0xff, 0xfb,
    0xbf, 0xff, 0xf0, 0x0, 0x0, 0xf, 0xff, 0xfb,
    0x9f, 0xff, 0xf0, 0x0, 0x0, 0xf, 0xff, 0xf9,
    0x5f, 0xff, 0xf1, 0x0, 0x0, 0x1f, 0xff, 0xf5,
    0xe, 0xff, 0xff, 0xff, 0xff, 0xff, 0xff, 0xd0,
    0x4, 0xff, 0xff, 0xff, 0xff, 0xff, 0xff, 0x40,
    0x0, 0x6f, 0xff, 0xff, 0xff, 0xff, 0xf6, 0x0,
    0x0, 0x4, 0xef, 0xff, 0xff, 0xfd, 0x40, 0x0,
    0x0, 0x0, 0x5, 0x9b, 0xb9, 0x50, 0x0, 0x0,

    /* U+F290 "" */
    0x0, 0x0, 0x2b, 0xff, 0xb2, 0x0, 0x0, 0x0,
    0x2, 0xef, 0xff, 0xfe, 0x20, 0x0, 0x0, 0xb,
    0xfb, 0x11, 0xbf, 0xb0, 0x0, 0x0, 0xf, 0xf2,
    0x0, 0x1f, 0xf0, 0x0, 0x0, 0xf, 0xf0, 0x0,
    0xf, 0xf0, 0x0, 0xff, 0xff, 0xff, 0xff, 0xff,
    0xff, 0xff, 0xff, 0xf9, 0x9f, 0xff, 0xf9, 0x9f,
    0xff, 0xff, 0xf9, 0x9f, 0xff, 0xf9, 0x9f, 0xff,
    0xff, 0xff, 0xff, 0xff, 0xff, 0xff, 0xff, 0xff,
    0xff, 0xff, 0xff, 0xff, 0xff, 0xff, 0xff, 0xff,
    0xff, 0xff, 0xff, 0xff, 0xff, 0xff, 0xff, 0xff,
    0xff, 0xff, 0xff, 0xff, 0xff, 0xff, 0xff, 0xff,
    0xff, 0xff, 0xff, 0xff, 0xff, 0xff, 0xff, 0xff,
    0xff, 0xff, 0xbf, 0xff, 0xff, 0xff, 0xff, 0xff,
    0xfb, 0x1b, 0xff, 0xff, 0xff, 0xff, 0xff, 0xb1,

    /* U+F291 "" */
    0x0, 0x0, 0x0, 0x0, 0x0, 0x0, 0x0, 0x0,
    0x0, 0x0, 0x0, 0x0, 0xcc, 0x0, 0xcc, 0x0,
    0x0, 0x0, 0x0, 0x0, 0x9, 0xfd, 0x0, 0xdf,
    0x90, 0x0, 0x0, 0x0, 0x0, 0x5f, 0xf2, 0x0,
    0x2f, 0xf5, 0x0, 0x0, 0x0, 0x2, 0xff, 0x60,
    0x0, 0x6, 0xff, 0x10, 0x0, 0x0, 0xc, 0xfa,
    0x0, 0x0, 0x0, 0xaf, 0xc0, 0x0, 0xdf, 0xff,
    0xff, 0xff, 0xff, 0xff, 0xff, 0xff, 0xfd, 0xdf,
    0xff, 0xff, 0xff, 0xff, 0xff, 0xff, 0xff, 0xfd,
    0xe, 0xff, 0xd1, 0xdf, 0x66, 0xfd, 0x1d, 0xff,
    0xe0, 0xc, 0xff, 0xc0, 0xcf, 0x44, 0xfc, 0xc,
    0xff, 0xc0, 0xa, 0xff, 0xc0, 0xcf, 0x44, 0xfc,
    0xc, 0xff, 0xa0, 0x8, 0xff, 0xc0, 0xcf, 0x44,
    0xfc, 0xc, 0xff, 0x80, 0x5, 0xff, 0xd1, 0xdf,
    0x66, 0xfd, 0x1d, 0xff, 0x50, 0x3, 0xff, 0xff,
    0xff, 0xff, 0xff, 0xff, 0xff, 0x30, 0x0, 0xbf,
    0xff, 0xff, 0xff, 0xff, 0xff, 0xfa, 0x0,

    /* U+F292 "" */
    0x0, 0x0, 0x6, 0xf8, 0x0, 0x4f, 0xa0, 0x0,
    0x0, 0x0, 0x9, 0xf7, 0x0, 0x7f, 0x80, 0x0,
    0x0, 0x0, 0xc, 0xf4, 0x0, 0xaf, 0x50, 0x0,
    0x0, 0xbf, 0xff, 0xff, 0xff, 0xff, 0xff, 0xe0,
    0x0, 0xdf, 0xff, 0xff, 0xff, 0xff, 0xff, 0xc0,
    0x0, 0x0, 0x5f, 0xb0, 0x3, 0xfd, 0x0, 0x0,
    0x0, 0x0, 0x7f, 0x80, 0x5, 0xfa, 0x0, 0x0,
    0x0, 0x0, 0xaf, 0x50, 0x8, 0xf7, 0x0, 0x0,
    0x0, 0x0, 0xdf, 0x20, 0xb, 0xf4, 0x0, 0x0,
    0xc, 0xff, 0xff, 0xff, 0xff, 0xff, 0xfd, 0x0,
    0xe, 0xff, 0xff, 0xff, 0xff, 0xff, 0xfb, 0x0,
    0x0, 0x6, 0xfa, 0x0, 0x4f, 0xc0, 0x0, 0x0,
    0x0, 0x8, 0xf7, 0x0, 0x7f, 0x90, 0x0, 0x0,
    0x0, 0xa, 0xf4, 0x0, 0x8f, 0x60, 0x0, 0x0,

    /* U+F293 "" */
    0x0, 0x18, 0xdf, 0xfd, 0x92, 0x0, 0x2, 0xef,
    0xfb, 0xef, 0xff, 0x40, 0xd, 0xff, 0xfa, 0x2e,
    0xff, 0xe0, 0x4f, 0xff, 0xfa, 0x3, 0xff, 0xf5,
    0x9f, 0xfa, 0xfa, 0x35, 0x4f, 0xfa, 0xcf, 0xc0,
    0x8a, 0x3d, 0xb, 0xfd, 0xef, 0xfb, 0x3, 0x11,
    0x8f, 0xfe, 0xff, 0xff, 0xb0, 0x6, 0xff, 0xff,
    0xff, 0xff, 0xd1, 0x8, 0xff, 0xff, 0xef, 0xfd,
    0x11, 0x10, 0x9f, 0xff, 0xdf, 0xd1, 0x59, 0x3b,
    0xb, 0xfd, 0xaf, 0xd6, 0xfa, 0x37, 0x1d, 0xfb,
    0x5f, 0xff, 0xfa, 0x1, 0xdf, 0xf7, 0xd, 0xff,
    0xfa, 0x1d, 0xff, 0xf1, 0x3, 0xef, 0xfc, 0xdf,
    0xff, 0x50, 0x0, 0x18, 0xdf, 0xfe, 0xa3, 0x0,

    /* U+F294 "" */
    0x0, 0x0, 0x51, 0x0, 0x0, 0x0, 0x0, 0x7d,
    0x10, 0x0, 0x0, 0x0, 0x7f, 0xc0, 0x0, 0x0,
    0x0, 0x7f, 0xdc, 0x0, 0xc, 0x90, 0x7e, 0x1d,
    0xb0, 0x5, 0xf9, 0x7e, 0x2e, 0x90, 0x0, 0x5f,
    0xef, 0xea, 0x0, 0x0, 0x5, 0xff, 0xb0, 0x0,
    0x0, 0x2, 0xff, 0x90, 0x0, 0x0, 0x2e, 0xff,
    0xf8, 0x0, 0x2, 0xec, 0x8e, 0x5f, 0x70, 0xd,
    0xc1, 0x6e, 0xc, 0xe1, 0x2, 0x10, 0x6e, 0xae,
    0x30, 0x0, 0x0, 0x6f, 0xe3, 0x0, 0x0, 0x0,
    0x6e, 0x30, 0x0, 0x0, 0x0, 0x43, 0x0, 0x0,

    /* U+F295 "" */
    0x0, 0x5d, 0xfd, 0x50, 0x0, 0x0, 0x7f, 0xd0,
    0x5, 0xff, 0xff, 0xf5, 0x0, 0x4, 0xff, 0x90,
    0xd, 0xf7, 0x7, 0xfd, 0x0, 0x2e, 0xfc, 0x0,
    0xf, 0xf0, 0x0, 0xff, 0x0, 0xdf, 0xe1, 0x0,
    0xd, 0xf7, 0x7, 0xfd, 0xa, 0xff, 0x40, 0x0,
    0x5, 0xff, 0xff, 0xf5, 0x7f, 0xf7, 0x0, 0x0,
    0x0, 0x5d, 0xfd, 0x54, 0xff, 0xa0, 0x0, 0x0,
    0x0, 0x0, 0x0, 0x1e, 0xfd, 0x0, 0x0, 0x0,
    0x0, 0x0, 0x0, 0xcf, 0xf2, 0x0, 0x0, 0x0,
    0x0, 0x0, 0xa, 0xff, 0x45, 0xdf, 0xd5, 0x0,
    0x0, 0x0, 0x6f, 0xf8, 0x5f, 0xff, 0xff, 0x50,
    0x0, 0x3, 0xff, 0xb0, 0xdf, 0x70, 0x7f, 0xd0,
    0x0, 0x1e, 0xfd, 0x10, 0xff, 0x0, 0xf, 0xf0,
    0x0, 0xcf, 0xf2, 0x0, 0xdf, 0x70, 0x7f, 0xd0,
    0x9, 0xff, 0x50, 0x0, 0x5f, 0xff, 0xff, 0x50,
    0xd, 0xf8, 0x0, 0x0, 0x5, 0xdf, 0xd5, 0x0,

    /* U+F296 "" */
    0x0, 0x3, 0x20, 0x0, 0x0, 0x0, 0x2, 0x30,
    0x0, 0x0, 0x9, 0x90, 0x0, 0x0, 0x0, 0x9,
    0x90, 0x0, 0x0, 0xe, 0xe0, 0x0, 0x0, 0x0,
    0xe, 0xe0, 0x0, 0x0, 0x4f, 0xf3, 0x0, 0x0,
    0x0, 0x3f, 0xf3, 0x0, 0x0, 0x9f, 0xf8, 0x0,
    0x0, 0x0, 0x8f, 0xf9, 0x0, 0x0, 0xef, 0xfe,
    0x0, 0x0, 0x0, 0xef, 0xfe, 0x0, 0x3, 0x50,
    0x0, 0xcf, 0xff, 0xfb, 0x0, 0x5, 0x30, 0x8,
    0xe1, 0x0, 0x7f, 0xff, 0xf7, 0x0, 0x2e, 0x80,
    0xd, 0xfc, 0x0, 0x2f, 0xff, 0xf2, 0x0, 0xcf,
    0xd0, 0xa, 0xff, 0x90, 0xd, 0xff, 0xd0, 0x9,
    0xff, 0xa0, 0x0, 0x6f, 0xf5, 0x8, 0xff, 0x80,
    0x5f, 0xf6, 0x0, 0x0, 0x2, 0xdf, 0x23, 0xff,
    0x32, 0xfd, 0x20, 0x0, 0x0, 0x0, 0xa, 0xd0,
    0xdd, 0xd, 0xa0, 0x0, 0x0, 0x0, 0x0, 0x0,
    0x69, 0x88, 0x96, 0x0, 0x0, 0x0, 0x0, 0x0,
    0x0, 0x2, 0x77, 0x20, 0x0, 0x0, 0x0, 0x0,
    0x0, 0x0, 0x0, 0x0, 0x0, 0x0, 0x0, 0x0,

    /* U+F297 "" */
    0x0, 0x0, 0x39, 0xdf, 0xfd, 0x93, 0x0, 0x0,
    0x0, 0x9, 0xff, 0xff, 0xff, 0xff, 0x90, 0x0,
    0x0, 0xbf, 0xff, 0xff, 0xff, 0xff, 0xfb, 0x0,
    0x6, 0xff, 0xff, 0xff, 0xff, 0xff, 0xff, 0x70,
    0xe, 0xff, 0xae, 0xaa, 0xaa, 0xaf, 0xff, 0xe0,
    0x1f, 0xfe, 0xc, 0x0, 0x0, 0xe, 0xff, 0xf2,
    0x2f, 0xff, 0x8e, 0x88, 0x88, 0x8f, 0xff, 0xf3,
    0xf, 0xff, 0xec, 0xff, 0xff, 0xff, 0xff, 0xf0,
    0xa, 0xff, 0xf6, 0x49, 0xba, 0xbf, 0xff, 0xa0,
    0xa, 0xff, 0xff, 0xd9, 0x78, 0xdf, 0xff, 0xb0,
    0xf, 0xff, 0xff, 0xff, 0xff, 0xff, 0xff, 0xf0,
    0xf, 0xff, 0xff, 0xff, 0xff, 0xff, 0xff, 0xf0,
    0x8, 0xff, 0xff, 0xf9, 0x9f, 0xff, 0xff, 0x90,
    0x0, 0x7d, 0xfd, 0x60, 0x6, 0xdf, 0xd7, 0x0,

    /* U+F298 "" */
    0x9f, 0xff, 0xff, 0xff, 0xff, 0xff, 0xf9, 0xf5,
    0xac, 0x32, 0xae, 0x42, 0x8c, 0x6f, 0xf2, 0x5,
    0xcb, 0x83, 0xcb, 0x80, 0x2f, 0xf2, 0x0, 0x14,
    0x0, 0x13, 0x0, 0x2f, 0xf2, 0x13, 0x20, 0x33,
    0x33, 0x32, 0x2f, 0xf2, 0x5f, 0xe4, 0xff, 0xff,
    0xfc, 0x2f, 0xf2, 0x0, 0x0, 0x0, 0x0, 0x0,
    0x2f, 0xf2, 0x5f, 0xd4, 0xff, 0xff, 0xfc, 0x2f,
    0xf2, 0x13, 0x31, 0x33, 0x33, 0x33, 0x2f, 0xf2,
    0x0, 0x0, 0x0, 0x15, 0x54, 0x2f, 0xf2, 0x0,
    0x0, 0x0, 0x3d, 0xda, 0x2f, 0xf2, 0x0, 0x0,
    0x0, 0x0, 0x0, 0x2f, 0xf4, 0x22, 0x22, 0x22,
    0x22, 0x22, 0x4f, 0x9f, 0xff, 0xff, 0xff, 0xff,
    0xff, 0xf9,

    /* U+F299 "" */
    0xde, 0xeb, 0x95, 0x10, 0x0, 0x0, 0x0, 0x9f,
    0xaf, 0xff, 0xfb, 0x20, 0x0, 0x0, 0x5f, 0xe5,
    0xcf, 0xff, 0xf6, 0x0, 0x0, 0x1f, 0xfe, 0x2c,
    0xff, 0xff, 0x50, 0x0, 0xd, 0xff, 0xa2, 0xff,
    0xff, 0xf1, 0x0, 0x9, 0xff, 0xf2, 0x7f, 0xff,
    0xf6, 0x0, 0x5, 0xff, 0xfb, 0xe, 0xff, 0xf9,
    0x0, 0x0, 0xff, 0xff, 0x56, 0xff, 0xfc, 0x0,
    0x0, 0x8f, 0xff, 0xf2, 0xcf, 0xfc, 0x0, 0x0,
    0xc, 0xff, 0xfd, 0x3e, 0xfb, 0x0, 0x0, 0x1,
    0xcf, 0xff, 0xe9, 0xe9, 0x0, 0x0, 0x0, 0x6,
    0xcf, 0xff, 0xd9, 0x0, 0x0, 0x0, 0x0, 0x0,
    0x10, 0x5, 0x70, 0x0, 0x0, 0x0, 0x0, 0x0,
    0x0, 0x57,

    /* U+F29A "" */
    0x0, 0x0, 0x5, 0x9b, 0xb9, 0x50, 0x0, 0x0,
    0x0, 0x4, 0xef, 0xb8, 0x8b, 0xfd, 0x40, 0x0,
    0x0, 0x6f, 0x98, 0xcf, 0xfc, 0x89, 0xf6, 0x0,
    0x4, 0xf7, 0xdf, 0xf8, 0x9f, 0xfc, 0x7f, 0x40,
    0xe, 0x9d, 0xff, 0xe0, 0xf, 0xff, 0xc9, 0xd0,
    0x5f, 0x8f, 0x8a, 0xd8, 0x8d, 0xa8, 0xf7, 0xf4,
    0x9a, 0xcf, 0x84, 0x10, 0x1, 0x48, 0xfc, 0xb9,
    0xb8, 0xff, 0xff, 0xd0, 0xe, 0xff, 0xfe, 0x9a,
    0xb8, 0xff, 0xff, 0xc0, 0xd, 0xff, 0xff, 0x8b,
    0x9a, 0xdf, 0xff, 0xb0, 0xb, 0xff, 0xfc, 0xb9,
    0x5e, 0x8f, 0xff, 0x85, 0x49, 0xff, 0xf8, 0xf5,
    0xe, 0x8e, 0xff, 0x39, 0x93, 0xff, 0xd8, 0xe0,
    0x5, 0xf7, 0xef, 0x8f, 0xe9, 0xfd, 0x7f, 0x50,
    0x0, 0x8f, 0x89, 0xef, 0xfe, 0x98, 0xf8, 0x0,
    0x0, 0x6, 0xfe, 0x98, 0x89, 0xee, 0x60, 0x0,
    0x0, 0x0, 0x17, 0xbd, 0xdb, 0x61, 0x0, 0x0,

    /* U+F29D "" */
    0x1, 0xdd, 0x10, 0x0, 0x0, 0x0, 0x5, 0xff,
    0x50, 0x0, 0x0, 0x0, 0x0, 0x99, 0x0, 0x0,
    0x0, 0x0, 0x4, 0xff, 0x40, 0x0, 0x0, 0x0,
    0x1e, 0xff, 0xe2, 0x0, 0x0, 0x0, 0xcf, 0xfc,
    0xfc, 0x0, 0x0, 0x0, 0xf8, 0xff, 0x8f, 0xa0,
    0x0, 0x0, 0xf8, 0xff, 0x48, 0xf6, 0x0, 0x0,
    0xf7, 0xff, 0x40, 0xbe, 0x0, 0x0, 0x51, 0xff,
    0x30, 0x4, 0x40, 0x0, 0x2, 0xfe, 0x80, 0x0,
    0x90, 0x0, 0x8, 0xfb, 0xf2, 0x0, 0x27, 0x0,
    0xe, 0xfa, 0xf9, 0x0, 0x7, 0x10, 0x4f, 0xd3,
    0xfe, 0x0, 0x0, 0x80, 0x9f, 0x70, 0xcf, 0x50,
    0x0, 0x44, 0x8e, 0x10, 0x4f, 0x40, 0x0, 0x8,
    0x0, 0x0, 0x0, 0x0, 0x0, 0x0,

    /* U+F29E "" */
    0x8f, 0xff, 0xff, 0xff, 0xff, 0xff, 0xff, 0xf8,
    0xff, 0xff, 0xff, 0xff, 0xff, 0xff, 0xff, 0xff,
    0xff, 0xff, 0xff, 0xff, 0xff, 0xff, 0xff, 0xff,
    0xff, 0xff, 0x11, 0xff, 0x30, 0x3, 0xbf, 0xff,
    0xff, 0xfa, 0x0, 0xbf, 0x30, 0x40, 0xe, 0xff,
    0xff, 0xf4, 0x21, 0x5f, 0x31, 0xfa, 0x9, 0xff,
    0xff, 0xe0, 0x21, 0xf, 0x31, 0xfc, 0xa, 0xff,
    0xff, 0x90, 0x32, 0xa, 0x30, 0xb4, 0xe, 0xff,
    0xff, 0x51, 0xff, 0x6, 0x30, 0x3, 0xcf, 0xff,
    0xff, 0xff, 0xff, 0xff, 0xff, 0xff, 0xff, 0xff,
    0xff, 0xff, 0xff, 0xff, 0xff, 0xff, 0xff, 0xff,
    0x8f, 0xff, 0xff, 0xff, 0xff, 0xff, 0xff, 0xf8,

    /* U+F2A0 "" */
    0x0, 0x0, 0x0, 0x0, 0x0, 0x0, 0x0, 0x0,
    0x0, 0x0, 0x0, 0x2, 0xc0, 0x0, 0x4, 0xe6,
    0x0, 0x5, 0x2a, 0x70, 0x1, 0xff, 0xfb, 0x1,
    0x7a, 0x3c, 0x0, 0xbf, 0xff, 0xb1, 0xe1, 0xe0,
    0xf0, 0x3f, 0xff, 0xf5, 0x1e, 0x1e, 0xf, 0x8,
    0xfe, 0xcc, 0x0, 0x17, 0xa3, 0xc0, 0xcf, 0x60,
    0x0, 0x0, 0x52, 0xa7, 0xf, 0xf3, 0x0, 0x0,
    0x0, 0x2c, 0x0, 0xff, 0x20, 0x0, 0x0, 0x0,
    0x0, 0xf, 0xf3, 0x0, 0x0, 0x0, 0x0, 0x0,
    0xcf, 0x60, 0x0, 0x0, 0x0, 0x0, 0x8, 0xfe,
    0xcc, 0x0, 0x0, 0x0, 0x0, 0x3f, 0xff, 0xf5,
    0x0, 0x0, 0x0, 0x0, 0xbf, 0xff, 0xb0, 0x0,
    0x0, 0x0, 0x2, 0xff, 0xfb, 0x0, 0x0, 0x0,
    0x0, 0x4, 0xe6, 0x0, 0x0, 0x0, 0x0,

    /* U+F2A1 "" */
    0x4e, 0xe4, 0x4, 0xee, 0x40, 0x0, 0x4e, 0xe4,
    0x0, 0x0, 0xef, 0xfe, 0xe, 0xff, 0xe0, 0x0,
    0xef, 0xfe, 0x0, 0xcc, 0xef, 0xfe, 0xe, 0xff,
    0xe0, 0x0, 0xef, 0xfe, 0x0, 0xcc, 0x4e, 0xe4,
    0x4, 0xee, 0x40, 0x0, 0x4e, 0xe4, 0x0, 0x0,
    0x0, 0x0, 0x0, 0x0, 0x0, 0x0, 0x0, 0x0,
    0x0, 0x0, 0x4e, 0xe4, 0x0, 0x0, 0x0, 0x0,
    0x0, 0x0, 0x0, 0x0, 0xef, 0xfe, 0x0, 0xcc,
    0x0, 0x0, 0xc, 0xc0, 0x0, 0xcc, 0xef, 0xfe,
    0x0, 0xcc, 0x0, 0x0, 0xc, 0xc0, 0x0, 0xcc,
    0x4e, 0xe4, 0x0, 0x0, 0x0, 0x0, 0x0, 0x0,
    0x0, 0x0, 0x0, 0x0, 0x0, 0x0, 0x0, 0x0,
    0x0, 0x0, 0x0, 0x0, 0x0, 0x0, 0x0, 0x0,
    0x0, 0x0, 0x0, 0x0, 0x0, 0x0, 0xc, 0xc0,
    0x0, 0xcc, 0x0, 0x0, 0xc, 0xc0, 0x0, 0xcc,
    0xc, 0xc0, 0x0, 0xcc, 0x0, 0x0, 0xc, 0xc0,
    0x0, 0xcc,

    /* U+F2A2 "" */
    0x0, 0x0, 0x0, 0x0, 0x1, 0x10, 0x0, 0x0,
    0x0, 0x0, 0x0, 0x0, 0xc, 0xf9, 0x10, 0x0,
    0x0, 0x0, 0x0, 0x0, 0x5, 0xdf, 0xe3, 0x0,
    0x0, 0x0, 0x3, 0x79, 0x73, 0x7, 0xfe, 0x20,
    0x0, 0x0, 0xaf, 0xff, 0xff, 0xa0, 0x6f, 0xc0,
    0x0, 0xc, 0xfb, 0x42, 0x4c, 0xfb, 0xb, 0xf4,
    0x0, 0x6f, 0xa0, 0x58, 0x50, 0xaf, 0x63, 0xfa,
    0x0, 0xcf, 0x18, 0xff, 0xf8, 0x1f, 0xc0, 0xee,
    0x0, 0xfc, 0xe, 0xe4, 0xee, 0xc, 0xf0, 0xcf,
    0x0, 0x85, 0x8, 0x50, 0x58, 0xd, 0xe0, 0x58,
    0x0, 0x0, 0x0, 0x0, 0x0, 0x3f, 0xb0, 0x0,
    0x0, 0x0, 0xcc, 0x0, 0x2, 0xef, 0x40, 0x0,
    0x1, 0x70, 0xcc, 0x0, 0xc, 0xf6, 0x0, 0x0,
    0x7, 0xf8, 0x0, 0x0, 0xf, 0xc0, 0x0, 0x0,
    0x0, 0x9f, 0x70, 0x0, 0x5f, 0x90, 0x0, 0x0,
    0xcc, 0x7, 0x10, 0x3c, 0xff, 0x20, 0x0, 0x0,
    0xcc, 0x0, 0x0, 0x4e, 0xc3, 0x0, 0x0, 0x0,

    /* U+F2A3 "" */
    0x0, 0x0, 0x0, 0x39, 0x0, 0x0, 0x0, 0x0,
    0x0, 0x0, 0x0, 0x0, 0x0, 0x2, 0xff, 0x10,
    0x0, 0x0, 0x0, 0x0, 0x0, 0x0, 0x0, 0x0,
    0xc, 0xfb, 0xce, 0x0, 0x0, 0x0, 0x0, 0x0,
    0x0, 0x0, 0x0, 0x4f, 0xff, 0xe9, 0x0, 0x0,
    0x0, 0x0, 0x0, 0x0, 0x0, 0x0, 0x8f, 0xff,
    0xee, 0x90, 0x3, 0x31, 0x6, 0xdb, 0x0, 0x0,
    0x0, 0xef, 0xff, 0xed, 0xf5, 0xef, 0xff, 0xff,
    0xff, 0x30, 0x0, 0x7, 0xff, 0xff, 0xfc, 0x2b,
    0xf8, 0xbf, 0xff, 0xff, 0xb0, 0x0, 0x6f, 0xff,
    0xfc, 0x9f, 0xa8, 0x80, 0x2f, 0xff, 0xff, 0xb0,
    0xd, 0xff, 0xff, 0xf3, 0x9, 0x8b, 0xf7, 0xbf,
    0xff, 0xe4, 0x0, 0xa, 0xff, 0xff, 0xfc, 0x9f,
    0xb3, 0xbf, 0xff, 0xff, 0x60, 0x0, 0x2, 0xff,
    0xfe, 0xff, 0xfd, 0x5f, 0xee, 0xff, 0xfd, 0x0,
    0x0, 0x0, 0x9b, 0x40, 0x1, 0x10, 0x7, 0xcd,
    0xff, 0xf7, 0x0, 0x0, 0x0, 0x0, 0x0, 0x0,
    0x0, 0x0, 0xbf, 0xff, 0xf3, 0x0, 0x0, 0x0,
    0x0, 0x0, 0x0, 0x0, 0x0, 0xca, 0xaf, 0xb0,
    0x0, 0x0, 0x0, 0x0, 0x0, 0x0, 0x0, 0x0,
    0x1, 0xfe, 0x10, 0x0, 0x0, 0x0, 0x0, 0x0,
    0x0, 0x0, 0x0, 0x0, 0x72, 0x0, 0x0, 0x0,

    /* U+F2A4 "" */
    0x0, 0x0, 0x0, 0x0, 0x0, 0x0, 0x0, 0x0,
    0x0, 0x0, 0x0, 0x0, 0x0, 0x0, 0x0, 0x0,
    0x1c, 0x60, 0x0, 0x0, 0x0, 0x0, 0x0, 0x0,
    0x1, 0xdf, 0xc0, 0x0, 0x0, 0x0, 0x37, 0x97,
    0x30, 0x1d, 0xfd, 0x10, 0x0, 0x0, 0xa, 0xff,
    0xff, 0xfa, 0x3e, 0xd1, 0x0, 0x0, 0x0, 0xcf,
    0xb4, 0x24, 0xcf, 0xb2, 0x10, 0x0, 0x0, 0x6,
    0xfa, 0x5, 0x85, 0xa, 0xf6, 0x0, 0x0, 0x0,
    0xc, 0xf1, 0x8f, 0xff, 0x81, 0xfc, 0x0, 0x0,
    0x0, 0xf, 0xc0, 0xee, 0x4e, 0xe0, 0xcf, 0x0,
    0x0, 0x0, 0x8, 0x50, 0x85, 0x5, 0x80, 0xde,
    0x0, 0x0, 0x0, 0x0, 0x1, 0x10, 0x0, 0x3,
    0xfb, 0x0, 0x0, 0x0, 0x0, 0x1d, 0xd1, 0x0,
    0x2e, 0xf4, 0x0, 0x0, 0x0, 0x1, 0xdf, 0xd1,
    0x0, 0xcf, 0x60, 0x0, 0x0, 0x0, 0x1d, 0xfd,
    0x10, 0x0, 0xfc, 0x0, 0x0, 0x0, 0x1, 0xdf,
    0xd1, 0x0, 0x5, 0xf9, 0x0, 0x0, 0x0, 0xc,
    0xfd, 0x10, 0x3, 0xcf, 0xf2, 0x0, 0x0, 0x0,
    0x6, 0xc1, 0x0, 0x4, 0xec, 0x30, 0x0, 0x0,
    0x0,

    /* U+F2A5 "" */
    0x8f, 0xff, 0xff, 0xff, 0xff, 0xff, 0xf8, 0xff,
    0xff, 0xff, 0xff, 0xff, 0xff, 0xff, 0xff, 0xff,
    0xfb, 0x20, 0x3e, 0xff, 0xff, 0xff, 0xff, 0xc0,
    0x4b, 0x8, 0xff, 0xff, 0xff, 0xff, 0x50, 0xec,
    0x8, 0xff, 0xff, 0xff, 0xff, 0x11, 0xf9, 0xb,
    0xff, 0xff, 0xff, 0xff, 0x20, 0xf5, 0x6, 0x18,
    0xff, 0xff, 0xff, 0x80, 0x20, 0x6, 0xaa, 0xff,
    0xff, 0xff, 0xea, 0x70, 0x5f, 0xff, 0xff, 0xff,
    0xff, 0x14, 0xb0, 0xaf, 0xff, 0xff, 0xff, 0xff,
    0x9, 0x32, 0xff, 0xff, 0xff, 0xff, 0xff, 0x70,
    0x4d, 0xff, 0xff, 0xff, 0xff, 0xff, 0xff, 0xff,
    0xff, 0xff, 0xff, 0x8f, 0xff, 0xff, 0xff, 0xff,
    0xff, 0xf8,

    /* U+F2A6 "" */
    0x0, 0x7, 0xdf, 0xea, 0x10, 0x0, 0x0, 0x1c,
    0xff, 0xdf, 0xfb, 0x0, 0x0, 0xb, 0xff, 0x60,
    0x9f, 0xf0, 0x0, 0x3, 0xff, 0xb0, 0xb, 0xff,
    0x0, 0x0, 0x9f, 0xf5, 0x0, 0xef, 0xd0, 0x0,
    0xb, 0xff, 0x30, 0x1f, 0xfa, 0x0, 0x0, 0xcf,
    0xf3, 0x5, 0xff, 0x74, 0x99, 0x9, 0xff, 0x90,
    0x8f, 0xfd, 0xff, 0xf8, 0x2f, 0xff, 0xdf, 0xff,
    0xe8, 0x55, 0x70, 0x4d, 0xff, 0xff, 0xd0, 0x0,
    0x0, 0x2, 0x2, 0x5f, 0xf9, 0x0, 0x0, 0x6,
    0xff, 0x35, 0xff, 0x50, 0x0, 0x0, 0xdf, 0x70,
    0xaf, 0xe0, 0x0, 0x0, 0xf, 0xf1, 0x3f, 0xf6,
    0x0, 0x0, 0x0, 0xbf, 0xef, 0xfa, 0x0, 0x0,
    0x0, 0x1, 0xbf, 0xe7, 0x0, 0x0, 0x0, 0x0,

    /* U+F2A7 "" */
    0x0, 0x0, 0x0, 0x0, 0x0, 0x0, 0x0, 0x0,
    0x0, 0x0, 0x26, 0x5e, 0x30, 0x0, 0x0, 0x0,
    0x0, 0x8, 0xfb, 0xfe, 0x10, 0x0, 0x0, 0x0,
    0x3, 0x9e, 0xfc, 0xfb, 0x4, 0x70, 0x0, 0x0,
    0x8f, 0xcf, 0xed, 0xf8, 0xbf, 0x0, 0x0, 0x1,
    0xdf, 0xcf, 0xdf, 0xfe, 0xf1, 0x0, 0x0, 0x9b,
    0xce, 0xef, 0xff, 0xff, 0x10, 0x0, 0xc, 0xdd,
    0xcc, 0xff, 0xff, 0xf2, 0x0, 0x0, 0x2d, 0xcf,
    0xeb, 0xff, 0xff, 0x20, 0x6b, 0xbb, 0xbb, 0xff,
    0xfb, 0xef, 0xe1, 0xc, 0xff, 0xff, 0xff, 0xff,
    0xfb, 0xd2, 0x6, 0xbd, 0xdd, 0xdf, 0xff, 0xff,
    0xa0, 0x0, 0xaf, 0xff, 0xff, 0xff, 0xff, 0xfa,
    0x0, 0x0, 0x8d, 0xdd, 0xdf, 0xff, 0xff, 0xa0,
    0x0, 0xc, 0xff, 0xff, 0xff, 0xff, 0xfa, 0x0,
    0x0, 0x0, 0x9d, 0xdf, 0xff, 0xff, 0x80, 0x0,
    0x0, 0xb, 0xff, 0xff, 0xd9, 0x50, 0x0, 0x0,

    /* U+F2A8 "" */
    0x0, 0x0, 0x8b, 0x0, 0x0, 0x0, 0x0, 0x0,
    0x0, 0x0, 0x0, 0xd, 0xf9, 0x0, 0x0, 0x0,
    0x0, 0x0, 0x0, 0x0, 0x0, 0x3f, 0xf7, 0x89,
    0x98, 0x50, 0x0, 0x0, 0x0, 0x0, 0x1, 0xcf,
    0xff, 0xee, 0xff, 0xf9, 0x10, 0x0, 0x0, 0x5,
    0xff, 0xdf, 0xb1, 0x12, 0xbf, 0xfe, 0x30, 0x0,
    0x5, 0xff, 0x61, 0xef, 0xfb, 0x10, 0xaf, 0xff,
    0x50, 0x3, 0xfe, 0xfe, 0x15, 0xff, 0x30, 0x1,
    0xff, 0xff, 0x20, 0xce, 0x1b, 0xfa, 0xa, 0xfa,
    0x29, 0x2d, 0xff, 0xfc, 0xe, 0xf4, 0x1f, 0xf6,
    0xe, 0xff, 0xf2, 0xcf, 0xff, 0xe0, 0x5f, 0xe1,
    0x5f, 0xf2, 0x3f, 0xfe, 0xf, 0xff, 0xf5, 0x0,
    0x8f, 0xa0, 0xaf, 0xc0, 0x8f, 0xd8, 0xff, 0xf9,
    0x0, 0x0, 0x8f, 0x51, 0xef, 0x70, 0xcf, 0xff,
    0xf8, 0x0, 0x0, 0x0, 0x3b, 0x14, 0xff, 0x32,
    0xff, 0xd4, 0x0, 0x0, 0x0, 0x0, 0x1, 0x8,
    0xda, 0x6, 0xfe, 0x10, 0x0, 0x0, 0x0, 0x0,
    0x0, 0x0, 0x0, 0xb, 0xfb, 0x0, 0x0, 0x0,
    0x0, 0x0, 0x0, 0x0, 0x0, 0x1e, 0xb0, 0x0,
    0x0, 0x0, 0x0, 0x0, 0x0, 0x0, 0x0, 0x0,
    0x0, 0x0,

    /* U+F2A9 "" */
    0x0, 0x0, 0x0, 0x3, 0x0, 0x0, 0x2, 0x0,
    0x0, 0x0, 0x0, 0x16, 0x0, 0x3, 0xd5, 0x0,
    0x0, 0x0, 0x0, 0x60, 0x4c, 0xff, 0x90, 0x0,
    0x0, 0x0, 0x1, 0x5f, 0xff, 0xd9, 0x0, 0x0,
    0x26, 0x87, 0x27, 0xff, 0xcf, 0x70, 0x0, 0x9f,
    0xfe, 0xf3, 0x49, 0xcf, 0xf1, 0x0, 0xbf, 0x60,
    0x0, 0x6, 0x3c, 0xc4, 0x0, 0x6f, 0x40, 0x0,
    0x0, 0x90, 0x0, 0x0, 0xc, 0xa0, 0x0, 0x0,
    0xb, 0x4c, 0x0, 0x0, 0xf6, 0x0, 0x0, 0x0,
    0xc4, 0xf2, 0x0, 0xf, 0x50, 0x0, 0x0, 0x2a,
    0x3f, 0x20, 0x0, 0xe7, 0x0, 0x0, 0x7, 0x56,
    0xf0, 0x0, 0x9, 0xd0, 0x0, 0x0, 0xa0, 0xcb,
    0x0, 0x0, 0x1e, 0xa0, 0x0, 0x81, 0x9f, 0x30,
    0x0, 0x0, 0x4f, 0xd8, 0xb8, 0xdf, 0x50, 0x0,
    0x0, 0x0, 0x29, 0xef, 0xea, 0x20, 0x0, 0x0,

    /* U+F2AA "" */
    0x8f, 0xff, 0xff, 0xff, 0xff, 0xff, 0xf8, 0xff,
    0xff, 0xff, 0xff, 0xff, 0xff, 0xff, 0xff, 0xff,
    0xff, 0xfe, 0xff, 0xaf, 0xff, 0xff, 0xff, 0xff,
    0xfc, 0xd5, 0xc, 0xff, 0xff, 0xff, 0xfe, 0xde,
    0x30, 0xc, 0xff, 0xff, 0xfe, 0x42, 0x4b, 0x71,
    0x2f, 0xff, 0xff, 0xf4, 0x9f, 0xff, 0xac, 0xef,
    0xff, 0xff, 0xd3, 0xff, 0xfd, 0x76, 0xff, 0xff,
    0xff, 0xb5, 0xff, 0xfa, 0xa4, 0xff, 0xff, 0xff,
    0xe2, 0xff, 0xf8, 0xa7, 0xff, 0xff, 0xff, 0xf6,
    0x6f, 0xba, 0x2e, 0xff, 0xff, 0xff, 0xff, 0x72,
    0x13, 0xcf, 0xff, 0xff, 0xff, 0xff, 0xff, 0xff,
    0xff, 0xff, 0xff, 0x8f, 0xff, 0xff, 0xff, 0xff,
    0xff, 0xf8,

    /* U+F2AB "" */
    0x0, 0x0, 0x16, 0xab, 0xa8, 0x30, 0x0, 0x0,
    0x0, 0x7, 0xff, 0xff, 0xff, 0xfc, 0x20, 0x0,
    0x0, 0xaf, 0xff, 0xff, 0xff, 0xff, 0xe3, 0x0,
    0x8, 0xff, 0xfd, 0x40, 0x18, 0xff, 0xfe, 0x10,
    0x2f, 0xff, 0xf2, 0x0, 0x0, 0xaf, 0xff, 0xa0,
    0x9f, 0xff, 0xe0, 0x0, 0x0, 0x5f, 0xff, 0xf1,
    0xdf, 0xff, 0xe0, 0x0, 0x0, 0x5f, 0xff, 0xf5,
    0xff, 0xfb, 0x10, 0x0, 0x0, 0x3, 0xff, 0xf7,
    0xff, 0xff, 0xb0, 0x0, 0x0, 0x3f, 0xff, 0xf7,
    0xdf, 0xff, 0x40, 0x0, 0x0, 0xb, 0xff, 0xf5,
    0x9f, 0xb2, 0x0, 0x0, 0x0, 0x0, 0x5f, 0xf1,
    0x2f, 0xfa, 0x0, 0x0, 0x0, 0x4, 0xcf, 0xa0,
    0x8, 0xff, 0xfe, 0x60, 0x2a, 0xff, 0xfe, 0x10,
    0x0, 0xaf, 0xff, 0xff, 0xff, 0xff, 0xe3, 0x0,
    0x0, 0x7, 0xff, 0xff, 0xff, 0xfc, 0x20, 0x0,
    0x0, 0x0, 0x16, 0xab, 0xa8, 0x30, 0x0, 0x0,

    /* U+F2AC "" */
    0x0, 0x0, 0x0, 0x4, 0x42, 0x0, 0x0, 0x0,
    0x0, 0x0, 0x0, 0x8f, 0xff, 0xfb, 0x10, 0x0,
    0x0, 0x0, 0x0, 0x7f, 0xff, 0xff, 0xfc, 0x0,
    0x0, 0x0, 0x0, 0xf, 0xff, 0xff, 0xff, 0xf5,
    0x0, 0x0, 0x0, 0x3, 0xff, 0xff, 0xff, 0xff,
    0x70, 0x0, 0x0, 0x0, 0x3f, 0xff, 0xff, 0xff,
    0xf8, 0x0, 0x0, 0x0, 0x34, 0xff, 0xff, 0xff,
    0xff, 0x84, 0x0, 0x0, 0x1f, 0xff, 0xff, 0xff,
    0xff, 0xff, 0xf5, 0x0, 0x0, 0x19, 0xff, 0xff,
    0xff, 0xff, 0xc2, 0x0, 0x0, 0x0, 0x8f, 0xff,
    0xff, 0xff, 0xfc, 0x0, 0x0, 0x0, 0x3f, 0xff,
    0xff, 0xff, 0xff, 0xf7, 0x0, 0x0, 0x6f, 0xff,
    0xff, 0xff, 0xff, 0xff, 0xf9, 0x20, 0xaf, 0xff,
    0xff, 0xff, 0xff, 0xff, 0xff, 0xfe, 0x0, 0x2b,
    0xff, 0xff, 0xff, 0xff, 0xff, 0xf3, 0x0, 0x0,
    0x24, 0x4a, 0xff, 0xff, 0xd5, 0x44, 0x0, 0x0,
    0x0, 0x0, 0x4, 0xaa, 0x60, 0x0, 0x0, 0x0,

    /* U+F2AD "" */
    0x8f, 0xff, 0xff, 0xff, 0xff, 0xff, 0xf8, 0xff,
    0xff, 0xff, 0xff, 0xff, 0xff, 0xff, 0xff, 0xff,
    0xf6, 0x0, 0x6f, 0xff, 0xff, 0xff, 0xff, 0x60,
    0x0, 0x6, 0xff, 0xff, 0xff, 0xff, 0x20, 0x0,
    0x1, 0xff, 0xff, 0xff, 0xff, 0x20, 0x0, 0x1,
    0xff, 0xff, 0xff, 0xe2, 0x0, 0x0, 0x0, 0x1e,
    0xff, 0xff, 0xfe, 0x0, 0x0, 0x0, 0xef, 0xff,
    0xff, 0xf7, 0x0, 0x0, 0x0, 0x7f, 0xff, 0xfe,
    0x40, 0x0, 0x0, 0x0, 0x4, 0xdf, 0xff, 0xb1,
    0x0, 0x0, 0x0, 0x1b, 0xff, 0xff, 0xff, 0xf8,
    0x11, 0x8f, 0xff, 0xff, 0xff, 0xff, 0xff, 0xff,
    0xff, 0xff, 0xff, 0x8f, 0xff, 0xff, 0xff, 0xff,
    0xff, 0xf8,

    /* U+F2AE "" */
    0x3, 0xcf, 0xff, 0xff, 0xff, 0xff, 0xce, 0x3f,
    0xff, 0xff, 0xff, 0xff, 0xa9, 0xff, 0xbf, 0xff,
    0xff, 0xff, 0xe4, 0xaf, 0xff, 0xff, 0xff, 0xff,
    0xfc, 0x1a, 0xff, 0xff, 0xff, 0xff, 0xff, 0xc0,
    0x6f, 0xff, 0xff, 0xff, 0xff, 0xfd, 0x0, 0xef,
    0xff, 0xff, 0xff, 0xff, 0xe2, 0x4, 0xff, 0xff,
    0xff, 0xff, 0xff, 0x40, 0x9, 0xff, 0xff, 0xff,
    0xff, 0xf7, 0x0, 0xe, 0xff, 0xff, 0xff, 0xff,
    0xc0, 0x0, 0x9f, 0xff, 0xff, 0xff, 0xff, 0x20,
    0x7, 0xff, 0xff, 0xff, 0xff, 0xf6, 0x6, 0xef,
    0xff, 0xff, 0xff, 0xfc, 0xc5, 0xef, 0xff, 0xff,
    0xff, 0xff, 0xf3, 0xcf, 0xff, 0xff, 0xff, 0xff,
    0xfc, 0x30,

    /* U+F2B0 "" */
    0x0, 0x0, 0x3, 0xa8, 0x10, 0x0, 0x0, 0x0,
    0x1, 0x87, 0x9a, 0x97, 0x0, 0x0, 0x0, 0x69,
    0x7d, 0xcc, 0xd9, 0x95, 0x0, 0x39, 0x7b, 0xa8,
    0xd7, 0xa8, 0xc8, 0x93, 0x99, 0xeb, 0x9f, 0xdc,
    0xe9, 0x9f, 0x99, 0x8e, 0x99, 0xff, 0xff, 0xef,
    0x89, 0xe8, 0x8d, 0xaf, 0xff, 0xff, 0xfe, 0xf9,
    0xd8, 0x8a, 0xad, 0xff, 0xff, 0xff, 0xc9, 0xb8,
    0x8a, 0xad, 0xff, 0xff, 0xff, 0xc9, 0xb8, 0x8d,
    0xaf, 0xff, 0xff, 0xfe, 0xfa, 0xd8, 0x8e, 0x99,
    0xff, 0xff, 0xef, 0x89, 0xe8, 0x99, 0xeb, 0x9f,
    0xdc, 0xe9, 0x9f, 0x99, 0x3a, 0x8c, 0xa8, 0xd7,
    0xa8, 0xb8, 0x93, 0x0, 0x69, 0x8e, 0xcc, 0xc8,
    0x95, 0x0, 0x0, 0x1, 0x98, 0xa8, 0x97, 0x0,
    0x0, 0x0, 0x0, 0x3, 0xa8, 0x10, 0x0, 0x0,

    /* U+F2B1 "" */
    0x0, 0x0, 0x0, 0x0, 0x0, 0x65, 0x0, 0x0,
    0x0, 0x0, 0x0, 0x5, 0xfc, 0x0, 0x4, 0x99,
    0x99, 0x99, 0x5b, 0xf6, 0x40, 0x67, 0x0, 0x0,
    0x0, 0x1f, 0xf0, 0x67, 0xa0, 0x6, 0xc4, 0x0,
    0x7f, 0x90, 0x9, 0x90, 0x2, 0xfa, 0x0, 0xdf,
    0x30, 0x9, 0x90, 0x0, 0xcf, 0x3, 0xfd, 0x0,
    0x9, 0x90, 0x0, 0x6f, 0x49, 0xf7, 0x0, 0x9,
    0x90, 0x0, 0xf, 0xae, 0xf1, 0x0, 0x9, 0x90,
    0x0, 0x9, 0xff, 0xa0, 0x0, 0x9, 0x90, 0x0,
    0x4, 0xff, 0x40, 0x0, 0x9, 0x90, 0x0, 0x2,
    0xfd, 0x0, 0x0, 0x9, 0x91, 0x0, 0x8, 0xf6,
    0x0, 0x0, 0x9, 0x1a, 0x82, 0xaf, 0xd3, 0x77,
    0x77, 0x7c, 0x0, 0x12, 0xfa, 0x11, 0x22, 0x22,
    0x22, 0x0, 0x0, 0x0, 0x0, 0x0, 0x0, 0x0,

    /* U+F2B2 "" */
    0x0, 0x0, 0x0, 0x3, 0x68, 0xec, 0x0, 0x0,
    0x0, 0x0, 0x2, 0x9e, 0xff, 0xfe, 0x10, 0x0,
    0x0, 0x0, 0x2d, 0x59, 0xfc, 0x9b, 0xa0, 0x0,
    0x0, 0x0, 0xcf, 0x59, 0x60, 0x0, 0x64, 0x0,
    0x6, 0xec, 0xff, 0xfd, 0x0, 0x0, 0x6, 0x10,
    0x3f, 0xfd, 0xff, 0xf6, 0x0, 0x0, 0x8, 0xf5,
    0x9f, 0xcc, 0xff, 0xf4, 0x0, 0x0, 0x9, 0xfd,
    0xdf, 0x9b, 0xff, 0xf4, 0x41, 0x32, 0xd, 0xff,
    0xff, 0x77, 0xff, 0xf6, 0x2, 0x14, 0x7f, 0xff,
    0xff, 0x91, 0xff, 0xff, 0x60, 0x19, 0xce, 0xfc,
    0xbf, 0xc0, 0x5f, 0xff, 0xff, 0xfe, 0x3f, 0xf8,
    0x2f, 0xf2, 0x4, 0xdf, 0xff, 0x91, 0x8f, 0xe1,
    0x5, 0xfb, 0x0, 0x1, 0x10, 0x2, 0xfc, 0x20,
    0x37, 0xef, 0xb5, 0x76, 0x57, 0x6c, 0x60, 0x0,
    0xb, 0xff, 0xd0, 0x44, 0x5, 0x40, 0x0, 0x0,
    0x3, 0x87, 0x45, 0x77, 0x57, 0x60, 0x0, 0x0,

    /* U+F2B3 "" */
    0x0, 0x0, 0x16, 0xab, 0xa8, 0x40, 0x0, 0x0,
    0x0, 0x7, 0xff, 0xff, 0xff, 0xfc, 0x20, 0x0,
    0x0, 0xaf, 0xff, 0xff, 0xff, 0xff, 0xf4, 0x0,
    0x8, 0xff, 0xff, 0xff, 0xff, 0xff, 0xff, 0x20,
    0x2f, 0xfb, 0x42, 0x4b, 0xff, 0xff, 0xff, 0xb0,
    0x9f, 0x90, 0x59, 0x58, 0xff, 0xff, 0xff, 0xf2,
    0xde, 0x7, 0xff, 0xff, 0xff, 0xf8, 0x4f, 0xf6,
    0xfb, 0xd, 0xf9, 0x33, 0x3f, 0x71, 0x4, 0xf8,
    0xfb, 0xd, 0xf8, 0x0, 0xf, 0x93, 0x17, 0xf8,
    0xde, 0x6, 0xff, 0xf5, 0x3f, 0xf8, 0x5f, 0xf6,
    0x9f, 0x90, 0x59, 0x50, 0xbf, 0xff, 0xff, 0xf2,
    0x2f, 0xfb, 0x42, 0x4c, 0xff, 0xff, 0xff, 0xb0,
    0x8, 0xff, 0xff, 0xff, 0xff, 0xff, 0xff, 0x20,
    0x0, 0xaf, 0xff, 0xff, 0xff, 0xff, 0xf4, 0x0,
    0x0, 0x7, 0xff, 0xff, 0xff, 0xfc, 0x20, 0x0,
    0x0, 0x0, 0x16, 0xab, 0xa8, 0x40, 0x0, 0x0,

    /* U+F2B4 "" */
    0x7f, 0xff, 0xff, 0xff, 0xff, 0xff, 0xf7, 0xff,
    0xff, 0xff, 0xff, 0xff, 0xff, 0xff, 0xff, 0xf8,
    0x8f, 0xff, 0xff, 0xff, 0xff, 0xff, 0xf0, 0xf,
    0xff, 0xff, 0xff, 0xff, 0xff, 0xf5, 0x37, 0x45,
    0xaa, 0x6f, 0xff, 0xff, 0xf6, 0x0, 0x0, 0x0,
    0xf, 0xff, 0xff, 0xf6, 0x0, 0x0, 0x0, 0xf,
    0xff, 0xff, 0xf6, 0x0, 0x0, 0x0, 0xf, 0xff,
    0xff, 0xf6, 0x0, 0x0, 0x0, 0xf, 0xff, 0xff,
    0xf6, 0x2b, 0xed, 0x87, 0xcf, 0xff, 0xff, 0xf6,
    0x6f, 0xff, 0xff, 0xff, 0xff, 0xff, 0xfb, 0xaf,
    0xff, 0xff, 0xff, 0xff, 0xff, 0xff, 0xff, 0xff,
    0xff, 0xff, 0xff, 0x7f, 0xff, 0xff, 0xff, 0xff,
    0xff, 0xf7,

    /* U+F2B5 "" */
    0x0, 0x0, 0x7, 0xff, 0x72, 0xdf, 0xff, 0x70,
    0x0, 0x0, 0x0, 0x0, 0x7f, 0xf6, 0x3e, 0xff,
    0xff, 0xf8, 0x0, 0x0, 0xff, 0xf0, 0xff, 0x54,
    0xff, 0xfa, 0xff, 0xff, 0xf, 0xff, 0xff, 0xf0,
    0xfd, 0x1f, 0xff, 0x63, 0xff, 0xff, 0xf, 0xff,
    0xff, 0xf0, 0xfd, 0x1f, 0xf5, 0x5, 0xff, 0xff,
    0xf, 0xff, 0xff, 0xf0, 0xff, 0x61, 0x15, 0xe5,
    0x3e, 0xff, 0xf, 0xff, 0xff, 0xf0, 0xff, 0xfd,
    0xdf, 0xff, 0x81, 0xcf, 0xf, 0xff, 0xff, 0xf0,
    0xff, 0xff, 0xff, 0xff, 0xfb, 0x19, 0xf, 0xff,
    0xf4, 0xf0, 0xff, 0xff, 0xff, 0xff, 0xff, 0xd2,
    0xf, 0x4f, 0xff, 0xc0, 0x1c, 0xff, 0xff, 0xff,
    0xff, 0xf6, 0xc, 0xff, 0x0, 0x0, 0x0, 0xbf,
    0xff, 0xff, 0xf9, 0xa0, 0x0, 0x0, 0x0, 0x0,
    0x0, 0x9, 0xfc, 0x8f, 0x60, 0x0, 0x0, 0x0,
    0x0, 0x0, 0x0, 0x0, 0x0, 0x0, 0x0, 0x0,
    0x0, 0x0,

    /* U+F2B6 "" */
    0x0, 0x0, 0x0, 0x4d, 0xd4, 0x0, 0x0, 0x0,
    0x0, 0x0, 0x8, 0xff, 0xff, 0x80, 0x0, 0x0,
    0x0, 0x2, 0xcf, 0xff, 0xff, 0xfc, 0x20, 0x0,
    0x0, 0x5f, 0xff, 0xff, 0xff, 0xff, 0xf5, 0x0,
    0x9, 0xff, 0xff, 0xff, 0xff, 0xff, 0xff, 0x90,
    0xbf, 0xff, 0xff, 0xff, 0xff, 0xff, 0xff, 0xfb,
    0xff, 0xff, 0xff, 0xff, 0xff, 0xff, 0xff, 0xff,
    0xff, 0xff, 0xff, 0xff, 0xff, 0xff, 0xff, 0xff,
    0xfe, 0x6f, 0xff, 0xff, 0xff, 0xff, 0xf6, 0xef,
    0xff, 0x62, 0xcf, 0xff, 0xff, 0xfc, 0x26, 0xff,
    0xff, 0xfa, 0x19, 0xff, 0xff, 0x91, 0xaf, 0xff,
    0xff, 0xff, 0xe3, 0x4d, 0xd4, 0x3e, 0xff, 0xff,
    0xff, 0xff, 0xff, 0x81, 0x18, 0xff, 0xff, 0xff,
    0xff, 0xff, 0xff, 0xff, 0xff, 0xff, 0xff, 0xff,
    0xff, 0xff, 0xff, 0xff, 0xff, 0xff, 0xff, 0xff,
    0x8f, 0xff, 0xff, 0xff, 0xff, 0xff, 0xff, 0xf8,

    /* U+F2B8 "" */
    0x2, 0x7c, 0xe6, 0x0, 0x0, 0x0, 0x0, 0x6f,
    0xff, 0xff, 0xb2, 0x0, 0x0, 0x0, 0x21, 0xbe,
    0x93, 0x3, 0x0, 0x0, 0x0, 0x20, 0x3, 0x0,
    0x3, 0x0, 0x0, 0x0, 0x2, 0x3, 0x0, 0x3,
    0x0, 0x0, 0x0, 0x3, 0x3, 0x0, 0x13, 0x0,
    0x1, 0x0, 0x2, 0x94, 0x19, 0xb0, 0x1, 0xaf,
    0x91, 0x4, 0xcf, 0xff, 0xa4, 0x55, 0xbf, 0xe6,
    0x2, 0x1a, 0xc3, 0xa, 0xfe, 0x46, 0x13, 0x0,
    0x20, 0x20, 0x9, 0xff, 0x93, 0x22, 0x0, 0x30,
    0x30, 0x43, 0xa2, 0x35, 0x10, 0x0, 0x6c, 0x59,
    0xf7, 0x30, 0x30, 0x0, 0x0, 0x37, 0xfe, 0x44,
    0x63, 0x0, 0x0, 0x0, 0x21, 0x61, 0x3, 0x0,
    0x0, 0x0, 0x0, 0x3, 0x30, 0x31, 0x0, 0x0,
    0x0, 0x0, 0x0, 0x54, 0x0, 0x0, 0x0, 0x0,

    /* U+F2B9 "" */
    0x8f, 0xff, 0xff, 0xff, 0xff, 0xff, 0x80, 0xff,
    0xff, 0xff, 0xff, 0xff, 0xff, 0xf0, 0xff, 0xff,
    0xff, 0xff, 0xff, 0xff, 0xf0, 0xff, 0xff, 0xff,
    0xff, 0xff, 0xff, 0xff, 0xff, 0xff, 0xf5, 0x5,
    0xff, 0xff, 0xff, 0xff, 0xff, 0x90, 0x0, 0x9f,
    0xff, 0xf0, 0xff, 0xff, 0x90, 0x0, 0x9f, 0xff,
    0xf0, 0xff, 0xff, 0xf5, 0x5, 0xff, 0xff, 0xff,
    0xff, 0xff, 0xff, 0xff, 0xff, 0xff, 0xff, 0xff,
    0xfb, 0x20, 0x30, 0x1b, 0xff, 0xf0, 0xff, 0xf1,
    0x0, 0x0, 0x1, 0xff, 0xf0, 0xff, 0xf1, 0x0,
    0x0, 0x1, 0xff, 0xff, 0xff, 0xff, 0xff, 0xff,
    0xff, 0xff, 0xff, 0xff, 0xff, 0xff, 0xff, 0xff,
    0xff, 0xf0, 0xff, 0xff, 0xff, 0xff, 0xff, 0xff,
    0xf0, 0x8f, 0xff, 0xff, 0xff, 0xff, 0xff, 0x80,

    /* U+F2BB "" */
    0x8f, 0xff, 0xff, 0xff, 0xff, 0xff, 0xff, 0xff,
    0xf8, 0xff, 0xff, 0xff, 0xff, 0xff, 0xff, 0xff,
    0xff, 0xff, 0xff, 0xff, 0xff, 0xff, 0xff, 0xff,
    0xff, 0xff, 0xff, 0xff, 0xff, 0x50, 0x5f, 0xff,
    0xff, 0xff, 0xff, 0xff, 0xff, 0xf9, 0x0, 0x9,
    0xff, 0xf0, 0x0, 0x1, 0xff, 0xff, 0xf9, 0x0,
    0x9, 0xff, 0xff, 0xff, 0xff, 0xff, 0xff, 0xff,
    0x50, 0x5f, 0xff, 0xf0, 0x0, 0x1, 0xff, 0xff,
    0xff, 0xff, 0xff, 0xff, 0xff, 0xff, 0xff, 0xff,
    0xff, 0xa1, 0x3, 0x1, 0xbf, 0xf0, 0x0, 0x1,
    0xff, 0xff, 0x10, 0x0, 0x0, 0x1f, 0xff, 0xff,
    0xff, 0xff, 0xff, 0x10, 0x0, 0x0, 0x1f, 0xff,
    0xff, 0xff, 0xff, 0xff, 0xff, 0xff, 0xff, 0xff,
    0xff, 0xff, 0xff, 0xff, 0xff, 0xff, 0xff, 0xff,
    0xff, 0xff, 0xff, 0xff, 0xff, 0x8f, 0xff, 0xff,
    0xff, 0xff, 0xff, 0xff, 0xff, 0xf8,

    /* U+F2BD "" */
    0x0, 0x0, 0x28, 0xbd, 0xc9, 0x40, 0x0, 0x0,
    0x0, 0x9, 0xff, 0xff, 0xff, 0xfc, 0x20, 0x0,
    0x0, 0xcf, 0xff, 0xff, 0xff, 0xff, 0xe2, 0x0,
    0x9, 0xff, 0xff, 0x73, 0x5e, 0xff, 0xfd, 0x0,
    0x3f, 0xff, 0xf6, 0x0, 0x2, 0xff, 0xff, 0x70,
    0x9f, 0xff, 0xf1, 0x0, 0x0, 0xcf, 0xff, 0xe0,
    0xdf, 0xff, 0xf1, 0x0, 0x0, 0xdf, 0xff, 0xf2,
    0xff, 0xff, 0xf9, 0x0, 0x4, 0xff, 0xff, 0xf3,
    0xff, 0xff, 0xff, 0xb6, 0x9f, 0xff, 0xff, 0xf3,
    0xdf, 0xff, 0xff, 0xff, 0xff, 0xff, 0xff, 0xf1,
    0x9f, 0xff, 0x60, 0x1, 0x0, 0x4e, 0xff, 0xd0,
    0x2f, 0xf6, 0x0, 0x0, 0x0, 0x2, 0xff, 0x60,
    0x8, 0xfc, 0x10, 0x0, 0x0, 0x9, 0xfc, 0x0,
    0x0, 0xaf, 0xe6, 0x20, 0x15, 0xcf, 0xd1, 0x0,
    0x0, 0x7, 0xff, 0xff, 0xff, 0xfa, 0x10, 0x0,
    0x0, 0x0, 0x16, 0xab, 0xa8, 0x20, 0x0, 0x0,

    /* U+F2C1 "" */
    0x8f, 0xff, 0xff, 0xff, 0xff, 0xf8, 0xff, 0xff,
    0x20, 0x2, 0xff, 0xff, 0xff, 0xff, 0xff, 0xff,
    0xff, 0xff, 0xff, 0xff, 0xff, 0xff, 0xff, 0xff,
    0xff, 0xff, 0xff, 0xff, 0xff, 0xff, 0xff, 0xff,
    0xb1, 0x1b, 0xff, 0xff, 0xff, 0xff, 0x10, 0x1,
    0xff, 0xff, 0xff, 0xff, 0x10, 0x1, 0xff, 0xff,
    0xff, 0xff, 0xb1, 0x1b, 0xff, 0xff, 0xff, 0xff,
    0xff, 0xff, 0xff, 0xff, 0xff, 0xf5, 0x2, 0x20,
    0x5f, 0xff, 0xff, 0x90, 0x0, 0x0, 0x9, 0xff,
    0xff, 0x90, 0x0, 0x0, 0x9, 0xff, 0xff, 0xff,
    0xff, 0xff, 0xff, 0xff, 0xff, 0xff, 0xff, 0xff,
    0xff, 0xff, 0x8f, 0xff, 0xff, 0xff, 0xff, 0xf8,

    /* U+F2C2 "" */
    0x8f, 0xff, 0xff, 0xff, 0xff, 0xff, 0xff, 0xff,
    0xf8, 0xff, 0xff, 0xff, 0xff, 0xff, 0xff, 0xff,
    0xff, 0xff, 0x0, 0x0, 0x0, 0x0, 0x0, 0x0,
    0x0, 0x0, 0x0, 0xff, 0xff, 0xff, 0xff, 0xff,
    0xff, 0xff, 0xff, 0xff, 0xff, 0xff, 0xff, 0xff,
    0xff, 0xff, 0xff, 0xff, 0xff, 0xff, 0xff, 0x50,
    0x5f, 0xff, 0xf0, 0x0, 0x1, 0xff, 0xff, 0xf9,
    0x0, 0x9, 0xff, 0xff, 0xff, 0xff, 0xff, 0xff,
    0xf9, 0x0, 0x9, 0xff, 0xf0, 0x0, 0x1, 0xff,
    0xff, 0xff, 0x50, 0x5f, 0xff, 0xff, 0xff, 0xff,
    0xff, 0xff, 0xff, 0xff, 0xff, 0xff, 0xf0, 0x0,
    0x1, 0xff, 0xff, 0xb1, 0x3, 0x1, 0xbf, 0xff,
    0xff, 0xff, 0xff, 0xff, 0x30, 0x0, 0x0, 0x3f,
    0xff, 0xff, 0xff, 0xff, 0xff, 0xff, 0xff, 0xff,
    0xff, 0xff, 0xff, 0xff, 0xff, 0x8f, 0xff, 0xff,
    0xff, 0xff, 0xff, 0xff, 0xff, 0xf8,

    /* U+F2C4 "" */
    0x0, 0x3, 0xae, 0xfe, 0x92, 0x0, 0x0, 0x0,
    0x9f, 0xc5, 0x36, 0xdf, 0x60, 0x0, 0x8, 0xfd,
    0x0, 0x0, 0x1e, 0xf6, 0x0, 0x2f, 0xf6, 0x0,
    0x0, 0x8, 0xfe, 0x10, 0x8f, 0xf2, 0x0, 0x0,
    0x5, 0xff, 0x50, 0xbf, 0xf1, 0x0, 0x0, 0x3,
    0xff, 0x80, 0xcf, 0xf1, 0x0, 0x0, 0x3, 0xff,
    0x80, 0x9f, 0xf2, 0x3, 0x42, 0x4, 0xff, 0x60,
    0x4f, 0xf5, 0x8f, 0xff, 0x97, 0xff, 0x20, 0xc,
    0xfb, 0x1, 0x9f, 0xff, 0xf9, 0x0, 0x1, 0xcf,
    0x81, 0xd, 0xff, 0xb0, 0x0, 0x0, 0x7, 0xef,
    0xff, 0xff, 0xb0, 0x5a, 0x0, 0x0, 0x3, 0x42,
    0xaf, 0xff, 0xf7, 0x0, 0x0, 0x0, 0x0, 0x9,
    0xef, 0x90,

    /* U+F2C5 "" */
    0x0, 0x68, 0x0, 0x2, 0x0, 0x0, 0x0, 0x86,
    0x0, 0x4, 0xd1, 0x0, 0x4, 0xe2, 0x0, 0x0,
    0x1e, 0x40, 0xe, 0x30, 0x0, 0x0, 0xfa, 0x0,
    0x0, 0x4, 0xd0, 0x5b, 0x0, 0x0, 0x6, 0xfe,
    0x53, 0x0, 0x0, 0xc4, 0x96, 0x0, 0x0, 0xe,
    0xee, 0xdd, 0x0, 0x0, 0x78, 0xb4, 0x0, 0x0,
    0x7f, 0xd6, 0xff, 0x20, 0x0, 0x4b, 0xb4, 0x0,
    0x0, 0xbf, 0x23, 0x6f, 0x20, 0x0, 0x4b, 0x96,
    0x0, 0x0, 0x8a, 0x0, 0xd, 0x0, 0x0, 0x69,
    0x5b, 0x0, 0x0, 0xa, 0x10, 0x62, 0x0, 0x0,
    0xa6, 0xe, 0x20, 0x0, 0x0, 0x10, 0x0, 0x0,
    0x2, 0xe0, 0x6, 0xc0, 0x1c, 0xdd, 0xdd, 0xdd,
    0xd8, 0xb, 0x70, 0x0, 0x89, 0x2, 0x33, 0x33,
    0x33, 0x31, 0x89, 0x0, 0x0, 0x0, 0x0, 0x0,
    0x0, 0x0, 0x0, 0x0, 0x0,

    /* U+F2C6 "" */
    0x0, 0x0, 0x4, 0x89, 0x96, 0x20, 0x0, 0x0,
    0x0, 0x5, 0xef, 0xff, 0xff, 0xfa, 0x10, 0x0,
    0x0, 0x8f, 0xff, 0xff, 0xff, 0xff, 0xe2, 0x0,
    0x7, 0xff, 0xff, 0xff, 0xff, 0xff, 0xfd, 0x10,
    0x1f, 0xff, 0xff, 0xff, 0xff, 0xff, 0xff, 0x90,
    0x8f, 0xff, 0xff, 0xff, 0xfa, 0x48, 0xff, 0xf0,
    0xdf, 0xff, 0xff, 0xc6, 0x14, 0x9, 0xff, 0xf5,
    0xff, 0xff, 0x93, 0x3, 0x91, 0xd, 0xff, 0xf7,
    0xff, 0xf8, 0x20, 0x9b, 0x0, 0xf, 0xff, 0xf7,
    0xdf, 0xff, 0xff, 0xb0, 0x0, 0x4f, 0xff, 0xf5,
    0x9f, 0xff, 0xff, 0x63, 0x0, 0x7f, 0xff, 0xf1,
    0x3f, 0xff, 0xff, 0xbf, 0xc2, 0xbf, 0xff, 0xb0,
    0x9, 0xff, 0xff, 0xff, 0xff, 0xff, 0xff, 0x20,
    0x0, 0xcf, 0xff, 0xff, 0xff, 0xff, 0xf4, 0x0,
    0x0, 0x9, 0xff, 0xff, 0xff, 0xfd, 0x30, 0x0,
    0x0, 0x0, 0x28, 0xbd, 0xca, 0x50, 0x0, 0x0,

    /* U+F2C7 "" */
    0x0, 0x8e, 0xe8, 0x0, 0x8, 0xfa, 0xaf, 0x80,
    0xe, 0xac, 0xca, 0xe0, 0xf, 0x8f, 0xf8, 0xf0,
    0xf, 0x8f, 0xf8, 0xf0, 0xf, 0x8f, 0xf8, 0xf0,
    0xf, 0x8f, 0xf8, 0xf0, 0xf, 0x8f, 0xf8, 0xf0,
    0xf, 0x8f, 0xf8, 0xf0, 0x2f, 0x7f, 0xf7, 0xf2,
    0xae, 0x6f, 0xf5, 0xea, 0xe9, 0xef, 0xfe, 0x9e,
    0xf9, 0xef, 0xfe, 0x9f, 0xae, 0x7e, 0xe6, 0xfb,
    0x2e, 0xe9, 0x9f, 0xe2, 0x2, 0xbf, 0xfb, 0x20,

    /* U+F2C8 "" */
    0x0, 0x8e, 0xe8, 0x0, 0x8, 0xfa, 0xaf, 0x80,
    0xe, 0xa0, 0xa, 0xe0, 0xf, 0x80, 0x8, 0xf0,
    0xf, 0x8c, 0xc8, 0xf0, 0xf, 0x8f, 0xf8, 0xf0,
    0xf, 0x8f, 0xf8, 0xf0, 0xf, 0x8f, 0xf8, 0xf0,
    0xf, 0x8f, 0xf8, 0xf0, 0x2f, 0x7f, 0xf7, 0xf2,
    0xae, 0x6f, 0xf5, 0xea, 0xe9, 0xef, 0xfe, 0x9e,
    0xf9, 0xef, 0xfe, 0x9f, 0xae, 0x7e, 0xe6, 0xfb,
    0x2e, 0xe9, 0x9f, 0xe2, 0x2, 0xbf, 0xfb, 0x20,

    /* U+F2C9 "" */
    0x0, 0x8e, 0xe8, 0x0, 0x8, 0xfa, 0xaf, 0x80,
    0xe, 0xa0, 0xa, 0xe0, 0xf, 0x80, 0x8, 0xf0,
    0xf, 0x80, 0x8, 0xf0, 0xf, 0x80, 0x8, 0xf0,
    0xf, 0x8c, 0xc8, 0xf0, 0xf, 0x8f, 0xf8, 0xf0,
    0xf, 0x8f, 0xf8, 0xf0, 0x2f, 0x7f, 0xf7, 0xf2,
    0xae, 0x6f, 0xf5, 0xea, 0xe9, 0xef, 0xfe, 0x9e,
    0xf9, 0xef, 0xfe, 0x9f, 0xae, 0x7e, 0xe6, 0xfb,
    0x2e, 0xe9, 0x9f, 0xe2, 0x2, 0xbf, 0xfb, 0x20,

    /* U+F2CA "" */
    0x0, 0x8e, 0xe8, 0x0, 0x8, 0xfa, 0xaf, 0x80,
    0xe, 0xa0, 0xa, 0xe0, 0xf, 0x80, 0x8, 0xf0,
    0xf, 0x80, 0x8, 0xf0, 0xf, 0x80, 0x8, 0xf0,
    0xf, 0x80, 0x8, 0xf0, 0xf, 0x80, 0x8, 0xf0,
    0xf, 0x8c, 0xc8, 0xf0, 0x2f, 0x7f, 0xf7, 0xf2,
    0xae, 0x6f, 0xf5, 0xea, 0xe9, 0xef, 0xfe, 0x9e,
    0xf9, 0xef, 0xfe, 0x9f, 0xae, 0x7e, 0xe6, 0xfb,
    0x2e, 0xe9, 0x9f, 0xe2, 0x2, 0xbf, 0xfb, 0x20,

    /* U+F2CB "" */
    0x0, 0x8e, 0xe8, 0x0, 0x8, 0xfa, 0xaf, 0x80,
    0xe, 0xa0, 0xa, 0xe0, 0xf, 0x80, 0x8, 0xf0,
    0xf, 0x80, 0x8, 0xf0, 0xf, 0x80, 0x8, 0xf0,
    0xf, 0x80, 0x8, 0xf0, 0xf, 0x80, 0x8, 0xf0,
    0xf, 0x80, 0x8, 0xf0, 0x2f, 0x70, 0x7, 0xf2,
    0xae, 0x6e, 0xe6, 0xea, 0xe9, 0xef, 0xfe, 0x9e,
    0xf9, 0xef, 0xfe, 0x9f, 0xae, 0x7e, 0xe6, 0xfb,
    0x2e, 0xe9, 0x9f, 0xe2, 0x2, 0xbf, 0xfb, 0x20,

    /* U+F2CC "" */
    0x0, 0x8e, 0xfd, 0x70, 0x0, 0x0, 0x0, 0x0,
    0xc, 0xff, 0xff, 0xfe, 0xfc, 0x64, 0x0, 0x0,
    0x8f, 0xd3, 0x8, 0xff, 0xff, 0xff, 0x40, 0x0,
    0xef, 0x30, 0xd, 0xff, 0xff, 0xfd, 0x10, 0x0,
    0xff, 0x0, 0xf, 0xff, 0xff, 0xd1, 0x0, 0x0,
    0xff, 0x0, 0xd, 0xff, 0xfd, 0x1b, 0xb, 0xb,
    0xff, 0x0, 0x5, 0xff, 0xd1, 0xb0, 0xb0, 0xb0,
    0xff, 0x0, 0x4, 0xfd, 0x1b, 0xb, 0xb, 0x0,
    0xff, 0x0, 0x0, 0x41, 0x0, 0xb0, 0xb0, 0x0,
    0xff, 0x0, 0x0, 0x0, 0xb, 0xb, 0x0, 0x0,
    0xff, 0x0, 0x0, 0x0, 0x0, 0xb0, 0x0, 0x0,
    0xff, 0x0, 0x0, 0x0, 0xb, 0x0, 0x0, 0x0,
    0xff, 0x0, 0x0, 0x0, 0x0, 0x0, 0x0, 0x0,
    0xff, 0x0, 0x0, 0x0, 0x0, 0x0, 0x0, 0x0,

    /* U+F2CD "" */
    0x1, 0xbf, 0xc2, 0x0, 0x0, 0x0, 0x0, 0x0,
    0xb, 0xe8, 0xef, 0xf9, 0x10, 0x0, 0x0, 0x0,
    0xf, 0x80, 0xdf, 0xff, 0x50, 0x0, 0x0, 0x0,
    0xf, 0x80, 0xef, 0xf6, 0x0, 0x0, 0x0, 0x0,
    0xf, 0x80, 0x9f, 0x60, 0x0, 0x0, 0x0, 0x0,
    0xf, 0x80, 0x15, 0x0, 0x0, 0x0, 0x0, 0x0,
    0xf, 0x80, 0x0, 0x0, 0x0, 0x0, 0x0, 0x0,
    0xdf, 0xff, 0xff, 0xff, 0xff, 0xff, 0xff, 0xfd,
    0xdf, 0xff, 0xff, 0xff, 0xff, 0xff, 0xff, 0xfd,
    0xf, 0xff, 0xff, 0xff, 0xff, 0xff, 0xff, 0xf0,
    0xe, 0xff, 0xff, 0xff, 0xff, 0xff, 0xff, 0xe0,
    0x8, 0xff, 0xff, 0xff, 0xff, 0xff, 0xff, 0x80,
    0x0, 0xff, 0xff, 0xff, 0xff, 0xff, 0xff, 0x0,
    0x0, 0xdd, 0x0, 0x0, 0x0, 0x0, 0xdd, 0x0,

    /* U+F2CE "" */
    0x0, 0x1, 0x8d, 0xff, 0xd8, 0x10, 0x0, 0x0,
    0x5f, 0xfb, 0x88, 0xbf, 0xf5, 0x0, 0x5, 0xfc,
    0x25, 0x99, 0x53, 0xcf, 0x50, 0x1f, 0xc2, 0xdf,
    0xff, 0xfc, 0x2c, 0xf1, 0x8f, 0x2c, 0xf5, 0x0,
    0x5f, 0xc3, 0xf8, 0xdb, 0x4f, 0x64, 0xee, 0x46,
    0xf4, 0xbd, 0xf8, 0x7f, 0x1e, 0xff, 0xe1, 0xf7,
    0x8f, 0xf8, 0x6f, 0x1e, 0xff, 0xe2, 0xf7, 0x9f,
    0xdb, 0x2f, 0x74, 0xee, 0x48, 0xf3, 0xbd, 0x8f,
    0x29, 0xb0, 0x33, 0xb, 0x92, 0xf8, 0x1f, 0xc0,
    0xc, 0xff, 0xc0, 0xc, 0xf1, 0x4, 0xfc, 0xf,
    0xff, 0xf0, 0xcf, 0x40, 0x0, 0x5e, 0x1e, 0xff,
    0xd2, 0xe4, 0x0, 0x0, 0x1, 0xb, 0xff, 0xb0,
    0x10, 0x0, 0x0, 0x0, 0x8, 0xff, 0x80, 0x0,
    0x0, 0x0, 0x0, 0x2, 0xee, 0x20, 0x0, 0x0,

    /* U+F2D0 "" */
    0x8f, 0xff, 0xff, 0xff, 0xff, 0xff, 0xff, 0xf8,
    0xff, 0xff, 0xff, 0xff, 0xff, 0xff, 0xff, 0xff,
    0xff, 0x0, 0x0, 0x0, 0x0, 0x0, 0x0, 0xff,
    0xff, 0x0, 0x0, 0x0, 0x0, 0x0, 0x0, 0xff,
    0xff, 0x0, 0x0, 0x0, 0x0, 0x0, 0x0, 0xff,
    0xff, 0xff, 0xff, 0xff, 0xff, 0xff, 0xff, 0xff,
    0xff, 0xff, 0xff, 0xff, 0xff, 0xff, 0xff, 0xff,
    0xff, 0xff, 0xff, 0xff, 0xff, 0xff, 0xff, 0xff,
    0xff, 0xff, 0xff, 0xff, 0xff, 0xff, 0xff, 0xff,
    0xff, 0xff, 0xff, 0xff, 0xff, 0xff, 0xff, 0xff,
    0xff, 0xff, 0xff, 0xff, 0xff, 0xff, 0xff, 0xff,
    0xff, 0xff, 0xff, 0xff, 0xff, 0xff, 0xff, 0xff,
    0xff, 0xff, 0xff, 0xff, 0xff, 0xff, 0xff, 0xff,
    0x8f, 0xff, 0xff, 0xff, 0xff, 0xff, 0xff, 0xf8,

    /* U+F2D1 "" */
    0x8f, 0xff, 0xff, 0xff, 0xff, 0xff, 0xff, 0xf8,
    0xff, 0xff, 0xff, 0xff, 0xff, 0xff, 0xff, 0xff,
    0xff, 0xff, 0xff, 0xff, 0xff, 0xff, 0xff, 0xff,
    0x8f, 0xff, 0xff, 0xff, 0xff, 0xff, 0xff, 0xf8,

    /* U+F2D2 "" */
    0x0, 0x0, 0x8f, 0xff, 0xff, 0xff, 0xff, 0xf8,
    0x0, 0x0, 0xff, 0xff, 0xff, 0xff, 0xff, 0xff,
    0x0, 0x0, 0xff, 0xff, 0xff, 0xff, 0xff, 0xff,
    0x0, 0x0, 0x0, 0x0, 0x0, 0x4, 0xef, 0xff,
    0x8f, 0xff, 0xff, 0xff, 0xff, 0xf8, 0x4f, 0xff,
    0xff, 0xff, 0xff, 0xff, 0xff, 0xff, 0xf, 0xff,
    0xff, 0x0, 0x0, 0x0, 0x2, 0xff, 0xf, 0xff,
    0xff, 0x0, 0x0, 0x0, 0x2, 0xff, 0xf, 0xff,
    0xff, 0xff, 0xff, 0xff, 0xff, 0xff, 0xf, 0xff,
    0xff, 0xff, 0xff, 0xff, 0xff, 0xff, 0xf, 0xff,
    0xff, 0xff, 0xff, 0xff, 0xff, 0xff, 0xf, 0xff,
    0xff, 0xff, 0xff, 0xff, 0xff, 0xff, 0xf, 0xf8,
    0xff, 0xff, 0xff, 0xff, 0xff, 0xff, 0x0, 0x0,
    0xff, 0xff, 0xff, 0xff, 0xff, 0xff, 0x0, 0x0,
    0xff, 0xff, 0xff, 0xff, 0xff, 0xff, 0x0, 0x0,
    0x8f, 0xff, 0xff, 0xff, 0xff, 0xf8, 0x0, 0x0,

    /* U+F2D5 "" */
    0x0, 0x0, 0x39, 0xde, 0xeb, 0x60, 0x0, 0x0,
    0x0, 0xa, 0xff, 0xff, 0xff, 0xfe, 0x40, 0x0,
    0x0, 0xcf, 0xff, 0xff, 0xff, 0xff, 0xf5, 0x0,
    0x9, 0xff, 0xff, 0xff, 0xff, 0xff, 0xff, 0x20,
    0x3f, 0xff, 0xff, 0xff, 0xff, 0xff, 0xff, 0xb0,
    0x9f, 0xff, 0xff, 0x65, 0x55, 0x58, 0xff, 0xf1,
    0xdf, 0xff, 0xfa, 0x0, 0x0, 0xa, 0xff, 0xf5,
    0xff, 0xff, 0xf2, 0x0, 0x0, 0x2f, 0xff, 0xf7,
    0xff, 0xff, 0xa0, 0x0, 0x0, 0xaf, 0xff, 0xf7,
    0xdf, 0xff, 0x20, 0x0, 0x2, 0xff, 0xff, 0xf5,
    0x9f, 0xfd, 0x55, 0x55, 0x5b, 0xff, 0xff, 0xf1,
    0x3f, 0xff, 0xff, 0xff, 0xff, 0xff, 0xff, 0xb0,
    0xa, 0xff, 0xff, 0xff, 0xff, 0xff, 0xff, 0x20,
    0x0, 0xcf, 0xff, 0xff, 0xff, 0xff, 0xf5, 0x0,
    0x0, 0xa, 0xff, 0xff, 0xff, 0xfe, 0x40, 0x0,
    0x0, 0x0, 0x39, 0xde, 0xeb, 0x60, 0x0, 0x0,

    /* U+F2D6 "" */
    0x0, 0x0, 0x16, 0xbc, 0xdb, 0x61, 0x0, 0x0,
    0x0, 0x6, 0xef, 0xfc, 0x9f, 0xfe, 0x60, 0x0,
    0x0, 0x8f, 0xff, 0xf9, 0x6e, 0x9b, 0xf8, 0x0,
    0x5, 0xff, 0xff, 0xfc, 0x48, 0xc4, 0xbf, 0x50,
    0xe, 0xff, 0xff, 0xfd, 0x5c, 0xfa, 0x8f, 0xe0,
    0x5f, 0xff, 0xff, 0xd1, 0x28, 0xeb, 0xef, 0xf5,
    0x9f, 0xff, 0xfe, 0x22, 0x94, 0x4, 0xff, 0xf9,
    0xbf, 0xff, 0xb0, 0x40, 0x42, 0x32, 0xdf, 0xfb,
    0xbf, 0xff, 0x10, 0x80, 0x5, 0xf5, 0x2d, 0xfb,
    0x9f, 0xfb, 0xb, 0x60, 0x6f, 0xff, 0x99, 0xf9,
    0x5f, 0xfd, 0xde, 0x0, 0xef, 0xff, 0xff, 0xf5,
    0xd, 0xff, 0xf9, 0xa, 0xff, 0xff, 0xff, 0xd0,
    0x4, 0xff, 0xc1, 0x6f, 0xff, 0xff, 0xff, 0x40,
    0x0, 0x6f, 0x76, 0xff, 0xff, 0xff, 0xf6, 0x0,
    0x0, 0x4, 0xdf, 0xff, 0xff, 0xfd, 0x40, 0x0,
    0x0, 0x0, 0x5, 0x9b, 0xb9, 0x50, 0x0, 0x0,

    /* U+F2D7 "" */
    0x0, 0x0, 0x0, 0x0, 0x0, 0x0, 0xdf, 0xee,
    0xee, 0xee, 0xff, 0xf4, 0x3, 0xff, 0x10, 0x0,
    0x7, 0xf3, 0x1, 0xff, 0x10, 0x0, 0x0, 0xf2,
    0x0, 0xff, 0x10, 0x0, 0x0, 0x81, 0x0, 0xff,
    0x10, 0x0, 0xa0, 0x0, 0x0, 0xff, 0x10, 0x3,
    0xd0, 0x0, 0x0, 0xff, 0xbb, 0xbe, 0xc0, 0x0,
    0x0, 0xff, 0x33, 0x4a, 0xc0, 0x0, 0x0, 0xff,
    0x0, 0x2, 0xd0, 0x0, 0x0, 0xff, 0x0, 0x0,
    0x20, 0x1, 0x1, 0xff, 0x0, 0x0, 0x0, 0xd,
    0x1, 0xff, 0x0, 0x0, 0x0, 0x6c, 0x4, 0xff,
    0x50, 0x0, 0x4, 0xea, 0xef, 0xff, 0xee, 0xee,
    0xff, 0xf8,

    /* U+F2D8 "" */
    0x8f, 0xff, 0xff, 0xff, 0xff, 0xff, 0xf8, 0xff,
    0xff, 0xff, 0xff, 0xff, 0xff, 0xff, 0xff, 0xff,
    0xff, 0xff, 0xff, 0xff, 0xff, 0xff, 0xff, 0xff,
    0xff, 0xff, 0xff, 0xff, 0xff, 0xff, 0xff, 0xff,
    0xff, 0xff, 0xff, 0xff, 0x5, 0x32, 0x60, 0x28,
    0x6f, 0xff, 0xff, 0x5, 0x11, 0x60, 0x45, 0x22,
    0xff, 0xff, 0x5, 0x22, 0x60, 0x55, 0x51, 0xff,
    0xff, 0x5, 0x44, 0x60, 0x27, 0x23, 0xff, 0xff,
    0xff, 0xff, 0xff, 0xff, 0xff, 0xff, 0xff, 0xff,
    0xff, 0xff, 0xff, 0xff, 0xff, 0xff, 0xff, 0xff,
    0xff, 0xff, 0xff, 0xff, 0xff, 0xff, 0xff, 0xff,
    0xff, 0xff, 0xff, 0x8f, 0xff, 0xff, 0xff, 0xff,
    0xff, 0xf8,

    /* U+F2D9 "" */
    0x0, 0x0, 0x0, 0x0, 0x0, 0x0, 0x0, 0x0,
    0x0, 0x0, 0x0, 0x0, 0x4, 0x9c, 0xdb, 0x71,
    0x0, 0x0, 0x0, 0x0, 0x0, 0xcf, 0xa7, 0x68,
    0xdf, 0x60, 0x0, 0x0, 0x0, 0x5, 0xb1, 0x0,
    0x0, 0x5, 0xf6, 0x0, 0x0, 0x0, 0xc, 0x4a,
    0xde, 0xc0, 0x0, 0x3f, 0x20, 0x0, 0x0, 0x5e,
    0xf8, 0x20, 0x0, 0x0, 0x8, 0x80, 0x0, 0x0,
    0xce, 0x20, 0x0, 0x0, 0x0, 0x1, 0xc0, 0x0,
    0x3, 0xdc, 0x0, 0x0, 0x0, 0x0, 0x0, 0xa0,
    0x0, 0x9, 0x6b, 0x10, 0x0, 0x0, 0x82, 0x0,
    0x80, 0x1, 0x3d, 0x68, 0x60, 0x14, 0x9e, 0xa1,
    0x0, 0x70, 0x0, 0xb, 0x97, 0xf9, 0x97, 0x40,
    0x0, 0x2, 0x30, 0x0, 0x8, 0x71, 0xa7, 0x0,
    0x0, 0x0, 0x5, 0x0, 0x0, 0x2, 0x67, 0x2d,
    0x50, 0x0, 0x0, 0x42, 0x0, 0x0, 0x0, 0x40,
    0x75, 0xda, 0x20, 0x5, 0x20, 0x0, 0x0, 0x0,
    0x0, 0x3, 0x7c, 0xdc, 0x70, 0x0, 0x0,

    /* U+F2DA "" */
    0x8, 0xef, 0xff, 0xff, 0xff, 0xfe, 0x90, 0x8f,
    0xff, 0xff, 0xff, 0xff, 0xff, 0xf9, 0xef, 0xff,
    0xff, 0xa9, 0xc7, 0xef, 0xfe, 0xff, 0xff, 0xe2,
    0x0, 0x0, 0xef, 0xff, 0xff, 0xff, 0x62, 0xdf,
    0xab, 0xff, 0xff, 0xff, 0xff, 0x28, 0xd3, 0xbf,
    0xff, 0xff, 0xff, 0xff, 0x35, 0xf5, 0xb, 0xff,
    0xff, 0xff, 0xff, 0xb0, 0x5f, 0x44, 0xff, 0xff,
    0xff, 0xff, 0xfb, 0x3d, 0x72, 0xff, 0xff, 0xff,
    0xff, 0xbb, 0xfd, 0x26, 0xff, 0xff, 0xff, 0xfe,
    0x0, 0x0, 0x2e, 0xff, 0xff, 0xef, 0xfe, 0x7c,
    0x9a, 0xff, 0xff, 0xfe, 0x8f, 0xff, 0xff, 0xff,
    0xff, 0xff, 0xf8, 0x8, 0xef, 0xff, 0xff, 0xff,
    0xfe, 0x80,

    /* U+F2DB "" */
    0x0, 0x6, 0xff, 0xff, 0xff, 0xff, 0xa0, 0x0,
    0x0, 0x0, 0xcf, 0xff, 0xff, 0xff, 0xff, 0x20,
    0x0, 0x3, 0x1d, 0xff, 0xff, 0xff, 0xff, 0xf3,
    0x41, 0x9, 0xf6, 0xdf, 0xff, 0xff, 0xff, 0xff,
    0x4f, 0xd1, 0x3, 0x1d, 0xff, 0xff, 0xff, 0xff,
    0xf3, 0x41, 0x0, 0x31, 0xdf, 0xff, 0xff, 0xff,
    0xff, 0x34, 0x10, 0x9f, 0x6d, 0xff, 0xff, 0xff,
    0xff, 0xf4, 0xfd, 0x10, 0x31, 0xdf, 0xff, 0xff,
    0xff, 0xff, 0x34, 0x10, 0x3, 0x1d, 0xff, 0xff,
    0xff, 0xff, 0xf3, 0x41, 0x9, 0xf6, 0xdf, 0xff,
    0xff, 0xff, 0xff, 0x4f, 0xd1, 0x3, 0x1d, 0xff,
    0xff, 0xff, 0xff, 0xf3, 0x41, 0x0, 0x31, 0xdf,
    0xff, 0xff, 0xff, 0xff, 0x34, 0x10, 0x9f, 0x6d,
    0xff, 0xff, 0xff, 0xff, 0xf4, 0xfd, 0x10, 0x31,
    0xdf, 0xff, 0xff, 0xff, 0xff, 0x34, 0x10, 0x0,
    0xc, 0xff, 0xff, 0xff, 0xff, 0xf2, 0x0, 0x0,
    0x0, 0x6f, 0xff, 0xff, 0xff, 0xfa, 0x0, 0x0,

    /* U+F2DC "" */
    0x0, 0x0, 0x0, 0xe, 0xe0, 0x0, 0x0, 0x0,
    0x0, 0x0, 0x9, 0xbf, 0xfb, 0x90, 0x0, 0x0,
    0x0, 0x3, 0x16, 0xff, 0xff, 0x61, 0x30, 0x0,
    0x3, 0x4e, 0x90, 0x6f, 0xf6, 0x9, 0xe4, 0x30,
    0xd, 0xff, 0xd0, 0xf, 0xf0, 0xd, 0xff, 0xd0,
    0x5, 0xff, 0xf8, 0xf, 0xf0, 0x8f, 0xff, 0x50,
    0xc, 0xff, 0xff, 0xef, 0xfe, 0xff, 0xff, 0xc0,
    0x4, 0x40, 0x2a, 0xff, 0xff, 0xa2, 0x4, 0x40,
    0x4, 0x40, 0x2a, 0xff, 0xff, 0xa2, 0x4, 0x40,
    0xc, 0xff, 0xff, 0xef, 0xfe, 0xff, 0xff, 0xc0,
    0x5, 0xff, 0xf8, 0xf, 0xf0, 0x8f, 0xff, 0x50,
    0xd, 0xff, 0xd0, 0xf, 0xf0, 0xd, 0xff, 0xd0,
    0x3, 0x4e, 0x90, 0x6f, 0xf6, 0x9, 0xe4, 0x30,
    0x0, 0x3, 0x15, 0xff, 0xff, 0x51, 0x30, 0x0,
    0x0, 0x0, 0x9, 0xbf, 0xfb, 0x80, 0x0, 0x0,
    0x0, 0x0, 0x0, 0xe, 0xe0, 0x0, 0x0, 0x0,

    /* U+F2DD "" */
    0x0, 0x0, 0x0, 0x2, 0x46, 0x8a, 0xc6, 0x0,
    0x0, 0x7d, 0xff, 0xff, 0xff, 0x70, 0x0, 0x2d,
    0xfd, 0x99, 0xcf, 0xf9, 0x0, 0x1, 0xef, 0x50,
    0x0, 0x4, 0xfd, 0x0, 0x8, 0xf4, 0x0, 0x0,
    0x0, 0x4f, 0x80, 0xe, 0xc0, 0x0, 0x0, 0x0,
    0xc, 0xe0, 0xf, 0x80, 0x0, 0x0, 0x0, 0x8,
    0xf0, 0xf, 0x80, 0x0, 0x0, 0x0, 0x8, 0xf0,
    0xe, 0xb0, 0x0, 0x0, 0x0, 0xc, 0xd0, 0x8,
    0xf4, 0x0, 0x0, 0x0, 0x4f, 0x80, 0x1, 0xdf,
    0x40, 0x0, 0x4, 0xfd, 0x0, 0x0, 0x9f, 0xfc,
    0x99, 0xcf, 0xd2, 0x0, 0x7, 0xff, 0xff, 0xff,
    0xd7, 0x0, 0x0, 0x6c, 0xa8, 0x64, 0x20, 0x0,
    0x0, 0x0,

    /* U+F2DE "" */
    0x0, 0x0, 0x39, 0xdf, 0xfd, 0x93, 0x0, 0x0,
    0x0, 0x9, 0xe7, 0x20, 0x2, 0x7e, 0x90, 0x0,
    0x0, 0xba, 0x0, 0x0, 0x0, 0x0, 0xab, 0x0,
    0x9, 0xa0, 0x0, 0x0, 0x0, 0x0, 0xa, 0x90,
    0x3e, 0x0, 0x3e, 0x71, 0x0, 0x0, 0x0, 0xe3,
    0x97, 0x0, 0xaf, 0xf9, 0x40, 0x0, 0x0, 0x79,
    0xd2, 0x0, 0xdf, 0xf7, 0xfd, 0x10, 0x0, 0x2d,
    0xf0, 0x0, 0x5, 0x89, 0xfc, 0xab, 0x10, 0xf,
    0xf0, 0x0, 0x0, 0x9, 0x94, 0xde, 0x0, 0xf,
    0xd2, 0x0, 0x0, 0x7, 0xa0, 0x2, 0x0, 0x2d,
    0x97, 0x0, 0x0, 0x42, 0x52, 0x0, 0x0, 0x79,
    0x3e, 0x0, 0x0, 0x70, 0x7, 0x0, 0x0, 0xe3,
    0x9, 0xa0, 0x0, 0x0, 0x0, 0x0, 0xa, 0x90,
    0x0, 0xba, 0x0, 0x0, 0x0, 0x0, 0xab, 0x0,
    0x0, 0x9, 0xe7, 0x20, 0x2, 0x7e, 0x90, 0x0,
    0x0, 0x0, 0x39, 0xdf, 0xfd, 0x93, 0x0, 0x0,

    /* U+F2E0 "" */
    0x0, 0x0, 0x0, 0x0, 0x0, 0x0, 0x0, 0x0,
    0x0, 0x0, 0x0, 0x5, 0x10, 0x2, 0x50, 0x0,
    0x0, 0x0, 0x0, 0x0, 0x0, 0x0, 0x3, 0x90,
    0x0, 0x0, 0x0, 0x0, 0x0, 0x40, 0x7f, 0xfb,
    0x88, 0x30, 0x0, 0x0, 0x0, 0x1, 0x69, 0xff,
    0xff, 0xff, 0xf6, 0x0, 0x0, 0x0, 0x1, 0x9f,
    0xff, 0xff, 0xff, 0xff, 0x28, 0x0, 0x0, 0xb,
    0xff, 0x73, 0x71, 0x55, 0xdf, 0x44, 0x0, 0x0,
    0xf, 0xfc, 0x0, 0x0, 0x10, 0x9f, 0xf1, 0x3,
    0xd, 0x3e, 0xf7, 0x1, 0xa0, 0xa1, 0xef, 0xf4,
    0x0, 0x3, 0x3f, 0xf2, 0x6, 0x63, 0x84, 0xff,
    0xe1, 0x50, 0x0, 0x7f, 0xd0, 0xc, 0xa, 0x1a,
    0xff, 0xf1, 0x20, 0x0, 0x5f, 0xd0, 0x3f, 0xaf,
    0x16, 0xdf, 0xf2, 0x0, 0x0, 0xb, 0xfe, 0xff,
    0xff, 0xd7, 0xcf, 0xe0, 0x0, 0x0, 0x2, 0x7f,
    0xff, 0xff, 0xff, 0xfe, 0x30, 0x0, 0x0, 0x2,
    0x1f, 0xff, 0xff, 0xff, 0x41, 0x0, 0x0, 0x0,
    0x0, 0x2, 0xac, 0x7a, 0xb4, 0x7c, 0x0, 0x0,
    0x0, 0x0, 0x0, 0x0, 0x72, 0x0, 0x1, 0x0,
    0x0, 0x0, 0x0, 0x0, 0x0, 0x0, 0x0, 0x0,
    0x0, 0x0,

    /* U+F2E5 "" */
    0x0, 0x0, 0x0, 0x0, 0x0, 0x0, 0x0, 0x0,
    0x0, 0x0, 0x0, 0x0, 0x0, 0x4a, 0xef, 0xd5,
    0x0, 0x0, 0x0, 0x0, 0x0, 0xaf, 0xff, 0xff,
    0xf5, 0x0, 0x0, 0x0, 0x0, 0x9f, 0xff, 0xff,
    0xff, 0xd0, 0x0, 0x0, 0x0, 0x2f, 0xff, 0xff,
    0xff, 0xff, 0x0, 0x0, 0x0, 0x6, 0xff, 0xff,
    0xff, 0xff, 0xe0, 0x0, 0x0, 0x0, 0x6f, 0xff,
    0xff, 0xff, 0xfa, 0x0, 0x0, 0x0, 0x2, 0xff,
    0xff, 0xff, 0xff, 0x40, 0x0, 0x0, 0x0, 0xaf,
    0xff, 0xff, 0xff, 0xa0, 0x0, 0x0, 0x0, 0xbf,
    0xff, 0xff, 0xff, 0x90, 0x0, 0x0, 0x1, 0xcf,
    0xff, 0xa2, 0x66, 0x20, 0x0, 0x0, 0x2, 0xdf,
    0xff, 0xb0, 0x0, 0x0, 0x0, 0x0, 0x3, 0xef,
    0xff, 0xc0, 0x0, 0x0, 0x0, 0x0, 0x4, 0xff,
    0xff, 0xd1, 0x0, 0x0, 0x0, 0x0, 0x0, 0xef,
    0xff, 0xe2, 0x0, 0x0, 0x0, 0x0, 0x0, 0x6,
    0xff, 0xf3, 0x0, 0x0, 0x0, 0x0, 0x0, 0x0,
    0x6, 0xe4, 0x0, 0x0, 0x0, 0x0, 0x0, 0x0,
    0x0,

    /* U+F2E7 "" */
    0x6e, 0x2f, 0x2e, 0x60, 0x0, 0x5d, 0xda, 0xf4,
    0xf4, 0xfa, 0x0, 0x6f, 0xff, 0xcf, 0x5f, 0x5f,
    0xc0, 0x2f, 0xff, 0xfe, 0xf6, 0xf6, 0xfe, 0x9,
    0xff, 0xff, 0xff, 0x7f, 0x7f, 0xf0, 0xef, 0xff,
    0xfd, 0xff, 0xff, 0xfd, 0xf, 0xff, 0xff, 0x6f,
    0xff, 0xff, 0x60, 0xcf, 0xff, 0xf0, 0x6f, 0xff,
    0x60, 0x6, 0xff, 0xff, 0x0, 0xef, 0xe0, 0x0,
    0xa, 0xff, 0xf0, 0xf, 0xff, 0x0, 0x0, 0xd,
    0xff, 0x0, 0xff, 0xf0, 0x0, 0x0, 0xdf, 0xf0,
    0xf, 0xff, 0x0, 0x0, 0xf, 0xff, 0x1, 0xff,
    0xf1, 0x0, 0x0, 0xff, 0xf0, 0x2f, 0xff, 0x20,
    0x0, 0x1f, 0xff, 0x3, 0xff, 0xf3, 0x0, 0x3,
    0xff, 0xf0, 0x2f, 0xff, 0x20, 0x0, 0x2f, 0xfd,

    /* U+F2EA "" */
    0x0, 0x0, 0x3, 0x79, 0x97, 0x30, 0x0, 0x0,
    0x78, 0x3, 0xcf, 0xff, 0xff, 0xfc, 0x20, 0x0,
    0xcf, 0xbf, 0xff, 0xfe, 0xef, 0xff, 0xf5, 0x0,
    0xcf, 0xff, 0xf8, 0x10, 0x1, 0x8f, 0xff, 0x20,
    0xcf, 0xff, 0xb0, 0x0, 0x0, 0x4, 0xff, 0xd0,
    0xcf, 0xff, 0xf9, 0x0, 0x0, 0x0, 0x7f, 0xf4,
    0x7d, 0xdd, 0xda, 0x0, 0x0, 0x0, 0xf, 0xf8,
    0x0, 0x0, 0x0, 0x0, 0x0, 0x0, 0xd, 0xfb,
    0x0, 0x0, 0x0, 0x0, 0x0, 0x0, 0xc, 0xfb,
    0x0, 0x0, 0x0, 0x0, 0x0, 0x0, 0xf, 0xf9,
    0x0, 0x0, 0x0, 0x0, 0x0, 0x0, 0x5f, 0xf5,
    0x0, 0x0, 0x0, 0x0, 0x0, 0x2, 0xef, 0xe0,
    0x0, 0x6, 0xe4, 0x0, 0x0, 0x4e, 0xff, 0x50,
    0x0, 0x3f, 0xff, 0xda, 0xad, 0xff, 0xf8, 0x0,
    0x0, 0x6, 0xff, 0xff, 0xff, 0xfe, 0x60, 0x0,
    0x0, 0x0, 0x17, 0xbd, 0xdb, 0x61, 0x0, 0x0,

    /* U+F2ED "" */
    0x0, 0x0, 0x7f, 0xff, 0xf7, 0x0, 0x0, 0xef,
    0xff, 0xff, 0xff, 0xff, 0xff, 0xfe, 0xef, 0xff,
    0xff, 0xff, 0xff, 0xff, 0xfe, 0x0, 0x0, 0x0,
    0x0, 0x0, 0x0, 0x0, 0xf, 0xff, 0xff, 0xff,
    0xff, 0xff, 0xf0, 0xf, 0xff, 0xff, 0xff, 0xff,
    0xff, 0xf0, 0xf, 0xf9, 0x9f, 0x99, 0xf9, 0x9f,
    0xf0, 0xf, 0xf8, 0x8f, 0x88, 0xf8, 0x8f, 0xf0,
    0xf, 0xf8, 0x8f, 0x88, 0xf8, 0x8f, 0xf0, 0xf,
    0xf8, 0x8f, 0x88, 0xf8, 0x8f, 0xf0, 0xf, 0xf8,
    0x8f, 0x88, 0xf8, 0x8f, 0xf0, 0xf, 0xf8, 0x8f,
    0x88, 0xf8, 0x8f, 0xf0, 0xf, 0xf8, 0x8f, 0x88,
    0xf8, 0x8f, 0xf0, 0xf, 0xf9, 0x9f, 0x99, 0xf9,
    0x9f, 0xf0, 0xf, 0xff, 0xff, 0xff, 0xff, 0xff,
    0xf0, 0x8, 0xff, 0xff, 0xff, 0xff, 0xff, 0x80,

    /* U+F2F1 "" */
    0x0, 0x0, 0x3, 0x79, 0x97, 0x30, 0x0, 0x0,
    0x0, 0x3, 0xcf, 0xff, 0xff, 0xfc, 0x30, 0x97,
    0x0, 0x5f, 0xff, 0xfe, 0xef, 0xff, 0xfb, 0xfc,
    0x3, 0xff, 0xf8, 0x10, 0x1, 0x8f, 0xff, 0xfc,
    0xd, 0xff, 0x40, 0x0, 0x0, 0xb, 0xff, 0xfc,
    0x4f, 0xf7, 0x0, 0x0, 0x0, 0x9f, 0xff, 0xfc,
    0x8f, 0xf1, 0x0, 0x0, 0x0, 0xad, 0xdd, 0xd7,
    0x1, 0x10, 0x0, 0x0, 0x0, 0x0, 0x0, 0x0,
    0x0, 0x0, 0x0, 0x0, 0x0, 0x0, 0x0, 0x0,
    0x5a, 0xaa, 0xa7, 0x0, 0x0, 0x0, 0xd, 0xe7,
    0xbf, 0xff, 0xfb, 0x0, 0x0, 0x0, 0x5f, 0xf5,
    0xcf, 0xff, 0xc1, 0x0, 0x0, 0x2, 0xef, 0xe0,
    0xcf, 0xff, 0xe4, 0x0, 0x0, 0x5e, 0xff, 0x50,
    0xcf, 0xef, 0xff, 0xda, 0xbe, 0xff, 0xf8, 0x0,
    0xac, 0x16, 0xef, 0xff, 0xff, 0xff, 0x60, 0x0,
    0x0, 0x0, 0x16, 0xbd, 0xdb, 0x61, 0x0, 0x0,

    /* U+F2F2 "" */
    0x0, 0x0, 0x3f, 0xff, 0xf3, 0x0, 0x0, 0x0,
    0x0, 0x3f, 0xff, 0xf3, 0x0, 0x0, 0x0, 0x0,
    0x0, 0xff, 0x0, 0x0, 0x0, 0x0, 0x1, 0x7c,
    0xff, 0xc7, 0x1, 0x40, 0x0, 0x3e, 0xff, 0xff,
    0xff, 0xed, 0xf4, 0x2, 0xff, 0xff, 0x88, 0xff,
    0xff, 0xd1, 0xb, 0xff, 0xff, 0x0, 0xff, 0xff,
    0xb0, 0x2f, 0xff, 0xff, 0x0, 0xff, 0xff, 0xf2,
    0x6f, 0xff, 0xff, 0x0, 0xff, 0xff, 0xf6, 0x7f,
    0xff, 0xff, 0x0, 0xff, 0xff, 0xf7, 0x6f, 0xff,
    0xff, 0x0, 0xff, 0xff, 0xf6, 0x2f, 0xff, 0xff,
    0xff, 0xff, 0xff, 0xf2, 0xc, 0xff, 0xff, 0xff,
    0xff, 0xff, 0xb0, 0x2, 0xef, 0xff, 0xff, 0xff,
    0xfe, 0x20, 0x0, 0x3e, 0xff, 0xff, 0xff, 0xe3,
    0x0, 0x0, 0x0, 0x7d, 0xff, 0xc7, 0x0, 0x0,

    /* U+F2F5 "" */
    0x0, 0x0, 0x0, 0x0, 0x1, 0x0, 0x0, 0x0,
    0x8, 0xef, 0xff, 0x0, 0xf, 0xb0, 0x0, 0x0,
    0x8f, 0xff, 0xff, 0x0, 0xf, 0xfb, 0x0, 0x0,
    0xef, 0x30, 0x0, 0x0, 0xf, 0xff, 0xb0, 0x0,
    0xff, 0x0, 0x47, 0x77, 0x7f, 0xff, 0xfb, 0x0,
    0xff, 0x0, 0xff, 0xff, 0xff, 0xff, 0xff, 0xb0,
    0xff, 0x0, 0xff, 0xff, 0xff, 0xff, 0xff, 0xf9,
    0xff, 0x0, 0xff, 0xff, 0xff, 0xff, 0xff, 0xf5,
    0xff, 0x0, 0xdf, 0xff, 0xff, 0xff, 0xff, 0x50,
    0xff, 0x0, 0x0, 0x0, 0xf, 0xff, 0xf5, 0x0,
    0xef, 0x30, 0x0, 0x0, 0xf, 0xff, 0x50, 0x0,
    0x8f, 0xff, 0xff, 0x0, 0xf, 0xf5, 0x0, 0x0,
    0x8, 0xef, 0xff, 0x0, 0xa, 0x50, 0x0, 0x0,

    /* U+F2F6 "" */
    0x0, 0x0, 0x9, 0x40, 0x0, 0xff, 0xfe, 0x80,
    0x0, 0x0, 0xf, 0xf5, 0x0, 0xff, 0xff, 0xf8,
    0x0, 0x0, 0xf, 0xff, 0x50, 0x0, 0x3, 0xfe,
    0x0, 0x0, 0xf, 0xff, 0xf5, 0x0, 0x0, 0xff,
    0xdf, 0xff, 0xff, 0xff, 0xff, 0x50, 0x0, 0xff,
    0xff, 0xff, 0xff, 0xff, 0xff, 0xf4, 0x0, 0xff,
    0xff, 0xff, 0xff, 0xff, 0xff, 0xf9, 0x0, 0xff,
    0xff, 0xff, 0xff, 0xff, 0xff, 0xc0, 0x0, 0xff,
    0x58, 0x88, 0x8f, 0xff, 0xfc, 0x0, 0x0, 0xff,
    0x0, 0x0, 0xf, 0xff, 0xc0, 0x0, 0x3, 0xfe,
    0x0, 0x0, 0xf, 0xfc, 0x0, 0xff, 0xff, 0xf8,
    0x0, 0x0, 0xf, 0xc0, 0x0, 0xff, 0xfe, 0x80,
    0x0, 0x0, 0x2, 0x0, 0x0, 0x0, 0x0, 0x0,

    /* U+F2F9 "" */
    0x0, 0x0, 0x3, 0x79, 0x97, 0x30, 0x0, 0x0,
    0x0, 0x3, 0xcf, 0xff, 0xff, 0xfc, 0x20, 0x97,
    0x0, 0x5f, 0xff, 0xfe, 0xef, 0xff, 0xfb, 0xfb,
    0x3, 0xff, 0xf7, 0x10, 0x1, 0x8f, 0xff, 0xfb,
    0xd, 0xff, 0x30, 0x0, 0x0, 0xb, 0xff, 0xfb,
    0x4f, 0xf6, 0x0, 0x0, 0x0, 0x9f, 0xff, 0xfb,
    0x9f, 0xf0, 0x0, 0x0, 0x0, 0xad, 0xdd, 0xd7,
    0xbf, 0xc0, 0x0, 0x0, 0x0, 0x0, 0x0, 0x0,
    0xbf, 0xc0, 0x0, 0x0, 0x0, 0x0, 0x0, 0x0,
    0xaf, 0xe0, 0x0, 0x0, 0x0, 0x0, 0x0, 0x0,
    0x6f, 0xf5, 0x0, 0x0, 0x0, 0x0, 0x0, 0x0,
    0xe, 0xfe, 0x10, 0x0, 0x0, 0x0, 0x0, 0x0,
    0x6, 0xff, 0xe4, 0x0, 0x0, 0x4e, 0x60, 0x0,
    0x0, 0x8f, 0xff, 0xda, 0xae, 0xff, 0xf2, 0x0,
    0x0, 0x6, 0xff, 0xff, 0xff, 0xfe, 0x50, 0x0,
    0x0, 0x0, 0x17, 0xbd, 0xdb, 0x60, 0x0, 0x0,

    /* U+F2FE "" */
    0x0, 0x0, 0x0, 0x3, 0xe8, 0x0, 0x0, 0x0,
    0x0, 0x0, 0x0, 0x0, 0xff, 0x80, 0x0, 0x0,
    0x0, 0x0, 0x0, 0x4, 0xff, 0xe0, 0x0, 0x0,
    0x0, 0x0, 0x0, 0x4e, 0xff, 0xe0, 0x0, 0x0,
    0x0, 0x4, 0xef, 0xff, 0xff, 0xfe, 0x40, 0x0,
    0x0, 0xe, 0xff, 0xff, 0xff, 0xff, 0xe0, 0x0,
    0x0, 0xe, 0xff, 0xff, 0xff, 0xff, 0xe0, 0x0,
    0x0, 0x5b, 0xff, 0xff, 0xff, 0xff, 0xb5, 0x0,
    0x9, 0xff, 0xf3, 0x3f, 0xf3, 0x3f, 0xff, 0x90,
    0xf, 0xff, 0xf3, 0x3f, 0xf3, 0x3f, 0xff, 0xf0,
    0xc, 0xff, 0xff, 0xff, 0xff, 0xff, 0xff, 0xc0,
    0x7, 0xff, 0xff, 0xff, 0xff, 0xff, 0xff, 0x70,
    0x8f, 0xff, 0xf2, 0x0, 0x0, 0x2f, 0xff, 0xf8,
    0xff, 0xff, 0xfe, 0x61, 0x16, 0xef, 0xff, 0xff,
    0xdf, 0xff, 0xff, 0xff, 0xff, 0xff, 0xff, 0xfd,
    0x3d, 0xff, 0xff, 0xff, 0xff, 0xff, 0xff, 0xd3,

    /* U+F55A "" */
    0x0, 0x0, 0x1b, 0xff, 0xff, 0xff, 0xff, 0xff,
    0xff, 0xe4, 0x0, 0x1, 0xdf, 0xff, 0xff, 0xff,
    0xff, 0xff, 0xff, 0xfe, 0x0, 0x1d, 0xff, 0xff,
    0xfa, 0xef, 0xfe, 0xaf, 0xff, 0xff, 0x1, 0xdf,
    0xff, 0xff, 0xa0, 0x2e, 0xe2, 0xa, 0xff, 0xff,
    0x1d, 0xff, 0xff, 0xff, 0xe2, 0x2, 0x20, 0x2e,
    0xff, 0xff, 0xcf, 0xff, 0xff, 0xff, 0xfe, 0x20,
    0x2, 0xef, 0xff, 0xff, 0xcf, 0xff, 0xff, 0xff,
    0xfe, 0x20, 0x2, 0xef, 0xff, 0xff, 0x1d, 0xff,
    0xff, 0xff, 0xe2, 0x2, 0x20, 0x2e, 0xff, 0xff,
    0x1, 0xdf, 0xff, 0xff, 0xa0, 0x2e, 0xe2, 0xa,
    0xff, 0xff, 0x0, 0x1d, 0xff, 0xff, 0xfa, 0xef,
    0xfe, 0xaf, 0xff, 0xff, 0x0, 0x1, 0xdf, 0xff,
    0xff, 0xff, 0xff, 0xff, 0xff, 0xfe, 0x0, 0x0,
    0x1b, 0xff, 0xff, 0xff, 0xff, 0xff, 0xff, 0xe4,

    /* U+F6A9 "" */
    0x0, 0x0, 0x0, 0x0, 0x0, 0x0, 0x0, 0x0,
    0x0, 0x0, 0x0, 0x8, 0xd0, 0x0, 0x0, 0x0,
    0x0, 0x0, 0x0, 0x8, 0xff, 0x0, 0x0, 0x0,
    0x0, 0x0, 0x0, 0x8, 0xff, 0xf0, 0x0, 0x0,
    0x0, 0x0, 0xdf, 0xff, 0xff, 0xff, 0x0, 0x7c,
    0x11, 0xc7, 0xf, 0xff, 0xff, 0xff, 0xf0, 0xc,
    0xfd, 0xdf, 0xc0, 0xff, 0xff, 0xff, 0xff, 0x0,
    0x1d, 0xff, 0xd1, 0xf, 0xff, 0xff, 0xff, 0xf0,
    0x1, 0xdf, 0xfd, 0x10, 0xff, 0xff, 0xff, 0xff,
    0x0, 0xcf, 0xdd, 0xfc, 0xd, 0xff, 0xff, 0xff,
    0xf0, 0x7, 0xc1, 0x1c, 0x70, 0x0, 0x0, 0x9f,
    0xff, 0x0, 0x0, 0x0, 0x0, 0x0, 0x0, 0x0,
    0x9f, 0xf0, 0x0, 0x0, 0x0, 0x0, 0x0, 0x0,
    0x0, 0x8d, 0x0, 0x0, 0x0, 0x0, 0x0, 0x0,
    0x0, 0x0, 0x0, 0x0, 0x0, 0x0, 0x0
};


/*---------------------
 *  GLYPH DESCRIPTION
 *--------------------*/

static const lv_font_fmt_txt_glyph_dsc_t glyph_dsc[] = {
    {.bitmap_index = 0, .adv_w = 0, .box_w = 0, .box_h = 0, .ofs_x = 0, .ofs_y = 0} /* id = 0 reserved */,
    {.bitmap_index = 0, .adv_w = 63, .box_w = 0, .box_h = 0, .ofs_x = 0, .ofs_y = 0},
    {.bitmap_index = 0, .adv_w = 66, .box_w = 2, .box_h = 12, .ofs_x = 1, .ofs_y = 0},
    {.bitmap_index = 12, .adv_w = 82, .box_w = 4, .box_h = 5, .ofs_x = 1, .ofs_y = 7},
    {.bitmap_index = 22, .adv_w = 158, .box_w = 10, .box_h = 12, .ofs_x = 0, .ofs_y = 0},
    {.bitmap_index = 82, .adv_w = 144, .box_w = 9, .box_h = 16, .ofs_x = 0, .ofs_y = -2},
    {.bitmap_index = 154, .adv_w = 188, .box_w = 12, .box_h = 12, .ofs_x = 0, .ofs_y = 0},
    {.bitmap_index = 226, .adv_w = 159, .box_w = 10, .box_h = 12, .ofs_x = 0, .ofs_y = 0},
    {.bitmap_index = 286, .adv_w = 45, .box_w = 2, .box_h = 4, .ofs_x = 0, .ofs_y = 8},
    {.bitmap_index = 290, .adv_w = 88, .box_w = 5, .box_h = 18, .ofs_x = 1, .ofs_y = -4},
    {.bitmap_index = 335, .adv_w = 89, .box_w = 5, .box_h = 18, .ofs_x = 0, .ofs_y = -4},
    {.bitmap_index = 380, .adv_w = 110, .box_w = 7, .box_h = 7, .ofs_x = 0, .ofs_y = 5},
    {.bitmap_index = 405, .adv_w = 145, .box_w = 9, .box_h = 9, .ofs_x = 0, .ofs_y = 1},
    {.bitmap_index = 446, .adv_w = 50, .box_w = 3, .box_h = 5, .ofs_x = 0, .ofs_y = -3},
    {.bitmap_index = 454, .adv_w = 71, .box_w = 5, .box_h = 3, .ofs_x = 0, .ofs_y = 4},
    {.bitmap_index = 462, .adv_w = 67, .box_w = 2, .box_h = 2, .ofs_x = 1, .ofs_y = 0},
    {.bitmap_index = 464, .adv_w = 106, .box_w = 7, .box_h = 13, .ofs_x = 0, .ofs_y = -1},
    {.bitmap_index = 510, .adv_w = 144, .box_w = 9, .box_h = 12, .ofs_x = 0, .ofs_y = 0},
    {.bitmap_index = 564, .adv_w = 144, .box_w = 5, .box_h = 12, .ofs_x = 1, .ofs_y = 0},
    {.bitmap_index = 594, .adv_w = 144, .box_w = 9, .box_h = 12, .ofs_x = 0, .ofs_y = 0},
    {.bitmap_index = 648, .adv_w = 144, .box_w = 8, .box_h = 12, .ofs_x = 0, .ofs_y = 0},
    {.bitmap_index = 696, .adv_w = 144, .box_w = 9, .box_h = 12, .ofs_x = 0, .ofs_y = 0},
    {.bitmap_index = 750, .adv_w = 144, .box_w = 8, .box_h = 12, .ofs_x = 1, .ofs_y = 0},
    {.bitmap_index = 798, .adv_w = 144, .box_w = 8, .box_h = 12, .ofs_x = 1, .ofs_y = 0},
    {.bitmap_index = 846, .adv_w = 144, .box_w = 9, .box_h = 12, .ofs_x = 0, .ofs_y = 0},
    {.bitmap_index = 900, .adv_w = 144, .box_w = 9, .box_h = 12, .ofs_x = 0, .ofs_y = 0},
    {.bitmap_index = 954, .adv_w = 144, .box_w = 8, .box_h = 12, .ofs_x = 0, .ofs_y = 0},
    {.bitmap_index = 1002, .adv_w = 62, .box_w = 2, .box_h = 9, .ofs_x = 1, .ofs_y = 0},
    {.bitmap_index = 1011, .adv_w = 54, .box_w = 3, .box_h = 12, .ofs_x = 0, .ofs_y = -3},
    {.bitmap_index = 1029, .adv_w = 130, .box_w = 7, .box_h = 8, .ofs_x = 0, .ofs_y = 1},
    {.bitmap_index = 1057, .adv_w = 141, .box_w = 7, .box_h = 6, .ofs_x = 1, .ofs_y = 3},
    {.bitmap_index = 1078, .adv_w = 134, .box_w = 7, .box_h = 8, .ofs_x = 1, .ofs_y = 1},
    {.bitmap_index = 1106, .adv_w = 121, .box_w = 7, .box_h = 12, .ofs_x = 0, .ofs_y = 0},
    {.bitmap_index = 1148, .adv_w = 230, .box_w = 14, .box_h = 15, .ofs_x = 0, .ofs_y = -3},
    {.bitmap_index = 1253, .adv_w = 167, .box_w = 11, .box_h = 12, .ofs_x = 0, .ofs_y = 0},
    {.bitmap_index = 1319, .adv_w = 159, .box_w = 9, .box_h = 12, .ofs_x = 1, .ofs_y = 0},
    {.bitmap_index = 1373, .adv_w = 167, .box_w = 10, .box_h = 12, .ofs_x = 0, .ofs_y = 0},
    {.bitmap_index = 1433, .adv_w = 168, .box_w = 9, .box_h = 12, .ofs_x = 1, .ofs_y = 0},
    {.bitmap_index = 1487, .adv_w = 146, .box_w = 8, .box_h = 12, .ofs_x = 1, .ofs_y = 0},
    {.bitmap_index = 1535, .adv_w = 142, .box_w = 8, .box_h = 12, .ofs_x = 1, .ofs_y = 0},
    {.bitmap_index = 1583, .adv_w = 174, .box_w = 10, .box_h = 12, .ofs_x = 0, .ofs_y = 0},
    {.bitmap_index = 1643, .adv_w = 183, .box_w = 10, .box_h = 12, .ofs_x = 1, .ofs_y = 0},
    {.bitmap_index = 1703, .adv_w = 70, .box_w = 2, .box_h = 12, .ofs_x = 1, .ofs_y = 0},
    {.bitmap_index = 1715, .adv_w = 141, .box_w = 8, .box_h = 12, .ofs_x = 0, .ofs_y = 0},
    {.bitmap_index = 1763, .adv_w = 161, .box_w = 10, .box_h = 12, .ofs_x = 1, .ofs_y = 0},
    {.bitmap_index = 1823, .adv_w = 138, .box_w = 8, .box_h = 12, .ofs_x = 1, .ofs_y = 0},
    {.bitmap_index = 1871, .adv_w = 224, .box_w = 12, .box_h = 12, .ofs_x = 1, .ofs_y = 0},
    {.bitmap_index = 1943, .adv_w = 183, .box_w = 10, .box_h = 12, .ofs_x = 1, .ofs_y = 0},
    {.bitmap_index = 2003, .adv_w = 176, .box_w = 11, .box_h = 12, .ofs_x = 0, .ofs_y = 0},
    {.bitmap_index = 2069, .adv_w = 162, .box_w = 9, .box_h = 12, .ofs_x = 1, .ofs_y = 0},
    {.bitmap_index = 2123, .adv_w = 176, .box_w = 11, .box_h = 14, .ofs_x = 0, .ofs_y = -2},
    {.bitmap_index = 2200, .adv_w = 158, .box_w = 9, .box_h = 12, .ofs_x = 1, .ofs_y = 0},
    {.bitmap_index = 2254, .adv_w = 152, .box_w = 9, .box_h = 12, .ofs_x = 0, .ofs_y = 0},
    {.bitmap_index = 2308, .adv_w = 153, .box_w = 10, .box_h = 12, .ofs_x = 0, .ofs_y = 0},
    {.bitmap_index = 2368, .adv_w = 166, .box_w = 9, .box_h = 12, .ofs_x = 1, .ofs_y = 0},
    {.bitmap_index = 2422, .adv_w = 163, .box_w = 10, .box_h = 12, .ofs_x = 0, .ofs_y = 0},
    {.bitmap_index = 2482, .adv_w = 227, .box_w = 14, .box_h = 12, .ofs_x = 0, .ofs_y = 0},
    {.bitmap_index = 2566, .adv_w = 161, .box_w = 10, .box_h = 12, .ofs_x = 0, .ofs_y = 0},
    {.bitmap_index = 2626, .adv_w = 154, .box_w = 10, .box_h = 12, .ofs_x = 0, .ofs_y = 0},
    {.bitmap_index = 2686, .adv_w = 153, .box_w = 9, .box_h = 12, .ofs_x = 0, .ofs_y = 0},
    {.bitmap_index = 2740, .adv_w = 68, .box_w = 4, .box_h = 18, .ofs_x = 1, .ofs_y = -3},
    {.bitmap_index = 2776, .adv_w = 105, .box_w = 7, .box_h = 13, .ofs_x = 0, .ofs_y = -1},
    {.bitmap_index = 2822, .adv_w = 68, .box_w = 4, .box_h = 18, .ofs_x = 0, .ofs_y = -3},
    {.bitmap_index = 2858, .adv_w = 107, .box_w = 7, .box_h = 6, .ofs_x = 0, .ofs_y = 6},
    {.bitmap_index = 2879, .adv_w = 116, .box_w = 8, .box_h = 3, .ofs_x = 0, .ofs_y = -2},
    {.bitmap_index = 2891, .adv_w = 79, .box_w = 4, .box_h = 3, .ofs_x = 0, .ofs_y = 10},
    {.bitmap_index = 2897, .adv_w = 139, .box_w = 8, .box_h = 9, .ofs_x = 0, .ofs_y = 0},
    {.bitmap_index = 2933, .adv_w = 144, .box_w = 8, .box_h = 12, .ofs_x = 1, .ofs_y = 0},
    {.bitmap_index = 2981, .adv_w = 134, .box_w = 8, .box_h = 9, .ofs_x = 0, .ofs_y = 0},
    {.bitmap_index = 3017, .adv_w = 144, .box_w = 8, .box_h = 12, .ofs_x = 0, .ofs_y = 0},
    {.bitmap_index = 3065, .adv_w = 136, .box_w = 8, .box_h = 9, .ofs_x = 0, .ofs_y = 0},
    {.bitmap_index = 3101, .adv_w = 89, .box_w = 6, .box_h = 14, .ofs_x = 0, .ofs_y = 0},
    {.bitmap_index = 3143, .adv_w = 144, .box_w = 8, .box_h = 12, .ofs_x = 0, .ofs_y = -3},
    {.bitmap_index = 3191, .adv_w = 141, .box_w = 7, .box_h = 12, .ofs_x = 1, .ofs_y = 0},
    {.bitmap_index = 3233, .adv_w = 62, .box_w = 2, .box_h = 12, .ofs_x = 1, .ofs_y = 0},
    {.bitmap_index = 3245, .adv_w = 61, .box_w = 4, .box_h = 15, .ofs_x = -1, .ofs_y = -3},
    {.bitmap_index = 3275, .adv_w = 130, .box_w = 8, .box_h = 12, .ofs_x = 1, .ofs_y = 0},
    {.bitmap_index = 3323, .adv_w = 62, .box_w = 2, .box_h = 12, .ofs_x = 1, .ofs_y = 0},
    {.bitmap_index = 3335, .adv_w = 224, .box_w = 12, .box_h = 9, .ofs_x = 1, .ofs_y = 0},
    {.bitmap_index = 3389, .adv_w = 141, .box_w = 7, .box_h = 9, .ofs_x = 1, .ofs_y = 0},
    {.bitmap_index = 3421, .adv_w = 146, .box_w = 9, .box_h = 9, .ofs_x = 0, .ofs_y = 0},
    {.bitmap_index = 3462, .adv_w = 144, .box_w = 8, .box_h = 12, .ofs_x = 1, .ofs_y = -3},
    {.bitmap_index = 3510, .adv_w = 146, .box_w = 8, .box_h = 12, .ofs_x = 0, .ofs_y = -3},
    {.bitmap_index = 3558, .adv_w = 87, .box_w = 5, .box_h = 10, .ofs_x = 1, .ofs_y = 0},
    {.bitmap_index = 3583, .adv_w = 132, .box_w = 8, .box_h = 9, .ofs_x = 0, .ofs_y = 0},
    {.bitmap_index = 3619, .adv_w = 84, .box_w = 5, .box_h = 11, .ofs_x = 0, .ofs_y = 0},
    {.bitmap_index = 3647, .adv_w = 141, .box_w = 7, .box_h = 9, .ofs_x = 1, .ofs_y = 0},
    {.bitmap_index = 3679, .adv_w = 124, .box_w = 8, .box_h = 9, .ofs_x = 0, .ofs_y = 0},
    {.bitmap_index = 3715, .adv_w = 192, .box_w = 12, .box_h = 9, .ofs_x = 0, .ofs_y = 0},
    {.bitmap_index = 3769, .adv_w = 127, .box_w = 8, .box_h = 9, .ofs_x = 0, .ofs_y = 0},
    {.bitmap_index = 3805, .adv_w = 121, .box_w = 8, .box_h = 12, .ofs_x = 0, .ofs_y = -3},
    {.bitmap_index = 3853, .adv_w = 127, .box_w = 8, .box_h = 9, .ofs_x = 0, .ofs_y = 0},
    {.bitmap_index = 3889, .adv_w = 87, .box_w = 6, .box_h = 17, .ofs_x = 0, .ofs_y = -3},
    {.bitmap_index = 3940, .adv_w = 62, .box_w = 2, .box_h = 14, .ofs_x = 1, .ofs_y = -2},
    {.bitmap_index = 3954, .adv_w = 87, .box_w = 5, .box_h = 17, .ofs_x = 0, .ofs_y = -3},
    {.bitmap_index = 3997, .adv_w = 174, .box_w = 9, .box_h = 5, .ofs_x = 1, .ofs_y = 3},
    {.bitmap_index = 4020, .adv_w = 63, .box_w = 0, .box_h = 0, .ofs_x = 0, .ofs_y = 0},
    {.bitmap_index = 4020, .adv_w = 62, .box_w = 2, .box_h = 12, .ofs_x = 1, .ofs_y = -3},
    {.bitmap_index = 4032, .adv_w = 140, .box_w = 8, .box_h = 13, .ofs_x = 0, .ofs_y = -2},
    {.bitmap_index = 4084, .adv_w = 149, .box_w = 9, .box_h = 12, .ofs_x = 0, .ofs_y = 0},
    {.bitmap_index = 4138, .adv_w = 183, .box_w = 11, .box_h = 12, .ofs_x = 0, .ofs_y = -1},
    {.bitmap_index = 4204, .adv_w = 134, .box_w = 9, .box_h = 12, .ofs_x = 0, .ofs_y = 0},
    {.bitmap_index = 4258, .adv_w = 61, .box_w = 2, .box_h = 14, .ofs_x = 1, .ofs_y = -2},
    {.bitmap_index = 4272, .adv_w = 157, .box_w = 9, .box_h = 17, .ofs_x = 0, .ofs_y = -5},
    {.bitmap_index = 4349, .adv_w = 107, .box_w = 6, .box_h = 2, .ofs_x = 0, .ofs_y = 10},
    {.bitmap_index = 4355, .adv_w = 201, .box_w = 12, .box_h = 12, .ofs_x = 0, .ofs_y = 0},
    {.bitmap_index = 4427, .adv_w = 114, .box_w = 6, .box_h = 7, .ofs_x = 1, .ofs_y = 5},
    {.bitmap_index = 4448, .adv_w = 120, .box_w = 7, .box_h = 7, .ofs_x = 0, .ofs_y = 1},
    {.bitmap_index = 4473, .adv_w = 142, .box_w = 7, .box_h = 5, .ofs_x = 1, .ofs_y = 2},
    {.bitmap_index = 4491, .adv_w = 71, .box_w = 5, .box_h = 3, .ofs_x = 0, .ofs_y = 4},
    {.bitmap_index = 4499, .adv_w = 201, .box_w = 12, .box_h = 12, .ofs_x = 0, .ofs_y = 0},
    {.bitmap_index = 4571, .adv_w = 117, .box_w = 6, .box_h = 2, .ofs_x = 1, .ofs_y = 10},
    {.bitmap_index = 4577, .adv_w = 96, .box_w = 4, .box_h = 5, .ofs_x = 1, .ofs_y = 7},
    {.bitmap_index = 4587, .adv_w = 137, .box_w = 8, .box_h = 10, .ofs_x = 0, .ofs_y = 0},
    {.bitmap_index = 4627, .adv_w = 94, .box_w = 6, .box_h = 7, .ofs_x = 0, .ofs_y = 5},
    {.bitmap_index = 4648, .adv_w = 94, .box_w = 6, .box_h = 7, .ofs_x = 0, .ofs_y = 5},
    {.bitmap_index = 4669, .adv_w = 80, .box_w = 5, .box_h = 3, .ofs_x = 0, .ofs_y = 10},
    {.bitmap_index = 4677, .adv_w = 145, .box_w = 7, .box_h = 12, .ofs_x = 1, .ofs_y = -3},
    {.bitmap_index = 4719, .adv_w = 125, .box_w = 7, .box_h = 12, .ofs_x = 0, .ofs_y = 0},
    {.bitmap_index = 4761, .adv_w = 67, .box_w = 2, .box_h = 2, .ofs_x = 1, .ofs_y = 5},
    {.bitmap_index = 4763, .adv_w = 63, .box_w = 4, .box_h = 4, .ofs_x = 0, .ofs_y = -4},
    {.bitmap_index = 4771, .adv_w = 94, .box_w = 4, .box_h = 7, .ofs_x = 0, .ofs_y = 5},
    {.bitmap_index = 4785, .adv_w = 116, .box_w = 7, .box_h = 7, .ofs_x = 0, .ofs_y = 5},
    {.bitmap_index = 4810, .adv_w = 120, .box_w = 7, .box_h = 7, .ofs_x = 0, .ofs_y = 1},
    {.bitmap_index = 4835, .adv_w = 188, .box_w = 12, .box_h = 12, .ofs_x = 0, .ofs_y = 0},
    {.bitmap_index = 4907, .adv_w = 199, .box_w = 12, .box_h = 13, .ofs_x = 0, .ofs_y = -1},
    {.bitmap_index = 4985, .adv_w = 199, .box_w = 12, .box_h = 12, .ofs_x = 0, .ofs_y = 0},
    {.bitmap_index = 5057, .adv_w = 121, .box_w = 7, .box_h = 12, .ofs_x = 0, .ofs_y = -3},
    {.bitmap_index = 5099, .adv_w = 167, .box_w = 11, .box_h = 15, .ofs_x = 0, .ofs_y = 0},
    {.bitmap_index = 5182, .adv_w = 167, .box_w = 11, .box_h = 15, .ofs_x = 0, .ofs_y = 0},
    {.bitmap_index = 5265, .adv_w = 167, .box_w = 11, .box_h = 15, .ofs_x = 0, .ofs_y = 0},
    {.bitmap_index = 5348, .adv_w = 167, .box_w = 11, .box_h = 16, .ofs_x = 0, .ofs_y = 0},
    {.bitmap_index = 5436, .adv_w = 167, .box_w = 11, .box_h = 15, .ofs_x = 0, .ofs_y = 0},
    {.bitmap_index = 5519, .adv_w = 167, .box_w = 11, .box_h = 16, .ofs_x = 0, .ofs_y = 0},
    {.bitmap_index = 5607, .adv_w = 239, .box_w = 16, .box_h = 12, .ofs_x = -1, .ofs_y = 0},
    {.bitmap_index = 5703, .adv_w = 167, .box_w = 10, .box_h = 15, .ofs_x = 0, .ofs_y = -3},
    {.bitmap_index = 5778, .adv_w = 146, .box_w = 8, .box_h = 15, .ofs_x = 1, .ofs_y = 0},
    {.bitmap_index = 5838, .adv_w = 146, .box_w = 8, .box_h = 15, .ofs_x = 1, .ofs_y = 0},
    {.bitmap_index = 5898, .adv_w = 146, .box_w = 8, .box_h = 15, .ofs_x = 1, .ofs_y = 0},
    {.bitmap_index = 5958, .adv_w = 146, .box_w = 8, .box_h = 15, .ofs_x = 1, .ofs_y = 0},
    {.bitmap_index = 6018, .adv_w = 70, .box_w = 5, .box_h = 15, .ofs_x = -1, .ofs_y = 0},
    {.bitmap_index = 6056, .adv_w = 70, .box_w = 4, .box_h = 15, .ofs_x = 1, .ofs_y = 0},
    {.bitmap_index = 6086, .adv_w = 70, .box_w = 6, .box_h = 15, .ofs_x = -1, .ofs_y = 0},
    {.bitmap_index = 6131, .adv_w = 70, .box_w = 6, .box_h = 15, .ofs_x = -1, .ofs_y = 0},
    {.bitmap_index = 6176, .adv_w = 172, .box_w = 10, .box_h = 12, .ofs_x = 0, .ofs_y = 0},
    {.bitmap_index = 6236, .adv_w = 183, .box_w = 10, .box_h = 16, .ofs_x = 1, .ofs_y = 0},
    {.bitmap_index = 6316, .adv_w = 176, .box_w = 11, .box_h = 16, .ofs_x = 0, .ofs_y = 0},
    {.bitmap_index = 6404, .adv_w = 176, .box_w = 11, .box_h = 16, .ofs_x = 0, .ofs_y = 0},
    {.bitmap_index = 6492, .adv_w = 176, .box_w = 11, .box_h = 16, .ofs_x = 0, .ofs_y = 0},
    {.bitmap_index = 6580, .adv_w = 176, .box_w = 11, .box_h = 16, .ofs_x = 0, .ofs_y = 0},
    {.bitmap_index = 6668, .adv_w = 176, .box_w = 11, .box_h = 15, .ofs_x = 0, .ofs_y = 0},
    {.bitmap_index = 6751, .adv_w = 137, .box_w = 8, .box_h = 9, .ofs_x = 0, .ofs_y = 1},
    {.bitmap_index = 6787, .adv_w = 176, .box_w = 11, .box_h = 13, .ofs_x = 0, .ofs_y = -1},
    {.bitmap_index = 6859, .adv_w = 166, .box_w = 9, .box_h = 15, .ofs_x = 1, .ofs_y = 0},
    {.bitmap_index = 6927, .adv_w = 166, .box_w = 9, .box_h = 15, .ofs_x = 1, .ofs_y = 0},
    {.bitmap_index = 6995, .adv_w = 166, .box_w = 9, .box_h = 15, .ofs_x = 1, .ofs_y = 0},
    {.bitmap_index = 7063, .adv_w = 166, .box_w = 9, .box_h = 15, .ofs_x = 1, .ofs_y = 0},
    {.bitmap_index = 7131, .adv_w = 154, .box_w = 10, .box_h = 15, .ofs_x = 0, .ofs_y = 0},
    {.bitmap_index = 7206, .adv_w = 151, .box_w = 8, .box_h = 12, .ofs_x = 1, .ofs_y = 0},
    {.bitmap_index = 7254, .adv_w = 152, .box_w = 8, .box_h = 12, .ofs_x = 1, .ofs_y = 0},
    {.bitmap_index = 7302, .adv_w = 139, .box_w = 8, .box_h = 12, .ofs_x = 0, .ofs_y = 0},
    {.bitmap_index = 7350, .adv_w = 139, .box_w = 8, .box_h = 12, .ofs_x = 0, .ofs_y = 0},
    {.bitmap_index = 7398, .adv_w = 139, .box_w = 8, .box_h = 12, .ofs_x = 0, .ofs_y = 0},
    {.bitmap_index = 7446, .adv_w = 139, .box_w = 8, .box_h = 13, .ofs_x = 0, .ofs_y = 0},
    {.bitmap_index = 7498, .adv_w = 139, .box_w = 8, .box_h = 12, .ofs_x = 0, .ofs_y = 0},
    {.bitmap_index = 7546, .adv_w = 139, .box_w = 8, .box_h = 14, .ofs_x = 0, .ofs_y = 0},
    {.bitmap_index = 7602, .adv_w = 216, .box_w = 13, .box_h = 9, .ofs_x = 0, .ofs_y = 0},
    {.bitmap_index = 7661, .adv_w = 134, .box_w = 8, .box_h = 12, .ofs_x = 0, .ofs_y = -3},
    {.bitmap_index = 7709, .adv_w = 136, .box_w = 8, .box_h = 12, .ofs_x = 0, .ofs_y = 0},
    {.bitmap_index = 7757, .adv_w = 136, .box_w = 8, .box_h = 12, .ofs_x = 0, .ofs_y = 0},
    {.bitmap_index = 7805, .adv_w = 136, .box_w = 8, .box_h = 12, .ofs_x = 0, .ofs_y = 0},
    {.bitmap_index = 7853, .adv_w = 136, .box_w = 8, .box_h = 12, .ofs_x = 0, .ofs_y = 0},
    {.bitmap_index = 7901, .adv_w = 63, .box_w = 4, .box_h = 12, .ofs_x = -1, .ofs_y = 0},
    {.bitmap_index = 7925, .adv_w = 63, .box_w = 4, .box_h = 12, .ofs_x = 1, .ofs_y = 0},
    {.bitmap_index = 7949, .adv_w = 63, .box_w = 6, .box_h = 12, .ofs_x = -1, .ofs_y = 0},
    {.bitmap_index = 7985, .adv_w = 63, .box_w = 6, .box_h = 12, .ofs_x = -1, .ofs_y = 0},
    {.bitmap_index = 8021, .adv_w = 150, .box_w = 9, .box_h = 13, .ofs_x = 0, .ofs_y = 0},
    {.bitmap_index = 8080, .adv_w = 141, .box_w = 7, .box_h = 13, .ofs_x = 1, .ofs_y = 0},
    {.bitmap_index = 8126, .adv_w = 146, .box_w = 9, .box_h = 12, .ofs_x = 0, .ofs_y = 0},
    {.bitmap_index = 8180, .adv_w = 146, .box_w = 9, .box_h = 12, .ofs_x = 0, .ofs_y = 0},
    {.bitmap_index = 8234, .adv_w = 146, .box_w = 9, .box_h = 12, .ofs_x = 0, .ofs_y = 0},
    {.bitmap_index = 8288, .adv_w = 146, .box_w = 9, .box_h = 13, .ofs_x = 0, .ofs_y = 0},
    {.bitmap_index = 8347, .adv_w = 146, .box_w = 9, .box_h = 12, .ofs_x = 0, .ofs_y = 0},
    {.bitmap_index = 8401, .adv_w = 146, .box_w = 9, .box_h = 9, .ofs_x = 0, .ofs_y = 1},
    {.bitmap_index = 8442, .adv_w = 145, .box_w = 9, .box_h = 11, .ofs_x = 0, .ofs_y = -1},
    {.bitmap_index = 8492, .adv_w = 141, .box_w = 7, .box_h = 12, .ofs_x = 1, .ofs_y = 0},
    {.bitmap_index = 8534, .adv_w = 141, .box_w = 7, .box_h = 12, .ofs_x = 1, .ofs_y = 0},
    {.bitmap_index = 8576, .adv_w = 141, .box_w = 7, .box_h = 12, .ofs_x = 1, .ofs_y = 0},
    {.bitmap_index = 8618, .adv_w = 141, .box_w = 7, .box_h = 12, .ofs_x = 1, .ofs_y = 0},
    {.bitmap_index = 8660, .adv_w = 121, .box_w = 8, .box_h = 15, .ofs_x = 0, .ofs_y = -3},
    {.bitmap_index = 8720, .adv_w = 148, .box_w = 8, .box_h = 15, .ofs_x = 1, .ofs_y = -3},
    {.bitmap_index = 8780, .adv_w = 121, .box_w = 8, .box_h = 15, .ofs_x = 0, .ofs_y = -3},
    {.bitmap_index = 8840, .adv_w = 167, .box_w = 11, .box_h = 14, .ofs_x = 0, .ofs_y = 0},
    {.bitmap_index = 8917, .adv_w = 139, .box_w = 8, .box_h = 12, .ofs_x = 0, .ofs_y = 0},
    {.bitmap_index = 8965, .adv_w = 167, .box_w = 11, .box_h = 15, .ofs_x = 0, .ofs_y = 0},
    {.bitmap_index = 9048, .adv_w = 139, .box_w = 8, .box_h = 12, .ofs_x = 0, .ofs_y = 0},
    {.bitmap_index = 9096, .adv_w = 167, .box_w = 11, .box_h = 15, .ofs_x = 0, .ofs_y = -3},
    {.bitmap_index = 9179, .adv_w = 139, .box_w = 8, .box_h = 12, .ofs_x = 0, .ofs_y = -3},
    {.bitmap_index = 9227, .adv_w = 167, .box_w = 10, .box_h = 16, .ofs_x = 0, .ofs_y = 0},
    {.bitmap_index = 9307, .adv_w = 134, .box_w = 8, .box_h = 12, .ofs_x = 0, .ofs_y = 0},
    {.bitmap_index = 9355, .adv_w = 167, .box_w = 10, .box_h = 16, .ofs_x = 0, .ofs_y = 0},
    {.bitmap_index = 9435, .adv_w = 134, .box_w = 8, .box_h = 12, .ofs_x = 0, .ofs_y = 0},
    {.bitmap_index = 9483, .adv_w = 167, .box_w = 10, .box_h = 15, .ofs_x = 0, .ofs_y = 0},
    {.bitmap_index = 9558, .adv_w = 134, .box_w = 8, .box_h = 12, .ofs_x = 0, .ofs_y = 0},
    {.bitmap_index = 9606, .adv_w = 167, .box_w = 10, .box_h = 16, .ofs_x = 0, .ofs_y = 0},
    {.bitmap_index = 9686, .adv_w = 134, .box_w = 8, .box_h = 12, .ofs_x = 0, .ofs_y = 0},
    {.bitmap_index = 9734, .adv_w = 168, .box_w = 9, .box_h = 15, .ofs_x = 1, .ofs_y = 0},
    {.bitmap_index = 9802, .adv_w = 163, .box_w = 11, .box_h = 12, .ofs_x = 0, .ofs_y = 0},
    {.bitmap_index = 9868, .adv_w = 172, .box_w = 10, .box_h = 12, .ofs_x = 0, .ofs_y = 0},
    {.bitmap_index = 9928, .adv_w = 153, .box_w = 10, .box_h = 12, .ofs_x = 0, .ofs_y = 0},
    {.bitmap_index = 9988, .adv_w = 146, .box_w = 8, .box_h = 15, .ofs_x = 1, .ofs_y = 0},
    {.bitmap_index = 10048, .adv_w = 136, .box_w = 8, .box_h = 12, .ofs_x = 0, .ofs_y = 0},
    {.bitmap_index = 10096, .adv_w = 146, .box_w = 8, .box_h = 15, .ofs_x = 1, .ofs_y = 0},
    {.bitmap_index = 10156, .adv_w = 136, .box_w = 8, .box_h = 12, .ofs_x = 0, .ofs_y = 0},
    {.bitmap_index = 10204, .adv_w = 146, .box_w = 8, .box_h = 15, .ofs_x = 1, .ofs_y = 0},
    {.bitmap_index = 10264, .adv_w = 136, .box_w = 8, .box_h = 12, .ofs_x = 0, .ofs_y = 0},
    {.bitmap_index = 10312, .adv_w = 146, .box_w = 8, .box_h = 15, .ofs_x = 1, .ofs_y = -3},
    {.bitmap_index = 10372, .adv_w = 136, .box_w = 8, .box_h = 12, .ofs_x = 0, .ofs_y = -3},
    {.bitmap_index = 10420, .adv_w = 146, .box_w = 8, .box_h = 15, .ofs_x = 1, .ofs_y = 0},
    {.bitmap_index = 10480, .adv_w = 136, .box_w = 8, .box_h = 12, .ofs_x = 0, .ofs_y = 0},
    {.bitmap_index = 10528, .adv_w = 174, .box_w = 10, .box_h = 16, .ofs_x = 0, .ofs_y = 0},
    {.bitmap_index = 10608, .adv_w = 144, .box_w = 8, .box_h = 15, .ofs_x = 0, .ofs_y = -3},
    {.bitmap_index = 10668, .adv_w = 174, .box_w = 10, .box_h = 15, .ofs_x = 0, .ofs_y = 0},
    {.bitmap_index = 10743, .adv_w = 144, .box_w = 8, .box_h = 15, .ofs_x = 0, .ofs_y = -3},
    {.bitmap_index = 10803, .adv_w = 174, .box_w = 10, .box_h = 15, .ofs_x = 0, .ofs_y = 0},
    {.bitmap_index = 10878, .adv_w = 144, .box_w = 8, .box_h = 15, .ofs_x = 0, .ofs_y = -3},
    {.bitmap_index = 10938, .adv_w = 174, .box_w = 10, .box_h = 17, .ofs_x = 0, .ofs_y = -5},
    {.bitmap_index = 11023, .adv_w = 144, .box_w = 8, .box_h = 18, .ofs_x = 0, .ofs_y = -3},
    {.bitmap_index = 11095, .adv_w = 183, .box_w = 10, .box_h = 15, .ofs_x = 1, .ofs_y = 0},
    {.bitmap_index = 11170, .adv_w = 141, .box_w = 7, .box_h = 15, .ofs_x = 1, .ofs_y = 0},
    {.bitmap_index = 11223, .adv_w = 179, .box_w = 12, .box_h = 12, .ofs_x = 0, .ofs_y = 0},
    {.bitmap_index = 11295, .adv_w = 145, .box_w = 9, .box_h = 12, .ofs_x = -1, .ofs_y = 0},
    {.bitmap_index = 11349, .adv_w = 70, .box_w = 6, .box_h = 16, .ofs_x = -1, .ofs_y = 0},
    {.bitmap_index = 11397, .adv_w = 63, .box_w = 6, .box_h = 13, .ofs_x = -1, .ofs_y = 0},
    {.bitmap_index = 11436, .adv_w = 70, .box_w = 6, .box_h = 15, .ofs_x = -1, .ofs_y = 0},
    {.bitmap_index = 11481, .adv_w = 63, .box_w = 6, .box_h = 12, .ofs_x = -1, .ofs_y = 0},
    {.bitmap_index = 11517, .adv_w = 70, .box_w = 6, .box_h = 15, .ofs_x = -1, .ofs_y = 0},
    {.bitmap_index = 11562, .adv_w = 63, .box_w = 6, .box_h = 12, .ofs_x = -1, .ofs_y = 0},
    {.bitmap_index = 11598, .adv_w = 70, .box_w = 3, .box_h = 15, .ofs_x = 0, .ofs_y = -3},
    {.bitmap_index = 11621, .adv_w = 62, .box_w = 4, .box_h = 15, .ofs_x = -1, .ofs_y = -3},
    {.bitmap_index = 11651, .adv_w = 70, .box_w = 3, .box_h = 15, .ofs_x = 1, .ofs_y = 0},
    {.bitmap_index = 11674, .adv_w = 63, .box_w = 2, .box_h = 9, .ofs_x = 1, .ofs_y = 0},
    {.bitmap_index = 11683, .adv_w = 211, .box_w = 11, .box_h = 12, .ofs_x = 1, .ofs_y = 0},
    {.bitmap_index = 11749, .adv_w = 123, .box_w = 6, .box_h = 15, .ofs_x = 1, .ofs_y = -3},
    {.bitmap_index = 11794, .adv_w = 141, .box_w = 10, .box_h = 15, .ofs_x = 0, .ofs_y = 0},
    {.bitmap_index = 11869, .adv_w = 64, .box_w = 6, .box_h = 15, .ofs_x = -1, .ofs_y = -3},
    {.bitmap_index = 11914, .adv_w = 161, .box_w = 10, .box_h = 16, .ofs_x = 1, .ofs_y = -4},
    {.bitmap_index = 11994, .adv_w = 130, .box_w = 8, .box_h = 16, .ofs_x = 1, .ofs_y = -4},
    {.bitmap_index = 12058, .adv_w = 142, .box_w = 8, .box_h = 9, .ofs_x = 1, .ofs_y = 0},
    {.bitmap_index = 12094, .adv_w = 138, .box_w = 8, .box_h = 15, .ofs_x = 1, .ofs_y = 0},
    {.bitmap_index = 12154, .adv_w = 62, .box_w = 4, .box_h = 16, .ofs_x = 1, .ofs_y = 0},
    {.bitmap_index = 12186, .adv_w = 138, .box_w = 8, .box_h = 17, .ofs_x = 1, .ofs_y = -5},
    {.bitmap_index = 12254, .adv_w = 62, .box_w = 3, .box_h = 17, .ofs_x = 0, .ofs_y = -5},
    {.bitmap_index = 12280, .adv_w = 138, .box_w = 8, .box_h = 12, .ofs_x = 1, .ofs_y = 0},
    {.bitmap_index = 12328, .adv_w = 81, .box_w = 5, .box_h = 12, .ofs_x = 1, .ofs_y = 0},
    {.bitmap_index = 12358, .adv_w = 138, .box_w = 8, .box_h = 12, .ofs_x = 1, .ofs_y = 0},
    {.bitmap_index = 12406, .adv_w = 90, .box_w = 5, .box_h = 12, .ofs_x = 1, .ofs_y = 0},
    {.bitmap_index = 12436, .adv_w = 138, .box_w = 9, .box_h = 12, .ofs_x = 0, .ofs_y = 0},
    {.bitmap_index = 12490, .adv_w = 69, .box_w = 5, .box_h = 12, .ofs_x = 0, .ofs_y = 0},
    {.bitmap_index = 12520, .adv_w = 183, .box_w = 10, .box_h = 15, .ofs_x = 1, .ofs_y = 0},
    {.bitmap_index = 12595, .adv_w = 141, .box_w = 7, .box_h = 12, .ofs_x = 1, .ofs_y = 0},
    {.bitmap_index = 12637, .adv_w = 183, .box_w = 10, .box_h = 17, .ofs_x = 1, .ofs_y = -5},
    {.bitmap_index = 12722, .adv_w = 141, .box_w = 7, .box_h = 14, .ofs_x = 1, .ofs_y = -5},
    {.bitmap_index = 12771, .adv_w = 183, .box_w = 10, .box_h = 15, .ofs_x = 1, .ofs_y = 0},
    {.bitmap_index = 12846, .adv_w = 141, .box_w = 7, .box_h = 12, .ofs_x = 1, .ofs_y = 0},
    {.bitmap_index = 12888, .adv_w = 141, .box_w = 9, .box_h = 12, .ofs_x = -1, .ofs_y = 0},
    {.bitmap_index = 12942, .adv_w = 177, .box_w = 9, .box_h = 15, .ofs_x = 1, .ofs_y = -3},
    {.bitmap_index = 13010, .adv_w = 145, .box_w = 7, .box_h = 12, .ofs_x = 1, .ofs_y = -3},
    {.bitmap_index = 13052, .adv_w = 176, .box_w = 11, .box_h = 15, .ofs_x = 0, .ofs_y = 0},
    {.bitmap_index = 13135, .adv_w = 146, .box_w = 9, .box_h = 12, .ofs_x = 0, .ofs_y = 0},
    {.bitmap_index = 13189, .adv_w = 176, .box_w = 11, .box_h = 15, .ofs_x = 0, .ofs_y = 0},
    {.bitmap_index = 13272, .adv_w = 146, .box_w = 9, .box_h = 12, .ofs_x = 0, .ofs_y = 0},
    {.bitmap_index = 13326, .adv_w = 176, .box_w = 11, .box_h = 15, .ofs_x = 0, .ofs_y = 0},
    {.bitmap_index = 13409, .adv_w = 146, .box_w = 9, .box_h = 12, .ofs_x = 0, .ofs_y = 0},
    {.bitmap_index = 13463, .adv_w = 244, .box_w = 15, .box_h = 12, .ofs_x = 0, .ofs_y = 0},
    {.bitmap_index = 13553, .adv_w = 233, .box_w = 14, .box_h = 9, .ofs_x = 0, .ofs_y = 0},
    {.bitmap_index = 13616, .adv_w = 158, .box_w = 9, .box_h = 15, .ofs_x = 1, .ofs_y = 0},
    {.bitmap_index = 13684, .adv_w = 87, .box_w = 5, .box_h = 12, .ofs_x = 1, .ofs_y = 0},
    {.bitmap_index = 13714, .adv_w = 158, .box_w = 9, .box_h = 17, .ofs_x = 1, .ofs_y = -5},
    {.bitmap_index = 13791, .adv_w = 87, .box_w = 6, .box_h = 15, .ofs_x = 0, .ofs_y = -5},
    {.bitmap_index = 13836, .adv_w = 158, .box_w = 9, .box_h = 15, .ofs_x = 1, .ofs_y = 0},
    {.bitmap_index = 13904, .adv_w = 87, .box_w = 6, .box_h = 12, .ofs_x = 0, .ofs_y = 0},
    {.bitmap_index = 13940, .adv_w = 152, .box_w = 9, .box_h = 16, .ofs_x = 0, .ofs_y = 0},
    {.bitmap_index = 14012, .adv_w = 132, .box_w = 8, .box_h = 12, .ofs_x = 0, .ofs_y = 0},
    {.bitmap_index = 14060, .adv_w = 152, .box_w = 9, .box_h = 16, .ofs_x = 0, .ofs_y = 0},
    {.bitmap_index = 14132, .adv_w = 132, .box_w = 8, .box_h = 12, .ofs_x = 0, .ofs_y = 0},
    {.bitmap_index = 14180, .adv_w = 152, .box_w = 9, .box_h = 15, .ofs_x = 0, .ofs_y = -3},
    {.bitmap_index = 14248, .adv_w = 132, .box_w = 8, .box_h = 12, .ofs_x = 0, .ofs_y = -3},
    {.bitmap_index = 14296, .adv_w = 152, .box_w = 9, .box_h = 16, .ofs_x = 0, .ofs_y = 0},
    {.bitmap_index = 14368, .adv_w = 132, .box_w = 8, .box_h = 12, .ofs_x = 0, .ofs_y = 0},
    {.bitmap_index = 14416, .adv_w = 153, .box_w = 10, .box_h = 15, .ofs_x = 0, .ofs_y = -3},
    {.bitmap_index = 14491, .adv_w = 84, .box_w = 6, .box_h = 15, .ofs_x = 0, .ofs_y = -3},
    {.bitmap_index = 14536, .adv_w = 153, .box_w = 10, .box_h = 15, .ofs_x = 0, .ofs_y = 0},
    {.bitmap_index = 14611, .adv_w = 89, .box_w = 6, .box_h = 14, .ofs_x = 0, .ofs_y = 0},
    {.bitmap_index = 14653, .adv_w = 153, .box_w = 10, .box_h = 12, .ofs_x = 0, .ofs_y = 0},
    {.bitmap_index = 14713, .adv_w = 84, .box_w = 6, .box_h = 11, .ofs_x = -1, .ofs_y = 0},
    {.bitmap_index = 14746, .adv_w = 166, .box_w = 9, .box_h = 16, .ofs_x = 1, .ofs_y = 0},
    {.bitmap_index = 14818, .adv_w = 141, .box_w = 7, .box_h = 13, .ofs_x = 1, .ofs_y = 0},
    {.bitmap_index = 14864, .adv_w = 166, .box_w = 9, .box_h = 15, .ofs_x = 1, .ofs_y = 0},
    {.bitmap_index = 14932, .adv_w = 141, .box_w = 7, .box_h = 12, .ofs_x = 1, .ofs_y = 0},
    {.bitmap_index = 14974, .adv_w = 166, .box_w = 9, .box_h = 15, .ofs_x = 1, .ofs_y = 0},
    {.bitmap_index = 15042, .adv_w = 141, .box_w = 7, .box_h = 12, .ofs_x = 1, .ofs_y = 0},
    {.bitmap_index = 15084, .adv_w = 166, .box_w = 9, .box_h = 16, .ofs_x = 1, .ofs_y = 0},
    {.bitmap_index = 15156, .adv_w = 141, .box_w = 7, .box_h = 14, .ofs_x = 1, .ofs_y = 0},
    {.bitmap_index = 15205, .adv_w = 166, .box_w = 9, .box_h = 15, .ofs_x = 1, .ofs_y = 0},
    {.bitmap_index = 15273, .adv_w = 141, .box_w = 8, .box_h = 12, .ofs_x = 1, .ofs_y = 0},
    {.bitmap_index = 15321, .adv_w = 166, .box_w = 9, .box_h = 15, .ofs_x = 1, .ofs_y = -3},
    {.bitmap_index = 15389, .adv_w = 141, .box_w = 7, .box_h = 12, .ofs_x = 1, .ofs_y = -3},
    {.bitmap_index = 15431, .adv_w = 227, .box_w = 14, .box_h = 15, .ofs_x = 0, .ofs_y = 0},
    {.bitmap_index = 15536, .adv_w = 192, .box_w = 12, .box_h = 12, .ofs_x = 0, .ofs_y = 0},
    {.bitmap_index = 15608, .adv_w = 154, .box_w = 10, .box_h = 15, .ofs_x = 0, .ofs_y = 0},
    {.bitmap_index = 15683, .adv_w = 121, .box_w = 8, .box_h = 15, .ofs_x = 0, .ofs_y = -3},
    {.bitmap_index = 15743, .adv_w = 154, .box_w = 10, .box_h = 15, .ofs_x = 0, .ofs_y = 0},
    {.bitmap_index = 15818, .adv_w = 153, .box_w = 9, .box_h = 15, .ofs_x = 0, .ofs_y = 0},
    {.bitmap_index = 15886, .adv_w = 127, .box_w = 8, .box_h = 12, .ofs_x = 0, .ofs_y = 0},
    {.bitmap_index = 15934, .adv_w = 153, .box_w = 9, .box_h = 15, .ofs_x = 0, .ofs_y = 0},
    {.bitmap_index = 16002, .adv_w = 127, .box_w = 8, .box_h = 12, .ofs_x = 0, .ofs_y = 0},
    {.bitmap_index = 16050, .adv_w = 153, .box_w = 9, .box_h = 15, .ofs_x = 0, .ofs_y = 0},
    {.bitmap_index = 16118, .adv_w = 127, .box_w = 8, .box_h = 12, .ofs_x = 0, .ofs_y = 0},
    {.bitmap_index = 16166, .adv_w = 64, .box_w = 5, .box_h = 14, .ofs_x = 1, .ofs_y = 0},
    {.bitmap_index = 16201, .adv_w = 154, .box_w = 9, .box_h = 12, .ofs_x = 0, .ofs_y = 0},
    {.bitmap_index = 16255, .adv_w = 185, .box_w = 11, .box_h = 12, .ofs_x = 0, .ofs_y = 0},
    {.bitmap_index = 16321, .adv_w = 160, .box_w = 9, .box_h = 12, .ofs_x = 1, .ofs_y = 0},
    {.bitmap_index = 16375, .adv_w = 144, .box_w = 8, .box_h = 12, .ofs_x = 1, .ofs_y = 0},
    {.bitmap_index = 16423, .adv_w = 172, .box_w = 11, .box_h = 12, .ofs_x = 0, .ofs_y = 0},
    {.bitmap_index = 16489, .adv_w = 158, .box_w = 10, .box_h = 12, .ofs_x = 0, .ofs_y = 0},
    {.bitmap_index = 16549, .adv_w = 167, .box_w = 10, .box_h = 12, .ofs_x = 0, .ofs_y = 0},
    {.bitmap_index = 16609, .adv_w = 181, .box_w = 12, .box_h = 12, .ofs_x = 0, .ofs_y = 0},
    {.bitmap_index = 16681, .adv_w = 155, .box_w = 10, .box_h = 9, .ofs_x = 0, .ofs_y = 0},
    {.bitmap_index = 16726, .adv_w = 177, .box_w = 11, .box_h = 12, .ofs_x = 0, .ofs_y = 0},
    {.bitmap_index = 16792, .adv_w = 194, .box_w = 12, .box_h = 12, .ofs_x = 0, .ofs_y = 0},
    {.bitmap_index = 16864, .adv_w = 160, .box_w = 9, .box_h = 12, .ofs_x = 0, .ofs_y = 0},
    {.bitmap_index = 16918, .adv_w = 144, .box_w = 8, .box_h = 12, .ofs_x = 0, .ofs_y = 0},
    {.bitmap_index = 16966, .adv_w = 145, .box_w = 9, .box_h = 12, .ofs_x = 0, .ofs_y = -3},
    {.bitmap_index = 17020, .adv_w = 146, .box_w = 8, .box_h = 12, .ofs_x = 0, .ofs_y = 0},
    {.bitmap_index = 17068, .adv_w = 177, .box_w = 11, .box_h = 12, .ofs_x = 0, .ofs_y = 0},
    {.bitmap_index = 17134, .adv_w = 153, .box_w = 9, .box_h = 12, .ofs_x = 0, .ofs_y = 0},
    {.bitmap_index = 17188, .adv_w = 149, .box_w = 10, .box_h = 15, .ofs_x = -1, .ofs_y = -3},
    {.bitmap_index = 17263, .adv_w = 87, .box_w = 7, .box_h = 17, .ofs_x = -1, .ofs_y = -3},
    {.bitmap_index = 17323, .adv_w = 181, .box_w = 12, .box_h = 12, .ofs_x = 0, .ofs_y = 0},
    {.bitmap_index = 17395, .adv_w = 161, .box_w = 10, .box_h = 15, .ofs_x = 0, .ofs_y = -3},
    {.bitmap_index = 17470, .adv_w = 214, .box_w = 12, .box_h = 12, .ofs_x = 1, .ofs_y = 0},
    {.bitmap_index = 17542, .adv_w = 83, .box_w = 5, .box_h = 12, .ofs_x = 1, .ofs_y = 0},
    {.bitmap_index = 17572, .adv_w = 85, .box_w = 6, .box_h = 12, .ofs_x = 0, .ofs_y = 0},
    {.bitmap_index = 17608, .adv_w = 161, .box_w = 10, .box_h = 12, .ofs_x = 1, .ofs_y = 0},
    {.bitmap_index = 17668, .adv_w = 130, .box_w = 8, .box_h = 13, .ofs_x = 1, .ofs_y = 0},
    {.bitmap_index = 17720, .adv_w = 85, .box_w = 6, .box_h = 12, .ofs_x = 0, .ofs_y = 0},
    {.bitmap_index = 17756, .adv_w = 142, .box_w = 9, .box_h = 12, .ofs_x = 0, .ofs_y = 0},
    {.bitmap_index = 17810, .adv_w = 233, .box_w = 13, .box_h = 12, .ofs_x = 1, .ofs_y = 0},
    {.bitmap_index = 17888, .adv_w = 190, .box_w = 12, .box_h = 15, .ofs_x = -1, .ofs_y = -3},
    {.bitmap_index = 17978, .adv_w = 145, .box_w = 7, .box_h = 12, .ofs_x = 1, .ofs_y = -3},
    {.bitmap_index = 18020, .adv_w = 174, .box_w = 10, .box_h = 12, .ofs_x = 0, .ofs_y = 0},
    {.bitmap_index = 18080, .adv_w = 176, .box_w = 12, .box_h = 13, .ofs_x = 0, .ofs_y = 0},
    {.bitmap_index = 18158, .adv_w = 146, .box_w = 10, .box_h = 10, .ofs_x = 0, .ofs_y = 0},
    {.bitmap_index = 18208, .adv_w = 217, .box_w = 13, .box_h = 15, .ofs_x = 0, .ofs_y = -3},
    {.bitmap_index = 18306, .adv_w = 171, .box_w = 10, .box_h = 12, .ofs_x = 0, .ofs_y = -3},
    {.bitmap_index = 18366, .adv_w = 187, .box_w = 12, .box_h = 12, .ofs_x = 0, .ofs_y = 0},
    {.bitmap_index = 18438, .adv_w = 144, .box_w = 8, .box_h = 15, .ofs_x = 1, .ofs_y = -3},
    {.bitmap_index = 18498, .adv_w = 175, .box_w = 11, .box_h = 16, .ofs_x = 1, .ofs_y = -3},
    {.bitmap_index = 18586, .adv_w = 152, .box_w = 9, .box_h = 12, .ofs_x = 0, .ofs_y = 0},
    {.bitmap_index = 18640, .adv_w = 132, .box_w = 8, .box_h = 9, .ofs_x = 0, .ofs_y = 0},
    {.bitmap_index = 18676, .adv_w = 146, .box_w = 9, .box_h = 12, .ofs_x = 0, .ofs_y = 0},
    {.bitmap_index = 18730, .adv_w = 119, .box_w = 8, .box_h = 17, .ofs_x = 0, .ofs_y = -3},
    {.bitmap_index = 18798, .adv_w = 84, .box_w = 5, .box_h = 14, .ofs_x = 0, .ofs_y = -3},
    {.bitmap_index = 18833, .adv_w = 160, .box_w = 10, .box_h = 12, .ofs_x = 0, .ofs_y = 0},
    {.bitmap_index = 18893, .adv_w = 85, .box_w = 5, .box_h = 13, .ofs_x = 0, .ofs_y = 0},
    {.bitmap_index = 18926, .adv_w = 153, .box_w = 10, .box_h = 15, .ofs_x = 0, .ofs_y = -3},
    {.bitmap_index = 19001, .adv_w = 178, .box_w = 12, .box_h = 12, .ofs_x = 1, .ofs_y = 0},
    {.bitmap_index = 19073, .adv_w = 158, .box_w = 10, .box_h = 10, .ofs_x = 1, .ofs_y = 0},
    {.bitmap_index = 19123, .adv_w = 170, .box_w = 10, .box_h = 12, .ofs_x = 0, .ofs_y = 0},
    {.bitmap_index = 19183, .adv_w = 167, .box_w = 9, .box_h = 13, .ofs_x = 1, .ofs_y = 0},
    {.bitmap_index = 19242, .adv_w = 166, .box_w = 11, .box_h = 12, .ofs_x = 0, .ofs_y = 0},
    {.bitmap_index = 19308, .adv_w = 152, .box_w = 10, .box_h = 15, .ofs_x = 0, .ofs_y = -3},
    {.bitmap_index = 19383, .adv_w = 153, .box_w = 9, .box_h = 12, .ofs_x = 0, .ofs_y = 0},
    {.bitmap_index = 19437, .adv_w = 129, .box_w = 8, .box_h = 9, .ofs_x = 0, .ofs_y = 0},
    {.bitmap_index = 19473, .adv_w = 165, .box_w = 10, .box_h = 15, .ofs_x = 0, .ofs_y = -3},
    {.bitmap_index = 19548, .adv_w = 165, .box_w = 10, .box_h = 15, .ofs_x = 0, .ofs_y = -3},
    {.bitmap_index = 19623, .adv_w = 145, .box_w = 9, .box_h = 12, .ofs_x = 0, .ofs_y = -3},
    {.bitmap_index = 19677, .adv_w = 136, .box_w = 8, .box_h = 12, .ofs_x = 0, .ofs_y = -3},
    {.bitmap_index = 19725, .adv_w = 145, .box_w = 9, .box_h = 12, .ofs_x = 0, .ofs_y = 0},
    {.bitmap_index = 19779, .adv_w = 144, .box_w = 9, .box_h = 12, .ofs_x = 0, .ofs_y = 0},
    {.bitmap_index = 19833, .adv_w = 128, .box_w = 8, .box_h = 9, .ofs_x = 0, .ofs_y = 0},
    {.bitmap_index = 19869, .adv_w = 131, .box_w = 8, .box_h = 11, .ofs_x = 0, .ofs_y = 0},
    {.bitmap_index = 19913, .adv_w = 144, .box_w = 8, .box_h = 12, .ofs_x = 1, .ofs_y = -3},
    {.bitmap_index = 19961, .adv_w = 65, .box_w = 2, .box_h = 12, .ofs_x = 1, .ofs_y = 0},
    {.bitmap_index = 19973, .adv_w = 97, .box_w = 4, .box_h = 12, .ofs_x = 1, .ofs_y = 0},
    {.bitmap_index = 19997, .adv_w = 85, .box_w = 6, .box_h = 12, .ofs_x = 0, .ofs_y = 0},
    {.bitmap_index = 20033, .adv_w = 66, .box_w = 2, .box_h = 12, .ofs_x = 1, .ofs_y = 0},
    {.bitmap_index = 20045, .adv_w = 298, .box_w = 17, .box_h = 15, .ofs_x = 1, .ofs_y = 0},
    {.bitmap_index = 20173, .adv_w = 278, .box_w = 16, .box_h = 12, .ofs_x = 1, .ofs_y = 0},
    {.bitmap_index = 20269, .adv_w = 254, .box_w = 16, .box_h = 13, .ofs_x = 0, .ofs_y = 0},
    {.bitmap_index = 20373, .adv_w = 279, .box_w = 16, .box_h = 12, .ofs_x = 1, .ofs_y = 0},
    {.bitmap_index = 20469, .adv_w = 199, .box_w = 11, .box_h = 15, .ofs_x = 1, .ofs_y = -3},
    {.bitmap_index = 20552, .adv_w = 123, .box_w = 6, .box_h = 15, .ofs_x = 1, .ofs_y = -3},
    {.bitmap_index = 20597, .adv_w = 324, .box_w = 18, .box_h = 12, .ofs_x = 1, .ofs_y = 0},
    {.bitmap_index = 20705, .adv_w = 244, .box_w = 14, .box_h = 15, .ofs_x = 1, .ofs_y = -3},
    {.bitmap_index = 20810, .adv_w = 202, .box_w = 11, .box_h = 15, .ofs_x = 1, .ofs_y = -3},
    {.bitmap_index = 20893, .adv_w = 167, .box_w = 11, .box_h = 15, .ofs_x = 0, .ofs_y = 0},
    {.bitmap_index = 20976, .adv_w = 139, .box_w = 8, .box_h = 12, .ofs_x = 0, .ofs_y = 0},
    {.bitmap_index = 21024, .adv_w = 70, .box_w = 6, .box_h = 15, .ofs_x = -1, .ofs_y = 0},
    {.bitmap_index = 21069, .adv_w = 63, .box_w = 6, .box_h = 12, .ofs_x = -1, .ofs_y = 0},
    {.bitmap_index = 21105, .adv_w = 176, .box_w = 11, .box_h = 16, .ofs_x = 0, .ofs_y = 0},
    {.bitmap_index = 21193, .adv_w = 146, .box_w = 9, .box_h = 12, .ofs_x = 0, .ofs_y = 0},
    {.bitmap_index = 21247, .adv_w = 166, .box_w = 9, .box_h = 15, .ofs_x = 1, .ofs_y = 0},
    {.bitmap_index = 21315, .adv_w = 141, .box_w = 7, .box_h = 12, .ofs_x = 1, .ofs_y = 0},
    {.bitmap_index = 21357, .adv_w = 166, .box_w = 9, .box_h = 17, .ofs_x = 1, .ofs_y = 0},
    {.bitmap_index = 21434, .adv_w = 141, .box_w = 7, .box_h = 14, .ofs_x = 1, .ofs_y = 0},
    {.bitmap_index = 21483, .adv_w = 166, .box_w = 9, .box_h = 16, .ofs_x = 1, .ofs_y = 0},
    {.bitmap_index = 21555, .adv_w = 141, .box_w = 7, .box_h = 15, .ofs_x = 1, .ofs_y = 0},
    {.bitmap_index = 21608, .adv_w = 166, .box_w = 9, .box_h = 17, .ofs_x = 1, .ofs_y = 0},
    {.bitmap_index = 21685, .adv_w = 141, .box_w = 7, .box_h = 15, .ofs_x = 1, .ofs_y = 0},
    {.bitmap_index = 21738, .adv_w = 166, .box_w = 9, .box_h = 16, .ofs_x = 1, .ofs_y = 0},
    {.bitmap_index = 21810, .adv_w = 141, .box_w = 7, .box_h = 15, .ofs_x = 1, .ofs_y = 0},
    {.bitmap_index = 21863, .adv_w = 135, .box_w = 8, .box_h = 9, .ofs_x = 0, .ofs_y = 0},
    {.bitmap_index = 21899, .adv_w = 167, .box_w = 11, .box_h = 16, .ofs_x = 0, .ofs_y = 0},
    {.bitmap_index = 21987, .adv_w = 139, .box_w = 8, .box_h = 14, .ofs_x = 0, .ofs_y = 0},
    {.bitmap_index = 22043, .adv_w = 167, .box_w = 11, .box_h = 16, .ofs_x = 0, .ofs_y = 0},
    {.bitmap_index = 22131, .adv_w = 139, .box_w = 8, .box_h = 14, .ofs_x = 0, .ofs_y = 0},
    {.bitmap_index = 22187, .adv_w = 239, .box_w = 16, .box_h = 15, .ofs_x = -1, .ofs_y = 0},
    {.bitmap_index = 22307, .adv_w = 216, .box_w = 13, .box_h = 12, .ofs_x = 0, .ofs_y = 0},
    {.bitmap_index = 22385, .adv_w = 174, .box_w = 11, .box_h = 12, .ofs_x = 0, .ofs_y = 0},
    {.bitmap_index = 22451, .adv_w = 144, .box_w = 9, .box_h = 14, .ofs_x = 0, .ofs_y = -5},
    {.bitmap_index = 22514, .adv_w = 174, .box_w = 10, .box_h = 16, .ofs_x = 0, .ofs_y = 0},
    {.bitmap_index = 22594, .adv_w = 144, .box_w = 8, .box_h = 15, .ofs_x = 0, .ofs_y = -3},
    {.bitmap_index = 22654, .adv_w = 161, .box_w = 10, .box_h = 15, .ofs_x = 1, .ofs_y = 0},
    {.bitmap_index = 22729, .adv_w = 130, .box_w = 8, .box_h = 15, .ofs_x = 1, .ofs_y = 0},
    {.bitmap_index = 22789, .adv_w = 176, .box_w = 11, .box_h = 15, .ofs_x = 0, .ofs_y = -3},
    {.bitmap_index = 22872, .adv_w = 146, .box_w = 9, .box_h = 12, .ofs_x = 0, .ofs_y = -3},
    {.bitmap_index = 22926, .adv_w = 176, .box_w = 11, .box_h = 18, .ofs_x = 0, .ofs_y = -3},
    {.bitmap_index = 23025, .adv_w = 146, .box_w = 9, .box_h = 15, .ofs_x = 0, .ofs_y = -3},
    {.bitmap_index = 23093, .adv_w = 165, .box_w = 10, .box_h = 19, .ofs_x = 0, .ofs_y = -3},
    {.bitmap_index = 23188, .adv_w = 149, .box_w = 9, .box_h = 15, .ofs_x = 0, .ofs_y = -3},
    {.bitmap_index = 23256, .adv_w = 64, .box_w = 6, .box_h = 15, .ofs_x = -1, .ofs_y = -3},
    {.bitmap_index = 23301, .adv_w = 321, .box_w = 19, .box_h = 12, .ofs_x = 1, .ofs_y = 0},
    {.bitmap_index = 23415, .adv_w = 295, .box_w = 17, .box_h = 12, .ofs_x = 1, .ofs_y = 0},
    {.bitmap_index = 23517, .adv_w = 271, .box_w = 17, .box_h = 12, .ofs_x = 0, .ofs_y = 0},
    {.bitmap_index = 23619, .adv_w = 174, .box_w = 10, .box_h = 16, .ofs_x = 0, .ofs_y = 0},
    {.bitmap_index = 23699, .adv_w = 144, .box_w = 8, .box_h = 15, .ofs_x = 0, .ofs_y = -3},
    {.bitmap_index = 23759, .adv_w = 279, .box_w = 16, .box_h = 12, .ofs_x = 1, .ofs_y = 0},
    {.bitmap_index = 23855, .adv_w = 169, .box_w = 9, .box_h = 15, .ofs_x = 1, .ofs_y = -3},
    {.bitmap_index = 23923, .adv_w = 183, .box_w = 10, .box_h = 15, .ofs_x = 1, .ofs_y = 0},
    {.bitmap_index = 23998, .adv_w = 141, .box_w = 7, .box_h = 12, .ofs_x = 1, .ofs_y = 0},
    {.bitmap_index = 24040, .adv_w = 167, .box_w = 11, .box_h = 16, .ofs_x = 0, .ofs_y = 0},
    {.bitmap_index = 24128, .adv_w = 139, .box_w = 8, .box_h = 14, .ofs_x = 0, .ofs_y = 0},
    {.bitmap_index = 24184, .adv_w = 239, .box_w = 16, .box_h = 15, .ofs_x = -1, .ofs_y = 0},
    {.bitmap_index = 24304, .adv_w = 216, .box_w = 13, .box_h = 12, .ofs_x = 0, .ofs_y = 0},
    {.bitmap_index = 24382, .adv_w = 176, .box_w = 11, .box_h = 17, .ofs_x = 0, .ofs_y = -1},
    {.bitmap_index = 24476, .adv_w = 145, .box_w = 9, .box_h = 13, .ofs_x = 0, .ofs_y = -1},
    {.bitmap_index = 24535, .adv_w = 167, .box_w = 11, .box_h = 15, .ofs_x = 0, .ofs_y = 0},
    {.bitmap_index = 24618, .adv_w = 139, .box_w = 8, .box_h = 12, .ofs_x = 0, .ofs_y = 0},
    {.bitmap_index = 24666, .adv_w = 167, .box_w = 11, .box_h = 15, .ofs_x = 0, .ofs_y = 0},
    {.bitmap_index = 24749, .adv_w = 139, .box_w = 8, .box_h = 12, .ofs_x = 0, .ofs_y = 0},
    {.bitmap_index = 24797, .adv_w = 146, .box_w = 9, .box_h = 15, .ofs_x = 0, .ofs_y = 0},
    {.bitmap_index = 24865, .adv_w = 136, .box_w = 8, .box_h = 12, .ofs_x = 0, .ofs_y = 0},
    {.bitmap_index = 24913, .adv_w = 146, .box_w = 8, .box_h = 15, .ofs_x = 1, .ofs_y = 0},
    {.bitmap_index = 24973, .adv_w = 136, .box_w = 8, .box_h = 12, .ofs_x = 0, .ofs_y = 0},
    {.bitmap_index = 25021, .adv_w = 70, .box_w = 6, .box_h = 15, .ofs_x = -2, .ofs_y = 0},
    {.bitmap_index = 25066, .adv_w = 63, .box_w = 7, .box_h = 12, .ofs_x = -3, .ofs_y = 0},
    {.bitmap_index = 25108, .adv_w = 70, .box_w = 6, .box_h = 15, .ofs_x = -1, .ofs_y = 0},
    {.bitmap_index = 25153, .adv_w = 63, .box_w = 6, .box_h = 12, .ofs_x = -1, .ofs_y = 0},
    {.bitmap_index = 25189, .adv_w = 176, .box_w = 11, .box_h = 15, .ofs_x = 0, .ofs_y = 0},
    {.bitmap_index = 25272, .adv_w = 146, .box_w = 9, .box_h = 12, .ofs_x = 0, .ofs_y = 0},
    {.bitmap_index = 25326, .adv_w = 176, .box_w = 11, .box_h = 15, .ofs_x = 0, .ofs_y = 0},
    {.bitmap_index = 25409, .adv_w = 146, .box_w = 9, .box_h = 12, .ofs_x = 0, .ofs_y = 0},
    {.bitmap_index = 25463, .adv_w = 158, .box_w = 10, .box_h = 15, .ofs_x = 0, .ofs_y = 0},
    {.bitmap_index = 25538, .adv_w = 87, .box_w = 7, .box_h = 12, .ofs_x = -1, .ofs_y = 0},
    {.bitmap_index = 25580, .adv_w = 158, .box_w = 9, .box_h = 15, .ofs_x = 1, .ofs_y = 0},
    {.bitmap_index = 25648, .adv_w = 87, .box_w = 6, .box_h = 12, .ofs_x = 0, .ofs_y = 0},
    {.bitmap_index = 25684, .adv_w = 166, .box_w = 9, .box_h = 15, .ofs_x = 1, .ofs_y = 0},
    {.bitmap_index = 25752, .adv_w = 141, .box_w = 8, .box_h = 12, .ofs_x = 0, .ofs_y = 0},
    {.bitmap_index = 25800, .adv_w = 166, .box_w = 9, .box_h = 15, .ofs_x = 1, .ofs_y = 0},
    {.bitmap_index = 25868, .adv_w = 141, .box_w = 7, .box_h = 12, .ofs_x = 1, .ofs_y = 0},
    {.bitmap_index = 25910, .adv_w = 152, .box_w = 9, .box_h = 17, .ofs_x = 0, .ofs_y = -5},
    {.bitmap_index = 25987, .adv_w = 132, .box_w = 8, .box_h = 14, .ofs_x = 0, .ofs_y = -5},
    {.bitmap_index = 26043, .adv_w = 153, .box_w = 10, .box_h = 17, .ofs_x = 0, .ofs_y = -5},
    {.bitmap_index = 26128, .adv_w = 84, .box_w = 5, .box_h = 16, .ofs_x = 0, .ofs_y = -5},
    {.bitmap_index = 26168, .adv_w = 154, .box_w = 9, .box_h = 16, .ofs_x = 0, .ofs_y = -4},
    {.bitmap_index = 26240, .adv_w = 129, .box_w = 8, .box_h = 13, .ofs_x = 0, .ofs_y = -4},
    {.bitmap_index = 26292, .adv_w = 183, .box_w = 10, .box_h = 15, .ofs_x = 1, .ofs_y = 0},
    {.bitmap_index = 26367, .adv_w = 141, .box_w = 7, .box_h = 15, .ofs_x = 1, .ofs_y = 0},
    {.bitmap_index = 26420, .adv_w = 169, .box_w = 9, .box_h = 15, .ofs_x = 1, .ofs_y = -3},
    {.bitmap_index = 26488, .adv_w = 183, .box_w = 12, .box_h = 15, .ofs_x = 0, .ofs_y = -3},
    {.bitmap_index = 26578, .adv_w = 171, .box_w = 10, .box_h = 12, .ofs_x = 0, .ofs_y = 0},
    {.bitmap_index = 26638, .adv_w = 166, .box_w = 10, .box_h = 12, .ofs_x = 0, .ofs_y = 0},
    {.bitmap_index = 26698, .adv_w = 156, .box_w = 10, .box_h = 14, .ofs_x = 0, .ofs_y = -2},
    {.bitmap_index = 26768, .adv_w = 131, .box_w = 8, .box_h = 11, .ofs_x = 0, .ofs_y = -2},
    {.bitmap_index = 26812, .adv_w = 167, .box_w = 11, .box_h = 15, .ofs_x = 0, .ofs_y = 0},
    {.bitmap_index = 26895, .adv_w = 139, .box_w = 8, .box_h = 12, .ofs_x = 0, .ofs_y = 0},
    {.bitmap_index = 26943, .adv_w = 146, .box_w = 8, .box_h = 15, .ofs_x = 1, .ofs_y = -3},
    {.bitmap_index = 27003, .adv_w = 136, .box_w = 8, .box_h = 12, .ofs_x = 0, .ofs_y = -3},
    {.bitmap_index = 27051, .adv_w = 176, .box_w = 11, .box_h = 17, .ofs_x = 0, .ofs_y = 0},
    {.bitmap_index = 27145, .adv_w = 146, .box_w = 9, .box_h = 14, .ofs_x = 0, .ofs_y = 0},
    {.bitmap_index = 27208, .adv_w = 176, .box_w = 11, .box_h = 17, .ofs_x = 0, .ofs_y = 0},
    {.bitmap_index = 27302, .adv_w = 146, .box_w = 9, .box_h = 15, .ofs_x = 0, .ofs_y = 0},
    {.bitmap_index = 27370, .adv_w = 176, .box_w = 11, .box_h = 15, .ofs_x = 0, .ofs_y = 0},
    {.bitmap_index = 27453, .adv_w = 146, .box_w = 9, .box_h = 12, .ofs_x = 0, .ofs_y = 0},
    {.bitmap_index = 27507, .adv_w = 176, .box_w = 11, .box_h = 17, .ofs_x = 0, .ofs_y = 0},
    {.bitmap_index = 27601, .adv_w = 146, .box_w = 9, .box_h = 14, .ofs_x = 0, .ofs_y = 0},
    {.bitmap_index = 27664, .adv_w = 154, .box_w = 10, .box_h = 14, .ofs_x = 0, .ofs_y = 0},
    {.bitmap_index = 27734, .adv_w = 121, .box_w = 8, .box_h = 15, .ofs_x = 0, .ofs_y = -3},
    {.bitmap_index = 27794, .adv_w = 109, .box_w = 7, .box_h = 15, .ofs_x = 0, .ofs_y = -3},
    {.bitmap_index = 27847, .adv_w = 180, .box_w = 11, .box_h = 12, .ofs_x = 1, .ofs_y = -3},
    {.bitmap_index = 27913, .adv_w = 110, .box_w = 7, .box_h = 11, .ofs_x = 0, .ofs_y = 0},
    {.bitmap_index = 27952, .adv_w = 64, .box_w = 4, .box_h = 12, .ofs_x = -1, .ofs_y = -3},
    {.bitmap_index = 27976, .adv_w = 229, .box_w = 14, .box_h = 12, .ofs_x = 0, .ofs_y = 0},
    {.bitmap_index = 28060, .adv_w = 229, .box_w = 14, .box_h = 12, .ofs_x = 0, .ofs_y = -3},
    {.bitmap_index = 28144, .adv_w = 167, .box_w = 13, .box_h = 14, .ofs_x = -2, .ofs_y = -1},
    {.bitmap_index = 28235, .adv_w = 167, .box_w = 10, .box_h = 14, .ofs_x = 0, .ofs_y = -1},
    {.bitmap_index = 28305, .adv_w = 134, .box_w = 8, .box_h = 15, .ofs_x = 0, .ofs_y = -3},
    {.bitmap_index = 28365, .adv_w = 147, .box_w = 9, .box_h = 12, .ofs_x = 0, .ofs_y = 0},
    {.bitmap_index = 28419, .adv_w = 153, .box_w = 10, .box_h = 14, .ofs_x = 0, .ofs_y = -1},
    {.bitmap_index = 28489, .adv_w = 132, .box_w = 8, .box_h = 12, .ofs_x = 0, .ofs_y = -3},
    {.bitmap_index = 28537, .adv_w = 127, .box_w = 9, .box_h = 12, .ofs_x = 0, .ofs_y = -3},
    {.bitmap_index = 28591, .adv_w = 138, .box_w = 8, .box_h = 12, .ofs_x = 0, .ofs_y = 0},
    {.bitmap_index = 28639, .adv_w = 122, .box_w = 7, .box_h = 9, .ofs_x = 0, .ofs_y = 0},
    {.bitmap_index = 28671, .adv_w = 168, .box_w = 10, .box_h = 12, .ofs_x = 0, .ofs_y = 0},
    {.bitmap_index = 28731, .adv_w = 198, .box_w = 13, .box_h = 12, .ofs_x = 0, .ofs_y = 0},
    {.bitmap_index = 28809, .adv_w = 163, .box_w = 10, .box_h = 12, .ofs_x = 0, .ofs_y = 0},
    {.bitmap_index = 28869, .adv_w = 146, .box_w = 8, .box_h = 15, .ofs_x = 1, .ofs_y = -2},
    {.bitmap_index = 28929, .adv_w = 136, .box_w = 8, .box_h = 15, .ofs_x = 0, .ofs_y = -3},
    {.bitmap_index = 28989, .adv_w = 153, .box_w = 10, .box_h = 12, .ofs_x = 0, .ofs_y = 0},
    {.bitmap_index = 29049, .adv_w = 87, .box_w = 6, .box_h = 15, .ofs_x = 0, .ofs_y = -3},
    {.bitmap_index = 29094, .adv_w = 182, .box_w = 12, .box_h = 15, .ofs_x = 0, .ofs_y = -3},
    {.bitmap_index = 29184, .adv_w = 151, .box_w = 10, .box_h = 12, .ofs_x = 0, .ofs_y = -3},
    {.bitmap_index = 29244, .adv_w = 165, .box_w = 11, .box_h = 12, .ofs_x = 0, .ofs_y = 0},
    {.bitmap_index = 29310, .adv_w = 98, .box_w = 6, .box_h = 10, .ofs_x = 0, .ofs_y = 0},
    {.bitmap_index = 29340, .adv_w = 173, .box_w = 11, .box_h = 12, .ofs_x = 0, .ofs_y = 0},
    {.bitmap_index = 29406, .adv_w = 131, .box_w = 8, .box_h = 12, .ofs_x = 0, .ofs_y = -3},
    {.bitmap_index = 29454, .adv_w = 167, .box_w = 11, .box_h = 15, .ofs_x = 0, .ofs_y = -3},
    {.bitmap_index = 29537, .adv_w = 139, .box_w = 8, .box_h = 12, .ofs_x = 0, .ofs_y = -3},
    {.bitmap_index = 29585, .adv_w = 159, .box_w = 9, .box_h = 15, .ofs_x = 1, .ofs_y = 0},
    {.bitmap_index = 29653, .adv_w = 144, .box_w = 8, .box_h = 15, .ofs_x = 1, .ofs_y = 0},
    {.bitmap_index = 29713, .adv_w = 159, .box_w = 9, .box_h = 15, .ofs_x = 1, .ofs_y = -3},
    {.bitmap_index = 29781, .adv_w = 144, .box_w = 8, .box_h = 15, .ofs_x = 1, .ofs_y = -3},
    {.bitmap_index = 29841, .adv_w = 159, .box_w = 9, .box_h = 15, .ofs_x = 1, .ofs_y = -3},
    {.bitmap_index = 29909, .adv_w = 144, .box_w = 8, .box_h = 15, .ofs_x = 1, .ofs_y = -3},
    {.bitmap_index = 29969, .adv_w = 167, .box_w = 10, .box_h = 19, .ofs_x = 0, .ofs_y = -3},
    {.bitmap_index = 30064, .adv_w = 134, .box_w = 8, .box_h = 15, .ofs_x = 0, .ofs_y = -3},
    {.bitmap_index = 30124, .adv_w = 168, .box_w = 9, .box_h = 15, .ofs_x = 1, .ofs_y = 0},
    {.bitmap_index = 30192, .adv_w = 144, .box_w = 8, .box_h = 15, .ofs_x = 0, .ofs_y = 0},
    {.bitmap_index = 30252, .adv_w = 168, .box_w = 9, .box_h = 15, .ofs_x = 1, .ofs_y = -3},
    {.bitmap_index = 30320, .adv_w = 144, .box_w = 8, .box_h = 15, .ofs_x = 0, .ofs_y = -3},
    {.bitmap_index = 30380, .adv_w = 168, .box_w = 9, .box_h = 15, .ofs_x = 1, .ofs_y = -3},
    {.bitmap_index = 30448, .adv_w = 144, .box_w = 8, .box_h = 15, .ofs_x = 0, .ofs_y = -3},
    {.bitmap_index = 30508, .adv_w = 168, .box_w = 9, .box_h = 17, .ofs_x = 1, .ofs_y = -5},
    {.bitmap_index = 30585, .adv_w = 144, .box_w = 8, .box_h = 17, .ofs_x = 0, .ofs_y = -5},
    {.bitmap_index = 30653, .adv_w = 168, .box_w = 9, .box_h = 15, .ofs_x = 1, .ofs_y = -3},
    {.bitmap_index = 30721, .adv_w = 144, .box_w = 8, .box_h = 15, .ofs_x = 0, .ofs_y = -3},
    {.bitmap_index = 30781, .adv_w = 146, .box_w = 8, .box_h = 17, .ofs_x = 1, .ofs_y = 0},
    {.bitmap_index = 30849, .adv_w = 136, .box_w = 8, .box_h = 15, .ofs_x = 0, .ofs_y = 0},
    {.bitmap_index = 30909, .adv_w = 146, .box_w = 8, .box_h = 17, .ofs_x = 1, .ofs_y = 0},
    {.bitmap_index = 30977, .adv_w = 136, .box_w = 8, .box_h = 15, .ofs_x = 0, .ofs_y = 0},
    {.bitmap_index = 31037, .adv_w = 146, .box_w = 8, .box_h = 15, .ofs_x = 1, .ofs_y = -3},
    {.bitmap_index = 31097, .adv_w = 136, .box_w = 8, .box_h = 12, .ofs_x = 0, .ofs_y = -3},
    {.bitmap_index = 31145, .adv_w = 146, .box_w = 8, .box_h = 16, .ofs_x = 1, .ofs_y = -4},
    {.bitmap_index = 31209, .adv_w = 136, .box_w = 8, .box_h = 13, .ofs_x = 0, .ofs_y = -4},
    {.bitmap_index = 31261, .adv_w = 146, .box_w = 8, .box_h = 19, .ofs_x = 1, .ofs_y = -3},
    {.bitmap_index = 31337, .adv_w = 136, .box_w = 8, .box_h = 15, .ofs_x = 0, .ofs_y = -3},
    {.bitmap_index = 31397, .adv_w = 142, .box_w = 8, .box_h = 15, .ofs_x = 1, .ofs_y = 0},
    {.bitmap_index = 31457, .adv_w = 89, .box_w = 6, .box_h = 16, .ofs_x = 0, .ofs_y = 0},
    {.bitmap_index = 31505, .adv_w = 174, .box_w = 10, .box_h = 15, .ofs_x = 0, .ofs_y = 0},
    {.bitmap_index = 31580, .adv_w = 144, .box_w = 8, .box_h = 15, .ofs_x = 0, .ofs_y = -3},
    {.bitmap_index = 31640, .adv_w = 183, .box_w = 10, .box_h = 15, .ofs_x = 1, .ofs_y = 0},
    {.bitmap_index = 31715, .adv_w = 141, .box_w = 7, .box_h = 15, .ofs_x = 1, .ofs_y = 0},
    {.bitmap_index = 31768, .adv_w = 183, .box_w = 10, .box_h = 15, .ofs_x = 1, .ofs_y = -3},
    {.bitmap_index = 31843, .adv_w = 141, .box_w = 7, .box_h = 15, .ofs_x = 1, .ofs_y = -3},
    {.bitmap_index = 31896, .adv_w = 183, .box_w = 10, .box_h = 15, .ofs_x = 1, .ofs_y = 0},
    {.bitmap_index = 31971, .adv_w = 141, .box_w = 7, .box_h = 15, .ofs_x = 1, .ofs_y = 0},
    {.bitmap_index = 32024, .adv_w = 183, .box_w = 10, .box_h = 15, .ofs_x = 1, .ofs_y = -3},
    {.bitmap_index = 32099, .adv_w = 141, .box_w = 7, .box_h = 15, .ofs_x = 1, .ofs_y = -3},
    {.bitmap_index = 32152, .adv_w = 183, .box_w = 10, .box_h = 15, .ofs_x = 1, .ofs_y = -3},
    {.bitmap_index = 32227, .adv_w = 141, .box_w = 7, .box_h = 15, .ofs_x = 1, .ofs_y = -3},
    {.bitmap_index = 32280, .adv_w = 91, .box_w = 6, .box_h = 16, .ofs_x = 0, .ofs_y = -4},
    {.bitmap_index = 32328, .adv_w = 90, .box_w = 6, .box_h = 16, .ofs_x = 0, .ofs_y = -4},
    {.bitmap_index = 32376, .adv_w = 91, .box_w = 6, .box_h = 16, .ofs_x = 0, .ofs_y = 0},
    {.bitmap_index = 32424, .adv_w = 84, .box_w = 6, .box_h = 15, .ofs_x = 0, .ofs_y = 0},
    {.bitmap_index = 32469, .adv_w = 161, .box_w = 10, .box_h = 15, .ofs_x = 1, .ofs_y = 0},
    {.bitmap_index = 32544, .adv_w = 130, .box_w = 8, .box_h = 15, .ofs_x = 1, .ofs_y = 0},
    {.bitmap_index = 32604, .adv_w = 161, .box_w = 10, .box_h = 14, .ofs_x = 1, .ofs_y = -2},
    {.bitmap_index = 32674, .adv_w = 130, .box_w = 8, .box_h = 14, .ofs_x = 1, .ofs_y = -2},
    {.bitmap_index = 32730, .adv_w = 161, .box_w = 10, .box_h = 15, .ofs_x = 1, .ofs_y = -3},
    {.bitmap_index = 32805, .adv_w = 130, .box_w = 8, .box_h = 15, .ofs_x = 1, .ofs_y = -3},
    {.bitmap_index = 32865, .adv_w = 138, .box_w = 8, .box_h = 15, .ofs_x = 1, .ofs_y = -3},
    {.bitmap_index = 32925, .adv_w = 62, .box_w = 2, .box_h = 15, .ofs_x = 1, .ofs_y = -3},
    {.bitmap_index = 32940, .adv_w = 138, .box_w = 10, .box_h = 17, .ofs_x = -1, .ofs_y = -3},
    {.bitmap_index = 33025, .adv_w = 62, .box_w = 6, .box_h = 18, .ofs_x = -1, .ofs_y = -3},
    {.bitmap_index = 33079, .adv_w = 138, .box_w = 8, .box_h = 15, .ofs_x = 1, .ofs_y = -3},
    {.bitmap_index = 33139, .adv_w = 62, .box_w = 6, .box_h = 15, .ofs_x = -1, .ofs_y = -3},
    {.bitmap_index = 33184, .adv_w = 138, .box_w = 8, .box_h = 15, .ofs_x = 1, .ofs_y = -3},
    {.bitmap_index = 33244, .adv_w = 62, .box_w = 6, .box_h = 15, .ofs_x = -1, .ofs_y = -3},
    {.bitmap_index = 33289, .adv_w = 224, .box_w = 12, .box_h = 15, .ofs_x = 1, .ofs_y = 0},
    {.bitmap_index = 33379, .adv_w = 224, .box_w = 12, .box_h = 12, .ofs_x = 1, .ofs_y = 0},
    {.bitmap_index = 33451, .adv_w = 224, .box_w = 12, .box_h = 15, .ofs_x = 1, .ofs_y = 0},
    {.bitmap_index = 33541, .adv_w = 224, .box_w = 12, .box_h = 12, .ofs_x = 1, .ofs_y = 0},
    {.bitmap_index = 33613, .adv_w = 224, .box_w = 12, .box_h = 15, .ofs_x = 1, .ofs_y = -3},
    {.bitmap_index = 33703, .adv_w = 224, .box_w = 12, .box_h = 12, .ofs_x = 1, .ofs_y = -3},
    {.bitmap_index = 33775, .adv_w = 183, .box_w = 10, .box_h = 15, .ofs_x = 1, .ofs_y = 0},
    {.bitmap_index = 33850, .adv_w = 141, .box_w = 7, .box_h = 12, .ofs_x = 1, .ofs_y = 0},
    {.bitmap_index = 33892, .adv_w = 183, .box_w = 10, .box_h = 15, .ofs_x = 1, .ofs_y = -3},
    {.bitmap_index = 33967, .adv_w = 141, .box_w = 7, .box_h = 12, .ofs_x = 1, .ofs_y = -3},
    {.bitmap_index = 34009, .adv_w = 183, .box_w = 10, .box_h = 15, .ofs_x = 1, .ofs_y = -3},
    {.bitmap_index = 34084, .adv_w = 141, .box_w = 7, .box_h = 12, .ofs_x = 1, .ofs_y = -3},
    {.bitmap_index = 34126, .adv_w = 183, .box_w = 10, .box_h = 15, .ofs_x = 1, .ofs_y = -3},
    {.bitmap_index = 34201, .adv_w = 141, .box_w = 7, .box_h = 12, .ofs_x = 1, .ofs_y = -3},
    {.bitmap_index = 34243, .adv_w = 176, .box_w = 11, .box_h = 17, .ofs_x = 0, .ofs_y = 0},
    {.bitmap_index = 34337, .adv_w = 146, .box_w = 9, .box_h = 16, .ofs_x = 0, .ofs_y = 0},
    {.bitmap_index = 34409, .adv_w = 176, .box_w = 11, .box_h = 17, .ofs_x = 0, .ofs_y = 0},
    {.bitmap_index = 34503, .adv_w = 146, .box_w = 9, .box_h = 15, .ofs_x = 0, .ofs_y = 0},
    {.bitmap_index = 34571, .adv_w = 176, .box_w = 11, .box_h = 17, .ofs_x = 0, .ofs_y = 0},
    {.bitmap_index = 34665, .adv_w = 146, .box_w = 9, .box_h = 15, .ofs_x = 0, .ofs_y = 0},
    {.bitmap_index = 34733, .adv_w = 176, .box_w = 11, .box_h = 17, .ofs_x = 0, .ofs_y = 0},
    {.bitmap_index = 34827, .adv_w = 146, .box_w = 9, .box_h = 15, .ofs_x = 0, .ofs_y = 0},
    {.bitmap_index = 34895, .adv_w = 162, .box_w = 9, .box_h = 15, .ofs_x = 1, .ofs_y = 0},
    {.bitmap_index = 34963, .adv_w = 144, .box_w = 8, .box_h = 15, .ofs_x = 1, .ofs_y = -3},
    {.bitmap_index = 35023, .adv_w = 162, .box_w = 9, .box_h = 15, .ofs_x = 1, .ofs_y = 0},
    {.bitmap_index = 35091, .adv_w = 144, .box_w = 8, .box_h = 15, .ofs_x = 1, .ofs_y = -3},
    {.bitmap_index = 35151, .adv_w = 158, .box_w = 9, .box_h = 15, .ofs_x = 1, .ofs_y = 0},
    {.bitmap_index = 35219, .adv_w = 87, .box_w = 5, .box_h = 12, .ofs_x = 1, .ofs_y = 0},
    {.bitmap_index = 35249, .adv_w = 158, .box_w = 9, .box_h = 15, .ofs_x = 1, .ofs_y = -3},
    {.bitmap_index = 35317, .adv_w = 87, .box_w = 5, .box_h = 13, .ofs_x = 1, .ofs_y = -3},
    {.bitmap_index = 35350, .adv_w = 158, .box_w = 9, .box_h = 17, .ofs_x = 1, .ofs_y = -3},
    {.bitmap_index = 35427, .adv_w = 87, .box_w = 6, .box_h = 15, .ofs_x = 0, .ofs_y = -3},
    {.bitmap_index = 35472, .adv_w = 158, .box_w = 9, .box_h = 15, .ofs_x = 1, .ofs_y = -3},
    {.bitmap_index = 35540, .adv_w = 87, .box_w = 7, .box_h = 13, .ofs_x = -1, .ofs_y = -3},
    {.bitmap_index = 35586, .adv_w = 152, .box_w = 9, .box_h = 15, .ofs_x = 0, .ofs_y = 0},
    {.bitmap_index = 35654, .adv_w = 132, .box_w = 8, .box_h = 12, .ofs_x = 0, .ofs_y = 0},
    {.bitmap_index = 35702, .adv_w = 152, .box_w = 9, .box_h = 15, .ofs_x = 0, .ofs_y = -3},
    {.bitmap_index = 35770, .adv_w = 132, .box_w = 8, .box_h = 12, .ofs_x = 0, .ofs_y = -3},
    {.bitmap_index = 35818, .adv_w = 152, .box_w = 9, .box_h = 16, .ofs_x = 0, .ofs_y = 0},
    {.bitmap_index = 35890, .adv_w = 132, .box_w = 8, .box_h = 15, .ofs_x = 0, .ofs_y = 0},
    {.bitmap_index = 35950, .adv_w = 152, .box_w = 9, .box_h = 17, .ofs_x = 0, .ofs_y = 0},
    {.bitmap_index = 36027, .adv_w = 132, .box_w = 8, .box_h = 15, .ofs_x = 0, .ofs_y = 0},
    {.bitmap_index = 36087, .adv_w = 152, .box_w = 9, .box_h = 18, .ofs_x = 0, .ofs_y = -3},
    {.bitmap_index = 36168, .adv_w = 132, .box_w = 8, .box_h = 15, .ofs_x = 0, .ofs_y = -3},
    {.bitmap_index = 36228, .adv_w = 153, .box_w = 10, .box_h = 15, .ofs_x = 0, .ofs_y = 0},
    {.bitmap_index = 36303, .adv_w = 84, .box_w = 5, .box_h = 14, .ofs_x = 0, .ofs_y = 0},
    {.bitmap_index = 36338, .adv_w = 153, .box_w = 10, .box_h = 15, .ofs_x = 0, .ofs_y = -3},
    {.bitmap_index = 36413, .adv_w = 84, .box_w = 5, .box_h = 14, .ofs_x = 0, .ofs_y = -3},
    {.bitmap_index = 36448, .adv_w = 153, .box_w = 10, .box_h = 15, .ofs_x = 0, .ofs_y = -3},
    {.bitmap_index = 36523, .adv_w = 84, .box_w = 7, .box_h = 14, .ofs_x = 0, .ofs_y = -3},
    {.bitmap_index = 36572, .adv_w = 153, .box_w = 10, .box_h = 15, .ofs_x = 0, .ofs_y = -3},
    {.bitmap_index = 36647, .adv_w = 84, .box_w = 6, .box_h = 14, .ofs_x = 0, .ofs_y = -3},
    {.bitmap_index = 36689, .adv_w = 166, .box_w = 9, .box_h = 15, .ofs_x = 1, .ofs_y = -3},
    {.bitmap_index = 36757, .adv_w = 141, .box_w = 7, .box_h = 12, .ofs_x = 1, .ofs_y = -3},
    {.bitmap_index = 36799, .adv_w = 166, .box_w = 9, .box_h = 16, .ofs_x = 1, .ofs_y = -4},
    {.bitmap_index = 36871, .adv_w = 141, .box_w = 7, .box_h = 13, .ofs_x = 1, .ofs_y = -4},
    {.bitmap_index = 36917, .adv_w = 166, .box_w = 9, .box_h = 15, .ofs_x = 1, .ofs_y = -3},
    {.bitmap_index = 36985, .adv_w = 141, .box_w = 7, .box_h = 12, .ofs_x = 1, .ofs_y = -3},
    {.bitmap_index = 37027, .adv_w = 166, .box_w = 9, .box_h = 17, .ofs_x = 1, .ofs_y = 0},
    {.bitmap_index = 37104, .adv_w = 141, .box_w = 7, .box_h = 16, .ofs_x = 1, .ofs_y = 0},
    {.bitmap_index = 37160, .adv_w = 166, .box_w = 9, .box_h = 17, .ofs_x = 1, .ofs_y = 0},
    {.bitmap_index = 37237, .adv_w = 141, .box_w = 7, .box_h = 15, .ofs_x = 1, .ofs_y = 0},
    {.bitmap_index = 37290, .adv_w = 163, .box_w = 10, .box_h = 16, .ofs_x = 0, .ofs_y = 0},
    {.bitmap_index = 37370, .adv_w = 124, .box_w = 8, .box_h = 13, .ofs_x = 0, .ofs_y = 0},
    {.bitmap_index = 37422, .adv_w = 163, .box_w = 10, .box_h = 15, .ofs_x = 0, .ofs_y = -3},
    {.bitmap_index = 37497, .adv_w = 124, .box_w = 8, .box_h = 12, .ofs_x = 0, .ofs_y = -3},
    {.bitmap_index = 37545, .adv_w = 227, .box_w = 14, .box_h = 15, .ofs_x = 0, .ofs_y = 0},
    {.bitmap_index = 37650, .adv_w = 192, .box_w = 12, .box_h = 12, .ofs_x = 0, .ofs_y = 0},
    {.bitmap_index = 37722, .adv_w = 227, .box_w = 14, .box_h = 15, .ofs_x = 0, .ofs_y = 0},
    {.bitmap_index = 37827, .adv_w = 192, .box_w = 12, .box_h = 12, .ofs_x = 0, .ofs_y = 0},
    {.bitmap_index = 37899, .adv_w = 227, .box_w = 14, .box_h = 15, .ofs_x = 0, .ofs_y = 0},
    {.bitmap_index = 38004, .adv_w = 192, .box_w = 12, .box_h = 12, .ofs_x = 0, .ofs_y = 0},
    {.bitmap_index = 38076, .adv_w = 227, .box_w = 14, .box_h = 15, .ofs_x = 0, .ofs_y = 0},
    {.bitmap_index = 38181, .adv_w = 192, .box_w = 12, .box_h = 12, .ofs_x = 0, .ofs_y = 0},
    {.bitmap_index = 38253, .adv_w = 227, .box_w = 14, .box_h = 15, .ofs_x = 0, .ofs_y = -3},
    {.bitmap_index = 38358, .adv_w = 192, .box_w = 12, .box_h = 12, .ofs_x = 0, .ofs_y = -3},
    {.bitmap_index = 38430, .adv_w = 161, .box_w = 10, .box_h = 15, .ofs_x = 0, .ofs_y = 0},
    {.bitmap_index = 38505, .adv_w = 127, .box_w = 8, .box_h = 12, .ofs_x = 0, .ofs_y = 0},
    {.bitmap_index = 38553, .adv_w = 161, .box_w = 10, .box_h = 15, .ofs_x = 0, .ofs_y = 0},
    {.bitmap_index = 38628, .adv_w = 127, .box_w = 8, .box_h = 12, .ofs_x = 0, .ofs_y = 0},
    {.bitmap_index = 38676, .adv_w = 154, .box_w = 10, .box_h = 15, .ofs_x = 0, .ofs_y = 0},
    {.bitmap_index = 38751, .adv_w = 121, .box_w = 8, .box_h = 15, .ofs_x = 0, .ofs_y = -3},
    {.bitmap_index = 38811, .adv_w = 153, .box_w = 9, .box_h = 15, .ofs_x = 0, .ofs_y = 0},
    {.bitmap_index = 38879, .adv_w = 127, .box_w = 8, .box_h = 12, .ofs_x = 0, .ofs_y = 0},
    {.bitmap_index = 38927, .adv_w = 153, .box_w = 9, .box_h = 15, .ofs_x = 0, .ofs_y = -3},
    {.bitmap_index = 38995, .adv_w = 127, .box_w = 8, .box_h = 12, .ofs_x = 0, .ofs_y = -3},
    {.bitmap_index = 39043, .adv_w = 153, .box_w = 9, .box_h = 15, .ofs_x = 0, .ofs_y = -3},
    {.bitmap_index = 39111, .adv_w = 127, .box_w = 8, .box_h = 12, .ofs_x = 0, .ofs_y = -3},
    {.bitmap_index = 39159, .adv_w = 141, .box_w = 7, .box_h = 15, .ofs_x = 1, .ofs_y = -3},
    {.bitmap_index = 39212, .adv_w = 84, .box_w = 6, .box_h = 14, .ofs_x = -1, .ofs_y = 0},
    {.bitmap_index = 39254, .adv_w = 192, .box_w = 12, .box_h = 13, .ofs_x = 0, .ofs_y = 0},
    {.bitmap_index = 39332, .adv_w = 121, .box_w = 8, .box_h = 17, .ofs_x = 0, .ofs_y = -3},
    {.bitmap_index = 39400, .adv_w = 139, .box_w = 8, .box_h = 14, .ofs_x = 0, .ofs_y = 0},
    {.bitmap_index = 39456, .adv_w = 89, .box_w = 5, .box_h = 16, .ofs_x = 1, .ofs_y = 0},
    {.bitmap_index = 39496, .adv_w = 92, .box_w = 6, .box_h = 14, .ofs_x = 0, .ofs_y = 0},
    {.bitmap_index = 39538, .adv_w = 89, .box_w = 6, .box_h = 14, .ofs_x = 0, .ofs_y = 0},
    {.bitmap_index = 39580, .adv_w = 165, .box_w = 9, .box_h = 12, .ofs_x = 1, .ofs_y = 0},
    {.bitmap_index = 39634, .adv_w = 145, .box_w = 9, .box_h = 14, .ofs_x = 0, .ofs_y = 0},
    {.bitmap_index = 39697, .adv_w = 167, .box_w = 11, .box_h = 15, .ofs_x = 0, .ofs_y = -3},
    {.bitmap_index = 39780, .adv_w = 139, .box_w = 8, .box_h = 12, .ofs_x = 0, .ofs_y = -3},
    {.bitmap_index = 39828, .adv_w = 167, .box_w = 11, .box_h = 16, .ofs_x = 0, .ofs_y = 0},
    {.bitmap_index = 39916, .adv_w = 139, .box_w = 8, .box_h = 14, .ofs_x = 0, .ofs_y = 0},
    {.bitmap_index = 39972, .adv_w = 167, .box_w = 11, .box_h = 16, .ofs_x = 0, .ofs_y = 0},
    {.bitmap_index = 40060, .adv_w = 139, .box_w = 10, .box_h = 14, .ofs_x = 0, .ofs_y = 0},
    {.bitmap_index = 40130, .adv_w = 167, .box_w = 11, .box_h = 16, .ofs_x = 0, .ofs_y = 0},
    {.bitmap_index = 40218, .adv_w = 139, .box_w = 9, .box_h = 14, .ofs_x = -1, .ofs_y = 0},
    {.bitmap_index = 40281, .adv_w = 167, .box_w = 11, .box_h = 17, .ofs_x = 0, .ofs_y = 0},
    {.bitmap_index = 40375, .adv_w = 139, .box_w = 9, .box_h = 14, .ofs_x = 0, .ofs_y = 0},
    {.bitmap_index = 40438, .adv_w = 167, .box_w = 11, .box_h = 16, .ofs_x = 0, .ofs_y = 0},
    {.bitmap_index = 40526, .adv_w = 139, .box_w = 8, .box_h = 14, .ofs_x = 0, .ofs_y = 0},
    {.bitmap_index = 40582, .adv_w = 167, .box_w = 11, .box_h = 18, .ofs_x = 0, .ofs_y = -3},
    {.bitmap_index = 40681, .adv_w = 139, .box_w = 8, .box_h = 15, .ofs_x = 0, .ofs_y = -3},
    {.bitmap_index = 40741, .adv_w = 167, .box_w = 11, .box_h = 16, .ofs_x = 0, .ofs_y = 0},
    {.bitmap_index = 40829, .adv_w = 139, .box_w = 8, .box_h = 14, .ofs_x = 0, .ofs_y = 0},
    {.bitmap_index = 40885, .adv_w = 167, .box_w = 11, .box_h = 16, .ofs_x = 0, .ofs_y = 0},
    {.bitmap_index = 40973, .adv_w = 139, .box_w = 8, .box_h = 14, .ofs_x = 0, .ofs_y = 0},
    {.bitmap_index = 41029, .adv_w = 167, .box_w = 11, .box_h = 17, .ofs_x = 0, .ofs_y = 0},
    {.bitmap_index = 41123, .adv_w = 139, .box_w = 8, .box_h = 15, .ofs_x = 0, .ofs_y = 0},
    {.bitmap_index = 41183, .adv_w = 167, .box_w = 11, .box_h = 18, .ofs_x = 0, .ofs_y = 0},
    {.bitmap_index = 41282, .adv_w = 139, .box_w = 8, .box_h = 15, .ofs_x = 0, .ofs_y = 0},
    {.bitmap_index = 41342, .adv_w = 167, .box_w = 11, .box_h = 18, .ofs_x = 0, .ofs_y = -3},
    {.bitmap_index = 41441, .adv_w = 139, .box_w = 8, .box_h = 15, .ofs_x = 0, .ofs_y = -3},
    {.bitmap_index = 41501, .adv_w = 146, .box_w = 8, .box_h = 15, .ofs_x = 1, .ofs_y = -3},
    {.bitmap_index = 41561, .adv_w = 136, .box_w = 8, .box_h = 12, .ofs_x = 0, .ofs_y = -3},
    {.bitmap_index = 41609, .adv_w = 146, .box_w = 8, .box_h = 16, .ofs_x = 1, .ofs_y = 0},
    {.bitmap_index = 41673, .adv_w = 136, .box_w = 8, .box_h = 14, .ofs_x = 0, .ofs_y = 0},
    {.bitmap_index = 41729, .adv_w = 146, .box_w = 8, .box_h = 16, .ofs_x = 1, .ofs_y = 0},
    {.bitmap_index = 41793, .adv_w = 136, .box_w = 8, .box_h = 13, .ofs_x = 0, .ofs_y = 0},
    {.bitmap_index = 41845, .adv_w = 146, .box_w = 9, .box_h = 17, .ofs_x = 1, .ofs_y = 0},
    {.bitmap_index = 41922, .adv_w = 136, .box_w = 10, .box_h = 14, .ofs_x = 0, .ofs_y = 0},
    {.bitmap_index = 41992, .adv_w = 146, .box_w = 10, .box_h = 17, .ofs_x = -1, .ofs_y = 0},
    {.bitmap_index = 42077, .adv_w = 136, .box_w = 9, .box_h = 14, .ofs_x = -1, .ofs_y = 0},
    {.bitmap_index = 42140, .adv_w = 146, .box_w = 8, .box_h = 17, .ofs_x = 1, .ofs_y = 0},
    {.bitmap_index = 42208, .adv_w = 136, .box_w = 9, .box_h = 14, .ofs_x = 0, .ofs_y = 0},
    {.bitmap_index = 42271, .adv_w = 146, .box_w = 8, .box_h = 17, .ofs_x = 1, .ofs_y = 0},
    {.bitmap_index = 42339, .adv_w = 136, .box_w = 8, .box_h = 14, .ofs_x = 0, .ofs_y = 0},
    {.bitmap_index = 42395, .adv_w = 146, .box_w = 8, .box_h = 18, .ofs_x = 1, .ofs_y = -3},
    {.bitmap_index = 42467, .adv_w = 136, .box_w = 8, .box_h = 15, .ofs_x = 0, .ofs_y = -3},
    {.bitmap_index = 42527, .adv_w = 70, .box_w = 3, .box_h = 16, .ofs_x = 1, .ofs_y = 0},
    {.bitmap_index = 42551, .adv_w = 63, .box_w = 3, .box_h = 14, .ofs_x = 1, .ofs_y = 0},
    {.bitmap_index = 42572, .adv_w = 70, .box_w = 2, .box_h = 15, .ofs_x = 1, .ofs_y = -3},
    {.bitmap_index = 42587, .adv_w = 62, .box_w = 2, .box_h = 15, .ofs_x = 1, .ofs_y = -3},
    {.bitmap_index = 42602, .adv_w = 176, .box_w = 11, .box_h = 15, .ofs_x = 0, .ofs_y = -3},
    {.bitmap_index = 42685, .adv_w = 146, .box_w = 9, .box_h = 12, .ofs_x = 0, .ofs_y = -3},
    {.bitmap_index = 42739, .adv_w = 176, .box_w = 11, .box_h = 16, .ofs_x = 0, .ofs_y = 0},
    {.bitmap_index = 42827, .adv_w = 146, .box_w = 9, .box_h = 14, .ofs_x = 0, .ofs_y = 0},
    {.bitmap_index = 42890, .adv_w = 176, .box_w = 11, .box_h = 17, .ofs_x = 0, .ofs_y = 0},
    {.bitmap_index = 42984, .adv_w = 146, .box_w = 10, .box_h = 14, .ofs_x = 0, .ofs_y = 0},
    {.bitmap_index = 43054, .adv_w = 176, .box_w = 11, .box_h = 17, .ofs_x = 0, .ofs_y = 0},
    {.bitmap_index = 43148, .adv_w = 146, .box_w = 10, .box_h = 14, .ofs_x = -1, .ofs_y = 0},
    {.bitmap_index = 43218, .adv_w = 176, .box_w = 11, .box_h = 17, .ofs_x = 0, .ofs_y = 0},
    {.bitmap_index = 43312, .adv_w = 146, .box_w = 9, .box_h = 14, .ofs_x = 0, .ofs_y = 0},
    {.bitmap_index = 43375, .adv_w = 176, .box_w = 11, .box_h = 17, .ofs_x = 0, .ofs_y = 0},
    {.bitmap_index = 43469, .adv_w = 146, .box_w = 9, .box_h = 14, .ofs_x = 0, .ofs_y = 0},
    {.bitmap_index = 43532, .adv_w = 176, .box_w = 11, .box_h = 19, .ofs_x = 0, .ofs_y = -3},
    {.bitmap_index = 43637, .adv_w = 146, .box_w = 9, .box_h = 15, .ofs_x = 0, .ofs_y = -3},
    {.bitmap_index = 43705, .adv_w = 176, .box_w = 12, .box_h = 15, .ofs_x = 0, .ofs_y = 0},
    {.bitmap_index = 43795, .adv_w = 146, .box_w = 10, .box_h = 12, .ofs_x = 0, .ofs_y = 0},
    {.bitmap_index = 43855, .adv_w = 176, .box_w = 12, .box_h = 15, .ofs_x = 0, .ofs_y = 0},
    {.bitmap_index = 43945, .adv_w = 146, .box_w = 10, .box_h = 12, .ofs_x = 0, .ofs_y = 0},
    {.bitmap_index = 44005, .adv_w = 176, .box_w = 12, .box_h = 16, .ofs_x = 0, .ofs_y = 0},
    {.bitmap_index = 44101, .adv_w = 146, .box_w = 10, .box_h = 14, .ofs_x = 0, .ofs_y = 0},
    {.bitmap_index = 44171, .adv_w = 176, .box_w = 12, .box_h = 16, .ofs_x = 0, .ofs_y = 0},
    {.bitmap_index = 44267, .adv_w = 146, .box_w = 10, .box_h = 13, .ofs_x = 0, .ofs_y = 0},
    {.bitmap_index = 44332, .adv_w = 176, .box_w = 12, .box_h = 16, .ofs_x = 0, .ofs_y = -3},
    {.bitmap_index = 44428, .adv_w = 146, .box_w = 10, .box_h = 13, .ofs_x = 0, .ofs_y = -3},
    {.bitmap_index = 44493, .adv_w = 166, .box_w = 9, .box_h = 15, .ofs_x = 1, .ofs_y = -3},
    {.bitmap_index = 44561, .adv_w = 141, .box_w = 7, .box_h = 12, .ofs_x = 1, .ofs_y = -3},
    {.bitmap_index = 44603, .adv_w = 166, .box_w = 9, .box_h = 16, .ofs_x = 1, .ofs_y = 0},
    {.bitmap_index = 44675, .adv_w = 141, .box_w = 7, .box_h = 14, .ofs_x = 1, .ofs_y = 0},
    {.bitmap_index = 44724, .adv_w = 178, .box_w = 12, .box_h = 16, .ofs_x = 1, .ofs_y = 0},
    {.bitmap_index = 44820, .adv_w = 158, .box_w = 10, .box_h = 12, .ofs_x = 1, .ofs_y = 0},
    {.bitmap_index = 44880, .adv_w = 178, .box_w = 12, .box_h = 16, .ofs_x = 1, .ofs_y = 0},
    {.bitmap_index = 44976, .adv_w = 158, .box_w = 10, .box_h = 12, .ofs_x = 1, .ofs_y = 0},
    {.bitmap_index = 45036, .adv_w = 178, .box_w = 12, .box_h = 16, .ofs_x = 1, .ofs_y = 0},
    {.bitmap_index = 45132, .adv_w = 158, .box_w = 10, .box_h = 14, .ofs_x = 1, .ofs_y = 0},
    {.bitmap_index = 45202, .adv_w = 178, .box_w = 12, .box_h = 16, .ofs_x = 1, .ofs_y = 0},
    {.bitmap_index = 45298, .adv_w = 158, .box_w = 10, .box_h = 13, .ofs_x = 1, .ofs_y = 0},
    {.bitmap_index = 45363, .adv_w = 178, .box_w = 12, .box_h = 15, .ofs_x = 1, .ofs_y = -3},
    {.bitmap_index = 45453, .adv_w = 158, .box_w = 10, .box_h = 13, .ofs_x = 1, .ofs_y = -3},
    {.bitmap_index = 45518, .adv_w = 154, .box_w = 10, .box_h = 15, .ofs_x = 0, .ofs_y = 0},
    {.bitmap_index = 45593, .adv_w = 121, .box_w = 8, .box_h = 15, .ofs_x = 0, .ofs_y = -3},
    {.bitmap_index = 45653, .adv_w = 154, .box_w = 10, .box_h = 15, .ofs_x = 0, .ofs_y = -3},
    {.bitmap_index = 45728, .adv_w = 121, .box_w = 8, .box_h = 13, .ofs_x = 0, .ofs_y = -4},
    {.bitmap_index = 45780, .adv_w = 154, .box_w = 10, .box_h = 16, .ofs_x = 0, .ofs_y = 0},
    {.bitmap_index = 45860, .adv_w = 121, .box_w = 8, .box_h = 17, .ofs_x = 0, .ofs_y = -3},
    {.bitmap_index = 45928, .adv_w = 154, .box_w = 10, .box_h = 16, .ofs_x = 0, .ofs_y = 0},
    {.bitmap_index = 46008, .adv_w = 121, .box_w = 8, .box_h = 16, .ofs_x = 0, .ofs_y = -3},
    {.bitmap_index = 46072, .adv_w = 185, .box_w = 11, .box_h = 12, .ofs_x = 1, .ofs_y = 0},
    {.bitmap_index = 46138, .adv_w = 120, .box_w = 8, .box_h = 12, .ofs_x = 0, .ofs_y = 0},
    {.bitmap_index = 46186, .adv_w = 145, .box_w = 9, .box_h = 13, .ofs_x = 0, .ofs_y = 0},
    {.bitmap_index = 46245, .adv_w = 138, .box_w = 8, .box_h = 13, .ofs_x = 0, .ofs_y = 0},
    {.bitmap_index = 46297, .adv_w = 168, .box_w = 11, .box_h = 12, .ofs_x = 0, .ofs_y = 0},
    {.bitmap_index = 46363, .adv_w = 143, .box_w = 9, .box_h = 12, .ofs_x = 0, .ofs_y = -3},
    {.bitmap_index = 46417, .adv_w = 256, .box_w = 18, .box_h = 16, .ofs_x = -1, .ofs_y = -2},
    {.bitmap_index = 46561, .adv_w = 256, .box_w = 16, .box_h = 17, .ofs_x = 0, .ofs_y = -2},
    {.bitmap_index = 46697, .adv_w = 256, .box_w = 16, .box_h = 16, .ofs_x = 0, .ofs_y = -2},
    {.bitmap_index = 46825, .adv_w = 256, .box_w = 18, .box_h = 15, .ofs_x = -1, .ofs_y = -1},
    {.bitmap_index = 46960, .adv_w = 288, .box_w = 18, .box_h = 17, .ofs_x = 0, .ofs_y = -3},
    {.bitmap_index = 47113, .adv_w = 224, .box_w = 14, .box_h = 16, .ofs_x = 0, .ofs_y = -2},
    {.bitmap_index = 47225, .adv_w = 256, .box_w = 16, .box_h = 12, .ofs_x = 0, .ofs_y = 0},
    {.bitmap_index = 47321, .adv_w = 256, .box_w = 16, .box_h = 14, .ofs_x = 0, .ofs_y = -1},
    {.bitmap_index = 47433, .adv_w = 256, .box_w = 17, .box_h = 14, .ofs_x = 0, .ofs_y = -1},
    {.bitmap_index = 47552, .adv_w = 256, .box_w = 16, .box_h = 14, .ofs_x = 0, .ofs_y = -1},
    {.bitmap_index = 47664, .adv_w = 256, .box_w = 16, .box_h = 12, .ofs_x = 0, .ofs_y = 0},
    {.bitmap_index = 47760, .adv_w = 176, .box_w = 11, .box_h = 12, .ofs_x = 0, .ofs_y = 0},
    {.bitmap_index = 47826, .adv_w = 256, .box_w = 16, .box_h = 16, .ofs_x = 0, .ofs_y = -2},
    {.bitmap_index = 47954, .adv_w = 256, .box_w = 16, .box_h = 16, .ofs_x = 0, .ofs_y = -2},
    {.bitmap_index = 48082, .adv_w = 256, .box_w = 16, .box_h = 16, .ofs_x = 0, .ofs_y = -2},
    {.bitmap_index = 48210, .adv_w = 320, .box_w = 20, .box_h = 16, .ofs_x = 0, .ofs_y = -2},
    {.bitmap_index = 48370, .adv_w = 256, .box_w = 16, .box_h = 16, .ofs_x = 0, .ofs_y = -2},
    {.bitmap_index = 48498, .adv_w = 288, .box_w = 18, .box_h = 14, .ofs_x = 0, .ofs_y = -1},
    {.bitmap_index = 48624, .adv_w = 256, .box_w = 16, .box_h = 16, .ofs_x = 0, .ofs_y = -2},
    {.bitmap_index = 48752, .adv_w = 288, .box_w = 20, .box_h = 12, .ofs_x = -1, .ofs_y = 0},
    {.bitmap_index = 48872, .adv_w = 256, .box_w = 16, .box_h = 16, .ofs_x = 0, .ofs_y = -2},
    {.bitmap_index = 49000, .adv_w = 288, .box_w = 18, .box_h = 12, .ofs_x = 0, .ofs_y = 0},
    {.bitmap_index = 49108, .adv_w = 256, .box_w = 16, .box_h = 16, .ofs_x = 0, .ofs_y = -2},
    {.bitmap_index = 49236, .adv_w = 256, .box_w = 16, .box_h = 16, .ofs_x = 0, .ofs_y = -2},
    {.bitmap_index = 49364, .adv_w = 256, .box_w = 16, .box_h = 14, .ofs_x = 0, .ofs_y = -1},
    {.bitmap_index = 49476, .adv_w = 224, .box_w = 14, .box_h = 16, .ofs_x = 0, .ofs_y = -2},
    {.bitmap_index = 49588, .adv_w = 256, .box_w = 16, .box_h = 17, .ofs_x = 0, .ofs_y = -2},
    {.bitmap_index = 49724, .adv_w = 256, .box_w = 16, .box_h = 14, .ofs_x = 0, .ofs_y = -1},
    {.bitmap_index = 49836, .adv_w = 128, .box_w = 8, .box_h = 14, .ofs_x = 0, .ofs_y = -1},
    {.bitmap_index = 49892, .adv_w = 192, .box_w = 12, .box_h = 14, .ofs_x = 0, .ofs_y = -1},
    {.bitmap_index = 49976, .adv_w = 288, .box_w = 18, .box_h = 16, .ofs_x = 0, .ofs_y = -2},
    {.bitmap_index = 50120, .adv_w = 224, .box_w = 14, .box_h = 14, .ofs_x = 0, .ofs_y = -1},
    {.bitmap_index = 50218, .adv_w = 256, .box_w = 17, .box_h = 12, .ofs_x = 0, .ofs_y = 0},
    {.bitmap_index = 50320, .adv_w = 256, .box_w = 16, .box_h = 16, .ofs_x = 0, .ofs_y = -2},
    {.bitmap_index = 50448, .adv_w = 320, .box_w = 20, .box_h = 16, .ofs_x = 0, .ofs_y = -2},
    {.bitmap_index = 50608, .adv_w = 224, .box_w = 14, .box_h = 16, .ofs_x = 0, .ofs_y = -2},
    {.bitmap_index = 50720, .adv_w = 192, .box_w = 12, .box_h = 16, .ofs_x = 0, .ofs_y = -2},
    {.bitmap_index = 50816, .adv_w = 256, .box_w = 16, .box_h = 16, .ofs_x = 0, .ofs_y = -2},
    {.bitmap_index = 50944, .adv_w = 256, .box_w = 16, .box_h = 14, .ofs_x = 0, .ofs_y = -1},
    {.bitmap_index = 51056, .adv_w = 224, .box_w = 14, .box_h = 14, .ofs_x = 0, .ofs_y = -1},
    {.bitmap_index = 51154, .adv_w = 192, .box_w = 13, .box_h = 14, .ofs_x = 0, .ofs_y = -1},
    {.bitmap_index = 51245, .adv_w = 160, .box_w = 10, .box_h = 14, .ofs_x = 0, .ofs_y = -1},
    {.bitmap_index = 51315, .adv_w = 288, .box_w = 19, .box_h = 14, .ofs_x = 0, .ofs_y = -1},
    {.bitmap_index = 51448, .adv_w = 224, .box_w = 14, .box_h = 15, .ofs_x = 0, .ofs_y = -2},
    {.bitmap_index = 51553, .adv_w = 224, .box_w = 14, .box_h = 14, .ofs_x = 0, .ofs_y = -1},
    {.bitmap_index = 51651, .adv_w = 224, .box_w = 14, .box_h = 14, .ofs_x = 0, .ofs_y = -1},
    {.bitmap_index = 51749, .adv_w = 224, .box_w = 14, .box_h = 14, .ofs_x = 0, .ofs_y = -1},
    {.bitmap_index = 51847, .adv_w = 224, .box_w = 14, .box_h = 14, .ofs_x = 0, .ofs_y = -1},
    {.bitmap_index = 51945, .adv_w = 256, .box_w = 16, .box_h = 14, .ofs_x = 0, .ofs_y = -1},
    {.bitmap_index = 52057, .adv_w = 224, .box_w = 14, .box_h = 14, .ofs_x = 0, .ofs_y = -1},
    {.bitmap_index = 52155, .adv_w = 224, .box_w = 14, .box_h = 14, .ofs_x = 0, .ofs_y = -1},
    {.bitmap_index = 52253, .adv_w = 288, .box_w = 18, .box_h = 12, .ofs_x = 0, .ofs_y = 0},
    {.bitmap_index = 52361, .adv_w = 256, .box_w = 16, .box_h = 12, .ofs_x = 0, .ofs_y = 0},
    {.bitmap_index = 52457, .adv_w = 192, .box_w = 12, .box_h = 16, .ofs_x = 0, .ofs_y = -2},
    {.bitmap_index = 52553, .adv_w = 256, .box_w = 16, .box_h = 16, .ofs_x = 0, .ofs_y = -2},
    {.bitmap_index = 52681, .adv_w = 176, .box_w = 11, .box_h = 16, .ofs_x = 0, .ofs_y = -2},
    {.bitmap_index = 52769, .adv_w = 288, .box_w = 18, .box_h = 16, .ofs_x = 0, .ofs_y = -2},
    {.bitmap_index = 52913, .adv_w = 224, .box_w = 10, .box_h = 16, .ofs_x = 2, .ofs_y = -2},
    {.bitmap_index = 52993, .adv_w = 256, .box_w = 16, .box_h = 14, .ofs_x = 0, .ofs_y = -1},
    {.bitmap_index = 53105, .adv_w = 256, .box_w = 16, .box_h = 14, .ofs_x = 0, .ofs_y = -1},
    {.bitmap_index = 53217, .adv_w = 224, .box_w = 14, .box_h = 18, .ofs_x = 0, .ofs_y = -3},
    {.bitmap_index = 53343, .adv_w = 224, .box_w = 14, .box_h = 15, .ofs_x = 0, .ofs_y = -1},
    {.bitmap_index = 53448, .adv_w = 224, .box_w = 14, .box_h = 14, .ofs_x = 0, .ofs_y = -1},
    {.bitmap_index = 53546, .adv_w = 256, .box_w = 16, .box_h = 14, .ofs_x = 0, .ofs_y = -1},
    {.bitmap_index = 53658, .adv_w = 256, .box_w = 16, .box_h = 14, .ofs_x = 0, .ofs_y = -1},
    {.bitmap_index = 53770, .adv_w = 224, .box_w = 10, .box_h = 16, .ofs_x = 2, .ofs_y = -2},
    {.bitmap_index = 53850, .adv_w = 224, .box_w = 16, .box_h = 14, .ofs_x = -1, .ofs_y = -1},
    {.bitmap_index = 53962, .adv_w = 160, .box_w = 10, .box_h = 14, .ofs_x = 0, .ofs_y = -1},
    {.bitmap_index = 54032, .adv_w = 160, .box_w = 10, .box_h = 14, .ofs_x = 0, .ofs_y = -1},
    {.bitmap_index = 54102, .adv_w = 256, .box_w = 16, .box_h = 16, .ofs_x = 0, .ofs_y = -2},
    {.bitmap_index = 54230, .adv_w = 256, .box_w = 16, .box_h = 16, .ofs_x = 0, .ofs_y = -2},
    {.bitmap_index = 54358, .adv_w = 256, .box_w = 16, .box_h = 16, .ofs_x = 0, .ofs_y = -2},
    {.bitmap_index = 54486, .adv_w = 256, .box_w = 16, .box_h = 16, .ofs_x = 0, .ofs_y = -2},
    {.bitmap_index = 54614, .adv_w = 256, .box_w = 16, .box_h = 16, .ofs_x = 0, .ofs_y = -2},
    {.bitmap_index = 54742, .adv_w = 256, .box_w = 16, .box_h = 16, .ofs_x = 0, .ofs_y = -2},
    {.bitmap_index = 54870, .adv_w = 256, .box_w = 16, .box_h = 16, .ofs_x = 0, .ofs_y = -2},
    {.bitmap_index = 54998, .adv_w = 256, .box_w = 16, .box_h = 16, .ofs_x = 0, .ofs_y = -2},
    {.bitmap_index = 55126, .adv_w = 224, .box_w = 14, .box_h = 15, .ofs_x = 0, .ofs_y = -1},
    {.bitmap_index = 55231, .adv_w = 224, .box_w = 14, .box_h = 15, .ofs_x = 0, .ofs_y = -1},
    {.bitmap_index = 55336, .adv_w = 224, .box_w = 14, .box_h = 14, .ofs_x = 0, .ofs_y = -1},
    {.bitmap_index = 55434, .adv_w = 224, .box_w = 14, .box_h = 14, .ofs_x = 0, .ofs_y = -1},
    {.bitmap_index = 55532, .adv_w = 256, .box_w = 16, .box_h = 15, .ofs_x = 0, .ofs_y = -1},
    {.bitmap_index = 55652, .adv_w = 224, .box_w = 14, .box_h = 14, .ofs_x = 0, .ofs_y = -1},
    {.bitmap_index = 55750, .adv_w = 224, .box_w = 14, .box_h = 14, .ofs_x = 0, .ofs_y = -1},
    {.bitmap_index = 55848, .adv_w = 224, .box_w = 14, .box_h = 14, .ofs_x = 0, .ofs_y = -1},
    {.bitmap_index = 55946, .adv_w = 224, .box_w = 14, .box_h = 4, .ofs_x = 0, .ofs_y = 4},
    {.bitmap_index = 55974, .adv_w = 256, .box_w = 16, .box_h = 16, .ofs_x = 0, .ofs_y = -2},
    {.bitmap_index = 56102, .adv_w = 256, .box_w = 16, .box_h = 16, .ofs_x = 0, .ofs_y = -2},
    {.bitmap_index = 56230, .adv_w = 256, .box_w = 16, .box_h = 14, .ofs_x = 0, .ofs_y = -1},
    {.bitmap_index = 56342, .adv_w = 288, .box_w = 19, .box_h = 17, .ofs_x = -1, .ofs_y = -3},
    {.bitmap_index = 56504, .adv_w = 192, .box_w = 12, .box_h = 17, .ofs_x = 0, .ofs_y = -2},
    {.bitmap_index = 56606, .adv_w = 288, .box_w = 18, .box_h = 12, .ofs_x = 0, .ofs_y = 0},
    {.bitmap_index = 56714, .adv_w = 320, .box_w = 20, .box_h = 16, .ofs_x = 0, .ofs_y = -2},
    {.bitmap_index = 56874, .adv_w = 288, .box_w = 20, .box_h = 16, .ofs_x = -1, .ofs_y = -2},
    {.bitmap_index = 57034, .adv_w = 288, .box_w = 19, .box_h = 16, .ofs_x = -1, .ofs_y = -2},
    {.bitmap_index = 57186, .adv_w = 224, .box_w = 14, .box_h = 16, .ofs_x = 0, .ofs_y = -2},
    {.bitmap_index = 57298, .adv_w = 256, .box_w = 16, .box_h = 16, .ofs_x = 0, .ofs_y = -2},
    {.bitmap_index = 57426, .adv_w = 256, .box_w = 17, .box_h = 14, .ofs_x = -1, .ofs_y = -1},
    {.bitmap_index = 57545, .adv_w = 256, .box_w = 16, .box_h = 16, .ofs_x = 0, .ofs_y = -2},
    {.bitmap_index = 57673, .adv_w = 224, .box_w = 14, .box_h = 10, .ofs_x = 0, .ofs_y = 1},
    {.bitmap_index = 57743, .adv_w = 224, .box_w = 14, .box_h = 10, .ofs_x = 0, .ofs_y = 1},
    {.bitmap_index = 57813, .adv_w = 320, .box_w = 20, .box_h = 14, .ofs_x = 0, .ofs_y = -1},
    {.bitmap_index = 57953, .adv_w = 288, .box_w = 20, .box_h = 16, .ofs_x = -1, .ofs_y = -2},
    {.bitmap_index = 58113, .adv_w = 256, .box_w = 16, .box_h = 12, .ofs_x = 0, .ofs_y = 0},
    {.bitmap_index = 58209, .adv_w = 288, .box_w = 19, .box_h = 12, .ofs_x = 0, .ofs_y = 0},
    {.bitmap_index = 58323, .adv_w = 256, .box_w = 16, .box_h = 12, .ofs_x = 0, .ofs_y = 0},
    {.bitmap_index = 58419, .adv_w = 224, .box_w = 14, .box_h = 14, .ofs_x = 0, .ofs_y = -1},
    {.bitmap_index = 58517, .adv_w = 224, .box_w = 14, .box_h = 14, .ofs_x = 0, .ofs_y = -1},
    {.bitmap_index = 58615, .adv_w = 256, .box_w = 16, .box_h = 14, .ofs_x = 0, .ofs_y = -1},
    {.bitmap_index = 58727, .adv_w = 256, .box_w = 16, .box_h = 16, .ofs_x = 0, .ofs_y = -2},
    {.bitmap_index = 58855, .adv_w = 320, .box_w = 22, .box_h = 18, .ofs_x = -1, .ofs_y = -3},
    {.bitmap_index = 59053, .adv_w = 288, .box_w = 20, .box_h = 14, .ofs_x = -1, .ofs_y = -1},
    {.bitmap_index = 59193, .adv_w = 288, .box_w = 9, .box_h = 17, .ofs_x = 0, .ofs_y = -3},
    {.bitmap_index = 59270, .adv_w = 224, .box_w = 14, .box_h = 14, .ofs_x = 0, .ofs_y = -1},
    {.bitmap_index = 59368, .adv_w = 192, .box_w = 12, .box_h = 16, .ofs_x = 0, .ofs_y = -2},
    {.bitmap_index = 59464, .adv_w = 288, .box_w = 18, .box_h = 16, .ofs_x = 0, .ofs_y = -2},
    {.bitmap_index = 59608, .adv_w = 224, .box_w = 14, .box_h = 14, .ofs_x = 0, .ofs_y = -1},
    {.bitmap_index = 59706, .adv_w = 256, .box_w = 16, .box_h = 16, .ofs_x = 0, .ofs_y = -2},
    {.bitmap_index = 59834, .adv_w = 256, .box_w = 18, .box_h = 17, .ofs_x = -1, .ofs_y = -3},
    {.bitmap_index = 59987, .adv_w = 256, .box_w = 17, .box_h = 17, .ofs_x = -1, .ofs_y = -2},
    {.bitmap_index = 60132, .adv_w = 224, .box_w = 14, .box_h = 14, .ofs_x = 0, .ofs_y = -1},
    {.bitmap_index = 60230, .adv_w = 256, .box_w = 16, .box_h = 14, .ofs_x = 0, .ofs_y = -1},
    {.bitmap_index = 60342, .adv_w = 256, .box_w = 16, .box_h = 16, .ofs_x = 0, .ofs_y = -2},
    {.bitmap_index = 60470, .adv_w = 248, .box_w = 16, .box_h = 16, .ofs_x = 0, .ofs_y = -2},
    {.bitmap_index = 60598, .adv_w = 224, .box_w = 14, .box_h = 16, .ofs_x = 0, .ofs_y = -2},
    {.bitmap_index = 60710, .adv_w = 288, .box_w = 18, .box_h = 14, .ofs_x = 0, .ofs_y = -1},
    {.bitmap_index = 60836, .adv_w = 224, .box_w = 14, .box_h = 14, .ofs_x = 0, .ofs_y = -1},
    {.bitmap_index = 60934, .adv_w = 288, .box_w = 18, .box_h = 12, .ofs_x = 0, .ofs_y = 0},
    {.bitmap_index = 61042, .adv_w = 288, .box_w = 18, .box_h = 16, .ofs_x = 0, .ofs_y = -2},
    {.bitmap_index = 61186, .adv_w = 256, .box_w = 18, .box_h = 18, .ofs_x = -1, .ofs_y = -3},
    {.bitmap_index = 61348, .adv_w = 256, .box_w = 16, .box_h = 12, .ofs_x = 0, .ofs_y = 0},
    {.bitmap_index = 61444, .adv_w = 256, .box_w = 17, .box_h = 12, .ofs_x = -1, .ofs_y = 0},
    {.bitmap_index = 61546, .adv_w = 192, .box_w = 12, .box_h = 16, .ofs_x = 0, .ofs_y = -2},
    {.bitmap_index = 61642, .adv_w = 192, .box_w = 12, .box_h = 17, .ofs_x = 0, .ofs_y = -3},
    {.bitmap_index = 61744, .adv_w = 256, .box_w = 16, .box_h = 16, .ofs_x = 0, .ofs_y = -2},
    {.bitmap_index = 61872, .adv_w = 256, .box_w = 16, .box_h = 16, .ofs_x = 0, .ofs_y = -2},
    {.bitmap_index = 62000, .adv_w = 256, .box_w = 16, .box_h = 16, .ofs_x = 0, .ofs_y = -2},
    {.bitmap_index = 62128, .adv_w = 256, .box_w = 16, .box_h = 16, .ofs_x = 0, .ofs_y = -2},
    {.bitmap_index = 62256, .adv_w = 248, .box_w = 16, .box_h = 16, .ofs_x = 0, .ofs_y = -2},
    {.bitmap_index = 62384, .adv_w = 256, .box_w = 17, .box_h = 17, .ofs_x = 0, .ofs_y = -2},
    {.bitmap_index = 62529, .adv_w = 256, .box_w = 17, .box_h = 14, .ofs_x = -1, .ofs_y = -1},
    {.bitmap_index = 62648, .adv_w = 256, .box_w = 18, .box_h = 17, .ofs_x = -1, .ofs_y = -3},
    {.bitmap_index = 62801, .adv_w = 256, .box_w = 16, .box_h = 14, .ofs_x = 0, .ofs_y = -1},
    {.bitmap_index = 62913, .adv_w = 256, .box_w = 16, .box_h = 16, .ofs_x = 0, .ofs_y = -2},
    {.bitmap_index = 63041, .adv_w = 320, .box_w = 20, .box_h = 14, .ofs_x = 0, .ofs_y = -1},
    {.bitmap_index = 63181, .adv_w = 256, .box_w = 16, .box_h = 16, .ofs_x = 0, .ofs_y = -2},
    {.bitmap_index = 63309, .adv_w = 320, .box_w = 20, .box_h = 14, .ofs_x = 0, .ofs_y = -1},
    {.bitmap_index = 63449, .adv_w = 224, .box_w = 16, .box_h = 16, .ofs_x = -1, .ofs_y = -2},
    {.bitmap_index = 63577, .adv_w = 224, .box_w = 15, .box_h = 14, .ofs_x = 0, .ofs_y = -1},
    {.bitmap_index = 63682, .adv_w = 224, .box_w = 14, .box_h = 16, .ofs_x = 0, .ofs_y = -2},
    {.bitmap_index = 63794, .adv_w = 224, .box_w = 14, .box_h = 16, .ofs_x = 0, .ofs_y = -2},
    {.bitmap_index = 63906, .adv_w = 224, .box_w = 14, .box_h = 14, .ofs_x = 0, .ofs_y = -1},
    {.bitmap_index = 64004, .adv_w = 224, .box_w = 14, .box_h = 14, .ofs_x = 0, .ofs_y = -1},
    {.bitmap_index = 64102, .adv_w = 224, .box_w = 14, .box_h = 14, .ofs_x = 0, .ofs_y = -1},
    {.bitmap_index = 64200, .adv_w = 256, .box_w = 16, .box_h = 14, .ofs_x = 0, .ofs_y = -1},
    {.bitmap_index = 64312, .adv_w = 256, .box_w = 17, .box_h = 14, .ofs_x = -1, .ofs_y = -1},
    {.bitmap_index = 64431, .adv_w = 256, .box_w = 16, .box_h = 14, .ofs_x = 0, .ofs_y = -1},
    {.bitmap_index = 64543, .adv_w = 224, .box_w = 14, .box_h = 16, .ofs_x = 0, .ofs_y = -2},
    {.bitmap_index = 64655, .adv_w = 256, .box_w = 16, .box_h = 14, .ofs_x = 0, .ofs_y = -1},
    {.bitmap_index = 64767, .adv_w = 256, .box_w = 16, .box_h = 16, .ofs_x = 0, .ofs_y = -2},
    {.bitmap_index = 64895, .adv_w = 320, .box_w = 20, .box_h = 16, .ofs_x = 0, .ofs_y = -2},
    {.bitmap_index = 65055, .adv_w = 248, .box_w = 16, .box_h = 16, .ofs_x = 0, .ofs_y = -2},
    {.bitmap_index = 65183, .adv_w = 224, .box_w = 14, .box_h = 14, .ofs_x = 0, .ofs_y = -1},
    {.bitmap_index = 65281, .adv_w = 224, .box_w = 14, .box_h = 14, .ofs_x = 0, .ofs_y = -1},
    {.bitmap_index = 65379, .adv_w = 320, .box_w = 20, .box_h = 12, .ofs_x = 0, .ofs_y = 0},
    {.bitmap_index = 65499, .adv_w = 320, .box_w = 20, .box_h = 12, .ofs_x = 0, .ofs_y = 0},
    {.bitmap_index = 65619, .adv_w = 160, .box_w = 10, .box_h = 6, .ofs_x = 0, .ofs_y = 2},
    {.bitmap_index = 65649, .adv_w = 160, .box_w = 10, .box_h = 6, .ofs_x = 0, .ofs_y = 3},
    {.bitmap_index = 65679, .adv_w = 96, .box_w = 6, .box_h = 10, .ofs_x = 0, .ofs_y = 1},
    {.bitmap_index = 65709, .adv_w = 96, .box_w = 6, .box_h = 10, .ofs_x = 0, .ofs_y = 1},
    {.bitmap_index = 65739, .adv_w = 256, .box_w = 16, .box_h = 14, .ofs_x = 0, .ofs_y = -1},
    {.bitmap_index = 65851, .adv_w = 160, .box_w = 10, .box_h = 14, .ofs_x = 0, .ofs_y = -1},
    {.bitmap_index = 65921, .adv_w = 160, .box_w = 10, .box_h = 6, .ofs_x = 0, .ofs_y = -1},
    {.bitmap_index = 65951, .adv_w = 160, .box_w = 10, .box_h = 6, .ofs_x = 0, .ofs_y = 7},
    {.bitmap_index = 65981, .adv_w = 256, .box_w = 16, .box_h = 12, .ofs_x = 0, .ofs_y = 0},
    {.bitmap_index = 66077, .adv_w = 224, .box_w = 15, .box_h = 14, .ofs_x = -1, .ofs_y = 0},
    {.bitmap_index = 66182, .adv_w = 256, .box_w = 16, .box_h = 16, .ofs_x = 0, .ofs_y = -2},
    {.bitmap_index = 66310, .adv_w = 256, .box_w = 16, .box_h = 16, .ofs_x = 0, .ofs_y = -2},
    {.bitmap_index = 66438, .adv_w = 160, .box_w = 12, .box_h = 16, .ofs_x = -1, .ofs_y = -2},
    {.bitmap_index = 66534, .adv_w = 320, .box_w = 20, .box_h = 16, .ofs_x = 0, .ofs_y = -2},
    {.bitmap_index = 66694, .adv_w = 288, .box_w = 20, .box_h = 16, .ofs_x = -1, .ofs_y = -2},
    {.bitmap_index = 66854, .adv_w = 224, .box_w = 14, .box_h = 16, .ofs_x = 0, .ofs_y = -2},
    {.bitmap_index = 66966, .adv_w = 176, .box_w = 11, .box_h = 16, .ofs_x = 0, .ofs_y = -2},
    {.bitmap_index = 67054, .adv_w = 224, .box_w = 14, .box_h = 16, .ofs_x = 0, .ofs_y = -2},
    {.bitmap_index = 67166, .adv_w = 256, .box_w = 16, .box_h = 17, .ofs_x = 0, .ofs_y = -2},
    {.bitmap_index = 67302, .adv_w = 256, .box_w = 16, .box_h = 14, .ofs_x = 0, .ofs_y = -1},
    {.bitmap_index = 67414, .adv_w = 224, .box_w = 14, .box_h = 16, .ofs_x = 0, .ofs_y = -2},
    {.bitmap_index = 67526, .adv_w = 320, .box_w = 21, .box_h = 14, .ofs_x = -1, .ofs_y = -1},
    {.bitmap_index = 67673, .adv_w = 224, .box_w = 14, .box_h = 16, .ofs_x = 0, .ofs_y = -2},
    {.bitmap_index = 67785, .adv_w = 320, .box_w = 20, .box_h = 16, .ofs_x = 0, .ofs_y = -2},
    {.bitmap_index = 67945, .adv_w = 256, .box_w = 16, .box_h = 14, .ofs_x = 0, .ofs_y = -1},
    {.bitmap_index = 68057, .adv_w = 320, .box_w = 20, .box_h = 14, .ofs_x = 0, .ofs_y = -1},
    {.bitmap_index = 68197, .adv_w = 224, .box_w = 14, .box_h = 14, .ofs_x = 0, .ofs_y = -1},
    {.bitmap_index = 68295, .adv_w = 224, .box_w = 14, .box_h = 14, .ofs_x = 0, .ofs_y = -1},
    {.bitmap_index = 68393, .adv_w = 224, .box_w = 14, .box_h = 14, .ofs_x = 0, .ofs_y = -1},
    {.bitmap_index = 68491, .adv_w = 224, .box_w = 14, .box_h = 10, .ofs_x = 0, .ofs_y = 1},
    {.bitmap_index = 68561, .adv_w = 224, .box_w = 14, .box_h = 10, .ofs_x = 0, .ofs_y = 1},
    {.bitmap_index = 68631, .adv_w = 160, .box_w = 10, .box_h = 14, .ofs_x = 0, .ofs_y = -1},
    {.bitmap_index = 68701, .adv_w = 160, .box_w = 10, .box_h = 14, .ofs_x = 0, .ofs_y = -1},
    {.bitmap_index = 68771, .adv_w = 128, .box_w = 8, .box_h = 10, .ofs_x = 0, .ofs_y = 1},
    {.bitmap_index = 68811, .adv_w = 128, .box_w = 8, .box_h = 10, .ofs_x = 0, .ofs_y = 1},
    {.bitmap_index = 68851, .adv_w = 160, .box_w = 10, .box_h = 8, .ofs_x = 0, .ofs_y = 2},
    {.bitmap_index = 68891, .adv_w = 160, .box_w = 10, .box_h = 8, .ofs_x = 0, .ofs_y = 2},
    {.bitmap_index = 68931, .adv_w = 288, .box_w = 18, .box_h = 16, .ofs_x = 0, .ofs_y = -2},
    {.bitmap_index = 69075, .adv_w = 320, .box_w = 20, .box_h = 16, .ofs_x = 0, .ofs_y = -2},
    {.bitmap_index = 69235, .adv_w = 224, .box_w = 14, .box_h = 16, .ofs_x = 0, .ofs_y = -2},
    {.bitmap_index = 69347, .adv_w = 160, .box_w = 10, .box_h = 16, .ofs_x = 0, .ofs_y = -2},
    {.bitmap_index = 69427, .adv_w = 256, .box_w = 16, .box_h = 14, .ofs_x = 0, .ofs_y = -1},
    {.bitmap_index = 69539, .adv_w = 256, .box_w = 16, .box_h = 14, .ofs_x = 0, .ofs_y = -1},
    {.bitmap_index = 69651, .adv_w = 256, .box_w = 16, .box_h = 16, .ofs_x = 0, .ofs_y = -2},
    {.bitmap_index = 69779, .adv_w = 256, .box_w = 16, .box_h = 16, .ofs_x = 0, .ofs_y = -2},
    {.bitmap_index = 69907, .adv_w = 240, .box_w = 15, .box_h = 12, .ofs_x = 0, .ofs_y = 0},
    {.bitmap_index = 69997, .adv_w = 248, .box_w = 16, .box_h = 16, .ofs_x = 0, .ofs_y = -2},
    {.bitmap_index = 70125, .adv_w = 248, .box_w = 16, .box_h = 16, .ofs_x = 0, .ofs_y = -2},
    {.bitmap_index = 70253, .adv_w = 248, .box_w = 16, .box_h = 16, .ofs_x = 0, .ofs_y = -2},
    {.bitmap_index = 70381, .adv_w = 320, .box_w = 20, .box_h = 10, .ofs_x = 0, .ofs_y = 1},
    {.bitmap_index = 70481, .adv_w = 288, .box_w = 18, .box_h = 12, .ofs_x = 0, .ofs_y = 0},
    {.bitmap_index = 70589, .adv_w = 256, .box_w = 16, .box_h = 17, .ofs_x = 0, .ofs_y = -2},
    {.bitmap_index = 70725, .adv_w = 320, .box_w = 20, .box_h = 14, .ofs_x = 0, .ofs_y = -1},
    {.bitmap_index = 70865, .adv_w = 320, .box_w = 22, .box_h = 18, .ofs_x = -1, .ofs_y = -3},
    {.bitmap_index = 71063, .adv_w = 288, .box_w = 18, .box_h = 16, .ofs_x = 0, .ofs_y = -2},
    {.bitmap_index = 71207, .adv_w = 256, .box_w = 18, .box_h = 18, .ofs_x = -1, .ofs_y = -3},
    {.bitmap_index = 71369, .adv_w = 256, .box_w = 17, .box_h = 17, .ofs_x = 0, .ofs_y = -2},
    {.bitmap_index = 71514, .adv_w = 192, .box_w = 12, .box_h = 16, .ofs_x = 0, .ofs_y = -2},
    {.bitmap_index = 71610, .adv_w = 256, .box_w = 16, .box_h = 16, .ofs_x = 0, .ofs_y = -2},
    {.bitmap_index = 71738, .adv_w = 192, .box_w = 12, .box_h = 16, .ofs_x = 0, .ofs_y = -2},
    {.bitmap_index = 71834, .adv_w = 96, .box_w = 6, .box_h = 16, .ofs_x = 0, .ofs_y = -2},
    {.bitmap_index = 71882, .adv_w = 96, .box_w = 6, .box_h = 16, .ofs_x = 0, .ofs_y = -2},
    {.bitmap_index = 71930, .adv_w = 256, .box_w = 16, .box_h = 14, .ofs_x = 0, .ofs_y = 0},
    {.bitmap_index = 72042, .adv_w = 256, .box_w = 16, .box_h = 14, .ofs_x = 0, .ofs_y = -2},
    {.bitmap_index = 72154, .adv_w = 256, .box_w = 16, .box_h = 14, .ofs_x = 0, .ofs_y = -1},
    {.bitmap_index = 72266, .adv_w = 288, .box_w = 18, .box_h = 16, .ofs_x = 0, .ofs_y = -2},
    {.bitmap_index = 72410, .adv_w = 176, .box_w = 11, .box_h = 16, .ofs_x = 0, .ofs_y = -2},
    {.bitmap_index = 72498, .adv_w = 320, .box_w = 22, .box_h = 18, .ofs_x = -1, .ofs_y = -3},
    {.bitmap_index = 72696, .adv_w = 224, .box_w = 14, .box_h = 16, .ofs_x = 0, .ofs_y = -2},
    {.bitmap_index = 72808, .adv_w = 224, .box_w = 15, .box_h = 17, .ofs_x = -1, .ofs_y = -3},
    {.bitmap_index = 72936, .adv_w = 256, .box_w = 16, .box_h = 16, .ofs_x = 0, .ofs_y = -2},
    {.bitmap_index = 73064, .adv_w = 256, .box_w = 17, .box_h = 12, .ofs_x = 0, .ofs_y = 0},
    {.bitmap_index = 73166, .adv_w = 256, .box_w = 16, .box_h = 16, .ofs_x = 0, .ofs_y = -2},
    {.bitmap_index = 73294, .adv_w = 256, .box_w = 16, .box_h = 16, .ofs_x = 0, .ofs_y = -2},
    {.bitmap_index = 73422, .adv_w = 256, .box_w = 16, .box_h = 16, .ofs_x = 0, .ofs_y = -2},
    {.bitmap_index = 73550, .adv_w = 256, .box_w = 16, .box_h = 16, .ofs_x = 0, .ofs_y = -2},
    {.bitmap_index = 73678, .adv_w = 192, .box_w = 12, .box_h = 14, .ofs_x = 0, .ofs_y = -1},
    {.bitmap_index = 73762, .adv_w = 256, .box_w = 15, .box_h = 15, .ofs_x = 0, .ofs_y = -2},
    {.bitmap_index = 73875, .adv_w = 288, .box_w = 20, .box_h = 17, .ofs_x = -1, .ofs_y = -2},
    {.bitmap_index = 74045, .adv_w = 224, .box_w = 14, .box_h = 16, .ofs_x = 0, .ofs_y = -2},
    {.bitmap_index = 74157, .adv_w = 248, .box_w = 16, .box_h = 16, .ofs_x = 0, .ofs_y = -2},
    {.bitmap_index = 74285, .adv_w = 256, .box_w = 16, .box_h = 6, .ofs_x = 0, .ofs_y = 3},
    {.bitmap_index = 74333, .adv_w = 96, .box_w = 6, .box_h = 16, .ofs_x = 0, .ofs_y = -2},
    {.bitmap_index = 74381, .adv_w = 224, .box_w = 14, .box_h = 14, .ofs_x = 0, .ofs_y = -1},
    {.bitmap_index = 74479, .adv_w = 256, .box_w = 16, .box_h = 16, .ofs_x = 0, .ofs_y = -2},
    {.bitmap_index = 74607, .adv_w = 224, .box_w = 14, .box_h = 14, .ofs_x = 0, .ofs_y = -1},
    {.bitmap_index = 74705, .adv_w = 224, .box_w = 14, .box_h = 14, .ofs_x = 0, .ofs_y = -1},
    {.bitmap_index = 74803, .adv_w = 224, .box_w = 14, .box_h = 14, .ofs_x = 0, .ofs_y = -1},
    {.bitmap_index = 74901, .adv_w = 288, .box_w = 18, .box_h = 17, .ofs_x = 0, .ofs_y = -2},
    {.bitmap_index = 75054, .adv_w = 248, .box_w = 16, .box_h = 16, .ofs_x = 0, .ofs_y = -2},
    {.bitmap_index = 75182, .adv_w = 224, .box_w = 14, .box_h = 14, .ofs_x = 0, .ofs_y = -1},
    {.bitmap_index = 75280, .adv_w = 224, .box_w = 14, .box_h = 14, .ofs_x = 0, .ofs_y = -1},
    {.bitmap_index = 75378, .adv_w = 224, .box_w = 14, .box_h = 14, .ofs_x = 0, .ofs_y = -1},
    {.bitmap_index = 75476, .adv_w = 160, .box_w = 11, .box_h = 14, .ofs_x = 0, .ofs_y = -1},
    {.bitmap_index = 75553, .adv_w = 160, .box_w = 10, .box_h = 14, .ofs_x = 0, .ofs_y = -1},
    {.bitmap_index = 75623, .adv_w = 144, .box_w = 11, .box_h = 16, .ofs_x = -1, .ofs_y = -2},
    {.bitmap_index = 75711, .adv_w = 160, .box_w = 10, .box_h = 14, .ofs_x = 0, .ofs_y = -1},
    {.bitmap_index = 75781, .adv_w = 192, .box_w = 12, .box_h = 14, .ofs_x = 0, .ofs_y = -1},
    {.bitmap_index = 75865, .adv_w = 192, .box_w = 12, .box_h = 14, .ofs_x = 0, .ofs_y = -1},
    {.bitmap_index = 75949, .adv_w = 288, .box_w = 18, .box_h = 14, .ofs_x = 0, .ofs_y = -1},
    {.bitmap_index = 76075, .adv_w = 192, .box_w = 13, .box_h = 17, .ofs_x = 0, .ofs_y = -2},
    {.bitmap_index = 76186, .adv_w = 192, .box_w = 12, .box_h = 16, .ofs_x = 0, .ofs_y = -2},
    {.bitmap_index = 76282, .adv_w = 192, .box_w = 12, .box_h = 16, .ofs_x = 0, .ofs_y = -2},
    {.bitmap_index = 76378, .adv_w = 224, .box_w = 15, .box_h = 14, .ofs_x = -1, .ofs_y = -1},
    {.bitmap_index = 76483, .adv_w = 224, .box_w = 15, .box_h = 14, .ofs_x = -1, .ofs_y = -1},
    {.bitmap_index = 76588, .adv_w = 256, .box_w = 17, .box_h = 14, .ofs_x = -1, .ofs_y = -1},
    {.bitmap_index = 76707, .adv_w = 256, .box_w = 17, .box_h = 14, .ofs_x = -1, .ofs_y = -1},
    {.bitmap_index = 76826, .adv_w = 224, .box_w = 15, .box_h = 15, .ofs_x = -1, .ofs_y = -2},
    {.bitmap_index = 76939, .adv_w = 224, .box_w = 15, .box_h = 15, .ofs_x = -1, .ofs_y = -2},
    {.bitmap_index = 77052, .adv_w = 256, .box_w = 16, .box_h = 16, .ofs_x = 0, .ofs_y = -2},
    {.bitmap_index = 77180, .adv_w = 256, .box_w = 16, .box_h = 16, .ofs_x = 0, .ofs_y = -2},
    {.bitmap_index = 77308, .adv_w = 288, .box_w = 18, .box_h = 13, .ofs_x = 0, .ofs_y = -1},
    {.bitmap_index = 77425, .adv_w = 192, .box_w = 14, .box_h = 14, .ofs_x = -1, .ofs_y = -1},
    {.bitmap_index = 77523, .adv_w = 224, .box_w = 14, .box_h = 14, .ofs_x = 0, .ofs_y = -1},
    {.bitmap_index = 77621, .adv_w = 264, .box_w = 17, .box_h = 14, .ofs_x = 0, .ofs_y = -1},
    {.bitmap_index = 77740, .adv_w = 192, .box_w = 12, .box_h = 14, .ofs_x = 0, .ofs_y = -1},
    {.bitmap_index = 77824, .adv_w = 224, .box_w = 14, .box_h = 15, .ofs_x = 0, .ofs_y = -1},
    {.bitmap_index = 77929, .adv_w = 224, .box_w = 14, .box_h = 14, .ofs_x = 0, .ofs_y = -1},
    {.bitmap_index = 78027, .adv_w = 248, .box_w = 16, .box_h = 16, .ofs_x = 0, .ofs_y = -2},
    {.bitmap_index = 78155, .adv_w = 256, .box_w = 16, .box_h = 15, .ofs_x = 0, .ofs_y = -2},
    {.bitmap_index = 78275, .adv_w = 160, .box_w = 10, .box_h = 16, .ofs_x = 0, .ofs_y = -2},
    {.bitmap_index = 78355, .adv_w = 224, .box_w = 14, .box_h = 14, .ofs_x = 0, .ofs_y = -1},
    {.bitmap_index = 78453, .adv_w = 192, .box_w = 12, .box_h = 15, .ofs_x = 0, .ofs_y = -2},
    {.bitmap_index = 78543, .adv_w = 224, .box_w = 14, .box_h = 14, .ofs_x = 0, .ofs_y = -1},
    {.bitmap_index = 78641, .adv_w = 224, .box_w = 12, .box_h = 15, .ofs_x = 1, .ofs_y = -1},
    {.bitmap_index = 78731, .adv_w = 224, .box_w = 14, .box_h = 17, .ofs_x = 0, .ofs_y = -3},
    {.bitmap_index = 78850, .adv_w = 256, .box_w = 16, .box_h = 16, .ofs_x = 0, .ofs_y = -2},
    {.bitmap_index = 78978, .adv_w = 224, .box_w = 15, .box_h = 14, .ofs_x = 0, .ofs_y = -1},
    {.bitmap_index = 79083, .adv_w = 184, .box_w = 12, .box_h = 17, .ofs_x = 0, .ofs_y = -3},
    {.bitmap_index = 79185, .adv_w = 224, .box_w = 14, .box_h = 14, .ofs_x = 0, .ofs_y = -1},
    {.bitmap_index = 79283, .adv_w = 128, .box_w = 8, .box_h = 16, .ofs_x = 0, .ofs_y = -2},
    {.bitmap_index = 79347, .adv_w = 96, .box_w = 6, .box_h = 16, .ofs_x = 0, .ofs_y = -2},
    {.bitmap_index = 79395, .adv_w = 248, .box_w = 16, .box_h = 16, .ofs_x = 0, .ofs_y = -2},
    {.bitmap_index = 79523, .adv_w = 256, .box_w = 16, .box_h = 16, .ofs_x = 0, .ofs_y = -2},
    {.bitmap_index = 79651, .adv_w = 256, .box_w = 16, .box_h = 16, .ofs_x = 0, .ofs_y = -2},
    {.bitmap_index = 79779, .adv_w = 256, .box_w = 16, .box_h = 14, .ofs_x = 0, .ofs_y = -1},
    {.bitmap_index = 79891, .adv_w = 256, .box_w = 16, .box_h = 16, .ofs_x = 0, .ofs_y = -2},
    {.bitmap_index = 80019, .adv_w = 288, .box_w = 18, .box_h = 10, .ofs_x = 0, .ofs_y = 1},
    {.bitmap_index = 80109, .adv_w = 256, .box_w = 17, .box_h = 14, .ofs_x = 0, .ofs_y = 0},
    {.bitmap_index = 80228, .adv_w = 256, .box_w = 16, .box_h = 16, .ofs_x = 0, .ofs_y = -2},
    {.bitmap_index = 80356, .adv_w = 192, .box_w = 13, .box_h = 16, .ofs_x = 0, .ofs_y = -2},
    {.bitmap_index = 80460, .adv_w = 224, .box_w = 14, .box_h = 17, .ofs_x = 0, .ofs_y = -2},
    {.bitmap_index = 80579, .adv_w = 224, .box_w = 14, .box_h = 14, .ofs_x = 0, .ofs_y = -1},
    {.bitmap_index = 80677, .adv_w = 256, .box_w = 16, .box_h = 16, .ofs_x = 0, .ofs_y = -2},
    {.bitmap_index = 80805, .adv_w = 256, .box_w = 17, .box_h = 17, .ofs_x = 0, .ofs_y = -2},
    {.bitmap_index = 80950, .adv_w = 224, .box_w = 14, .box_h = 14, .ofs_x = 0, .ofs_y = -1},
    {.bitmap_index = 81048, .adv_w = 192, .box_w = 12, .box_h = 14, .ofs_x = 0, .ofs_y = -1},
    {.bitmap_index = 81132, .adv_w = 320, .box_w = 20, .box_h = 14, .ofs_x = 0, .ofs_y = -1},
    {.bitmap_index = 81272, .adv_w = 224, .box_w = 14, .box_h = 14, .ofs_x = 0, .ofs_y = -1},
    {.bitmap_index = 81370, .adv_w = 224, .box_w = 14, .box_h = 14, .ofs_x = 0, .ofs_y = -1},
    {.bitmap_index = 81468, .adv_w = 256, .box_w = 16, .box_h = 16, .ofs_x = 0, .ofs_y = -2},
    {.bitmap_index = 81596, .adv_w = 224, .box_w = 14, .box_h = 14, .ofs_x = 0, .ofs_y = -1},
    {.bitmap_index = 81694, .adv_w = 256, .box_w = 16, .box_h = 14, .ofs_x = 0, .ofs_y = -1},
    {.bitmap_index = 81806, .adv_w = 320, .box_w = 20, .box_h = 13, .ofs_x = 0, .ofs_y = 0},
    {.bitmap_index = 81936, .adv_w = 224, .box_w = 14, .box_h = 16, .ofs_x = 0, .ofs_y = -2},
    {.bitmap_index = 82048, .adv_w = 244, .box_w = 16, .box_h = 16, .ofs_x = 0, .ofs_y = -2},
    {.bitmap_index = 82176, .adv_w = 256, .box_w = 16, .box_h = 16, .ofs_x = 0, .ofs_y = -2},
    {.bitmap_index = 82304, .adv_w = 224, .box_w = 14, .box_h = 14, .ofs_x = 0, .ofs_y = -1},
    {.bitmap_index = 82402, .adv_w = 248, .box_w = 16, .box_h = 16, .ofs_x = 0, .ofs_y = -2},
    {.bitmap_index = 82530, .adv_w = 256, .box_w = 16, .box_h = 12, .ofs_x = 0, .ofs_y = 0},
    {.bitmap_index = 82626, .adv_w = 224, .box_w = 14, .box_h = 14, .ofs_x = 0, .ofs_y = -1},
    {.bitmap_index = 82724, .adv_w = 256, .box_w = 16, .box_h = 10, .ofs_x = 0, .ofs_y = 1},
    {.bitmap_index = 82804, .adv_w = 224, .box_w = 14, .box_h = 14, .ofs_x = 0, .ofs_y = -1},
    {.bitmap_index = 82902, .adv_w = 288, .box_w = 18, .box_h = 17, .ofs_x = 0, .ofs_y = -3},
    {.bitmap_index = 83055, .adv_w = 224, .box_w = 12, .box_h = 14, .ofs_x = 1, .ofs_y = -1},
    {.bitmap_index = 83139, .adv_w = 224, .box_w = 14, .box_h = 14, .ofs_x = 0, .ofs_y = -1},
    {.bitmap_index = 83237, .adv_w = 320, .box_w = 20, .box_h = 10, .ofs_x = 0, .ofs_y = 1},
    {.bitmap_index = 83337, .adv_w = 256, .box_w = 16, .box_h = 16, .ofs_x = 0, .ofs_y = -2},
    {.bitmap_index = 83465, .adv_w = 224, .box_w = 14, .box_h = 16, .ofs_x = 0, .ofs_y = -2},
    {.bitmap_index = 83577, .adv_w = 192, .box_w = 12, .box_h = 16, .ofs_x = 0, .ofs_y = -2},
    {.bitmap_index = 83673, .adv_w = 256, .box_w = 18, .box_h = 15, .ofs_x = -1, .ofs_y = -1},
    {.bitmap_index = 83808, .adv_w = 256, .box_w = 16, .box_h = 16, .ofs_x = 0, .ofs_y = -2},
    {.bitmap_index = 83936, .adv_w = 256, .box_w = 16, .box_h = 16, .ofs_x = 0, .ofs_y = -2},
    {.bitmap_index = 84064, .adv_w = 288, .box_w = 18, .box_h = 12, .ofs_x = 0, .ofs_y = 0},
    {.bitmap_index = 84172, .adv_w = 224, .box_w = 14, .box_h = 14, .ofs_x = 0, .ofs_y = -1},
    {.bitmap_index = 84270, .adv_w = 248, .box_w = 16, .box_h = 16, .ofs_x = 0, .ofs_y = -2},
    {.bitmap_index = 84398, .adv_w = 224, .box_w = 14, .box_h = 14, .ofs_x = 0, .ofs_y = -1},
    {.bitmap_index = 84496, .adv_w = 256, .box_w = 17, .box_h = 17, .ofs_x = -1, .ofs_y = -3},
    {.bitmap_index = 84641, .adv_w = 256, .box_w = 18, .box_h = 12, .ofs_x = -1, .ofs_y = 0},
    {.bitmap_index = 84749, .adv_w = 256, .box_w = 16, .box_h = 14, .ofs_x = 0, .ofs_y = -1},
    {.bitmap_index = 84861, .adv_w = 192, .box_w = 14, .box_h = 16, .ofs_x = -1, .ofs_y = -2},
    {.bitmap_index = 84973, .adv_w = 248, .box_w = 16, .box_h = 16, .ofs_x = 0, .ofs_y = -2},
    {.bitmap_index = 85101, .adv_w = 160, .box_w = 10, .box_h = 16, .ofs_x = 0, .ofs_y = -2},
    {.bitmap_index = 85181, .adv_w = 320, .box_w = 20, .box_h = 10, .ofs_x = 0, .ofs_y = 1},
    {.bitmap_index = 85281, .adv_w = 224, .box_w = 14, .box_h = 16, .ofs_x = 0, .ofs_y = -2},
    {.bitmap_index = 85393, .adv_w = 192, .box_w = 12, .box_h = 16, .ofs_x = 0, .ofs_y = -2},
    {.bitmap_index = 85489, .adv_w = 192, .box_w = 12, .box_h = 16, .ofs_x = 0, .ofs_y = -2},
    {.bitmap_index = 85585, .adv_w = 192, .box_w = 12, .box_h = 16, .ofs_x = 0, .ofs_y = -2},
    {.bitmap_index = 85681, .adv_w = 192, .box_w = 12, .box_h = 16, .ofs_x = 0, .ofs_y = -2},
    {.bitmap_index = 85777, .adv_w = 192, .box_w = 12, .box_h = 16, .ofs_x = 0, .ofs_y = -2},
    {.bitmap_index = 85873, .adv_w = 192, .box_w = 12, .box_h = 16, .ofs_x = 0, .ofs_y = -2},
    {.bitmap_index = 85969, .adv_w = 192, .box_w = 12, .box_h = 16, .ofs_x = 0, .ofs_y = -2},
    {.bitmap_index = 86065, .adv_w = 192, .box_w = 12, .box_h = 16, .ofs_x = 0, .ofs_y = -2},
    {.bitmap_index = 86161, .adv_w = 192, .box_w = 12, .box_h = 16, .ofs_x = 0, .ofs_y = -2},
    {.bitmap_index = 86257, .adv_w = 192, .box_w = 13, .box_h = 15, .ofs_x = 0, .ofs_y = -2},
    {.bitmap_index = 86355, .adv_w = 256, .box_w = 16, .box_h = 18, .ofs_x = 0, .ofs_y = -3},
    {.bitmap_index = 86499, .adv_w = 288, .box_w = 18, .box_h = 13, .ofs_x = 0, .ofs_y = 0},
    {.bitmap_index = 86616, .adv_w = 256, .box_w = 16, .box_h = 16, .ofs_x = 0, .ofs_y = -2},
    {.bitmap_index = 86744, .adv_w = 256, .box_w = 16, .box_h = 16, .ofs_x = 0, .ofs_y = -2},
    {.bitmap_index = 86872, .adv_w = 256, .box_w = 16, .box_h = 16, .ofs_x = 0, .ofs_y = -2},
    {.bitmap_index = 87000, .adv_w = 248, .box_w = 16, .box_h = 16, .ofs_x = 0, .ofs_y = -2},
    {.bitmap_index = 87128, .adv_w = 224, .box_w = 14, .box_h = 14, .ofs_x = 0, .ofs_y = -1},
    {.bitmap_index = 87226, .adv_w = 256, .box_w = 16, .box_h = 14, .ofs_x = 0, .ofs_y = -1},
    {.bitmap_index = 87338, .adv_w = 224, .box_w = 14, .box_h = 14, .ofs_x = 0, .ofs_y = -1},
    {.bitmap_index = 87436, .adv_w = 192, .box_w = 12, .box_h = 17, .ofs_x = 0, .ofs_y = -3},
    {.bitmap_index = 87538, .adv_w = 224, .box_w = 14, .box_h = 16, .ofs_x = 0, .ofs_y = -2},
    {.bitmap_index = 87650, .adv_w = 288, .box_w = 18, .box_h = 14, .ofs_x = 0, .ofs_y = -1},
    {.bitmap_index = 87776, .adv_w = 256, .box_w = 18, .box_h = 18, .ofs_x = -1, .ofs_y = -3},
    {.bitmap_index = 87938, .adv_w = 256, .box_w = 16, .box_h = 16, .ofs_x = 0, .ofs_y = -2},
    {.bitmap_index = 88066, .adv_w = 256, .box_w = 16, .box_h = 14, .ofs_x = 0, .ofs_y = -1},
    {.bitmap_index = 88178, .adv_w = 224, .box_w = 13, .box_h = 14, .ofs_x = 1, .ofs_y = -1},
    {.bitmap_index = 88269, .adv_w = 256, .box_w = 16, .box_h = 14, .ofs_x = 0, .ofs_y = -1},
    {.bitmap_index = 88381, .adv_w = 224, .box_w = 14, .box_h = 16, .ofs_x = 0, .ofs_y = -2},
    {.bitmap_index = 88493, .adv_w = 224, .box_w = 14, .box_h = 14, .ofs_x = 0, .ofs_y = -1},
    {.bitmap_index = 88591, .adv_w = 256, .box_w = 16, .box_h = 16, .ofs_x = 0, .ofs_y = -2},
    {.bitmap_index = 88719, .adv_w = 256, .box_w = 16, .box_h = 16, .ofs_x = 0, .ofs_y = -2},
    {.bitmap_index = 88847, .adv_w = 256, .box_w = 17, .box_h = 17, .ofs_x = 0, .ofs_y = -2},
    {.bitmap_index = 88992, .adv_w = 256, .box_w = 16, .box_h = 14, .ofs_x = 0, .ofs_y = -1},
    {.bitmap_index = 89104, .adv_w = 192, .box_w = 12, .box_h = 16, .ofs_x = 0, .ofs_y = -2},
    {.bitmap_index = 89200, .adv_w = 256, .box_w = 16, .box_h = 17, .ofs_x = 0, .ofs_y = -3},
    {.bitmap_index = 89336, .adv_w = 224, .box_w = 14, .box_h = 14, .ofs_x = 0, .ofs_y = -1},
    {.bitmap_index = 89434, .adv_w = 192, .box_w = 13, .box_h = 16, .ofs_x = -1, .ofs_y = -2},
    {.bitmap_index = 89538, .adv_w = 288, .box_w = 18, .box_h = 12, .ofs_x = 0, .ofs_y = 0},
    {.bitmap_index = 89646, .adv_w = 320, .box_w = 20, .box_h = 15, .ofs_x = 0, .ofs_y = -1},
    {.bitmap_index = 89796, .adv_w = 224, .box_w = 14, .box_h = 16, .ofs_x = 0, .ofs_y = -2},
    {.bitmap_index = 89908, .adv_w = 192, .box_w = 14, .box_h = 16, .ofs_x = -1, .ofs_y = -2},
    {.bitmap_index = 90020, .adv_w = 224, .box_w = 14, .box_h = 14, .ofs_x = 0, .ofs_y = -1},
    {.bitmap_index = 90118, .adv_w = 288, .box_w = 18, .box_h = 14, .ofs_x = 0, .ofs_y = -1},
    {.bitmap_index = 90244, .adv_w = 288, .box_w = 18, .box_h = 15, .ofs_x = 0, .ofs_y = -2},
    {.bitmap_index = 90379, .adv_w = 288, .box_w = 18, .box_h = 14, .ofs_x = 0, .ofs_y = -1},
    {.bitmap_index = 90505, .adv_w = 288, .box_w = 18, .box_h = 14, .ofs_x = 0, .ofs_y = -1},
    {.bitmap_index = 90631, .adv_w = 288, .box_w = 19, .box_h = 14, .ofs_x = 0, .ofs_y = -1},
    {.bitmap_index = 90764, .adv_w = 288, .box_w = 18, .box_h = 14, .ofs_x = 0, .ofs_y = -1},
    {.bitmap_index = 90890, .adv_w = 320, .box_w = 22, .box_h = 18, .ofs_x = -1, .ofs_y = -3},
    {.bitmap_index = 91088, .adv_w = 224, .box_w = 14, .box_h = 16, .ofs_x = 0, .ofs_y = -2},
    {.bitmap_index = 91200, .adv_w = 256, .box_w = 16, .box_h = 16, .ofs_x = 0, .ofs_y = -2},
    {.bitmap_index = 91328, .adv_w = 256, .box_w = 16, .box_h = 16, .ofs_x = 0, .ofs_y = -2},
    {.bitmap_index = 91456, .adv_w = 256, .box_w = 16, .box_h = 16, .ofs_x = 0, .ofs_y = -2},
    {.bitmap_index = 91584, .adv_w = 256, .box_w = 16, .box_h = 16, .ofs_x = 0, .ofs_y = -2},
    {.bitmap_index = 91712, .adv_w = 224, .box_w = 14, .box_h = 16, .ofs_x = 0, .ofs_y = -2},
    {.bitmap_index = 91824, .adv_w = 256, .box_w = 16, .box_h = 12, .ofs_x = 0, .ofs_y = 0},
    {.bitmap_index = 91920, .adv_w = 272, .box_w = 19, .box_h = 18, .ofs_x = -1, .ofs_y = -3},
    {.bitmap_index = 92091, .adv_w = 256, .box_w = 16, .box_h = 12, .ofs_x = 0, .ofs_y = 0},
    {.bitmap_index = 92187, .adv_w = 256, .box_w = 16, .box_h = 10, .ofs_x = 0, .ofs_y = 1},
    {.bitmap_index = 92267, .adv_w = 224, .box_w = 14, .box_h = 14, .ofs_x = 0, .ofs_y = -1},
    {.bitmap_index = 92365, .adv_w = 288, .box_w = 18, .box_h = 12, .ofs_x = 0, .ofs_y = 0},
    {.bitmap_index = 92473, .adv_w = 288, .box_w = 18, .box_h = 12, .ofs_x = 0, .ofs_y = 0},
    {.bitmap_index = 92581, .adv_w = 320, .box_w = 21, .box_h = 13, .ofs_x = 0, .ofs_y = -1},
    {.bitmap_index = 92718, .adv_w = 256, .box_w = 16, .box_h = 16, .ofs_x = 0, .ofs_y = -2},
    {.bitmap_index = 92846, .adv_w = 320, .box_w = 20, .box_h = 16, .ofs_x = 0, .ofs_y = -2},
    {.bitmap_index = 93006, .adv_w = 224, .box_w = 12, .box_h = 16, .ofs_x = 1, .ofs_y = -2},
    {.bitmap_index = 93102, .adv_w = 256, .box_w = 16, .box_h = 12, .ofs_x = 0, .ofs_y = 0},
    {.bitmap_index = 93198, .adv_w = 224, .box_w = 14, .box_h = 14, .ofs_x = 0, .ofs_y = -1},
    {.bitmap_index = 93296, .adv_w = 224, .box_w = 14, .box_h = 14, .ofs_x = 0, .ofs_y = -1},
    {.bitmap_index = 93394, .adv_w = 288, .box_w = 18, .box_h = 16, .ofs_x = 0, .ofs_y = -2},
    {.bitmap_index = 93538, .adv_w = 224, .box_w = 14, .box_h = 17, .ofs_x = 0, .ofs_y = -2},
    {.bitmap_index = 93657, .adv_w = 224, .box_w = 14, .box_h = 15, .ofs_x = 0, .ofs_y = -2},
    {.bitmap_index = 93762, .adv_w = 288, .box_w = 18, .box_h = 13, .ofs_x = 0, .ofs_y = -1},
    {.bitmap_index = 93879, .adv_w = 320, .box_w = 20, .box_h = 15, .ofs_x = 0, .ofs_y = -1},
    {.bitmap_index = 94029, .adv_w = 224, .box_w = 14, .box_h = 16, .ofs_x = 0, .ofs_y = -2},
    {.bitmap_index = 94141, .adv_w = 256, .box_w = 16, .box_h = 12, .ofs_x = 0, .ofs_y = 0},
    {.bitmap_index = 94237, .adv_w = 320, .box_w = 20, .box_h = 12, .ofs_x = 0, .ofs_y = 0},
    {.bitmap_index = 94357, .adv_w = 288, .box_w = 20, .box_h = 17, .ofs_x = -1, .ofs_y = -3},
    {.bitmap_index = 94527, .adv_w = 288, .box_w = 20, .box_h = 17, .ofs_x = -1, .ofs_y = -3},
    {.bitmap_index = 94697, .adv_w = 320, .box_w = 20, .box_h = 16, .ofs_x = 0, .ofs_y = -2},
    {.bitmap_index = 94857, .adv_w = 224, .box_w = 14, .box_h = 17, .ofs_x = 0, .ofs_y = -2},
    {.bitmap_index = 94976, .adv_w = 320, .box_w = 22, .box_h = 13, .ofs_x = -1, .ofs_y = -1},
    {.bitmap_index = 95119, .adv_w = 256, .box_w = 16, .box_h = 16, .ofs_x = 0, .ofs_y = -2},
    {.bitmap_index = 95247, .adv_w = 256, .box_w = 18, .box_h = 14, .ofs_x = -1, .ofs_y = -1},
    {.bitmap_index = 95373, .adv_w = 144, .box_w = 9, .box_h = 14, .ofs_x = 0, .ofs_y = -1},
    {.bitmap_index = 95436, .adv_w = 192, .box_w = 12, .box_h = 12, .ofs_x = 0, .ofs_y = 0},
    {.bitmap_index = 95508, .adv_w = 144, .box_w = 9, .box_h = 16, .ofs_x = 0, .ofs_y = -2},
    {.bitmap_index = 95580, .adv_w = 192, .box_w = 12, .box_h = 16, .ofs_x = 0, .ofs_y = -2},
    {.bitmap_index = 95676, .adv_w = 240, .box_w = 15, .box_h = 16, .ofs_x = 0, .ofs_y = -2},
    {.bitmap_index = 95796, .adv_w = 256, .box_w = 16, .box_h = 14, .ofs_x = 0, .ofs_y = -1},
    {.bitmap_index = 95908, .adv_w = 256, .box_w = 16, .box_h = 16, .ofs_x = 0, .ofs_y = -2},
    {.bitmap_index = 96036, .adv_w = 288, .box_w = 18, .box_h = 16, .ofs_x = 0, .ofs_y = -2},
    {.bitmap_index = 96180, .adv_w = 192, .box_w = 12, .box_h = 12, .ofs_x = 0, .ofs_y = 0},
    {.bitmap_index = 96252, .adv_w = 144, .box_w = 9, .box_h = 16, .ofs_x = 0, .ofs_y = -1},
    {.bitmap_index = 96324, .adv_w = 240, .box_w = 16, .box_h = 10, .ofs_x = 0, .ofs_y = 1},
    {.bitmap_index = 96404, .adv_w = 144, .box_w = 9, .box_h = 14, .ofs_x = 0, .ofs_y = -1},
    {.bitmap_index = 96467, .adv_w = 144, .box_w = 9, .box_h = 10, .ofs_x = 0, .ofs_y = 1},
    {.bitmap_index = 96512, .adv_w = 192, .box_w = 12, .box_h = 16, .ofs_x = 0, .ofs_y = -2},
    {.bitmap_index = 96608, .adv_w = 224, .box_w = 14, .box_h = 14, .ofs_x = 0, .ofs_y = -1},
    {.bitmap_index = 96706, .adv_w = 256, .box_w = 16, .box_h = 14, .ofs_x = 0, .ofs_y = -1},
    {.bitmap_index = 96818, .adv_w = 320, .box_w = 20, .box_h = 16, .ofs_x = 0, .ofs_y = -2},
    {.bitmap_index = 96978, .adv_w = 320, .box_w = 21, .box_h = 16, .ofs_x = 0, .ofs_y = -2},
    {.bitmap_index = 97146, .adv_w = 320, .box_w = 20, .box_h = 12, .ofs_x = 0, .ofs_y = 0},
    {.bitmap_index = 97266, .adv_w = 192, .box_w = 12, .box_h = 14, .ofs_x = 0, .ofs_y = -1},
    {.bitmap_index = 97350, .adv_w = 224, .box_w = 14, .box_h = 16, .ofs_x = 0, .ofs_y = -2},
    {.bitmap_index = 97462, .adv_w = 224, .box_w = 14, .box_h = 16, .ofs_x = 0, .ofs_y = -2},
    {.bitmap_index = 97574, .adv_w = 224, .box_w = 14, .box_h = 14, .ofs_x = 0, .ofs_y = -1},
    {.bitmap_index = 97672, .adv_w = 224, .box_w = 14, .box_h = 14, .ofs_x = 0, .ofs_y = -1},
    {.bitmap_index = 97770, .adv_w = 288, .box_w = 20, .box_h = 16, .ofs_x = -1, .ofs_y = -2},
    {.bitmap_index = 97930, .adv_w = 320, .box_w = 21, .box_h = 16, .ofs_x = 0, .ofs_y = -2},
    {.bitmap_index = 98098, .adv_w = 248, .box_w = 16, .box_h = 16, .ofs_x = 0, .ofs_y = -2},
    {.bitmap_index = 98226, .adv_w = 320, .box_w = 20, .box_h = 10, .ofs_x = 0, .ofs_y = 1},
    {.bitmap_index = 98326, .adv_w = 320, .box_w = 20, .box_h = 10, .ofs_x = 0, .ofs_y = 1},
    {.bitmap_index = 98426, .adv_w = 320, .box_w = 20, .box_h = 10, .ofs_x = 0, .ofs_y = 1},
    {.bitmap_index = 98526, .adv_w = 320, .box_w = 20, .box_h = 10, .ofs_x = 0, .ofs_y = 1},
    {.bitmap_index = 98626, .adv_w = 320, .box_w = 20, .box_h = 10, .ofs_x = 0, .ofs_y = 1},
    {.bitmap_index = 98726, .adv_w = 160, .box_w = 11, .box_h = 18, .ofs_x = 0, .ofs_y = -3},
    {.bitmap_index = 98825, .adv_w = 128, .box_w = 8, .box_h = 16, .ofs_x = 0, .ofs_y = -2},
    {.bitmap_index = 98889, .adv_w = 256, .box_w = 16, .box_h = 14, .ofs_x = 0, .ofs_y = -1},
    {.bitmap_index = 99001, .adv_w = 288, .box_w = 18, .box_h = 14, .ofs_x = 0, .ofs_y = -1},
    {.bitmap_index = 99127, .adv_w = 224, .box_w = 14, .box_h = 14, .ofs_x = 0, .ofs_y = -1},
    {.bitmap_index = 99225, .adv_w = 288, .box_w = 18, .box_h = 14, .ofs_x = 0, .ofs_y = -1},
    {.bitmap_index = 99351, .adv_w = 288, .box_w = 18, .box_h = 14, .ofs_x = 0, .ofs_y = -1},
    {.bitmap_index = 99477, .adv_w = 256, .box_w = 16, .box_h = 16, .ofs_x = 0, .ofs_y = -2},
    {.bitmap_index = 99605, .adv_w = 320, .box_w = 20, .box_h = 16, .ofs_x = 0, .ofs_y = -2},
    {.bitmap_index = 99765, .adv_w = 192, .box_w = 12, .box_h = 16, .ofs_x = 0, .ofs_y = -2},
    {.bitmap_index = 99861, .adv_w = 192, .box_w = 12, .box_h = 16, .ofs_x = 0, .ofs_y = -2},
    {.bitmap_index = 99957, .adv_w = 192, .box_w = 12, .box_h = 16, .ofs_x = 0, .ofs_y = -2},
    {.bitmap_index = 100053, .adv_w = 192, .box_w = 12, .box_h = 16, .ofs_x = 0, .ofs_y = -2},
    {.bitmap_index = 100149, .adv_w = 256, .box_w = 16, .box_h = 14, .ofs_x = 0, .ofs_y = -1},
    {.bitmap_index = 100261, .adv_w = 224, .box_w = 15, .box_h = 16, .ofs_x = -1, .ofs_y = -2},
    {.bitmap_index = 100381, .adv_w = 256, .box_w = 16, .box_h = 14, .ofs_x = 0, .ofs_y = -1},
    {.bitmap_index = 100493, .adv_w = 288, .box_w = 18, .box_h = 14, .ofs_x = 0, .ofs_y = -1},
    {.bitmap_index = 100619, .adv_w = 256, .box_w = 17, .box_h = 17, .ofs_x = 0, .ofs_y = -2},
    {.bitmap_index = 100764, .adv_w = 224, .box_w = 15, .box_h = 16, .ofs_x = -1, .ofs_y = -2},
    {.bitmap_index = 100884, .adv_w = 224, .box_w = 15, .box_h = 16, .ofs_x = -1, .ofs_y = -2},
    {.bitmap_index = 101004, .adv_w = 320, .box_w = 21, .box_h = 10, .ofs_x = 0, .ofs_y = 1},
    {.bitmap_index = 101109, .adv_w = 256, .box_w = 16, .box_h = 16, .ofs_x = 0, .ofs_y = -2},
    {.bitmap_index = 101237, .adv_w = 248, .box_w = 16, .box_h = 16, .ofs_x = 0, .ofs_y = -2},
    {.bitmap_index = 101365, .adv_w = 256, .box_w = 16, .box_h = 12, .ofs_x = 0, .ofs_y = 0},
    {.bitmap_index = 101461, .adv_w = 256, .box_w = 16, .box_h = 16, .ofs_x = 0, .ofs_y = -2},
    {.bitmap_index = 101589, .adv_w = 288, .box_w = 20, .box_h = 12, .ofs_x = -1, .ofs_y = 0},
    {.bitmap_index = 101709, .adv_w = 160, .box_w = 10, .box_h = 17, .ofs_x = 0, .ofs_y = -3},
    {.bitmap_index = 101794, .adv_w = 224, .box_w = 14, .box_h = 14, .ofs_x = 0, .ofs_y = -1},
    {.bitmap_index = 101892, .adv_w = 224, .box_w = 14, .box_h = 13, .ofs_x = 0, .ofs_y = -1},
    {.bitmap_index = 101983, .adv_w = 320, .box_w = 20, .box_h = 14, .ofs_x = 0, .ofs_y = -1},
    {.bitmap_index = 102123, .adv_w = 256, .box_w = 16, .box_h = 16, .ofs_x = 0, .ofs_y = -2},
    {.bitmap_index = 102251, .adv_w = 248, .box_w = 16, .box_h = 17, .ofs_x = 0, .ofs_y = -3},
    {.bitmap_index = 102387, .adv_w = 240, .box_w = 15, .box_h = 16, .ofs_x = 0, .ofs_y = -2},
    {.bitmap_index = 102507, .adv_w = 248, .box_w = 16, .box_h = 16, .ofs_x = 0, .ofs_y = -2},
    {.bitmap_index = 102635, .adv_w = 256, .box_w = 17, .box_h = 18, .ofs_x = 0, .ofs_y = -3},
    {.bitmap_index = 102788, .adv_w = 320, .box_w = 20, .box_h = 16, .ofs_x = 0, .ofs_y = -2},
    {.bitmap_index = 102948, .adv_w = 256, .box_w = 16, .box_h = 14, .ofs_x = 0, .ofs_y = -1},
    {.bitmap_index = 103060, .adv_w = 224, .box_w = 14, .box_h = 17, .ofs_x = 0, .ofs_y = -3},
    {.bitmap_index = 103179, .adv_w = 224, .box_w = 14, .box_h = 14, .ofs_x = 0, .ofs_y = -1},
    {.bitmap_index = 103277, .adv_w = 224, .box_w = 14, .box_h = 16, .ofs_x = 0, .ofs_y = -2},
    {.bitmap_index = 103389, .adv_w = 224, .box_w = 14, .box_h = 16, .ofs_x = 0, .ofs_y = -2},
    {.bitmap_index = 103501, .adv_w = 224, .box_w = 14, .box_h = 16, .ofs_x = 0, .ofs_y = -2},
    {.bitmap_index = 103613, .adv_w = 224, .box_w = 14, .box_h = 16, .ofs_x = 0, .ofs_y = -2},
    {.bitmap_index = 103725, .adv_w = 256, .box_w = 16, .box_h = 14, .ofs_x = 0, .ofs_y = -1},
    {.bitmap_index = 103837, .adv_w = 144, .box_w = 9, .box_h = 16, .ofs_x = 0, .ofs_y = -2},
    {.bitmap_index = 103909, .adv_w = 256, .box_w = 18, .box_h = 16, .ofs_x = -1, .ofs_y = -2},
    {.bitmap_index = 104053, .adv_w = 288, .box_w = 18, .box_h = 16, .ofs_x = 0, .ofs_y = -2},
    {.bitmap_index = 104197, .adv_w = 256, .box_w = 16, .box_h = 17, .ofs_x = 0, .ofs_y = -3},
    {.bitmap_index = 104333, .adv_w = 224, .box_w = 14, .box_h = 14, .ofs_x = 0, .ofs_y = -1},
    {.bitmap_index = 104431, .adv_w = 224, .box_w = 15, .box_h = 14, .ofs_x = 0, .ofs_y = -1},
    {.bitmap_index = 104536, .adv_w = 224, .box_w = 14, .box_h = 14, .ofs_x = 0, .ofs_y = -1},
    {.bitmap_index = 104634, .adv_w = 224, .box_w = 14, .box_h = 14, .ofs_x = 0, .ofs_y = -1},
    {.bitmap_index = 104732, .adv_w = 256, .box_w = 16, .box_h = 15, .ofs_x = 0, .ofs_y = -1},
    {.bitmap_index = 104852, .adv_w = 256, .box_w = 16, .box_h = 16, .ofs_x = 0, .ofs_y = -2},
    {.bitmap_index = 104980, .adv_w = 236, .box_w = 15, .box_h = 16, .ofs_x = 0, .ofs_y = -2},
    {.bitmap_index = 105100, .adv_w = 224, .box_w = 14, .box_h = 14, .ofs_x = 0, .ofs_y = -1},
    {.bitmap_index = 105198, .adv_w = 256, .box_w = 16, .box_h = 17, .ofs_x = 0, .ofs_y = -2},
    {.bitmap_index = 105334, .adv_w = 320, .box_w = 21, .box_h = 14, .ofs_x = 0, .ofs_y = -1},
    {.bitmap_index = 105481, .adv_w = 256, .box_w = 16, .box_h = 16, .ofs_x = 0, .ofs_y = -2},
    {.bitmap_index = 105609, .adv_w = 320, .box_w = 20, .box_h = 12, .ofs_x = 0, .ofs_y = 0},
    {.bitmap_index = 105729, .adv_w = 192, .box_w = 13, .box_h = 16, .ofs_x = -1, .ofs_y = -2},
    {.bitmap_index = 105833, .adv_w = 256, .box_w = 16, .box_h = 16, .ofs_x = 0, .ofs_y = -2},
    {.bitmap_index = 105961, .adv_w = 256, .box_w = 16, .box_h = 16, .ofs_x = 0, .ofs_y = -2},
    {.bitmap_index = 106089, .adv_w = 224, .box_w = 14, .box_h = 16, .ofs_x = 0, .ofs_y = -2},
    {.bitmap_index = 106201, .adv_w = 288, .box_w = 18, .box_h = 15, .ofs_x = 0, .ofs_y = -1},
    {.bitmap_index = 106336, .adv_w = 224, .box_w = 16, .box_h = 14, .ofs_x = -1, .ofs_y = -1},
    {.bitmap_index = 106448, .adv_w = 224, .box_w = 12, .box_h = 16, .ofs_x = 1, .ofs_y = -2},
    {.bitmap_index = 106544, .adv_w = 160, .box_w = 10, .box_h = 16, .ofs_x = 0, .ofs_y = -2},
    {.bitmap_index = 106624, .adv_w = 224, .box_w = 16, .box_h = 16, .ofs_x = -1, .ofs_y = -2},
    {.bitmap_index = 106752, .adv_w = 256, .box_w = 18, .box_h = 16, .ofs_x = -1, .ofs_y = -2},
    {.bitmap_index = 106896, .adv_w = 256, .box_w = 16, .box_h = 14, .ofs_x = 0, .ofs_y = -1},
    {.bitmap_index = 107008, .adv_w = 224, .box_w = 14, .box_h = 14, .ofs_x = 0, .ofs_y = -1},
    {.bitmap_index = 107106, .adv_w = 224, .box_w = 14, .box_h = 14, .ofs_x = 0, .ofs_y = -1},
    {.bitmap_index = 107204, .adv_w = 256, .box_w = 16, .box_h = 16, .ofs_x = 0, .ofs_y = -2},
    {.bitmap_index = 107332, .adv_w = 192, .box_w = 12, .box_h = 17, .ofs_x = 0, .ofs_y = -3},
    {.bitmap_index = 107434, .adv_w = 256, .box_w = 16, .box_h = 12, .ofs_x = 0, .ofs_y = 0},
    {.bitmap_index = 107530, .adv_w = 192, .box_w = 13, .box_h = 17, .ofs_x = -1, .ofs_y = -2},
    {.bitmap_index = 107641, .adv_w = 320, .box_w = 20, .box_h = 13, .ofs_x = 0, .ofs_y = 0},
    {.bitmap_index = 107771, .adv_w = 256, .box_w = 16, .box_h = 17, .ofs_x = 0, .ofs_y = -2},
    {.bitmap_index = 107907, .adv_w = 320, .box_w = 22, .box_h = 16, .ofs_x = -1, .ofs_y = -2},
    {.bitmap_index = 108083, .adv_w = 256, .box_w = 18, .box_h = 17, .ofs_x = -1, .ofs_y = -2},
    {.bitmap_index = 108236, .adv_w = 224, .box_w = 14, .box_h = 14, .ofs_x = 0, .ofs_y = -1},
    {.bitmap_index = 108334, .adv_w = 224, .box_w = 13, .box_h = 16, .ofs_x = 1, .ofs_y = -2},
    {.bitmap_index = 108438, .adv_w = 224, .box_w = 15, .box_h = 17, .ofs_x = 0, .ofs_y = -2},
    {.bitmap_index = 108566, .adv_w = 288, .box_w = 19, .box_h = 17, .ofs_x = -1, .ofs_y = -3},
    {.bitmap_index = 108728, .adv_w = 224, .box_w = 15, .box_h = 16, .ofs_x = -1, .ofs_y = -2},
    {.bitmap_index = 108848, .adv_w = 224, .box_w = 14, .box_h = 14, .ofs_x = 0, .ofs_y = -1},
    {.bitmap_index = 108946, .adv_w = 248, .box_w = 16, .box_h = 16, .ofs_x = 0, .ofs_y = -2},
    {.bitmap_index = 109074, .adv_w = 256, .box_w = 17, .box_h = 16, .ofs_x = 0, .ofs_y = -2},
    {.bitmap_index = 109210, .adv_w = 224, .box_w = 14, .box_h = 14, .ofs_x = 0, .ofs_y = -1},
    {.bitmap_index = 109308, .adv_w = 224, .box_w = 14, .box_h = 14, .ofs_x = 0, .ofs_y = -1},
    {.bitmap_index = 109406, .adv_w = 224, .box_w = 14, .box_h = 16, .ofs_x = 0, .ofs_y = -2},
    {.bitmap_index = 109518, .adv_w = 224, .box_w = 14, .box_h = 16, .ofs_x = 0, .ofs_y = -2},
    {.bitmap_index = 109630, .adv_w = 256, .box_w = 16, .box_h = 16, .ofs_x = 0, .ofs_y = -2},
    {.bitmap_index = 109758, .adv_w = 248, .box_w = 16, .box_h = 16, .ofs_x = 0, .ofs_y = -2},
    {.bitmap_index = 109886, .adv_w = 224, .box_w = 14, .box_h = 14, .ofs_x = 0, .ofs_y = -1},
    {.bitmap_index = 109984, .adv_w = 320, .box_w = 20, .box_h = 13, .ofs_x = 0, .ofs_y = -1},
    {.bitmap_index = 110114, .adv_w = 256, .box_w = 16, .box_h = 16, .ofs_x = 0, .ofs_y = -2},
    {.bitmap_index = 110242, .adv_w = 224, .box_w = 14, .box_h = 16, .ofs_x = 0, .ofs_y = -2},
    {.bitmap_index = 110354, .adv_w = 224, .box_w = 14, .box_h = 16, .ofs_x = 0, .ofs_y = -2},
    {.bitmap_index = 110466, .adv_w = 288, .box_w = 18, .box_h = 14, .ofs_x = 0, .ofs_y = -1},
    {.bitmap_index = 110592, .adv_w = 248, .box_w = 16, .box_h = 16, .ofs_x = 0, .ofs_y = -2},
    {.bitmap_index = 110720, .adv_w = 192, .box_w = 12, .box_h = 16, .ofs_x = 0, .ofs_y = -2},
    {.bitmap_index = 110816, .adv_w = 288, .box_w = 18, .box_h = 14, .ofs_x = 0, .ofs_y = -1},
    {.bitmap_index = 110942, .adv_w = 224, .box_w = 14, .box_h = 14, .ofs_x = 0, .ofs_y = -1},
    {.bitmap_index = 111040, .adv_w = 288, .box_w = 18, .box_h = 13, .ofs_x = 0, .ofs_y = -1},
    {.bitmap_index = 111157, .adv_w = 248, .box_w = 16, .box_h = 16, .ofs_x = 0, .ofs_y = -2},
    {.bitmap_index = 111285, .adv_w = 128, .box_w = 8, .box_h = 16, .ofs_x = 0, .ofs_y = -2},
    {.bitmap_index = 111349, .adv_w = 128, .box_w = 8, .box_h = 16, .ofs_x = 0, .ofs_y = -2},
    {.bitmap_index = 111413, .adv_w = 128, .box_w = 8, .box_h = 16, .ofs_x = 0, .ofs_y = -2},
    {.bitmap_index = 111477, .adv_w = 128, .box_w = 8, .box_h = 16, .ofs_x = 0, .ofs_y = -2},
    {.bitmap_index = 111541, .adv_w = 128, .box_w = 8, .box_h = 16, .ofs_x = 0, .ofs_y = -2},
    {.bitmap_index = 111605, .adv_w = 256, .box_w = 16, .box_h = 14, .ofs_x = 0, .ofs_y = -1},
    {.bitmap_index = 111717, .adv_w = 256, .box_w = 16, .box_h = 14, .ofs_x = 0, .ofs_y = -1},
    {.bitmap_index = 111829, .adv_w = 224, .box_w = 14, .box_h = 16, .ofs_x = 0, .ofs_y = -2},
    {.bitmap_index = 111941, .adv_w = 256, .box_w = 16, .box_h = 14, .ofs_x = 0, .ofs_y = -1},
    {.bitmap_index = 112053, .adv_w = 256, .box_w = 16, .box_h = 4, .ofs_x = 0, .ofs_y = -1},
    {.bitmap_index = 112085, .adv_w = 256, .box_w = 16, .box_h = 16, .ofs_x = 0, .ofs_y = -2},
    {.bitmap_index = 112213, .adv_w = 248, .box_w = 16, .box_h = 16, .ofs_x = 0, .ofs_y = -2},
    {.bitmap_index = 112341, .adv_w = 256, .box_w = 16, .box_h = 16, .ofs_x = 0, .ofs_y = -2},
    {.bitmap_index = 112469, .adv_w = 192, .box_w = 12, .box_h = 15, .ofs_x = 0, .ofs_y = -1},
    {.bitmap_index = 112559, .adv_w = 224, .box_w = 14, .box_h = 14, .ofs_x = 0, .ofs_y = -1},
    {.bitmap_index = 112657, .adv_w = 256, .box_w = 18, .box_h = 15, .ofs_x = -1, .ofs_y = -1},
    {.bitmap_index = 112792, .adv_w = 224, .box_w = 14, .box_h = 14, .ofs_x = 0, .ofs_y = -1},
    {.bitmap_index = 112890, .adv_w = 256, .box_w = 17, .box_h = 16, .ofs_x = 0, .ofs_y = -2},
    {.bitmap_index = 113026, .adv_w = 224, .box_w = 16, .box_h = 16, .ofs_x = -1, .ofs_y = -2},
    {.bitmap_index = 113154, .adv_w = 224, .box_w = 14, .box_h = 14, .ofs_x = 0, .ofs_y = -1},
    {.bitmap_index = 113252, .adv_w = 256, .box_w = 16, .box_h = 16, .ofs_x = 0, .ofs_y = -2},
    {.bitmap_index = 113380, .adv_w = 256, .box_w = 18, .box_h = 18, .ofs_x = -1, .ofs_y = -3},
    {.bitmap_index = 113542, .adv_w = 256, .box_w = 17, .box_h = 17, .ofs_x = 0, .ofs_y = -2},
    {.bitmap_index = 113687, .adv_w = 208, .box_w = 13, .box_h = 16, .ofs_x = 0, .ofs_y = -2},
    {.bitmap_index = 113791, .adv_w = 256, .box_w = 16, .box_h = 16, .ofs_x = 0, .ofs_y = -2},
    {.bitmap_index = 113919, .adv_w = 224, .box_w = 14, .box_h = 16, .ofs_x = 0, .ofs_y = -2},
    {.bitmap_index = 114031, .adv_w = 256, .box_w = 16, .box_h = 16, .ofs_x = 0, .ofs_y = -2},
    {.bitmap_index = 114159, .adv_w = 224, .box_w = 14, .box_h = 16, .ofs_x = 0, .ofs_y = -2},
    {.bitmap_index = 114271, .adv_w = 256, .box_w = 16, .box_h = 13, .ofs_x = 0, .ofs_y = 0},
    {.bitmap_index = 114375, .adv_w = 256, .box_w = 16, .box_h = 13, .ofs_x = 0, .ofs_y = -1},
    {.bitmap_index = 114479, .adv_w = 256, .box_w = 16, .box_h = 16, .ofs_x = 0, .ofs_y = -2},
    {.bitmap_index = 114607, .adv_w = 256, .box_w = 16, .box_h = 16, .ofs_x = 0, .ofs_y = -2},
    {.bitmap_index = 114735, .adv_w = 320, .box_w = 20, .box_h = 12, .ofs_x = 0, .ofs_y = 0},
    {.bitmap_index = 114855, .adv_w = 256, .box_w = 17, .box_h = 14, .ofs_x = 0, .ofs_y = -1}
};

/*---------------------
 *  CHARACTER MAPPING
 *--------------------*/

static const uint8_t glyph_id_ofs_list_4[] = {
    0, 1, 2, 0, 3, 4, 0, 5,
    6, 7, 8, 9, 10, 11, 12, 0,
    13, 14, 15, 16, 0, 17, 0, 18,
    19, 20, 0, 0, 21, 0, 22
};

static const uint8_t glyph_id_ofs_list_6[] = {
    0, 1, 2, 3, 0, 0, 0, 4,
    5, 6, 7, 8, 9, 10, 0, 11,
    12, 13, 14, 15, 16, 17, 18, 19,
    20, 21, 22, 0, 0, 23, 0, 24,
    25, 26, 27, 28, 29, 30, 31, 32,
    33, 34, 35, 36, 37, 38, 0, 39,
    40, 41, 42, 43, 44, 45, 46, 47,
    48, 49, 50, 51, 0, 0, 0, 52,
    53, 54, 55, 56, 57, 58, 0, 0,
    59, 0, 0, 60, 61, 0, 0, 0,
    62, 63, 64, 65, 66, 0, 0, 67,
    68, 69, 70, 71, 72, 73, 0, 74,
    75, 0, 76, 77, 78, 79, 80, 81,
    82, 83, 84, 85, 86, 87, 0, 88,
    89, 90
};

static const uint8_t glyph_id_ofs_list_9[] = {
    0, 1, 2, 3, 0, 0, 0, 4,
    5, 6, 7, 8, 0, 0, 0, 0,
    9, 10, 11, 12, 13, 0, 0, 0,
    14, 15, 16, 17, 18, 19, 20, 0,
    21, 22, 23, 24, 25, 26, 27, 28,
    29, 30, 31, 32, 0, 33, 34, 0,
    35, 36, 0, 37, 0, 0, 0, 0,
    38, 39, 40, 41, 42, 0, 43, 0,
    44, 45, 46, 0, 47, 48, 49, 50,
    51, 52, 53, 54, 55, 56, 57, 0,
    58, 59, 0, 60, 61, 62, 63, 64,
    65, 66, 67, 68, 69, 70, 71, 0,
    72, 73, 74, 75, 76, 0, 77, 0,
    0, 0, 78, 79, 0, 80, 81, 0,
    82, 83, 84, 85, 86, 87, 88, 89,
    90, 91, 92, 93, 94, 95, 96, 0,
    97, 98, 99, 100, 101, 102, 0, 103,
    104, 105, 0, 106, 107, 108, 109, 0,
    110, 111, 0, 112, 113, 0, 0, 0,
    0, 114, 115, 116, 117, 118, 119, 0,
    120, 121, 122, 123, 124, 125, 126, 127,
    128, 129, 130, 131, 132, 133, 0, 0,
    0, 134, 135, 136, 137, 138, 0, 139,
    140, 141, 142, 143, 144, 145, 146, 0,
    147, 148, 149, 150, 151, 152, 153, 154,
    155, 156, 157, 158, 159, 160, 161, 0,
    162, 0, 163, 164, 165, 166, 167, 168,
    169, 170, 171, 172, 173, 174, 175, 0,
    176, 177, 178, 179, 180, 181, 182, 183,
    184, 185, 186, 187, 188, 189, 190, 0,
    191, 192, 193, 194, 195, 196, 197, 198,
    199, 0, 200, 0, 201, 202, 203
};

static const uint8_t glyph_id_ofs_list_10[] = {
    0, 1, 2, 3, 4, 5, 6, 7,
    8, 9, 10, 11, 12, 13, 14, 0,
    15, 16, 17, 18, 19, 20, 21, 0,
    22, 23, 24, 25, 26, 27, 28, 0,
    29, 30, 31, 32, 33, 34, 35, 36,
    37, 38, 39, 40, 0, 41, 42, 0,
    43, 44, 45, 46, 47, 48, 49, 50,
    51, 0, 52, 53, 54, 55, 56, 0,
    0, 57, 58, 59, 60, 61, 62, 63,
    64, 65, 66, 67, 68, 69, 0, 0,
    0, 70, 71, 72, 73, 74, 75, 76,
    77, 78, 79, 80, 81, 82, 83, 0,
    84, 85, 86, 87, 88, 89, 90, 91,
    92, 93, 0, 94, 95, 96, 97, 0,
    0, 98, 99, 100, 101, 102, 103, 104,
    105, 106, 107, 108, 109, 110, 111, 0,
    112, 113, 114, 115, 116, 117, 118, 119,
    120, 121, 122, 123, 124, 125, 126, 0,
    127, 128, 129, 130, 131, 132, 133, 134,
    0, 135, 136, 0, 137, 138, 139, 0,
    140, 141, 142, 0, 143, 144, 145, 146,
    147, 148, 149, 150, 0, 151, 0, 0,
    152, 153, 154, 155, 156, 157, 158, 159,
    160, 161, 162, 0, 0, 163, 164, 0,
    165, 166, 167, 168, 169, 170, 171, 172,
    173, 174, 175, 176, 177, 178, 179, 0,
    180, 181, 182, 183, 184, 185, 186, 0,
    187, 188, 0, 189, 0, 190, 0, 0,
    0, 191, 192, 0, 193, 194, 195, 196,
    197, 198, 199, 200, 201, 202, 203, 0,
    204, 205, 206, 0, 0, 207, 208, 209,
    210, 211, 212, 213, 214, 215, 216
};

static const uint16_t unicode_list_11[] = {
    0x0, 0x5, 0x7, 0xa, 0xd, 0x11, 0x12, 0x15,
    0x16, 0x19, 0x1e, 0x27a, 0x3c9
};

/*Collect the unicode lists and glyph_id offsets*/
static const lv_font_fmt_txt_cmap_t cmaps[] =
{
    {
        .range_start = 32, .range_length = 95, .glyph_id_start = 1,
        .unicode_list = NULL, .glyph_id_ofs_list = NULL, .list_length = 0, .type = LV_FONT_FMT_TXT_CMAP_FORMAT0_TINY
    },
    {
        .range_start = 160, .range_length = 176, .glyph_id_start = 96,
        .unicode_list = NULL, .glyph_id_ofs_list = NULL, .list_length = 0, .type = LV_FONT_FMT_TXT_CMAP_FORMAT0_TINY
    },
    {
        .range_start = 336, .range_length = 256, .glyph_id_start = 272,
        .unicode_list = NULL, .glyph_id_ofs_list = NULL, .list_length = 0, .type = LV_FONT_FMT_TXT_CMAP_FORMAT0_TINY
    },
    {
        .range_start = 7680, .range_length = 256, .glyph_id_start = 528,
        .unicode_list = NULL, .glyph_id_ofs_list = NULL, .list_length = 0, .type = LV_FONT_FMT_TXT_CMAP_FORMAT0_TINY
    },
    {
        .range_start = 61440, .range_length = 31, .glyph_id_start = 784,
        .unicode_list = NULL, .glyph_id_ofs_list = glyph_id_ofs_list_4, .list_length = 31, .type = LV_FONT_FMT_TXT_CMAP_FORMAT0_FULL
    },
    {
        .range_start = 61473, .range_length = 30, .glyph_id_start = 807,
        .unicode_list = NULL, .glyph_id_ofs_list = NULL, .list_length = 0, .type = LV_FONT_FMT_TXT_CMAP_FORMAT0_TINY
    },
    {
        .range_start = 61505, .range_length = 114, .glyph_id_start = 837,
        .unicode_list = NULL, .glyph_id_ofs_list = glyph_id_ofs_list_6, .list_length = 114, .type = LV_FONT_FMT_TXT_CMAP_FORMAT0_FULL
    },
    {
        .range_start = 61632, .range_length = 15, .glyph_id_start = 928,
        .unicode_list = NULL, .glyph_id_ofs_list = NULL, .list_length = 0, .type = LV_FONT_FMT_TXT_CMAP_FORMAT0_TINY
    },
    {
        .range_start = 61648, .range_length = 15, .glyph_id_start = 943,
        .unicode_list = NULL, .glyph_id_ofs_list = NULL, .list_length = 0, .type = LV_FONT_FMT_TXT_CMAP_FORMAT0_TINY
    },
    {
        .range_start = 61664, .range_length = 255, .glyph_id_start = 958,
        .unicode_list = NULL, .glyph_id_ofs_list = glyph_id_ofs_list_9, .list_length = 255, .type = LV_FONT_FMT_TXT_CMAP_FORMAT0_FULL
    },
    {
        .range_start = 61920, .range_length = 255, .glyph_id_start = 1162,
        .unicode_list = NULL, .glyph_id_ofs_list = glyph_id_ofs_list_10, .list_length = 255, .type = LV_FONT_FMT_TXT_CMAP_FORMAT0_FULL
    },
    {
        .range_start = 62176, .range_length = 970, .glyph_id_start = 1379,
        .unicode_list = unicode_list_11, .glyph_id_ofs_list = NULL, .list_length = 13, .type = LV_FONT_FMT_TXT_CMAP_SPARSE_TINY
    }
};

/*-----------------
 *    KERNING
 *----------------*/


/*Pair left and right glyphs for kerning*/
static const uint16_t kern_pair_glyph_ids[] =
{
    1, 53,
    3, 3,
    3, 8,
    3, 34,
    3, 66,
    3, 68,
    3, 79,
    3, 80,
    3, 84,
    3, 88,
    8, 3,
    8, 8,
    8, 34,
    8, 66,
    8, 68,
    8, 79,
    8, 80,
    8, 84,
    8, 88,
    9, 55,
    9, 56,
    9, 58,
    13, 3,
    13, 8,
    15, 3,
    15, 8,
    16, 16,
    34, 3,
    34, 8,
    34, 32,
    34, 48,
    34, 53,
    34, 54,
    34, 55,
    34, 56,
    34, 58,
    34, 80,
    34, 85,
    34, 86,
    34, 87,
    34, 88,
    34, 91,
    34, 367,
    35, 53,
    35, 55,
    35, 58,
    36, 10,
    36, 53,
    36, 62,
    36, 94,
    38, 53,
    38, 68,
    38, 71,
    38, 80,
    38, 86,
    38, 87,
    38, 88,
    39, 13,
    39, 15,
    39, 34,
    39, 43,
    39, 53,
    39, 66,
    39, 68,
    39, 80,
    39, 83,
    39, 86,
    39, 87,
    41, 34,
    41, 53,
    41, 57,
    41, 58,
    44, 14,
    44, 48,
    44, 68,
    44, 79,
    44, 80,
    44, 86,
    44, 87,
    44, 88,
    44, 109,
    45, 3,
    45, 8,
    45, 34,
    45, 48,
    45, 53,
    45, 54,
    45, 55,
    45, 56,
    45, 58,
    45, 86,
    45, 87,
    45, 88,
    48, 13,
    48, 15,
    48, 34,
    48, 53,
    48, 55,
    48, 57,
    48, 58,
    48, 59,
    48, 134,
    49, 13,
    49, 15,
    49, 34,
    49, 43,
    49, 57,
    49, 59,
    49, 66,
    49, 68,
    49, 80,
    49, 85,
    49, 87,
    49, 134,
    50, 53,
    50, 55,
    50, 56,
    50, 58,
    51, 53,
    51, 55,
    51, 58,
    53, 1,
    53, 13,
    53, 14,
    53, 15,
    53, 34,
    53, 43,
    53, 48,
    53, 52,
    53, 53,
    53, 55,
    53, 56,
    53, 58,
    53, 66,
    53, 68,
    53, 79,
    53, 80,
    53, 83,
    53, 84,
    53, 86,
    53, 87,
    53, 88,
    53, 89,
    53, 91,
    53, 107,
    53, 109,
    53, 123,
    53, 134,
    53, 166,
    53, 184,
    54, 34,
    55, 10,
    55, 13,
    55, 14,
    55, 15,
    55, 34,
    55, 48,
    55, 62,
    55, 66,
    55, 68,
    55, 80,
    55, 83,
    55, 86,
    55, 87,
    55, 94,
    55, 109,
    56, 10,
    56, 13,
    56, 14,
    56, 15,
    56, 34,
    56, 53,
    56, 62,
    56, 66,
    56, 68,
    56, 80,
    56, 83,
    56, 86,
    56, 94,
    56, 109,
    57, 14,
    57, 48,
    57, 55,
    57, 68,
    57, 80,
    57, 86,
    57, 87,
    57, 109,
    58, 7,
    58, 10,
    58, 11,
    58, 13,
    58, 14,
    58, 15,
    58, 34,
    58, 43,
    58, 48,
    58, 52,
    58, 53,
    58, 54,
    58, 55,
    58, 56,
    58, 57,
    58, 58,
    58, 62,
    58, 66,
    58, 68,
    58, 71,
    58, 79,
    58, 80,
    58, 83,
    58, 84,
    58, 85,
    58, 86,
    58, 87,
    58, 89,
    58, 91,
    58, 94,
    58, 107,
    58, 109,
    58, 123,
    58, 134,
    58, 166,
    58, 184,
    59, 34,
    59, 48,
    59, 68,
    59, 80,
    59, 86,
    59, 87,
    59, 88,
    60, 43,
    60, 54,
    66, 3,
    66, 8,
    66, 87,
    67, 3,
    67, 8,
    67, 87,
    67, 89,
    67, 91,
    68, 3,
    68, 8,
    70, 3,
    70, 8,
    70, 87,
    71, 3,
    71, 8,
    71, 10,
    71, 62,
    71, 68,
    71, 94,
    76, 68,
    79, 3,
    79, 8,
    80, 3,
    80, 8,
    80, 87,
    80, 89,
    80, 91,
    83, 3,
    83, 8,
    83, 13,
    83, 15,
    83, 66,
    83, 68,
    83, 71,
    83, 80,
    83, 85,
    83, 87,
    83, 88,
    85, 80,
    87, 3,
    87, 8,
    87, 13,
    87, 15,
    87, 66,
    87, 68,
    87, 71,
    87, 80,
    88, 13,
    88, 15,
    89, 68,
    89, 80,
    91, 68,
    91, 80,
    92, 43,
    92, 54
};

/* Kerning between the respective left and right glyphs
 * 4.4 format which needs to scaled with `kern_scale`*/
static const int8_t kern_pair_values[] =
{
    -5, -13, -13, -15, -6, -7, -2, -8,
    -10, 1, -13, -13, -15, -6, -7, -2,
    -8, -10, 1, 3, 2, 3, -21, -21,
    -21, -21, -28, -15, -15, -8, -1, -16,
    -2, -11, -9, -12, -1, -2, -1, -6,
    -4, 2, -2, -3, -3, -7, -3, -4,
    -1, -2, 3, -2, -2, -2, -2, -3,
    -3, -29, -29, -21, -33, 3, -4, -3,
    -3, -3, -3, -3, 2, -4, 2, -3,
    -8, -4, -3, -3, -3, -3, -5, -8,
    -8, -42, -42, 2, -8, -34, -7, -22,
    -18, -30, -5, -17, -11, -13, -13, -3,
    -3, -3, -3, -5, -3, -4, -40, -40,
    -17, -25, -4, -3, -1, -2, -2, 2,
    2, -12, -5, -3, -2, -4, -10, -2,
    -6, -5, -27, -29, -27, -10, -30, -3,
    -2, 2, 2, 2, 2, -14, -12, -14,
    -12, -9, -14, -12, -9, -7, -10, -7,
    -41, -29, -27, -22, -14, -12, -3, 3,
    -28, -5, -28, -9, -2, 2, -6, -5,
    -6, -4, -3, -1, 2, -5, 2, -15,
    -7, -15, -5, 2, 2, -4, -4, -4,
    -3, -2, 2, -7, -6, -3, 2, -3,
    -3, -3, -4, -6, -4, 3, -6, -26,
    -6, -26, -12, -12, -4, -2, 2, -12,
    2, 2, 2, 2, 2, -9, -8, -3,
    -5, -8, -5, -7, -3, -5, -2, -3,
    -4, 2, -10, -6, -6, -12, -8, -8,
    2, -3, -3, -3, -2, -3, -3, -2,
    -2, -8, -8, -2, -4, -4, -1, -2,
    -2, -1, -1, -2, -2, -2, 2, 2,
    3, 2, -3, 2, -2, -13, -13, -17,
    -17, -2, -3, -2, 2, 2, -15, -15,
    -5, -2, 2, -2, 6, 2, 2, -2,
    2, 2, -13, -13, -2, -2, 2, -2,
    -15, -15, -2, -2, -2, -2, -2, -2
};

/*Collect the kern pair's data in one place*/
static const lv_font_fmt_txt_kern_pair_t kern_pairs =
{
    .glyph_ids = kern_pair_glyph_ids,
    .values = kern_pair_values,
    .pair_cnt = 288,
    .glyph_ids_size = 1
};

/*--------------------
 *  ALL CUSTOM DATA
 *--------------------*/

#if LVGL_VERSION_MAJOR == 8
/*Store all the custom data of the font*/
static  lv_font_fmt_txt_glyph_cache_t cache;
#endif

#if LVGL_VERSION_MAJOR >= 8
static const lv_font_fmt_txt_dsc_t font_dsc = {
#else
static lv_font_fmt_txt_dsc_t font_dsc = {
#endif
    .glyph_bitmap = glyph_bitmap,
    .glyph_dsc = glyph_dsc,
    .cmaps = cmaps,
    .kern_dsc = &kern_pairs,
    .kern_scale = 16,
    .cmap_num = 12,
    .bpp = 4,
    .kern_classes = 0,
    .bitmap_format = 0,
#if LVGL_VERSION_MAJOR == 8
    .cache = &cache
#endif
};



/*-----------------
 *  PUBLIC FONT
 *----------------*/

/*Initialize a public general font descriptor*/
#if LVGL_VERSION_MAJOR >= 8
const lv_font_t lv_font_roboto_16 = {
#else
lv_font_t lv_font_roboto_16 = {
#endif
    .get_glyph_dsc = lv_font_get_glyph_dsc_fmt_txt,    /*Function pointer to get glyph's data*/
    .get_glyph_bitmap = lv_font_get_bitmap_fmt_txt,    /*Function pointer to get glyph's bitmap*/
    .line_height = 23,          /*The maximum line height required by the font*/
    .base_line = 5,             /*Baseline measured from the bottom of the line*/
#if !(LVGL_VERSION_MAJOR == 6 && LVGL_VERSION_MINOR == 0)
    .subpx = LV_FONT_SUBPX_NONE,
#endif
#if LV_VERSION_CHECK(7, 4, 0) || LVGL_VERSION_MAJOR >= 8
    .underline_position = -1,
    .underline_thickness = 1,
#endif
    .dsc = &font_dsc,          /*The custom font data. Will be accessed by `get_glyph_bitmap/dsc` */
#if LV_VERSION_CHECK(8, 2, 0) || LVGL_VERSION_MAJOR >= 9
    .fallback = NULL,
#endif
    .user_data = NULL,
};



#endif /*#if LV_FONT_ROBOTO_16*/

