/*******************************************************************************
 * Size: 14 px
 * Bpp: 4
 * Opts: --no-compress --no-prefilter --bpp 4 --size 14 --font /tmp/Roboto-Regular.ttf -r 0x20-0x7F,0xA0-0xFF,0x0100-0x017F,0x0180-0x024F,0x1E00-0x1EFF --font /home/ubuntu/lvgl_project/lvgl/scripts/built_in_font/FontAwesome5-Solid+Brands+Regular.woff -r 0xF000-0xF300,0xF55A,0xF6A9 --format lvgl -o lv_font_roboto_14.c
 ******************************************************************************/

#ifdef LV_LVGL_H_INCLUDE_SIMPLE
#include "lvgl.h"
#else
#include "lvgl/lvgl.h"
#endif

#ifndef LV_FONT_ROBOTO_14
#define LV_FONT_ROBOTO_14 1
#endif

#if LV_FONT_ROBOTO_14

/*-----------------
 *    BITMAPS
 *----------------*/

/*Store the image of the glyphs*/
static LV_ATTRIBUTE_LARGE_CONST const uint8_t glyph_bitmap[] = {
    /* U+0020 " " */

    /* U+0021 "!" */
    0xd7, 0xd7, 0xd6, 0xd6, 0xc6, 0xc6, 0xc6, 0x73,
    0x0, 0x52, 0xb6,

    /* U+0022 "\"" */
    0x1e, 0x3b, 0x1d, 0x3b, 0x1c, 0x39, 0x6, 0x25,

    /* U+0023 "#" */
    0x0, 0x4, 0xb0, 0x78, 0x0, 0x0, 0x78, 0xa,
    0x50, 0x0, 0xa, 0x50, 0xd2, 0x0, 0xaf, 0xff,
    0xff, 0xf7, 0x0, 0xf, 0x3, 0xc0, 0x0, 0x2,
    0xd0, 0x5a, 0x0, 0x0, 0x4b, 0x8, 0x70, 0x2,
    0xff, 0xff, 0xff, 0xe0, 0x0, 0xa5, 0xd, 0x10,
    0x0, 0xd, 0x20, 0xe0, 0x0, 0x0, 0xe0, 0x3c,
    0x0, 0x0,

    /* U+0024 "$" */
    0x0, 0x4, 0x60, 0x0, 0x0, 0x7, 0x90, 0x0,
    0x1, 0xbf, 0xfc, 0x10, 0x9, 0xc1, 0x1c, 0xa0,
    0xd, 0x70, 0x5, 0xf0, 0xb, 0xa0, 0x0, 0x30,
    0x4, 0xfb, 0x40, 0x0, 0x0, 0x2a, 0xfd, 0x20,
    0x0, 0x0, 0x1c, 0xd0, 0x29, 0x0, 0x3, 0xf1,
    0x1f, 0x40, 0x5, 0xf0, 0x9, 0xf9, 0xaf, 0x80,
    0x0, 0x5c, 0xc4, 0x0, 0x0, 0x8, 0x70, 0x0,

    /* U+0025 "%" */
    0x7, 0xec, 0x20, 0x0, 0x0, 0x2d, 0x5, 0xa0,
    0x8, 0x0, 0x4a, 0x2, 0xc0, 0x87, 0x0, 0x2d,
    0x6, 0xa2, 0xd0, 0x0, 0x7, 0xdc, 0x2b, 0x40,
    0x0, 0x0, 0x0, 0x4b, 0x0, 0x0, 0x0, 0x0,
    0xd2, 0x9d, 0xa0, 0x0, 0x7, 0x84, 0xb0, 0x87,
    0x0, 0x1d, 0x6, 0x80, 0x4a, 0x0, 0x66, 0x4,
    0xb0, 0x78, 0x0, 0x0, 0x0, 0x9e, 0xb1,

    /* U+0026 "&" */
    0x0, 0x7e, 0xe6, 0x0, 0x0, 0x4f, 0x44, 0xf2,
    0x0, 0x7, 0xc0, 0xd, 0x50, 0x0, 0x5f, 0x14,
    0xf1, 0x0, 0x0, 0xdc, 0xf4, 0x0, 0x0, 0xb,
    0xf7, 0x0, 0x0, 0xb, 0xd7, 0xf2, 0x1d, 0x3,
    0xf2, 0x9, 0xd5, 0xe0, 0x3f, 0x0, 0xc, 0xf8,
    0x0, 0xd8, 0x1, 0xaf, 0x80, 0x2, 0xbe, 0xea,
    0x6f, 0x40,

    /* U+0027 "'" */
    0x4b, 0x4b, 0x4a, 0x24,

    /* U+0028 "(" */
    0x0, 0x5, 0x50, 0x3, 0xe2, 0x0, 0xd5, 0x0,
    0x4d, 0x0, 0xa, 0x90, 0x0, 0xe5, 0x0, 0xf,
    0x40, 0x1, 0xf2, 0x0, 0xf, 0x30, 0x0, 0xf5,
    0x0, 0xc, 0x70, 0x0, 0x7c, 0x0, 0x1, 0xf1,
    0x0, 0x8, 0xa0, 0x0, 0xb, 0x50, 0x0, 0x1,

    /* U+0029 ")" */
    0x72, 0x0, 0x3d, 0x10, 0x9, 0x90, 0x1, 0xf1,
    0x0, 0xc6, 0x0, 0x9a, 0x0, 0x7c, 0x0, 0x6d,
    0x0, 0x7d, 0x0, 0x8b, 0x0, 0xa8, 0x0, 0xe4,
    0x5, 0xd0, 0xc, 0x40, 0x88, 0x0, 0x20, 0x0,

    /* U+002A "*" */
    0x0, 0x78, 0x0, 0x10, 0x78, 0x1, 0xae, 0xcc,
    0xdb, 0x3, 0xff, 0x40, 0x7, 0xbc, 0x60, 0xc,
    0x22, 0xd0, 0x0, 0x0, 0x0,

    /* U+002B "+" */
    0x0, 0x7, 0x60, 0x0, 0x0, 0xb, 0x90, 0x0,
    0x0, 0xb, 0x90, 0x0, 0x7f, 0xff, 0xff, 0xf5,
    0x13, 0x3c, 0xa3, 0x31, 0x0, 0xb, 0x90, 0x0,
    0x0, 0xb, 0x90, 0x0, 0x0, 0xb, 0x90, 0x0,

    /* U+002C "," */
    0x2f, 0x12, 0xf0, 0x7b, 0x5, 0x20,

    /* U+002D "-" */
    0xbf, 0xf9, 0x12, 0x21,

    /* U+002E "." */
    0x6, 0x20, 0xd6,

    /* U+002F "/" */
    0x0, 0x0, 0xe2, 0x0, 0x4, 0xd0, 0x0, 0xa,
    0x70, 0x0, 0xe, 0x10, 0x0, 0x5b, 0x0, 0x0,
    0xb5, 0x0, 0x1, 0xf0, 0x0, 0x6, 0xa0, 0x0,
    0xc, 0x40, 0x0, 0x2e, 0x0, 0x0, 0x89, 0x0,
    0x0, 0x62, 0x0, 0x0,

    /* U+0030 "0" */
    0x1, 0xaf, 0xe9, 0x0, 0xa, 0xd3, 0x4e, 0x70,
    0xf, 0x40, 0x7, 0xd0, 0x2f, 0x10, 0x4, 0xf0,
    0x3f, 0x0, 0x3, 0xf0, 0x3f, 0x0, 0x3, 0xf1,
    0x3f, 0x0, 0x3, 0xf0, 0x2f, 0x10, 0x4, 0xf0,
    0xf, 0x50, 0x7, 0xd0, 0x9, 0xd3, 0x4e, 0x70,
    0x0, 0xaf, 0xe9, 0x0,

    /* U+0031 "1" */
    0x1, 0x7d, 0x9f, 0xef, 0x83, 0x4f, 0x0, 0x4f,
    0x0, 0x4f, 0x0, 0x4f, 0x0, 0x4f, 0x0, 0x4f,
    0x0, 0x4f, 0x0, 0x4f, 0x0, 0x4f,

    /* U+0032 "2" */
    0x1, 0xae, 0xe9, 0x0, 0xd, 0xa2, 0x4e, 0x80,
    0x3f, 0x10, 0x7, 0xd0, 0x15, 0x0, 0x7, 0xc0,
    0x0, 0x0, 0xc, 0x70, 0x0, 0x0, 0x7e, 0x0,
    0x0, 0x4, 0xf3, 0x0, 0x0, 0x2f, 0x60, 0x0,
    0x1, 0xd8, 0x0, 0x0, 0xb, 0xc1, 0x11, 0x10,
    0x2f, 0xff, 0xff, 0xf5,

    /* U+0033 "3" */
    0x1, 0xaf, 0xe7, 0x0, 0xca, 0x24, 0xe6, 0x2f,
    0x10, 0x8, 0xb0, 0x10, 0x0, 0x8b, 0x0, 0x0,
    0x2e, 0x50, 0x5, 0xff, 0xa0, 0x0, 0x2, 0x5e,
    0x70, 0x0, 0x0, 0x6e, 0x3d, 0x0, 0x6, 0xd1,
    0xe9, 0x23, 0xd8, 0x3, 0xbf, 0xe8, 0x0,

    /* U+0034 "4" */
    0x0, 0x0, 0x7f, 0x20, 0x0, 0x2, 0xff, 0x20,
    0x0, 0xb, 0xaf, 0x20, 0x0, 0x4e, 0x2f, 0x20,
    0x0, 0xe5, 0x1f, 0x20, 0x8, 0xb0, 0x1f, 0x20,
    0x2f, 0x20, 0x1f, 0x20, 0x9f, 0xff, 0xff, 0xf8,
    0x12, 0x22, 0x3f, 0x41, 0x0, 0x0, 0x1f, 0x20,
    0x0, 0x0, 0x1f, 0x20,

    /* U+0035 "5" */
    0x2f, 0xff, 0xff, 0x3, 0xf4, 0x44, 0x40, 0x4d,
    0x0, 0x0, 0x6, 0xc0, 0x0, 0x0, 0x7e, 0xdf,
    0xb1, 0x6, 0xb4, 0x4c, 0xc0, 0x0, 0x0, 0x2f,
    0x20, 0x0, 0x0, 0xf4, 0xc5, 0x0, 0x1f, 0x27,
    0xd3, 0x2b, 0xc0, 0x8, 0xee, 0xb1, 0x0,

    /* U+0036 "6" */
    0x0, 0x8, 0xdc, 0x0, 0x0, 0xcd, 0x52, 0x0,
    0x6, 0xe1, 0x0, 0x0, 0xc, 0x80, 0x0, 0x0,
    0xf, 0x8c, 0xea, 0x10, 0xf, 0xd4, 0x3d, 0xa0,
    0x1f, 0x40, 0x4, 0xf0, 0xf, 0x30, 0x1, 0xf2,
    0xc, 0x70, 0x3, 0xf0, 0x5, 0xe4, 0x3c, 0xa0,
    0x0, 0x7e, 0xea, 0x0,

    /* U+0037 "7" */
    0x7f, 0xff, 0xff, 0xf3, 0x1, 0x11, 0x15, 0xe0,
    0x0, 0x0, 0xa, 0x80, 0x0, 0x0, 0x1f, 0x20,
    0x0, 0x0, 0x8b, 0x0, 0x0, 0x0, 0xe5, 0x0,
    0x0, 0x5, 0xe0, 0x0, 0x0, 0xb, 0x80, 0x0,
    0x0, 0x2f, 0x20, 0x0, 0x0, 0x9b, 0x0, 0x0,
    0x0, 0xf5, 0x0, 0x0,

    /* U+0038 "8" */
    0x0, 0x9e, 0xe8, 0x0, 0x9, 0xd3, 0x4e, 0x70,
    0xe, 0x50, 0x8, 0xc0, 0xf, 0x50, 0x7, 0xc0,
    0x9, 0xc1, 0x1d, 0x70, 0x1, 0xef, 0xfc, 0x0,
    0xa, 0xb3, 0x4d, 0x80, 0x2f, 0x20, 0x4, 0xf0,
    0x2f, 0x10, 0x4, 0xf0, 0xd, 0xa2, 0x3c, 0xb0,
    0x2, 0xbe, 0xea, 0x10,

    /* U+0039 "9" */
    0x1, 0xbf, 0xe6, 0x0, 0xcb, 0x36, 0xf3, 0x2f,
    0x10, 0x9, 0xa4, 0xf0, 0x0, 0x6d, 0x3f, 0x10,
    0x5, 0xf0, 0xe9, 0x2, 0xde, 0x3, 0xef, 0xe9,
    0xd0, 0x0, 0x10, 0x8a, 0x0, 0x0, 0xe, 0x50,
    0x2, 0x5d, 0xc0, 0x0, 0xed, 0x80, 0x0,

    /* U+003A ":" */
    0xd, 0x50, 0x72, 0x0, 0x0, 0x0, 0x0, 0x0,
    0x0, 0x7, 0x20, 0xe5,

    /* U+003B ";" */
    0x1e, 0x30, 0x81, 0x0, 0x0, 0x0, 0x0, 0x0,
    0x0, 0xe, 0x21, 0xf2, 0x5d, 0x5, 0x40,

    /* U+003C "<" */
    0x0, 0x0, 0x3a, 0x10, 0x3, 0xbf, 0xb0, 0x2b,
    0xf9, 0x20, 0x7, 0xf7, 0x0, 0x0, 0x5, 0xce,
    0x81, 0x0, 0x0, 0x4c, 0xf1, 0x0, 0x0, 0x4,
    0x0,

    /* U+003D "=" */
    0xff, 0xff, 0xfb, 0x22, 0x22, 0x22, 0x0, 0x0,
    0x0, 0xff, 0xff, 0xfb, 0x22, 0x22, 0x22,

    /* U+003E ">" */
    0x1b, 0x30, 0x0, 0x0, 0xaf, 0xc4, 0x0, 0x0,
    0x17, 0xed, 0x40, 0x0, 0x5, 0xeb, 0x1, 0x7e,
    0xd6, 0x1, 0xfd, 0x50, 0x0, 0x4, 0x0, 0x0,
    0x0,

    /* U+003F "?" */
    0x5, 0xdf, 0xb2, 0x3, 0xf6, 0x3b, 0xc0, 0x48,
    0x0, 0x4f, 0x0, 0x0, 0x5, 0xf0, 0x0, 0x1,
    0xd9, 0x0, 0x0, 0xbc, 0x0, 0x0, 0x5f, 0x10,
    0x0, 0x7, 0xb0, 0x0, 0x0, 0x0, 0x0, 0x0,
    0x2, 0x40, 0x0, 0x0, 0x7b, 0x0, 0x0,

    /* U+0040 "@" */
    0x0, 0x0, 0x7d, 0xfe, 0xa2, 0x0, 0x0, 0x1d,
    0x82, 0x0, 0x5d, 0x40, 0x0, 0xc5, 0x0, 0x0,
    0x1, 0xd0, 0x5, 0xb0, 0x6, 0xed, 0x40, 0x76,
    0xb, 0x40, 0x4d, 0x17, 0xa0, 0x3a, 0xf, 0x0,
    0xc5, 0x7, 0x90, 0xd, 0x1d, 0x0, 0xf0, 0x8,
    0x70, 0xd, 0x2c, 0x3, 0xe0, 0x9, 0x60, 0xc,
    0x2d, 0x3, 0xd0, 0xb, 0x50, 0x3a, 0xf, 0x0,
    0xf1, 0x3f, 0x70, 0xb4, 0xb, 0x50, 0x7e, 0xa3,
    0xde, 0x70, 0x4, 0xd0, 0x0, 0x0, 0x0, 0x0,
    0x0, 0x8c, 0x40, 0x2, 0x20, 0x0, 0x0, 0x5,
    0xbe, 0xec, 0x50, 0x0,

    /* U+0041 "A" */
    0x0, 0x2, 0xf4, 0x0, 0x0, 0x0, 0x8f, 0xa0,
    0x0, 0x0, 0xd, 0x8f, 0x0, 0x0, 0x3, 0xf0,
    0xe5, 0x0, 0x0, 0x8b, 0x9, 0xb0, 0x0, 0xe,
    0x50, 0x3f, 0x10, 0x4, 0xf1, 0x0, 0xe6, 0x0,
    0x9f, 0xff, 0xff, 0xb0, 0xe, 0x72, 0x22, 0x5f,
    0x14, 0xf1, 0x0, 0x0, 0xe6, 0xab, 0x0, 0x0,
    0x8, 0xc0,

    /* U+0042 "B" */
    0xdf, 0xff, 0xd6, 0xd, 0x82, 0x26, 0xf4, 0xd7,
    0x0, 0xb, 0x9d, 0x70, 0x0, 0xb9, 0xd7, 0x0,
    0x4f, 0x4d, 0xff, 0xff, 0x90, 0xd8, 0x22, 0x5e,
    0x7d, 0x70, 0x0, 0x7d, 0xd7, 0x0, 0x7, 0xdd,
    0x82, 0x25, 0xe8, 0xdf, 0xff, 0xe8, 0x0,

    /* U+0043 "C" */
    0x0, 0x3b, 0xfe, 0x90, 0x0, 0x2f, 0x82, 0x4c,
    0xb0, 0xb, 0xb0, 0x0, 0x2f, 0x30, 0xf5, 0x0,
    0x0, 0x83, 0x2f, 0x30, 0x0, 0x0, 0x3, 0xf2,
    0x0, 0x0, 0x0, 0x2f, 0x30, 0x0, 0x0, 0x0,
    0xf5, 0x0, 0x0, 0x73, 0xb, 0xa0, 0x0, 0x2f,
    0x30, 0x3f, 0x82, 0x4c, 0xb0, 0x0, 0x4c, 0xfe,
    0x90, 0x0,

    /* U+0044 "D" */
    0xdf, 0xfe, 0xb2, 0x0, 0xd8, 0x23, 0x9f, 0x30,
    0xd7, 0x0, 0x9, 0xc0, 0xd7, 0x0, 0x2, 0xf2,
    0xd7, 0x0, 0x0, 0xf4, 0xd7, 0x0, 0x0, 0xf5,
    0xd7, 0x0, 0x0, 0xf4, 0xd7, 0x0, 0x3, 0xf2,
    0xd7, 0x0, 0xa, 0xc0, 0xd8, 0x23, 0x9f, 0x30,
    0xdf, 0xfe, 0xb3, 0x0,

    /* U+0045 "E" */
    0xdf, 0xff, 0xff, 0x6d, 0x82, 0x22, 0x21, 0xd7,
    0x0, 0x0, 0xd, 0x70, 0x0, 0x0, 0xd7, 0x0,
    0x0, 0xd, 0xff, 0xff, 0xc0, 0xd8, 0x22, 0x21,
    0xd, 0x70, 0x0, 0x0, 0xd7, 0x0, 0x0, 0xd,
    0x82, 0x22, 0x21, 0xdf, 0xff, 0xff, 0x70,

    /* U+0046 "F" */
    0xdf, 0xff, 0xff, 0x5d, 0x82, 0x22, 0x20, 0xd7,
    0x0, 0x0, 0xd, 0x70, 0x0, 0x0, 0xd7, 0x0,
    0x0, 0xd, 0xff, 0xff, 0x90, 0xd8, 0x22, 0x21,
    0xd, 0x70, 0x0, 0x0, 0xd7, 0x0, 0x0, 0xd,
    0x70, 0x0, 0x0, 0xd7, 0x0, 0x0, 0x0,

    /* U+0047 "G" */
    0x0, 0x4c, 0xfe, 0x91, 0x0, 0x3f, 0x93, 0x4c,
    0xb0, 0xb, 0xa0, 0x0, 0x2f, 0x30, 0xf5, 0x0,
    0x0, 0x73, 0x2f, 0x30, 0x0, 0x0, 0x2, 0xf2,
    0x0, 0x0, 0x0, 0x1f, 0x30, 0x1f, 0xff, 0x70,
    0xf6, 0x0, 0x22, 0xd8, 0xa, 0xc0, 0x0, 0xc,
    0x80, 0x2f, 0xa3, 0x36, 0xf6, 0x0, 0x2b, 0xef,
    0xc6, 0x0,

    /* U+0048 "H" */
    0xd7, 0x0, 0x0, 0x8d, 0xd7, 0x0, 0x0, 0x8d,
    0xd7, 0x0, 0x0, 0x8d, 0xd7, 0x0, 0x0, 0x8d,
    0xd7, 0x0, 0x0, 0x8d, 0xdf, 0xff, 0xff, 0xfd,
    0xd8, 0x22, 0x22, 0x9d, 0xd7, 0x0, 0x0, 0x8d,
    0xd7, 0x0, 0x0, 0x8d, 0xd7, 0x0, 0x0, 0x8d,
    0xd7, 0x0, 0x0, 0x8d,

    /* U+0049 "I" */
    0xc9, 0xc9, 0xc9, 0xc9, 0xc9, 0xc9, 0xc9, 0xc9,
    0xc9, 0xc9, 0xc9,

    /* U+004A "J" */
    0x0, 0x0, 0xa, 0xa0, 0x0, 0x0, 0xaa, 0x0,
    0x0, 0xa, 0xa0, 0x0, 0x0, 0xaa, 0x0, 0x0,
    0xa, 0xa0, 0x0, 0x0, 0xaa, 0x0, 0x0, 0xa,
    0xa1, 0x10, 0x0, 0xaa, 0x8c, 0x0, 0xd, 0x83,
    0xf7, 0x27, 0xf2, 0x5, 0xdf, 0xd4, 0x0,

    /* U+004B "K" */
    0xd7, 0x0, 0x8, 0xe2, 0xd7, 0x0, 0x5f, 0x40,
    0xd7, 0x2, 0xf7, 0x0, 0xd7, 0x1e, 0xa0, 0x0,
    0xd7, 0xcd, 0x0, 0x0, 0xde, 0xfe, 0x10, 0x0,
    0xdf, 0x4d, 0xa0, 0x0, 0xd8, 0x3, 0xf6, 0x0,
    0xd7, 0x0, 0x8f, 0x10, 0xd7, 0x0, 0xc, 0xb0,
    0xd7, 0x0, 0x2, 0xf7,

    /* U+004C "L" */
    0xd7, 0x0, 0x0, 0xd, 0x70, 0x0, 0x0, 0xd7,
    0x0, 0x0, 0xd, 0x70, 0x0, 0x0, 0xd7, 0x0,
    0x0, 0xd, 0x70, 0x0, 0x0, 0xd7, 0x0, 0x0,
    0xd, 0x70, 0x0, 0x0, 0xd7, 0x0, 0x0, 0xd,
    0x82, 0x22, 0x20, 0xdf, 0xff, 0xff, 0x30,

    /* U+004D "M" */
    0xdf, 0x0, 0x0, 0x0, 0xdf, 0x1d, 0xf6, 0x0,
    0x0, 0x2f, 0xf1, 0xdd, 0xc0, 0x0, 0x8, 0xdf,
    0x1d, 0x8f, 0x10, 0x0, 0xe8, 0xf1, 0xd6, 0xc7,
    0x0, 0x4f, 0x3f, 0x1d, 0x66, 0xd0, 0xa, 0xa3,
    0xf1, 0xd7, 0x1f, 0x30, 0xf4, 0x3f, 0x1d, 0x70,
    0xb9, 0x5e, 0x4, 0xf1, 0xd7, 0x5, 0xeb, 0x80,
    0x4f, 0x1d, 0x70, 0xe, 0xf2, 0x4, 0xf1, 0xd7,
    0x0, 0x9c, 0x0, 0x4f, 0x10,

    /* U+004E "N" */
    0xdc, 0x0, 0x0, 0x8d, 0xdf, 0x50, 0x0, 0x8d,
    0xde, 0xe0, 0x0, 0x8d, 0xd8, 0xe8, 0x0, 0x8d,
    0xd7, 0x5f, 0x20, 0x8d, 0xd7, 0xc, 0xb0, 0x8d,
    0xd7, 0x3, 0xf4, 0x8d, 0xd7, 0x0, 0x9d, 0x8d,
    0xd7, 0x0, 0x1e, 0xed, 0xd7, 0x0, 0x6, 0xfd,
    0xd7, 0x0, 0x0, 0xcd,

    /* U+004F "O" */
    0x0, 0x3b, 0xfe, 0x90, 0x0, 0x2f, 0x93, 0x5d,
    0xb0, 0xa, 0xb0, 0x0, 0x1f, 0x40, 0xf5, 0x0,
    0x0, 0xb9, 0x2f, 0x20, 0x0, 0x9, 0xc2, 0xf1,
    0x0, 0x0, 0x8c, 0x2f, 0x20, 0x0, 0x9, 0xc0,
    0xf5, 0x0, 0x0, 0xb9, 0xa, 0xb0, 0x0, 0x1f,
    0x50, 0x2f, 0x93, 0x5d, 0xc0, 0x0, 0x3b, 0xfe,
    0x90, 0x0,

    /* U+0050 "P" */
    0xdf, 0xff, 0xe9, 0x0, 0xd8, 0x22, 0x4d, 0xa0,
    0xd7, 0x0, 0x3, 0xf2, 0xd7, 0x0, 0x0, 0xf4,
    0xd7, 0x0, 0x2, 0xf2, 0xd7, 0x0, 0x1b, 0xd0,
    0xdf, 0xff, 0xfc, 0x20, 0xd8, 0x22, 0x0, 0x0,
    0xd7, 0x0, 0x0, 0x0, 0xd7, 0x0, 0x0, 0x0,
    0xd7, 0x0, 0x0, 0x0,

    /* U+0051 "Q" */
    0x0, 0x3c, 0xfe, 0x80, 0x0, 0x3f, 0x93, 0x5d,
    0xb0, 0xb, 0xa0, 0x0, 0x2f, 0x31, 0xf4, 0x0,
    0x0, 0xc8, 0x3f, 0x20, 0x0, 0xa, 0xb3, 0xf1,
    0x0, 0x0, 0x9b, 0x3f, 0x20, 0x0, 0xa, 0xb1,
    0xf4, 0x0, 0x0, 0xc9, 0xb, 0xa0, 0x0, 0x2f,
    0x40, 0x3f, 0x83, 0x5e, 0xb0, 0x0, 0x3c, 0xfe,
    0xf5, 0x0, 0x0, 0x0, 0x7, 0xf6, 0x0, 0x0,
    0x0, 0x4, 0x20,

    /* U+0052 "R" */
    0xdf, 0xff, 0xd6, 0x0, 0xd8, 0x22, 0x6f, 0x50,
    0xd7, 0x0, 0x9, 0xc0, 0xd7, 0x0, 0x6, 0xe0,
    0xd7, 0x0, 0x8, 0xd0, 0xd7, 0x0, 0x4f, 0x70,
    0xdf, 0xff, 0xf8, 0x0, 0xd8, 0x23, 0xe6, 0x0,
    0xd7, 0x0, 0x6e, 0x0, 0xd7, 0x0, 0xd, 0x80,
    0xd7, 0x0, 0x5, 0xf1,

    /* U+0053 "S" */
    0x0, 0x9e, 0xfc, 0x40, 0xa, 0xd4, 0x37, 0xf3,
    0xf, 0x40, 0x0, 0xba, 0xf, 0x60, 0x0, 0x22,
    0x9, 0xf8, 0x20, 0x0, 0x0, 0x6d, 0xfc, 0x40,
    0x0, 0x0, 0x3b, 0xf4, 0x13, 0x0, 0x0, 0xbb,
    0x5f, 0x10, 0x0, 0x9b, 0xd, 0xc4, 0x26, 0xf5,
    0x1, 0x9e, 0xfd, 0x60,

    /* U+0054 "T" */
    0xaf, 0xff, 0xff, 0xff, 0x1, 0x22, 0x8d, 0x22,
    0x20, 0x0, 0x7, 0xd0, 0x0, 0x0, 0x0, 0x7d,
    0x0, 0x0, 0x0, 0x7, 0xd0, 0x0, 0x0, 0x0,
    0x7d, 0x0, 0x0, 0x0, 0x7, 0xd0, 0x0, 0x0,
    0x0, 0x7d, 0x0, 0x0, 0x0, 0x7, 0xd0, 0x0,
    0x0, 0x0, 0x7d, 0x0, 0x0, 0x0, 0x7, 0xd0,
    0x0, 0x0,

    /* U+0055 "U" */
    0xf, 0x40, 0x0, 0x2f, 0x20, 0xf4, 0x0, 0x2,
    0xf2, 0xf, 0x40, 0x0, 0x2f, 0x20, 0xf4, 0x0,
    0x2, 0xf2, 0xf, 0x40, 0x0, 0x2f, 0x20, 0xf4,
    0x0, 0x2, 0xf2, 0xf, 0x40, 0x0, 0x2f, 0x20,
    0xf4, 0x0, 0x2, 0xf2, 0xd, 0x70, 0x0, 0x6f,
    0x0, 0x6f, 0x62, 0x5e, 0x80, 0x0, 0x6d, 0xfd,
    0x70, 0x0,

    /* U+0056 "V" */
    0xac, 0x0, 0x0, 0xd, 0x95, 0xf1, 0x0, 0x3,
    0xf3, 0xf, 0x60, 0x0, 0x8e, 0x0, 0xac, 0x0,
    0xd, 0x80, 0x4, 0xf1, 0x2, 0xf3, 0x0, 0xf,
    0x60, 0x7e, 0x0, 0x0, 0xab, 0xd, 0x80, 0x0,
    0x4, 0xf3, 0xf3, 0x0, 0x0, 0xf, 0xdd, 0x0,
    0x0, 0x0, 0xaf, 0x80, 0x0, 0x0, 0x4, 0xf3,
    0x0, 0x0,

    /* U+0057 "W" */
    0x7d, 0x0, 0x6, 0xf0, 0x0, 0x4f, 0x4, 0xf0,
    0x0, 0xaf, 0x30, 0x8, 0xc0, 0xf, 0x40, 0xe,
    0xd7, 0x0, 0xb9, 0x0, 0xd7, 0x2, 0xf7, 0xb0,
    0xe, 0x50, 0x9, 0xa0, 0x6b, 0x2f, 0x2, 0xf2,
    0x0, 0x6d, 0xa, 0x70, 0xe3, 0x5e, 0x0, 0x2,
    0xf1, 0xe3, 0xa, 0x78, 0xb0, 0x0, 0xe, 0x7e,
    0x0, 0x6b, 0xb7, 0x0, 0x0, 0xbd, 0xa0, 0x2,
    0xee, 0x40, 0x0, 0x8, 0xf6, 0x0, 0xd, 0xf0,
    0x0, 0x0, 0x4f, 0x20, 0x0, 0x9d, 0x0, 0x0,

    /* U+0058 "X" */
    0x3f, 0x40, 0x0, 0x8f, 0x10, 0xad, 0x0, 0x2f,
    0x70, 0x2, 0xf7, 0xa, 0xd0, 0x0, 0x8, 0xf6,
    0xf4, 0x0, 0x0, 0xe, 0xfb, 0x0, 0x0, 0x0,
    0x8f, 0x50, 0x0, 0x0, 0x1e, 0xfc, 0x0, 0x0,
    0x9, 0xe3, 0xf5, 0x0, 0x2, 0xf5, 0x9, 0xe0,
    0x0, 0xbc, 0x0, 0x1e, 0x80, 0x5f, 0x30, 0x0,
    0x7f, 0x20,

    /* U+0059 "Y" */
    0xad, 0x0, 0x0, 0x7f, 0x12, 0xf5, 0x0, 0xe,
    0x80, 0xa, 0xd0, 0x7, 0xf1, 0x0, 0x2f, 0x40,
    0xe8, 0x0, 0x0, 0xac, 0x6f, 0x10, 0x0, 0x2,
    0xff, 0x80, 0x0, 0x0, 0xa, 0xf1, 0x0, 0x0,
    0x0, 0x7d, 0x0, 0x0, 0x0, 0x7, 0xd0, 0x0,
    0x0, 0x0, 0x7d, 0x0, 0x0, 0x0, 0x7, 0xd0,
    0x0, 0x0,

    /* U+005A "Z" */
    0x5f, 0xff, 0xff, 0xf9, 0x2, 0x22, 0x25, 0xf5,
    0x0, 0x0, 0xc, 0xb0, 0x0, 0x0, 0x6f, 0x10,
    0x0, 0x1, 0xe7, 0x0, 0x0, 0xa, 0xd0, 0x0,
    0x0, 0x4f, 0x30, 0x0, 0x0, 0xd9, 0x0, 0x0,
    0x8, 0xe1, 0x0, 0x0, 0x2f, 0x72, 0x22, 0x21,
    0x6f, 0xff, 0xff, 0xfd,

    /* U+005B "[" */
    0xff, 0x8f, 0x51, 0xf4, 0xf, 0x40, 0xf4, 0xf,
    0x40, 0xf4, 0xf, 0x40, 0xf4, 0xf, 0x40, 0xf4,
    0xf, 0x40, 0xf4, 0xf, 0xf8, 0x22, 0x10,

    /* U+005C "\\" */
    0x8a, 0x0, 0x0, 0x2f, 0x0, 0x0, 0xd, 0x60,
    0x0, 0x7, 0xb0, 0x0, 0x1, 0xf1, 0x0, 0x0,
    0xb7, 0x0, 0x0, 0x5d, 0x0, 0x0, 0xf, 0x30,
    0x0, 0xa, 0x80, 0x0, 0x4, 0xe0, 0x0, 0x0,
    0xe4, 0x0, 0x0, 0x54,

    /* U+005D "]" */
    0xef, 0x92, 0xaa, 0xa, 0xa0, 0xaa, 0xa, 0xa0,
    0xaa, 0xa, 0xa0, 0xaa, 0xa, 0xa0, 0xaa, 0xa,
    0xa0, 0xaa, 0xa, 0xae, 0xfa, 0x22, 0x10,

    /* U+005E "^" */
    0x0, 0x43, 0x0, 0x0, 0xeb, 0x0, 0x4, 0xef,
    0x10, 0xa, 0x8b, 0x70, 0xf, 0x25, 0xd0, 0x6c,
    0x0, 0xe3,

    /* U+005F "_" */
    0xef, 0xff, 0xff, 0x42, 0x22, 0x22, 0x20,

    /* U+0060 "`" */
    0x3f, 0x40, 0x4, 0xd0,

    /* U+0061 "a" */
    0x2, 0xbf, 0xe8, 0x0, 0xe9, 0x14, 0xf5, 0x3,
    0x0, 0xb, 0x90, 0x2b, 0xef, 0xf9, 0xe, 0x80,
    0xa, 0x93, 0xf0, 0x0, 0xb9, 0x1f, 0x83, 0x8f,
    0x90, 0x5d, 0xea, 0x8a,

    /* U+0062 "b" */
    0xf, 0x30, 0x0, 0x0, 0xf, 0x30, 0x0, 0x0,
    0xf, 0x30, 0x0, 0x0, 0xf, 0x8d, 0xfb, 0x10,
    0xf, 0xc3, 0x4d, 0xa0, 0xf, 0x40, 0x4, 0xf0,
    0xf, 0x30, 0x1, 0xf2, 0xf, 0x30, 0x1, 0xf2,
    0xf, 0x40, 0x4, 0xf0, 0xf, 0xc3, 0x4d, 0xa0,
    0xf, 0x7d, 0xfb, 0x10,

    /* U+0063 "c" */
    0x1, 0xaf, 0xe8, 0x0, 0xcc, 0x23, 0xe7, 0x2f,
    0x20, 0x5, 0x95, 0xe0, 0x0, 0x0, 0x5e, 0x0,
    0x0, 0x2, 0xf2, 0x0, 0x37, 0xb, 0xb2, 0x3d,
    0x70, 0x1a, 0xfe, 0x80,

    /* U+0064 "d" */
    0x0, 0x0, 0x6, 0xe0, 0x0, 0x0, 0x6e, 0x0,
    0x0, 0x6, 0xe0, 0x1b, 0xfc, 0x9e, 0xb, 0xc3,
    0x4d, 0xe2, 0xf3, 0x0, 0x6e, 0x4f, 0x0, 0x6,
    0xe4, 0xf0, 0x0, 0x6e, 0x2f, 0x20, 0x6, 0xe0,
    0xbb, 0x12, 0xce, 0x1, 0xbf, 0xd9, 0xe0,

    /* U+0065 "e" */
    0x0, 0x9f, 0xe8, 0x0, 0xab, 0x24, 0xe6, 0x2f,
    0x10, 0x7, 0xc5, 0xff, 0xff, 0xfe, 0x5f, 0x22,
    0x22, 0x22, 0xf3, 0x0, 0x0, 0xb, 0xd3, 0x2a,
    0x90, 0x1a, 0xff, 0xa1,

    /* U+0066 "f" */
    0x0, 0x8e, 0xc0, 0x4f, 0x52, 0x6, 0xd0, 0x9,
    0xff, 0xf6, 0x7, 0xd0, 0x0, 0x6d, 0x0, 0x6,
    0xd0, 0x0, 0x6d, 0x0, 0x6, 0xd0, 0x0, 0x6d,
    0x0, 0x6, 0xd0, 0x0,

    /* U+0067 "g" */
    0x1, 0xbf, 0xd8, 0xe0, 0xbc, 0x34, 0xde, 0x2f,
    0x20, 0x6, 0xe4, 0xf0, 0x0, 0x5e, 0x4f, 0x0,
    0x5, 0xe2, 0xf2, 0x0, 0x6e, 0xb, 0xc3, 0x4d,
    0xe0, 0x1b, 0xfc, 0x9e, 0x0, 0x0, 0x7, 0xc0,
    0xb7, 0x24, 0xe6, 0x3, 0xbf, 0xe7, 0x0,

    /* U+0068 "h" */
    0xf, 0x30, 0x0, 0x0, 0xf3, 0x0, 0x0, 0xf,
    0x30, 0x0, 0x0, 0xf7, 0xdf, 0xb1, 0xf, 0xd4,
    0x3e, 0x80, 0xf4, 0x0, 0x8b, 0xf, 0x30, 0x7,
    0xc0, 0xf3, 0x0, 0x7c, 0xf, 0x30, 0x7, 0xc0,
    0xf3, 0x0, 0x7c, 0xf, 0x30, 0x7, 0xc0,

    /* U+0069 "i" */
    0xd, 0x40, 0x61, 0x0, 0x0, 0xf5, 0xf, 0x50,
    0xf5, 0xf, 0x50, 0xf5, 0xf, 0x50, 0xf5, 0xf,
    0x50,

    /* U+006A "j" */
    0x0, 0xe3, 0x0, 0x71, 0x0, 0x0, 0x0, 0xf4,
    0x0, 0xf4, 0x0, 0xf4, 0x0, 0xf4, 0x0, 0xf4,
    0x0, 0xf4, 0x0, 0xf4, 0x0, 0xf4, 0x0, 0xf4,
    0x15, 0xf2, 0x6f, 0x90,

    /* U+006B "k" */
    0xf, 0x30, 0x0, 0x0, 0xf, 0x30, 0x0, 0x0,
    0xf, 0x30, 0x0, 0x0, 0xf, 0x30, 0x4f, 0x50,
    0xf, 0x32, 0xe7, 0x0, 0xf, 0x5e, 0x90, 0x0,
    0xf, 0xef, 0x10, 0x0, 0xf, 0xcd, 0xa0, 0x0,
    0xf, 0x32, 0xf5, 0x0, 0xf, 0x30, 0x7e, 0x10,
    0xf, 0x30, 0xb, 0xb0,

    /* U+006C "l" */
    0xf5, 0xf5, 0xf5, 0xf5, 0xf5, 0xf5, 0xf5, 0xf5,
    0xf5, 0xf5, 0xf5,

    /* U+006D "m" */
    0xf, 0x7d, 0xfb, 0x19, 0xfe, 0x60, 0xf, 0xc3,
    0x4e, 0xf8, 0x28, 0xf1, 0xf, 0x30, 0x8, 0xd0,
    0x0, 0xf4, 0xf, 0x30, 0x8, 0xc0, 0x0, 0xf5,
    0xf, 0x30, 0x8, 0xc0, 0x0, 0xf5, 0xf, 0x30,
    0x8, 0xc0, 0x0, 0xf5, 0xf, 0x30, 0x8, 0xc0,
    0x0, 0xf5, 0xf, 0x30, 0x8, 0xc0, 0x0, 0xf5,

    /* U+006E "n" */
    0xf, 0x6d, 0xfb, 0x10, 0xfd, 0x43, 0xe8, 0xf,
    0x40, 0x8, 0xb0, 0xf3, 0x0, 0x7c, 0xf, 0x30,
    0x7, 0xc0, 0xf3, 0x0, 0x7c, 0xf, 0x30, 0x7,
    0xc0, 0xf3, 0x0, 0x7c,

    /* U+006F "o" */
    0x0, 0x9e, 0xf9, 0x0, 0xb, 0xc3, 0x3d, 0xa0,
    0x2f, 0x20, 0x3, 0xf1, 0x5f, 0x0, 0x0, 0xf4,
    0x4f, 0x0, 0x0, 0xf5, 0x2f, 0x20, 0x3, 0xf2,
    0xa, 0xc3, 0x3d, 0xa0, 0x0, 0xaf, 0xe9, 0x0,

    /* U+0070 "p" */
    0xf, 0x7d, 0xfb, 0x10, 0xf, 0xa1, 0x2d, 0xa0,
    0xf, 0x30, 0x4, 0xf0, 0xf, 0x30, 0x1, 0xf2,
    0xf, 0x30, 0x2, 0xf2, 0xf, 0x30, 0x5, 0xf0,
    0xf, 0xb2, 0x3d, 0x90, 0xf, 0x8d, 0xfb, 0x10,
    0xf, 0x30, 0x0, 0x0, 0xf, 0x30, 0x0, 0x0,
    0xf, 0x30, 0x0, 0x0,

    /* U+0071 "q" */
    0x2, 0xcf, 0xc8, 0xe0, 0xcc, 0x33, 0xde, 0x2f,
    0x20, 0x6, 0xe4, 0xf0, 0x0, 0x6e, 0x4f, 0x0,
    0x6, 0xe2, 0xf2, 0x0, 0x6e, 0xb, 0xc3, 0x3d,
    0xe0, 0x1c, 0xfc, 0x9e, 0x0, 0x0, 0x6, 0xe0,
    0x0, 0x0, 0x6e, 0x0, 0x0, 0x6, 0xe0,

    /* U+0072 "r" */
    0x0, 0x0, 0x0, 0xf8, 0xe8, 0xf, 0xc3, 0x10,
    0xf3, 0x0, 0xf, 0x30, 0x0, 0xf3, 0x0, 0xf,
    0x30, 0x0, 0xf3, 0x0, 0xf, 0x30, 0x0,

    /* U+0073 "s" */
    0x3, 0xcf, 0xd6, 0x0, 0xe9, 0x26, 0xf3, 0xf,
    0x40, 0x5, 0x20, 0x8f, 0xa6, 0x0, 0x0, 0x27,
    0xce, 0x22, 0x80, 0x0, 0xd7, 0x1f, 0x82, 0x4f,
    0x50, 0x4c, 0xfe, 0x70,

    /* U+0074 "t" */
    0x9, 0xa0, 0x0, 0x9a, 0x0, 0xff, 0xff, 0x0,
    0x9a, 0x0, 0x9, 0xa0, 0x0, 0x9a, 0x0, 0x9,
    0xa0, 0x0, 0x9a, 0x0, 0x8, 0xd3, 0x0, 0x2d,
    0xf1,

    /* U+0075 "u" */
    0x1f, 0x30, 0x8, 0xc1, 0xf3, 0x0, 0x8c, 0x1f,
    0x30, 0x8, 0xc1, 0xf3, 0x0, 0x8c, 0x1f, 0x30,
    0x8, 0xc0, 0xf3, 0x0, 0x8c, 0xd, 0xa2, 0x5e,
    0xc0, 0x3d, 0xfb, 0x9c,

    /* U+0076 "v" */
    0x9a, 0x0, 0xe, 0x54, 0xf0, 0x3, 0xf0, 0xe,
    0x40, 0x8b, 0x0, 0x99, 0xd, 0x50, 0x4, 0xe2,
    0xf0, 0x0, 0xe, 0xab, 0x0, 0x0, 0x9f, 0x50,
    0x0, 0x4, 0xf1, 0x0,

    /* U+0077 "w" */
    0x9a, 0x0, 0x6e, 0x0, 0x3f, 0x14, 0xe0, 0xb,
    0xf2, 0x6, 0xc0, 0xf, 0x20, 0xfa, 0x70, 0xa8,
    0x0, 0xc6, 0x4c, 0x5c, 0xe, 0x30, 0x8, 0xa8,
    0x70, 0xf3, 0xf0, 0x0, 0x3e, 0xd3, 0xb, 0xbb,
    0x0, 0x0, 0xfe, 0x0, 0x6f, 0x70, 0x0, 0xb,
    0x90, 0x2, 0xf2, 0x0,

    /* U+0078 "x" */
    0x5f, 0x20, 0x3f, 0x40, 0xba, 0xc, 0xa0, 0x2,
    0xf9, 0xf1, 0x0, 0x7, 0xf6, 0x0, 0x0, 0x8f,
    0x70, 0x0, 0x3f, 0x7f, 0x20, 0xc, 0x90, 0xbb,
    0x6, 0xf1, 0x2, 0xf5,

    /* U+0079 "y" */
    0xaa, 0x0, 0x1f, 0x45, 0xf0, 0x5, 0xe0, 0xf,
    0x50, 0xaa, 0x0, 0xaa, 0xe, 0x40, 0x5, 0xe3,
    0xf0, 0x0, 0xf, 0xca, 0x0, 0x0, 0xaf, 0x50,
    0x0, 0x4, 0xf0, 0x0, 0x0, 0x7a, 0x0, 0x1,
    0x4e, 0x40, 0x0, 0x6f, 0x80, 0x0, 0x0,

    /* U+007A "z" */
    0x5f, 0xff, 0xff, 0x40, 0x11, 0x1a, 0xd0, 0x0,
    0x4, 0xf3, 0x0, 0x1, 0xe7, 0x0, 0x0, 0xac,
    0x0, 0x0, 0x5f, 0x20, 0x0, 0x1e, 0x81, 0x11,
    0x6, 0xff, 0xff, 0xf7,

    /* U+007B "{" */
    0x0, 0x2, 0x30, 0x5, 0xe3, 0x0, 0xd6, 0x0,
    0x1f, 0x20, 0x1, 0xf2, 0x0, 0x2f, 0x20, 0x7,
    0xe0, 0x8, 0xf5, 0x0, 0x1a, 0xd0, 0x0, 0x2f,
    0x10, 0x1, 0xf2, 0x0, 0x1f, 0x20, 0x0, 0xe5,
    0x0, 0x7, 0xd2, 0x0, 0x5, 0x40,

    /* U+007C "|" */
    0xc3, 0xc3, 0xc3, 0xc3, 0xc3, 0xc3, 0xc3, 0xc3,
    0xc3, 0xc3, 0xc3, 0xc3, 0x61,

    /* U+007D "}" */
    0x41, 0x0, 0x7, 0xe2, 0x0, 0xa, 0x90, 0x0,
    0x7c, 0x0, 0x7, 0xd0, 0x0, 0x6d, 0x0, 0x3,
    0xf3, 0x0, 0x9, 0xf4, 0x2, 0xf6, 0x0, 0x6e,
    0x0, 0x7, 0xd0, 0x0, 0x7c, 0x0, 0x9, 0xa0,
    0x5, 0xe3, 0x0, 0x73, 0x0, 0x0,

    /* U+007E "~" */
    0x3, 0xde, 0x60, 0x7, 0x90, 0xc8, 0x5f, 0x71,
    0xc5, 0xe, 0x0, 0x3e, 0xfb, 0x0, 0x0, 0x0,
    0x1, 0x0,

    /* U+00A0 " " */

    /* U+00A1 "¡" */
    0xd, 0x40, 0x61, 0x0, 0x0, 0xd5, 0xd, 0x50,
    0xd5, 0xe, 0x50, 0xe5, 0xe, 0x60, 0xe6, 0x8,
    0x30,

    /* U+00A2 "¢" */
    0x0, 0x7, 0x60, 0x0, 0x0, 0xb9, 0x0, 0x0,
    0xaf, 0xfa, 0x0, 0xac, 0x12, 0xc9, 0x1f, 0x30,
    0x4, 0xb3, 0xf0, 0x0, 0x0, 0x3f, 0x0, 0x0,
    0x2, 0xf2, 0x0, 0x14, 0xc, 0x90, 0x9, 0xb0,
    0x2e, 0xdd, 0xe2, 0x0, 0xc, 0xa0, 0x0, 0x0,
    0xb9, 0x0,

    /* U+00A3 "£" */
    0x0, 0x2b, 0xfd, 0x50, 0x0, 0xda, 0x37, 0xf3,
    0x3, 0xf1, 0x0, 0xb5, 0x5, 0xf0, 0x0, 0x0,
    0x4, 0xf0, 0x0, 0x0, 0x5f, 0xff, 0xf3, 0x0,
    0x5, 0xf3, 0x20, 0x0, 0x3, 0xf1, 0x0, 0x0,
    0x4, 0xf1, 0x0, 0x0, 0x8, 0xe2, 0x22, 0x21,
    0x5f, 0xff, 0xff, 0xfb,

    /* U+00A4 "¤" */
    0x0, 0x0, 0x0, 0x0, 0x0, 0x1e, 0x6a, 0xee,
    0xa5, 0xe2, 0x9, 0xfb, 0x44, 0xbf, 0xa0, 0x9,
    0xb0, 0x0, 0xb, 0xa0, 0xe, 0x40, 0x0, 0x4,
    0xf0, 0xf, 0x20, 0x0, 0x1, 0xf0, 0xe, 0x40,
    0x0, 0x4, 0xf0, 0x9, 0xc0, 0x0, 0xb, 0x90,
    0xb, 0xfc, 0x55, 0xbf, 0xc0, 0xc, 0x4a, 0xee,
    0xa4, 0xc1, 0x0, 0x0, 0x0, 0x0, 0x0,

    /* U+00A5 "¥" */
    0xbc, 0x0, 0x6, 0xf1, 0x4f, 0x30, 0xd, 0x90,
    0xd, 0xa0, 0x4f, 0x30, 0x7, 0xf1, 0xbc, 0x0,
    0x1, 0xfb, 0xf6, 0x0, 0x0, 0x9f, 0xe0, 0x0,
    0x2e, 0xef, 0xfe, 0x70, 0x0, 0xf, 0x50, 0x0,
    0x2e, 0xef, 0xee, 0x70, 0x0, 0xf, 0x50, 0x0,
    0x0, 0xf, 0x50, 0x0,

    /* U+00A6 "¦" */
    0xf4, 0xf4, 0xf4, 0xf4, 0xf4, 0x82, 0x0, 0xf4,
    0xf4, 0xf4, 0xf4, 0xf4, 0xb3,

    /* U+00A7 "§" */
    0x1, 0x9e, 0xfc, 0x50, 0xb, 0xc3, 0x27, 0xf3,
    0xf, 0x40, 0x0, 0xb9, 0xd, 0x90, 0x0, 0x0,
    0x5, 0xfe, 0x83, 0x0, 0x1e, 0x87, 0xcf, 0xb1,
    0x4f, 0x0, 0x3, 0xd9, 0x3f, 0x40, 0x0, 0x7c,
    0x9, 0xfc, 0x63, 0xd9, 0x0, 0x39, 0xef, 0xd0,
    0x0, 0x0, 0x6, 0xf4, 0x4e, 0x0, 0x0, 0xc7,
    0x1e, 0x90, 0x5, 0xf4, 0x3, 0xcf, 0xfe, 0x70,
    0x0, 0x0, 0x10, 0x0,

    /* U+00A8 "¨" */
    0x6, 0x1, 0x60, 0x2e, 0x13, 0xe0,

    /* U+00A9 "©" */
    0x0, 0x6, 0xcd, 0xc6, 0x0, 0x0, 0xb, 0x81,
    0x1, 0x9b, 0x0, 0x8, 0x61, 0xbe, 0xa0, 0x87,
    0x0, 0xc0, 0xa7, 0x9, 0x70, 0xd0, 0x48, 0xe,
    0x10, 0x24, 0x9, 0x35, 0x60, 0xf0, 0x0, 0x0,
    0x74, 0x48, 0xe, 0x0, 0x24, 0x9, 0x30, 0xc0,
    0xa7, 0x9, 0x70, 0xd0, 0x8, 0x71, 0xbe, 0xa0,
    0x87, 0x0, 0xb, 0x81, 0x1, 0x9b, 0x0, 0x0,
    0x6, 0xcd, 0xc6, 0x0, 0x0,

    /* U+00AA "ª" */
    0x5e, 0xf8, 0x7, 0x31, 0xf1, 0x5c, 0xcf, 0x2f,
    0x41, 0xf2, 0x8f, 0xce, 0x40,

    /* U+00AB "«" */
    0x0, 0x75, 0x38, 0x3, 0xd1, 0xd2, 0xd, 0x4a,
    0x80, 0x1e, 0x2c, 0x60, 0x5, 0xc2, 0xe1, 0x0,
    0xa5, 0x6a,

    /* U+00AC "¬" */
    0x2f, 0xff, 0xff, 0x80, 0x22, 0x22, 0xc8, 0x0,
    0x0, 0xb, 0x80, 0x0, 0x0, 0x11,

    /* U+00AD "­" */
    0xbf, 0xf9, 0x12, 0x21,

    /* U+00AE "®" */
    0x0, 0x6, 0xcd, 0xc6, 0x0, 0x0, 0xb, 0x81,
    0x1, 0x9a, 0x0, 0x8, 0x67, 0xee, 0xb1, 0x87,
    0x0, 0xc0, 0x87, 0x8, 0x70, 0xd0, 0x48, 0x8,
    0x70, 0x97, 0x9, 0x35, 0x60, 0x8f, 0xfe, 0x10,
    0x74, 0x48, 0x8, 0x70, 0x97, 0x9, 0x30, 0xc0,
    0x87, 0x6, 0x80, 0xc0, 0x8, 0x73, 0x30, 0x24,
    0x87, 0x0, 0xb, 0x81, 0x1, 0x9a, 0x0, 0x0,
    0x6, 0xcd, 0xc6, 0x0, 0x0,

    /* U+00AF "¯" */
    0xf, 0xff, 0xf8, 0x1, 0x11, 0x10,

    /* U+00B0 "°" */
    0x6, 0xe9, 0x0, 0xe0, 0xb3, 0xe, 0xb, 0x40,
    0x6e, 0xa0,

    /* U+00B1 "±" */
    0x0, 0x1, 0x0, 0x0, 0x0, 0xb7, 0x0, 0x0,
    0xb, 0x70, 0x0, 0x0, 0xb7, 0x0, 0x5f, 0xff,
    0xff, 0xe0, 0x22, 0xb8, 0x22, 0x0, 0xb, 0x70,
    0x0, 0x0, 0xb7, 0x0, 0x1, 0x11, 0x11, 0x11,
    0xff, 0xff, 0xfa,

    /* U+00B2 "²" */
    0x1c, 0xec, 0x15, 0x70, 0xb6, 0x0, 0x5d, 0x10,
    0x7b, 0x10, 0x6f, 0xee, 0x90,

    /* U+00B3 "³" */
    0x2c, 0xec, 0x13, 0x40, 0xc6, 0x2, 0xde, 0x13,
    0x40, 0xa7, 0x2d, 0xec, 0x20,

    /* U+00B4 "´" */
    0x3, 0xf4, 0xc, 0x50,

    /* U+00B5 "µ" */
    0xf5, 0x0, 0x6e, 0xf5, 0x0, 0x6e, 0xf5, 0x0,
    0x6e, 0xf5, 0x0, 0x6e, 0xf5, 0x0, 0x6e, 0xf6,
    0x0, 0x6e, 0xfb, 0x1, 0xce, 0xfd, 0xfd, 0x9e,
    0xf5, 0x0, 0x0, 0xf5, 0x0, 0x0, 0xf5, 0x0,
    0x0,

    /* U+00B6 "¶" */
    0x2, 0xbf, 0xfb, 0x1e, 0xff, 0xfb, 0x6f, 0xff,
    0xfb, 0x8f, 0xff, 0xfb, 0x5f, 0xff, 0xfb, 0xd,
    0xff, 0xfb, 0x1, 0x8b, 0xeb, 0x0, 0x0, 0x9b,
    0x0, 0x0, 0x9b, 0x0, 0x0, 0x9b, 0x0, 0x0,
    0x9b,

    /* U+00B7 "·" */
    0x73, 0xd6,

    /* U+00B8 "¸" */
    0x1, 0x1, 0xe6, 0x3, 0xd2, 0xc5,

    /* U+00B9 "¹" */
    0x0, 0x22, 0x1c, 0xf6, 0x1, 0xb6, 0x0, 0xb6,
    0x0, 0xb6, 0x0, 0xb6,

    /* U+00BA "º" */
    0x5, 0xee, 0x90, 0xf, 0x30, 0xd5, 0x2f, 0x0,
    0x98, 0xf, 0x30, 0xd5, 0x5, 0xee, 0x90,

    /* U+00BB "»" */
    0x1a, 0x8, 0x40, 0x0, 0x89, 0x2d, 0x10, 0x0,
    0xd4, 0x8a, 0x0, 0xc, 0x76, 0xd0, 0x6, 0xb1,
    0xe2, 0x1, 0xd1, 0x96, 0x0,

    /* U+00BC "¼" */
    0x0, 0x51, 0x0, 0x0, 0x0, 0x5e, 0xf2, 0x0,
    0x5, 0x0, 0x10, 0xf2, 0x0, 0x78, 0x0, 0x0,
    0xf2, 0x1, 0xd0, 0x0, 0x0, 0xf2, 0x9, 0x60,
    0x0, 0x0, 0xf2, 0x3c, 0x3, 0xb0, 0x0, 0x30,
    0xc3, 0xd, 0xf0, 0x0, 0x5, 0xa0, 0x88, 0xf0,
    0x0, 0xd, 0x13, 0xc1, 0xf0, 0x0, 0x78, 0x9,
    0xff, 0xfb, 0x0, 0x10, 0x0, 0x1, 0xf0,

    /* U+00BD "½" */
    0x3, 0x81, 0x0, 0x0, 0x0, 0x6, 0xcf, 0x10,
    0x4, 0x40, 0x0, 0x0, 0xf1, 0x0, 0xd2, 0x0,
    0x0, 0xf, 0x10, 0x78, 0x0, 0x0, 0x0, 0xf1,
    0x1d, 0x0, 0x0, 0x0, 0xf, 0x19, 0x66, 0xee,
    0x50, 0x0, 0x3, 0xc0, 0xe2, 0x5d, 0x0, 0x0,
    0xc3, 0x0, 0x7, 0xb0, 0x0, 0x5a, 0x0, 0x5,
    0xe1, 0x0, 0xb, 0x10, 0x5, 0xd2, 0x0, 0x0,
    0x0, 0x0, 0xee, 0xee, 0x10,

    /* U+00BE "¾" */
    0x7, 0xed, 0x30, 0x0, 0x0, 0x1, 0xe1, 0x7b,
    0x0, 0x26, 0x0, 0x0, 0x7, 0xa0, 0xb, 0x50,
    0x0, 0xb, 0xf4, 0x4, 0xc0, 0x0, 0x17, 0x5,
    0xd0, 0xd3, 0x0, 0x0, 0xaf, 0xe6, 0x6a, 0xc,
    0xa0, 0x0, 0x0, 0xd, 0x15, 0xfa, 0x0, 0x0,
    0x8, 0x81, 0xd8, 0xa0, 0x0, 0x1, 0xd0, 0x96,
    0x7a, 0x0, 0x0, 0x95, 0xf, 0xff, 0xf5, 0x0,
    0x1, 0x0, 0x0, 0x7a, 0x0,

    /* U+00BF "¿" */
    0x0, 0x4e, 0x0, 0x0, 0x1, 0x60, 0x0, 0x0,
    0x0, 0x0, 0x0, 0x4, 0xe0, 0x0, 0x0, 0x9c,
    0x0, 0x0, 0x5f, 0x30, 0x0, 0x1f, 0x60, 0x0,
    0x6, 0xd0, 0x0, 0x0, 0x7c, 0x0, 0x2a, 0x3,
    0xf6, 0x3b, 0xc0, 0x7, 0xef, 0xb1, 0x0,

    /* U+00C0 "À" */
    0x0, 0x28, 0x10, 0x0, 0x0, 0x0, 0xaa, 0x0,
    0x0, 0x0, 0x0, 0x71, 0x0, 0x0, 0x0, 0x2f,
    0x40, 0x0, 0x0, 0x8, 0xfa, 0x0, 0x0, 0x0,
    0xd8, 0xf0, 0x0, 0x0, 0x3f, 0xe, 0x50, 0x0,
    0x8, 0xb0, 0x9b, 0x0, 0x0, 0xe5, 0x3, 0xf1,
    0x0, 0x4f, 0x10, 0xe, 0x60, 0x9, 0xff, 0xff,
    0xfb, 0x0, 0xe7, 0x22, 0x25, 0xf1, 0x4f, 0x10,
    0x0, 0xe, 0x6a, 0xb0, 0x0, 0x0, 0x8c,

    /* U+00C1 "Á" */
    0x0, 0x0, 0x7, 0x40, 0x0, 0x0, 0x7, 0xc0,
    0x0, 0x0, 0x0, 0x71, 0x0, 0x0, 0x0, 0x2f,
    0x40, 0x0, 0x0, 0x8, 0xfa, 0x0, 0x0, 0x0,
    0xd8, 0xf0, 0x0, 0x0, 0x3f, 0xe, 0x50, 0x0,
    0x8, 0xb0, 0x9b, 0x0, 0x0, 0xe5, 0x3, 0xf1,
    0x0, 0x4f, 0x10, 0xe, 0x60, 0x9, 0xff, 0xff,
    0xfb, 0x0, 0xe7, 0x22, 0x25, 0xf1, 0x4f, 0x10,
    0x0, 0xe, 0x6a, 0xb0, 0x0, 0x0, 0x8c,

    /* U+00C2 "Â" */
    0x0, 0x0, 0x71, 0x0, 0x0, 0x0, 0xa9, 0xc0,
    0x0, 0x0, 0x26, 0x4, 0x30, 0x0, 0x0, 0x2f,
    0x40, 0x0, 0x0, 0x8, 0xfa, 0x0, 0x0, 0x0,
    0xd8, 0xf0, 0x0, 0x0, 0x3f, 0xe, 0x50, 0x0,
    0x8, 0xb0, 0x9b, 0x0, 0x0, 0xe5, 0x3, 0xf1,
    0x0, 0x4f, 0x10, 0xe, 0x60, 0x9, 0xff, 0xff,
    0xfb, 0x0, 0xe7, 0x22, 0x25, 0xf1, 0x4f, 0x10,
    0x0, 0xe, 0x6a, 0xb0, 0x0, 0x0, 0x8c,

    /* U+00C3 "Ã" */
    0x0, 0x0, 0x0, 0x0, 0x0, 0x7, 0xee, 0xec,
    0x0, 0x0, 0x11, 0x11, 0x0, 0x0, 0x0, 0x2f,
    0x40, 0x0, 0x0, 0x8, 0xfa, 0x0, 0x0, 0x0,
    0xd8, 0xf0, 0x0, 0x0, 0x3f, 0xe, 0x50, 0x0,
    0x8, 0xb0, 0x9b, 0x0, 0x0, 0xe5, 0x3, 0xf1,
    0x0, 0x4f, 0x10, 0xe, 0x60, 0x9, 0xff, 0xff,
    0xfb, 0x0, 0xe7, 0x22, 0x25, 0xf1, 0x4f, 0x10,
    0x0, 0xe, 0x6a, 0xb0, 0x0, 0x0, 0x8c,

    /* U+00C4 "Ä" */
    0x0, 0x7b, 0x8, 0xa0, 0x0, 0x2, 0x50, 0x34,
    0x0, 0x0, 0x2, 0xf4, 0x0, 0x0, 0x0, 0x8f,
    0xa0, 0x0, 0x0, 0xd, 0x8f, 0x0, 0x0, 0x3,
    0xf0, 0xe5, 0x0, 0x0, 0x8b, 0x9, 0xb0, 0x0,
    0xe, 0x50, 0x3f, 0x10, 0x4, 0xf1, 0x0, 0xe6,
    0x0, 0x9f, 0xff, 0xff, 0xb0, 0xe, 0x72, 0x22,
    0x5f, 0x14, 0xf1, 0x0, 0x0, 0xe6, 0xab, 0x0,
    0x0, 0x8, 0xc0,

    /* U+00C5 "Å" */
    0x0, 0x5, 0xb7, 0x0, 0x0, 0x0, 0xb0, 0xb0,
    0x0, 0x0, 0x5, 0xa7, 0x0, 0x0, 0x0, 0x2f,
    0x40, 0x0, 0x0, 0x8, 0xfa, 0x0, 0x0, 0x0,
    0xd8, 0xf0, 0x0, 0x0, 0x3f, 0xe, 0x50, 0x0,
    0x8, 0xb0, 0x9b, 0x0, 0x0, 0xe5, 0x3, 0xf1,
    0x0, 0x4f, 0x10, 0xe, 0x60, 0x9, 0xff, 0xff,
    0xfb, 0x0, 0xe7, 0x22, 0x25, 0xf1, 0x4f, 0x10,
    0x0, 0xe, 0x6a, 0xb0, 0x0, 0x0, 0x8c,

    /* U+00C6 "Æ" */
    0x0, 0x0, 0x0, 0x5f, 0xff, 0xff, 0xf6, 0x0,
    0x0, 0x0, 0xde, 0xb1, 0x11, 0x10, 0x0, 0x0,
    0x7, 0xe8, 0xb0, 0x0, 0x0, 0x0, 0x0, 0x1e,
    0x67, 0xc0, 0x0, 0x0, 0x0, 0x0, 0x8d, 0x7,
    0xc0, 0x0, 0x0, 0x0, 0x1, 0xf5, 0x6, 0xff,
    0xff, 0xd0, 0x0, 0xa, 0xc0, 0x6, 0xe2, 0x22,
    0x10, 0x0, 0x3f, 0xff, 0xff, 0xe0, 0x0, 0x0,
    0x0, 0xbb, 0x33, 0x37, 0xf0, 0x0, 0x0, 0x4,
    0xf3, 0x0, 0x4, 0xf1, 0x11, 0x11, 0xd, 0xb0,
    0x0, 0x3, 0xff, 0xff, 0xfd,

    /* U+00C7 "Ç" */
    0x0, 0x3b, 0xfe, 0x90, 0x0, 0x2f, 0x82, 0x4c,
    0xb0, 0xb, 0xb0, 0x0, 0x2f, 0x30, 0xf5, 0x0,
    0x0, 0x83, 0x2f, 0x30, 0x0, 0x0, 0x3, 0xf2,
    0x0, 0x0, 0x0, 0x2f, 0x30, 0x0, 0x0, 0x0,
    0xf5, 0x0, 0x0, 0x73, 0xb, 0xa0, 0x0, 0x2f,
    0x30, 0x3f, 0x82, 0x4c, 0xb0, 0x0, 0x4c, 0xfe,
    0x90, 0x0, 0x0, 0xd, 0x80, 0x0, 0x0, 0x0,
    0xf, 0x0, 0x0, 0x0, 0xd, 0x80, 0x0,

    /* U+00C8 "È" */
    0x5, 0x60, 0x0, 0x0, 0x1e, 0x40, 0x0, 0x0,
    0x26, 0x0, 0xd, 0xff, 0xff, 0xf6, 0xd8, 0x22,
    0x22, 0x1d, 0x70, 0x0, 0x0, 0xd7, 0x0, 0x0,
    0xd, 0x70, 0x0, 0x0, 0xdf, 0xff, 0xfc, 0xd,
    0x82, 0x22, 0x10, 0xd7, 0x0, 0x0, 0xd, 0x70,
    0x0, 0x0, 0xd8, 0x22, 0x22, 0x1d, 0xff, 0xff,
    0xf7,

    /* U+00C9 "É" */
    0x0, 0x2, 0x71, 0x0, 0x0, 0xc7, 0x0, 0x0,
    0x26, 0x0, 0xd, 0xff, 0xff, 0xf6, 0xd8, 0x22,
    0x22, 0x1d, 0x70, 0x0, 0x0, 0xd7, 0x0, 0x0,
    0xd, 0x70, 0x0, 0x0, 0xdf, 0xff, 0xfc, 0xd,
    0x82, 0x22, 0x10, 0xd7, 0x0, 0x0, 0xd, 0x70,
    0x0, 0x0, 0xd8, 0x22, 0x22, 0x1d, 0xff, 0xff,
    0xf7,

    /* U+00CA "Ê" */
    0x0, 0x36, 0x0, 0x0, 0x2d, 0xa7, 0x0, 0x5,
    0x30, 0x70, 0xd, 0xff, 0xff, 0xf6, 0xd8, 0x22,
    0x22, 0x1d, 0x70, 0x0, 0x0, 0xd7, 0x0, 0x0,
    0xd, 0x70, 0x0, 0x0, 0xdf, 0xff, 0xfc, 0xd,
    0x82, 0x22, 0x10, 0xd7, 0x0, 0x0, 0xd, 0x70,
    0x0, 0x0, 0xd8, 0x22, 0x22, 0x1d, 0xff, 0xff,
    0xf7,

    /* U+00CB "Ë" */
    0xc, 0x50, 0xd4, 0x0, 0x52, 0x6, 0x10, 0xdf,
    0xff, 0xff, 0x6d, 0x82, 0x22, 0x21, 0xd7, 0x0,
    0x0, 0xd, 0x70, 0x0, 0x0, 0xd7, 0x0, 0x0,
    0xd, 0xff, 0xff, 0xc0, 0xd8, 0x22, 0x21, 0xd,
    0x70, 0x0, 0x0, 0xd7, 0x0, 0x0, 0xd, 0x82,
    0x22, 0x21, 0xdf, 0xff, 0xff, 0x70,

    /* U+00CC "Ì" */
    0x7, 0x30, 0x5, 0xe1, 0x0, 0x53, 0x0, 0xc9,
    0x0, 0xc9, 0x0, 0xc9, 0x0, 0xc9, 0x0, 0xc9,
    0x0, 0xc9, 0x0, 0xc9, 0x0, 0xc9, 0x0, 0xc9,
    0x0, 0xc9, 0x0, 0xc9,

    /* U+00CD "Í" */
    0x5, 0x60, 0x2e, 0x30, 0x53, 0x0, 0xc9, 0x0,
    0xc9, 0x0, 0xc9, 0x0, 0xc9, 0x0, 0xc9, 0x0,
    0xc9, 0x0, 0xc9, 0x0, 0xc9, 0x0, 0xc9, 0x0,
    0xc9, 0x0, 0xc9, 0x0,

    /* U+00CE "Î" */
    0x0, 0x54, 0x0, 0x5b, 0xc2, 0x7, 0x2, 0x60,
    0xc, 0x90, 0x0, 0xc9, 0x0, 0xc, 0x90, 0x0,
    0xc9, 0x0, 0xc, 0x90, 0x0, 0xc9, 0x0, 0xc,
    0x90, 0x0, 0xc9, 0x0, 0xc, 0x90, 0x0, 0xc9,
    0x0, 0xc, 0x90,

    /* U+00CF "Ï" */
    0x2e, 0x13, 0xe0, 0x6, 0x1, 0x60, 0x0, 0xc9,
    0x0, 0x0, 0xc9, 0x0, 0x0, 0xc9, 0x0, 0x0,
    0xc9, 0x0, 0x0, 0xc9, 0x0, 0x0, 0xc9, 0x0,
    0x0, 0xc9, 0x0, 0x0, 0xc9, 0x0, 0x0, 0xc9,
    0x0, 0x0, 0xc9, 0x0, 0x0, 0xc9, 0x0,

    /* U+00D0 "Ð" */
    0xa, 0xff, 0xfc, 0x40, 0x0, 0xab, 0x23, 0x7f,
    0x50, 0xa, 0xa0, 0x0, 0x6f, 0x0, 0xaa, 0x0,
    0x0, 0xf5, 0xa, 0xa0, 0x0, 0xd, 0x7e, 0xff,
    0xf5, 0x0, 0xb8, 0x2b, 0xb2, 0x0, 0xd, 0x80,
    0xaa, 0x0, 0x0, 0xf5, 0xa, 0xa0, 0x0, 0x7f,
    0x0, 0xab, 0x22, 0x7f, 0x60, 0xa, 0xff, 0xfc,
    0x40, 0x0,

    /* U+00D1 "Ñ" */
    0x0, 0x0, 0x0, 0x0, 0x2, 0xde, 0xee, 0x30,
    0x0, 0x11, 0x10, 0x0, 0xdc, 0x0, 0x0, 0x8d,
    0xdf, 0x50, 0x0, 0x8d, 0xde, 0xe0, 0x0, 0x8d,
    0xd8, 0xe8, 0x0, 0x8d, 0xd7, 0x5f, 0x20, 0x8d,
    0xd7, 0xc, 0xb0, 0x8d, 0xd7, 0x3, 0xf4, 0x8d,
    0xd7, 0x0, 0x9d, 0x8d, 0xd7, 0x0, 0x1e, 0xed,
    0xd7, 0x0, 0x6, 0xfd, 0xd7, 0x0, 0x0, 0xcd,

    /* U+00D2 "Ò" */
    0x0, 0x7, 0x30, 0x0, 0x0, 0x0, 0x6d, 0x0,
    0x0, 0x0, 0x0, 0x63, 0x0, 0x0, 0x3, 0xbf,
    0xe9, 0x0, 0x2, 0xf9, 0x35, 0xdb, 0x0, 0xab,
    0x0, 0x1, 0xf4, 0xf, 0x50, 0x0, 0xb, 0x92,
    0xf2, 0x0, 0x0, 0x9c, 0x2f, 0x10, 0x0, 0x8,
    0xc2, 0xf2, 0x0, 0x0, 0x9c, 0xf, 0x50, 0x0,
    0xb, 0x90, 0xab, 0x0, 0x1, 0xf5, 0x2, 0xf9,
    0x35, 0xdc, 0x0, 0x3, 0xbf, 0xe9, 0x0,

    /* U+00D3 "Ó" */
    0x0, 0x0, 0x5, 0x60, 0x0, 0x0, 0x3, 0xe2,
    0x0, 0x0, 0x0, 0x52, 0x0, 0x0, 0x3, 0xbf,
    0xe9, 0x0, 0x2, 0xf9, 0x35, 0xdb, 0x0, 0xab,
    0x0, 0x1, 0xf4, 0xf, 0x50, 0x0, 0xb, 0x92,
    0xf2, 0x0, 0x0, 0x9c, 0x2f, 0x10, 0x0, 0x8,
    0xc2, 0xf2, 0x0, 0x0, 0x9c, 0xf, 0x50, 0x0,
    0xb, 0x90, 0xab, 0x0, 0x1, 0xf5, 0x2, 0xf9,
    0x35, 0xdc, 0x0, 0x3, 0xbf, 0xe9, 0x0,

    /* U+00D4 "Ô" */
    0x0, 0x0, 0x63, 0x0, 0x0, 0x0, 0x6b, 0xd2,
    0x0, 0x0, 0x7, 0x2, 0x50, 0x0, 0x3, 0xbf,
    0xe9, 0x0, 0x2, 0xf9, 0x35, 0xdb, 0x0, 0xab,
    0x0, 0x1, 0xf4, 0xf, 0x50, 0x0, 0xb, 0x92,
    0xf2, 0x0, 0x0, 0x9c, 0x2f, 0x10, 0x0, 0x8,
    0xc2, 0xf2, 0x0, 0x0, 0x9c, 0xf, 0x50, 0x0,
    0xb, 0x90, 0xab, 0x0, 0x1, 0xf5, 0x2, 0xf9,
    0x35, 0xdc, 0x0, 0x3, 0xbf, 0xe9, 0x0,

    /* U+00D5 "Õ" */
    0x0, 0x0, 0x0, 0x0, 0x0, 0x4, 0xde, 0xee,
    0x10, 0x0, 0x1, 0x11, 0x0, 0x0, 0x3, 0xbf,
    0xe9, 0x0, 0x2, 0xf9, 0x35, 0xdb, 0x0, 0xab,
    0x0, 0x1, 0xf4, 0xf, 0x50, 0x0, 0xb, 0x92,
    0xf2, 0x0, 0x0, 0x9c, 0x2f, 0x10, 0x0, 0x8,
    0xc2, 0xf2, 0x0, 0x0, 0x9c, 0xf, 0x50, 0x0,
    0xb, 0x90, 0xab, 0x0, 0x1, 0xf5, 0x2, 0xf9,
    0x35, 0xdc, 0x0, 0x3, 0xbf, 0xe9, 0x0,

    /* U+00D6 "Ö" */
    0x0, 0x3e, 0x4, 0xd0, 0x0, 0x1, 0x60, 0x16,
    0x0, 0x0, 0x3b, 0xfe, 0x90, 0x0, 0x2f, 0x93,
    0x5d, 0xb0, 0xa, 0xb0, 0x0, 0x1f, 0x40, 0xf5,
    0x0, 0x0, 0xb9, 0x2f, 0x20, 0x0, 0x9, 0xc2,
    0xf1, 0x0, 0x0, 0x8c, 0x2f, 0x20, 0x0, 0x9,
    0xc0, 0xf5, 0x0, 0x0, 0xb9, 0xa, 0xb0, 0x0,
    0x1f, 0x50, 0x2f, 0x93, 0x5d, 0xc0, 0x0, 0x3b,
    0xfe, 0x90, 0x0,

    /* U+00D7 "×" */
    0x0, 0x0, 0x0, 0x2, 0xd2, 0x0, 0xa7, 0xa,
    0xd1, 0x9e, 0x20, 0xb, 0xee, 0x20, 0x0, 0x7f,
    0xc0, 0x0, 0x5f, 0x5d, 0xb0, 0x2f, 0x50, 0x1d,
    0x80, 0x30, 0x0, 0x21,

    /* U+00D8 "Ø" */
    0x0, 0x3b, 0xfe, 0x87, 0x90, 0x2f, 0x94, 0x5d,
    0xf0, 0xa, 0xb0, 0x0, 0xaf, 0x40, 0xf5, 0x0,
    0x3b, 0xb9, 0x2f, 0x20, 0xc, 0x28, 0xb2, 0xf1,
    0x5, 0x90, 0x8c, 0x2f, 0x20, 0xd1, 0x9, 0xc0,
    0xf5, 0x87, 0x0, 0xb9, 0xb, 0xcd, 0x0, 0x1f,
    0x50, 0x2f, 0xb3, 0x5d, 0xc0, 0x4, 0xcb, 0xfe,
    0x90, 0x0, 0x51, 0x0, 0x0, 0x0,

    /* U+00D9 "Ù" */
    0x0, 0x27, 0x0, 0x0, 0x0, 0x0, 0xa9, 0x0,
    0x0, 0x0, 0x0, 0x70, 0x0, 0x0, 0xf4, 0x0,
    0x2, 0xf2, 0xf, 0x40, 0x0, 0x2f, 0x20, 0xf4,
    0x0, 0x2, 0xf2, 0xf, 0x40, 0x0, 0x2f, 0x20,
    0xf4, 0x0, 0x2, 0xf2, 0xf, 0x40, 0x0, 0x2f,
    0x20, 0xf4, 0x0, 0x2, 0xf2, 0xf, 0x40, 0x0,
    0x2f, 0x20, 0xd7, 0x0, 0x6, 0xf0, 0x6, 0xf6,
    0x25, 0xe8, 0x0, 0x6, 0xdf, 0xd7, 0x0,

    /* U+00DA "Ú" */
    0x0, 0x0, 0x7, 0x30, 0x0, 0x0, 0x7, 0xc0,
    0x0, 0x0, 0x0, 0x70, 0x0, 0x0, 0xf4, 0x0,
    0x2, 0xf2, 0xf, 0x40, 0x0, 0x2f, 0x20, 0xf4,
    0x0, 0x2, 0xf2, 0xf, 0x40, 0x0, 0x2f, 0x20,
    0xf4, 0x0, 0x2, 0xf2, 0xf, 0x40, 0x0, 0x2f,
    0x20, 0xf4, 0x0, 0x2, 0xf2, 0xf, 0x40, 0x0,
    0x2f, 0x20, 0xd7, 0x0, 0x6, 0xf0, 0x6, 0xf6,
    0x25, 0xe8, 0x0, 0x6, 0xdf, 0xd7, 0x0,

    /* U+00DB "Û" */
    0x0, 0x0, 0x71, 0x0, 0x0, 0x0, 0xb9, 0xb0,
    0x0, 0x0, 0x26, 0x5, 0x30, 0x0, 0xf4, 0x0,
    0x2, 0xf2, 0xf, 0x40, 0x0, 0x2f, 0x20, 0xf4,
    0x0, 0x2, 0xf2, 0xf, 0x40, 0x0, 0x2f, 0x20,
    0xf4, 0x0, 0x2, 0xf2, 0xf, 0x40, 0x0, 0x2f,
    0x20, 0xf4, 0x0, 0x2, 0xf2, 0xf, 0x40, 0x0,
    0x2f, 0x20, 0xd7, 0x0, 0x6, 0xf0, 0x6, 0xf6,
    0x25, 0xe8, 0x0, 0x6, 0xdf, 0xd7, 0x0,

    /* U+00DC "Ü" */
    0x0, 0x7a, 0x8, 0x90, 0x0, 0x3, 0x40, 0x34,
    0x0, 0xf, 0x40, 0x0, 0x2f, 0x20, 0xf4, 0x0,
    0x2, 0xf2, 0xf, 0x40, 0x0, 0x2f, 0x20, 0xf4,
    0x0, 0x2, 0xf2, 0xf, 0x40, 0x0, 0x2f, 0x20,
    0xf4, 0x0, 0x2, 0xf2, 0xf, 0x40, 0x0, 0x2f,
    0x20, 0xf4, 0x0, 0x2, 0xf2, 0xd, 0x70, 0x0,
    0x6f, 0x0, 0x6f, 0x62, 0x5e, 0x80, 0x0, 0x6d,
    0xfd, 0x70, 0x0,

    /* U+00DD "Ý" */
    0x0, 0x0, 0x27, 0x10, 0x0, 0x0, 0xc, 0x70,
    0x0, 0x0, 0x2, 0x60, 0x0, 0xa, 0xd0, 0x0,
    0x7, 0xf1, 0x2f, 0x50, 0x0, 0xe8, 0x0, 0xad,
    0x0, 0x7f, 0x10, 0x2, 0xf4, 0xe, 0x80, 0x0,
    0xa, 0xc6, 0xf1, 0x0, 0x0, 0x2f, 0xf8, 0x0,
    0x0, 0x0, 0xaf, 0x10, 0x0, 0x0, 0x7, 0xd0,
    0x0, 0x0, 0x0, 0x7d, 0x0, 0x0, 0x0, 0x7,
    0xd0, 0x0, 0x0, 0x0, 0x7d, 0x0, 0x0,

    /* U+00DE "Þ" */
    0xd6, 0x0, 0x0, 0xd, 0x60, 0x0, 0x0, 0xd6,
    0x0, 0x0, 0xd, 0xff, 0xec, 0x40, 0xd7, 0x22,
    0x8f, 0x3d, 0x60, 0x0, 0xc8, 0xd6, 0x0, 0xb,
    0x9d, 0x60, 0x5, 0xf4, 0xdf, 0xff, 0xe6, 0xd,
    0x72, 0x10, 0x0, 0xd6, 0x0, 0x0, 0x0,

    /* U+00DF "ß" */
    0x1, 0xbf, 0xd5, 0x0, 0xb, 0xb2, 0x6f, 0x10,
    0xf, 0x40, 0xf, 0x20, 0xf, 0x30, 0x4e, 0x0,
    0xf, 0x30, 0xc8, 0x0, 0xf, 0x30, 0xe7, 0x0,
    0xf, 0x30, 0x6f, 0x50, 0xf, 0x30, 0x6, 0xf4,
    0xf, 0x30, 0x0, 0xaa, 0xf, 0x33, 0x0, 0xc8,
    0xf, 0x3b, 0xef, 0xa1,

    /* U+00E0 "à" */
    0x0, 0xbb, 0x0, 0x0, 0x0, 0xc5, 0x0, 0x0,
    0x0, 0x0, 0x0, 0x2b, 0xfe, 0x80, 0xe, 0x91,
    0x4f, 0x50, 0x30, 0x0, 0xb9, 0x2, 0xbe, 0xff,
    0x90, 0xe8, 0x0, 0xa9, 0x3f, 0x0, 0xb, 0x91,
    0xf8, 0x38, 0xf9, 0x5, 0xde, 0xa8, 0xa0,

    /* U+00E1 "á" */
    0x0, 0x0, 0xba, 0x0, 0x0, 0x6b, 0x0, 0x0,
    0x0, 0x0, 0x0, 0x2b, 0xfe, 0x80, 0xe, 0x91,
    0x4f, 0x50, 0x30, 0x0, 0xb9, 0x2, 0xbe, 0xff,
    0x90, 0xe8, 0x0, 0xa9, 0x3f, 0x0, 0xb, 0x91,
    0xf8, 0x38, 0xf9, 0x5, 0xde, 0xa8, 0xa0,

    /* U+00E2 "â" */
    0x0, 0xc, 0xb0, 0x0, 0xa, 0x56, 0x90, 0x0,
    0x0, 0x0, 0x0, 0x2b, 0xfe, 0x80, 0xe, 0x91,
    0x4f, 0x50, 0x30, 0x0, 0xb9, 0x2, 0xbe, 0xff,
    0x90, 0xe8, 0x0, 0xa9, 0x3f, 0x0, 0xb, 0x91,
    0xf8, 0x38, 0xf9, 0x5, 0xde, 0xa8, 0xa0,

    /* U+00E3 "ã" */
    0x0, 0x0, 0x0, 0x0, 0xc, 0xc1, 0xa5, 0x5,
    0x93, 0xed, 0x0, 0x0, 0x0, 0x0, 0x2, 0xbf,
    0xe8, 0x0, 0xe9, 0x14, 0xf5, 0x3, 0x0, 0xb,
    0x90, 0x2b, 0xef, 0xf9, 0xe, 0x80, 0xa, 0x93,
    0xf0, 0x0, 0xb9, 0x1f, 0x83, 0x8f, 0x90, 0x5d,
    0xea, 0x8a,

    /* U+00E4 "ä" */
    0x1, 0xe2, 0x2e, 0x10, 0x6, 0x0, 0x60, 0x0,
    0x0, 0x0, 0x0, 0x2b, 0xfe, 0x80, 0xe, 0x91,
    0x4f, 0x50, 0x30, 0x0, 0xb9, 0x2, 0xbe, 0xff,
    0x90, 0xe8, 0x0, 0xa9, 0x3f, 0x0, 0xb, 0x91,
    0xf8, 0x38, 0xf9, 0x5, 0xde, 0xa8, 0xa0,

    /* U+00E5 "å" */
    0x0, 0x1a, 0xa1, 0x0, 0x7, 0x45, 0x60, 0x0,
    0x1a, 0xa1, 0x0, 0x0, 0x0, 0x0, 0x2, 0xbf,
    0xe8, 0x0, 0xe9, 0x14, 0xf5, 0x3, 0x0, 0xb,
    0x90, 0x2b, 0xef, 0xf9, 0xe, 0x80, 0xa, 0x93,
    0xf0, 0x0, 0xb9, 0x1f, 0x83, 0x8f, 0x90, 0x5d,
    0xea, 0x8a,

    /* U+00E6 "æ" */
    0x4, 0xcf, 0xd5, 0x5d, 0xfc, 0x30, 0x1f, 0x72,
    0x5f, 0xf5, 0x28, 0xe0, 0x3, 0x0, 0xe, 0x80,
    0x0, 0xf3, 0x6, 0xdf, 0xff, 0xff, 0xff, 0xf5,
    0x3f, 0x50, 0xe, 0x70, 0x0, 0x0, 0x6d, 0x0,
    0xe, 0xb0, 0x0, 0x0, 0x4f, 0x42, 0x9e, 0xf7,
    0x23, 0xa0, 0x8, 0xef, 0xb2, 0x4d, 0xfd, 0x80,

    /* U+00E7 "ç" */
    0x1, 0xaf, 0xe8, 0x0, 0xcc, 0x23, 0xe7, 0x2f,
    0x20, 0x5, 0x95, 0xe0, 0x0, 0x0, 0x5e, 0x0,
    0x0, 0x2, 0xf2, 0x0, 0x37, 0xb, 0xb2, 0x3d,
    0x70, 0x1a, 0xfe, 0x80, 0x0, 0xd, 0x80, 0x0,
    0x0, 0xf, 0x0, 0x0, 0xd, 0x80, 0x0,

    /* U+00E8 "è" */
    0x0, 0xc9, 0x0, 0x0, 0x1, 0xd3, 0x0, 0x0,
    0x0, 0x0, 0x0, 0x9, 0xfe, 0x80, 0xa, 0xb2,
    0x4e, 0x62, 0xf1, 0x0, 0x7c, 0x5f, 0xff, 0xff,
    0xe5, 0xf2, 0x22, 0x22, 0x2f, 0x30, 0x0, 0x0,
    0xbd, 0x32, 0xa9, 0x1, 0xaf, 0xfa, 0x10,

    /* U+00E9 "é" */
    0x0, 0x0, 0xd9, 0x0, 0x0, 0x7a, 0x0, 0x0,
    0x0, 0x0, 0x0, 0x9, 0xfe, 0x80, 0xa, 0xb2,
    0x4e, 0x62, 0xf1, 0x0, 0x7c, 0x5f, 0xff, 0xff,
    0xe5, 0xf2, 0x22, 0x22, 0x2f, 0x30, 0x0, 0x0,
    0xbd, 0x32, 0xa9, 0x1, 0xaf, 0xfa, 0x10,

    /* U+00EA "ê" */
    0x0, 0x1d, 0xa0, 0x0, 0xb, 0x47, 0x70, 0x0,
    0x0, 0x0, 0x0, 0x9, 0xfe, 0x80, 0xa, 0xb2,
    0x4e, 0x62, 0xf1, 0x0, 0x7c, 0x5f, 0xff, 0xff,
    0xe5, 0xf2, 0x22, 0x22, 0x2f, 0x30, 0x0, 0x0,
    0xbd, 0x32, 0xa9, 0x1, 0xaf, 0xfa, 0x10,

    /* U+00EB "ë" */
    0x3, 0xe0, 0x4d, 0x0, 0x16, 0x1, 0x60, 0x0,
    0x0, 0x0, 0x0, 0x9, 0xfe, 0x80, 0xa, 0xb2,
    0x4e, 0x62, 0xf1, 0x0, 0x7c, 0x5f, 0xff, 0xff,
    0xe5, 0xf2, 0x22, 0x22, 0x2f, 0x30, 0x0, 0x0,
    0xbd, 0x32, 0xa9, 0x1, 0xaf, 0xfa, 0x10,

    /* U+00EC "ì" */
    0x1d, 0x70, 0x2, 0xd2, 0x0, 0x0, 0x0, 0xf5,
    0x0, 0xf5, 0x0, 0xf5, 0x0, 0xf5, 0x0, 0xf5,
    0x0, 0xf5, 0x0, 0xf5, 0x0, 0xf5,

    /* U+00ED "í" */
    0x1e, 0x69, 0x70, 0x0, 0xf, 0x50, 0xf5, 0xf,
    0x50, 0xf5, 0xf, 0x50, 0xf5, 0xf, 0x50, 0xf5,
    0x0,

    /* U+00EE "î" */
    0x3, 0xe9, 0x1, 0xb2, 0x85, 0x0, 0x0, 0x0,
    0xf, 0x50, 0x0, 0xf5, 0x0, 0xf, 0x50, 0x0,
    0xf5, 0x0, 0xf, 0x50, 0x0, 0xf5, 0x0, 0xf,
    0x50, 0x0, 0xf5, 0x0,

    /* U+00EF "ï" */
    0x5d, 0x6, 0xc1, 0x60, 0x25, 0x0, 0x0, 0x0,
    0xf, 0x50, 0x0, 0xf5, 0x0, 0xf, 0x50, 0x0,
    0xf5, 0x0, 0xf, 0x50, 0x0, 0xf5, 0x0, 0xf,
    0x50, 0x0, 0xf5, 0x0,

    /* U+00F0 "ð" */
    0x0, 0x20, 0x0, 0x0, 0x1, 0xfd, 0x35, 0x60,
    0x0, 0x1a, 0xfd, 0x10, 0x0, 0x2d, 0xaf, 0x30,
    0x0, 0x3, 0xb, 0xb0, 0x0, 0x8e, 0xda, 0xf1,
    0x9, 0xe4, 0x39, 0xf3, 0xf, 0x50, 0x0, 0xf4,
    0x1f, 0x20, 0x0, 0xf4, 0xf, 0x50, 0x3, 0xf1,
    0x9, 0xd4, 0x3c, 0xa0, 0x0, 0x8e, 0xf9, 0x0,

    /* U+00F1 "ñ" */
    0x0, 0x0, 0x0, 0x0, 0x1d, 0xb1, 0xb4, 0x6,
    0x84, 0xed, 0x0, 0x0, 0x0, 0x0, 0xf, 0x6d,
    0xfb, 0x10, 0xfd, 0x43, 0xe8, 0xf, 0x40, 0x8,
    0xb0, 0xf3, 0x0, 0x7c, 0xf, 0x30, 0x7, 0xc0,
    0xf3, 0x0, 0x7c, 0xf, 0x30, 0x7, 0xc0, 0xf3,
    0x0, 0x7c,

    /* U+00F2 "ò" */
    0x0, 0xba, 0x0, 0x0, 0x0, 0xd, 0x40, 0x0,
    0x0, 0x0, 0x0, 0x0, 0x0, 0x9e, 0xf9, 0x0,
    0xb, 0xc3, 0x3d, 0xa0, 0x2f, 0x20, 0x3, 0xf1,
    0x5f, 0x0, 0x0, 0xf4, 0x4f, 0x0, 0x0, 0xf5,
    0x2f, 0x20, 0x3, 0xf2, 0xa, 0xc3, 0x3d, 0xa0,
    0x0, 0xaf, 0xe9, 0x0,

    /* U+00F3 "ó" */
    0x0, 0x0, 0xc9, 0x0, 0x0, 0x6, 0xb0, 0x0,
    0x0, 0x0, 0x0, 0x0, 0x0, 0x9e, 0xf9, 0x0,
    0xb, 0xc3, 0x3d, 0xa0, 0x2f, 0x20, 0x3, 0xf1,
    0x5f, 0x0, 0x0, 0xf4, 0x4f, 0x0, 0x0, 0xf5,
    0x2f, 0x20, 0x3, 0xf2, 0xa, 0xc3, 0x3d, 0xa0,
    0x0, 0xaf, 0xe9, 0x0,

    /* U+00F4 "ô" */
    0x0, 0x1c, 0xb0, 0x0, 0x0, 0xb5, 0x68, 0x0,
    0x0, 0x0, 0x0, 0x0, 0x0, 0x9e, 0xf9, 0x0,
    0xb, 0xc3, 0x3d, 0xa0, 0x2f, 0x20, 0x3, 0xf1,
    0x5f, 0x0, 0x0, 0xf4, 0x4f, 0x0, 0x0, 0xf5,
    0x2f, 0x20, 0x3, 0xf2, 0xa, 0xc3, 0x3d, 0xa0,
    0x0, 0xaf, 0xe9, 0x0,

    /* U+00F5 "õ" */
    0x0, 0x0, 0x0, 0x0, 0x1, 0xdc, 0x1a, 0x40,
    0x6, 0x94, 0xed, 0x0, 0x0, 0x0, 0x0, 0x0,
    0x0, 0x9e, 0xf9, 0x0, 0xb, 0xc3, 0x3d, 0xa0,
    0x2f, 0x20, 0x3, 0xf1, 0x5f, 0x0, 0x0, 0xf4,
    0x4f, 0x0, 0x0, 0xf5, 0x2f, 0x20, 0x3, 0xf2,
    0xa, 0xc3, 0x3d, 0xa0, 0x0, 0xaf, 0xe9, 0x0,

    /* U+00F6 "ö" */
    0x2, 0xe1, 0x3e, 0x10, 0x0, 0x60, 0x16, 0x0,
    0x0, 0x0, 0x0, 0x0, 0x0, 0x9e, 0xf9, 0x0,
    0xb, 0xc3, 0x3d, 0xa0, 0x2f, 0x20, 0x3, 0xf1,
    0x5f, 0x0, 0x0, 0xf4, 0x4f, 0x0, 0x0, 0xf5,
    0x2f, 0x20, 0x3, 0xf2, 0xa, 0xc3, 0x3d, 0xa0,
    0x0, 0xaf, 0xe9, 0x0,

    /* U+00F7 "÷" */
    0x0, 0x5, 0x40, 0x0, 0x0, 0xa, 0x80, 0x0,
    0x0, 0x0, 0x0, 0x0, 0x1, 0x11, 0x11, 0x10,
    0x8f, 0xff, 0xff, 0xf5, 0x24, 0x44, 0x44, 0x41,
    0x0, 0x5, 0x40, 0x0, 0x0, 0xa, 0x80, 0x0,

    /* U+00F8 "ø" */
    0x0, 0x0, 0x5, 0x80, 0x0, 0x9e, 0xee, 0x20,
    0xb, 0xc3, 0x6f, 0xa0, 0x2f, 0x20, 0xa6, 0xf2,
    0x5f, 0x2, 0xb0, 0xf4, 0x5f, 0x9, 0x30, 0xf5,
    0x2f, 0x4b, 0x3, 0xf2, 0xb, 0xf7, 0x3d, 0xb0,
    0x1, 0xee, 0xe9, 0x0, 0x7, 0x60, 0x0, 0x0,

    /* U+00F9 "ù" */
    0x0, 0xc9, 0x0, 0x0, 0x1, 0xc4, 0x0, 0x0,
    0x0, 0x0, 0x1, 0xf3, 0x0, 0x8c, 0x1f, 0x30,
    0x8, 0xc1, 0xf3, 0x0, 0x8c, 0x1f, 0x30, 0x8,
    0xc1, 0xf3, 0x0, 0x8c, 0xf, 0x30, 0x8, 0xc0,
    0xda, 0x25, 0xec, 0x3, 0xdf, 0xb9, 0xc0,

    /* U+00FA "ú" */
    0x0, 0x0, 0xd9, 0x0, 0x0, 0x79, 0x0, 0x0,
    0x0, 0x0, 0x1, 0xf3, 0x0, 0x8c, 0x1f, 0x30,
    0x8, 0xc1, 0xf3, 0x0, 0x8c, 0x1f, 0x30, 0x8,
    0xc1, 0xf3, 0x0, 0x8c, 0xf, 0x30, 0x8, 0xc0,
    0xda, 0x25, 0xec, 0x3, 0xdf, 0xb9, 0xc0,

    /* U+00FB "û" */
    0x0, 0x1d, 0xb0, 0x0, 0xa, 0x36, 0x70, 0x0,
    0x0, 0x0, 0x1, 0xf3, 0x0, 0x8c, 0x1f, 0x30,
    0x8, 0xc1, 0xf3, 0x0, 0x8c, 0x1f, 0x30, 0x8,
    0xc1, 0xf3, 0x0, 0x8c, 0xf, 0x30, 0x8, 0xc0,
    0xda, 0x25, 0xec, 0x3, 0xdf, 0xb9, 0xc0,

    /* U+00FC "ü" */
    0x3, 0xe1, 0x3e, 0x0, 0x16, 0x1, 0x60, 0x0,
    0x0, 0x0, 0x1, 0xf3, 0x0, 0x8c, 0x1f, 0x30,
    0x8, 0xc1, 0xf3, 0x0, 0x8c, 0x1f, 0x30, 0x8,
    0xc1, 0xf3, 0x0, 0x8c, 0xf, 0x30, 0x8, 0xc0,
    0xda, 0x25, 0xec, 0x3, 0xdf, 0xb9, 0xc0,

    /* U+00FD "ý" */
    0x0, 0x4, 0xf3, 0x0, 0x0, 0xc4, 0x0, 0x0,
    0x0, 0x0, 0xa, 0xa0, 0x1, 0xf4, 0x5f, 0x0,
    0x5e, 0x0, 0xf5, 0xa, 0xa0, 0xa, 0xa0, 0xe4,
    0x0, 0x5e, 0x3f, 0x0, 0x0, 0xfc, 0xa0, 0x0,
    0xa, 0xf5, 0x0, 0x0, 0x4f, 0x0, 0x0, 0x7,
    0xa0, 0x0, 0x14, 0xe4, 0x0, 0x6, 0xf8, 0x0,
    0x0,

    /* U+00FE "þ" */
    0xf4, 0x0, 0x0, 0xf, 0x40, 0x0, 0x0, 0xf4,
    0x0, 0x0, 0xf, 0x8c, 0xfb, 0x10, 0xfc, 0x34,
    0xdb, 0xf, 0x40, 0x4, 0xf1, 0xf4, 0x0, 0xf,
    0x3f, 0x40, 0x0, 0xf3, 0xf4, 0x0, 0x4f, 0x1f,
    0xc2, 0x3d, 0xa0, 0xf8, 0xdf, 0xb1, 0xf, 0x40,
    0x0, 0x0, 0xf4, 0x0, 0x0, 0xf, 0x40, 0x0,
    0x0,

    /* U+00FF "ÿ" */
    0x9, 0x90, 0x98, 0x0, 0x34, 0x4, 0x30, 0x0,
    0x0, 0x0, 0xa, 0xa0, 0x1, 0xf4, 0x5f, 0x0,
    0x5e, 0x0, 0xf5, 0xa, 0xa0, 0xa, 0xa0, 0xe4,
    0x0, 0x5e, 0x3f, 0x0, 0x0, 0xfc, 0xa0, 0x0,
    0xa, 0xf5, 0x0, 0x0, 0x4f, 0x0, 0x0, 0x7,
    0xa0, 0x0, 0x14, 0xe4, 0x0, 0x6, 0xf8, 0x0,
    0x0,

    /* U+0100 "Ā" */
    0x0, 0x9e, 0xee, 0xd0, 0x0, 0x1, 0x11, 0x11,
    0x0, 0x0, 0x2, 0xf4, 0x0, 0x0, 0x0, 0x8f,
    0xa0, 0x0, 0x0, 0xd, 0x8f, 0x0, 0x0, 0x3,
    0xf0, 0xe5, 0x0, 0x0, 0x8b, 0x9, 0xb0, 0x0,
    0xe, 0x50, 0x3f, 0x10, 0x4, 0xf1, 0x0, 0xe6,
    0x0, 0x9f, 0xff, 0xff, 0xb0, 0xe, 0x72, 0x22,
    0x5f, 0x14, 0xf1, 0x0, 0x0, 0xe6, 0xab, 0x0,
    0x0, 0x8, 0xc0,

    /* U+0101 "ā" */
    0x4, 0xff, 0xff, 0x40, 0x0, 0x0, 0x0, 0x0,
    0x0, 0x0, 0x0, 0x2b, 0xfe, 0x80, 0xe, 0x91,
    0x4f, 0x50, 0x30, 0x0, 0xb9, 0x2, 0xbe, 0xff,
    0x90, 0xe8, 0x0, 0xa9, 0x3f, 0x0, 0xb, 0x91,
    0xf8, 0x38, 0xf9, 0x5, 0xde, 0xa8, 0xa0,

    /* U+0102 "Ă" */
    0x0, 0x5b, 0x8, 0x80, 0x0, 0x0, 0x9d, 0xb1,
    0x0, 0x0, 0x2, 0xf4, 0x0, 0x0, 0x0, 0x8f,
    0xa0, 0x0, 0x0, 0xd, 0x8f, 0x0, 0x0, 0x3,
    0xf0, 0xe5, 0x0, 0x0, 0x8b, 0x9, 0xb0, 0x0,
    0xe, 0x50, 0x3f, 0x10, 0x4, 0xf1, 0x0, 0xe6,
    0x0, 0x9f, 0xff, 0xff, 0xb0, 0xe, 0x72, 0x22,
    0x5f, 0x14, 0xf1, 0x0, 0x0, 0xe6, 0xab, 0x0,
    0x0, 0x8, 0xc0,

    /* U+0103 "ă" */
    0x0, 0xf1, 0x2e, 0x0, 0x5, 0xdd, 0x40, 0x0,
    0x0, 0x0, 0x0, 0x2b, 0xfe, 0x80, 0xe, 0x91,
    0x4f, 0x50, 0x30, 0x0, 0xb9, 0x2, 0xbe, 0xff,
    0x90, 0xe8, 0x0, 0xa9, 0x3f, 0x0, 0xb, 0x91,
    0xf8, 0x38, 0xf9, 0x5, 0xde, 0xa8, 0xa0,

    /* U+0104 "Ą" */
    0x0, 0x2, 0xf4, 0x0, 0x0, 0x0, 0x8f, 0xa0,
    0x0, 0x0, 0xd, 0x8f, 0x0, 0x0, 0x3, 0xf0,
    0xe5, 0x0, 0x0, 0x8b, 0x9, 0xb0, 0x0, 0xe,
    0x50, 0x3f, 0x10, 0x4, 0xf1, 0x0, 0xe6, 0x0,
    0x9f, 0xff, 0xff, 0xb0, 0xe, 0x72, 0x22, 0x5f,
    0x14, 0xf1, 0x0, 0x0, 0xe6, 0xab, 0x0, 0x0,
    0x9, 0xc0, 0x0, 0x0, 0x2, 0xd3, 0x0, 0x0,
    0x0, 0x89, 0x0, 0x0, 0x0, 0x4, 0xfa,

    /* U+0105 "ą" */
    0x2, 0xbf, 0xe8, 0x0, 0xe9, 0x14, 0xf5, 0x3,
    0x0, 0xb, 0x90, 0x2b, 0xef, 0xf9, 0xe, 0x80,
    0xa, 0x93, 0xf0, 0x0, 0xb9, 0x1f, 0x83, 0x8f,
    0x90, 0x5d, 0xea, 0xab, 0x0, 0x0, 0x3d, 0x10,
    0x0, 0x9, 0x81, 0x0, 0x0, 0x5f, 0x90,

    /* U+0106 "Ć" */
    0x0, 0x0, 0x1e, 0x60, 0x0, 0x0, 0x8, 0xb0,
    0x0, 0x0, 0x0, 0x71, 0x0, 0x0, 0x3, 0xbf,
    0xe9, 0x0, 0x2, 0xf8, 0x24, 0xcb, 0x0, 0xbb,
    0x0, 0x2, 0xf3, 0xf, 0x50, 0x0, 0x8, 0x32,
    0xf3, 0x0, 0x0, 0x0, 0x3f, 0x20, 0x0, 0x0,
    0x2, 0xf3, 0x0, 0x0, 0x0, 0xf, 0x50, 0x0,
    0x7, 0x30, 0xba, 0x0, 0x2, 0xf3, 0x3, 0xf8,
    0x24, 0xcb, 0x0, 0x4, 0xcf, 0xe9, 0x0,

    /* U+0107 "ć" */
    0x0, 0x1, 0xf5, 0x0, 0x0, 0xb6, 0x0, 0x0,
    0x0, 0x0, 0x0, 0x1a, 0xfe, 0x80, 0xc, 0xc2,
    0x3e, 0x72, 0xf2, 0x0, 0x59, 0x5e, 0x0, 0x0,
    0x5, 0xe0, 0x0, 0x0, 0x2f, 0x20, 0x3, 0x70,
    0xbb, 0x23, 0xd7, 0x1, 0xaf, 0xe8, 0x0,

    /* U+0108 "Ĉ" */
    0x0, 0x3, 0xe7, 0x0, 0x0, 0x2, 0xd2, 0xb4,
    0x0, 0x0, 0x0, 0x0, 0x0, 0x0, 0x3, 0xbf,
    0xe9, 0x0, 0x2, 0xf8, 0x24, 0xcb, 0x0, 0xbb,
    0x0, 0x2, 0xf3, 0xf, 0x50, 0x0, 0x8, 0x32,
    0xf3, 0x0, 0x0, 0x0, 0x3f, 0x20, 0x0, 0x0,
    0x2, 0xf3, 0x0, 0x0, 0x0, 0xf, 0x50, 0x0,
    0x7, 0x30, 0xba, 0x0, 0x2, 0xf3, 0x3, 0xf8,
    0x24, 0xcb, 0x0, 0x4, 0xcf, 0xe9, 0x0,

    /* U+0109 "ĉ" */
    0x0, 0x3e, 0x70, 0x0, 0x2c, 0x2b, 0x40, 0x0,
    0x0, 0x0, 0x0, 0x1a, 0xfe, 0x80, 0xc, 0xc2,
    0x3e, 0x72, 0xf2, 0x0, 0x59, 0x5e, 0x0, 0x0,
    0x5, 0xe0, 0x0, 0x0, 0x2f, 0x20, 0x3, 0x70,
    0xbb, 0x23, 0xd7, 0x1, 0xaf, 0xe8, 0x0,

    /* U+010A "Ċ" */
    0x0, 0x0, 0x61, 0x0, 0x0, 0x0, 0xe, 0x40,
    0x0, 0x0, 0x0, 0x0, 0x0, 0x0, 0x3, 0xbf,
    0xe9, 0x0, 0x2, 0xf8, 0x24, 0xcb, 0x0, 0xbb,
    0x0, 0x2, 0xf3, 0xf, 0x50, 0x0, 0x8, 0x32,
    0xf3, 0x0, 0x0, 0x0, 0x3f, 0x20, 0x0, 0x0,
    0x2, 0xf3, 0x0, 0x0, 0x0, 0xf, 0x50, 0x0,
    0x7, 0x30, 0xba, 0x0, 0x2, 0xf3, 0x3, 0xf8,
    0x24, 0xcb, 0x0, 0x4, 0xcf, 0xe9, 0x0,

    /* U+010B "ċ" */
    0x0, 0xe, 0x30, 0x0, 0x0, 0x61, 0x0, 0x0,
    0x0, 0x0, 0x0, 0x1a, 0xfe, 0x80, 0xc, 0xc2,
    0x3e, 0x72, 0xf2, 0x0, 0x59, 0x5e, 0x0, 0x0,
    0x5, 0xe0, 0x0, 0x0, 0x2f, 0x20, 0x3, 0x70,
    0xbb, 0x23, 0xd7, 0x1, 0xaf, 0xe8, 0x0,

    /* U+010C "Č" */
    0x0, 0x2d, 0x2b, 0x70, 0x0, 0x0, 0x7f, 0xb0,
    0x0, 0x0, 0x0, 0x71, 0x0, 0x0, 0x3, 0xbf,
    0xe9, 0x0, 0x2, 0xf8, 0x24, 0xcb, 0x0, 0xbb,
    0x0, 0x2, 0xf3, 0xf, 0x50, 0x0, 0x8, 0x32,
    0xf3, 0x0, 0x0, 0x0, 0x3f, 0x20, 0x0, 0x0,
    0x2, 0xf3, 0x0, 0x0, 0x0, 0xf, 0x50, 0x0,
    0x7, 0x30, 0xba, 0x0, 0x2, 0xf3, 0x3, 0xf8,
    0x24, 0xcb, 0x0, 0x4, 0xcf, 0xe9, 0x0,

    /* U+010D "č" */
    0x2, 0xc2, 0xb5, 0x0, 0x3, 0xe6, 0x0, 0x0,
    0x0, 0x0, 0x0, 0x1a, 0xfe, 0x70, 0xc, 0xc2,
    0x4e, 0x62, 0xf2, 0x0, 0x7c, 0x5e, 0x0, 0x0,
    0x5, 0xe0, 0x0, 0x0, 0x2f, 0x20, 0x3, 0x60,
    0xbb, 0x23, 0xd8, 0x1, 0xaf, 0xe8, 0x0,

    /* U+010E "Ď" */
    0x5, 0x20, 0x70, 0x0, 0x2, 0xca, 0x60, 0x0,
    0x0, 0x36, 0x0, 0x0, 0xdf, 0xfe, 0xb2, 0x0,
    0xd8, 0x23, 0x9f, 0x30, 0xd7, 0x0, 0x9, 0xc0,
    0xd7, 0x0, 0x2, 0xf2, 0xd7, 0x0, 0x0, 0xf4,
    0xd7, 0x0, 0x0, 0xf5, 0xd7, 0x0, 0x0, 0xf4,
    0xd7, 0x0, 0x3, 0xf2, 0xd7, 0x0, 0xa, 0xc0,
    0xd8, 0x23, 0x9f, 0x30, 0xdf, 0xfe, 0xb3, 0x0,

    /* U+010F "ď" */
    0x0, 0x0, 0x6, 0xe2, 0xf0, 0x0, 0x0, 0x6,
    0xe5, 0xd0, 0x0, 0x0, 0x6, 0xe5, 0x30, 0x1,
    0xbf, 0xc9, 0xe0, 0x0, 0xb, 0xc3, 0x4d, 0xe0,
    0x0, 0x2f, 0x30, 0x6, 0xe0, 0x0, 0x4f, 0x0,
    0x6, 0xe0, 0x0, 0x4f, 0x0, 0x6, 0xe0, 0x0,
    0x2f, 0x20, 0x6, 0xe0, 0x0, 0xb, 0xb1, 0x2c,
    0xe0, 0x0, 0x1, 0xbf, 0xd9, 0xe0, 0x0,

    /* U+0110 "Đ" */
    0xa, 0xff, 0xfc, 0x40, 0x0, 0xab, 0x23, 0x7f,
    0x50, 0xa, 0xa0, 0x0, 0x6f, 0x0, 0xaa, 0x0,
    0x0, 0xf5, 0xa, 0xa0, 0x0, 0xd, 0x7e, 0xff,
    0xf5, 0x0, 0xb8, 0x2b, 0xb2, 0x0, 0xd, 0x80,
    0xaa, 0x0, 0x0, 0xf5, 0xa, 0xa0, 0x0, 0x7f,
    0x0, 0xab, 0x22, 0x7f, 0x60, 0xa, 0xff, 0xfc,
    0x40, 0x0,

    /* U+0111 "đ" */
    0x0, 0x0, 0x6, 0xe0, 0x0, 0x0, 0x2f, 0xff,
    0xf2, 0x0, 0x0, 0x27, 0xe2, 0x0, 0x1b, 0xfc,
    0x9e, 0x0, 0xb, 0xc3, 0x4d, 0xe0, 0x2, 0xf3,
    0x0, 0x6e, 0x0, 0x4f, 0x0, 0x6, 0xe0, 0x4,
    0xf0, 0x0, 0x6e, 0x0, 0x2f, 0x20, 0x6, 0xe0,
    0x0, 0xbb, 0x12, 0xce, 0x0, 0x1, 0xbf, 0xd9,
    0xe0, 0x0,

    /* U+0112 "Ē" */
    0xe, 0xee, 0xe8, 0x0, 0x11, 0x11, 0x0, 0xdf,
    0xff, 0xff, 0x6d, 0x82, 0x22, 0x21, 0xd7, 0x0,
    0x0, 0xd, 0x70, 0x0, 0x0, 0xd7, 0x0, 0x0,
    0xd, 0xff, 0xff, 0xc0, 0xd8, 0x22, 0x21, 0xd,
    0x70, 0x0, 0x0, 0xd7, 0x0, 0x0, 0xd, 0x82,
    0x22, 0x21, 0xdf, 0xff, 0xff, 0x70,

    /* U+0113 "ē" */
    0x6, 0xff, 0xff, 0x30, 0x0, 0x0, 0x0, 0x0,
    0x0, 0x0, 0x0, 0x9, 0xfe, 0x80, 0xa, 0xb2,
    0x4e, 0x62, 0xf1, 0x0, 0x7c, 0x5f, 0xff, 0xff,
    0xe5, 0xf2, 0x22, 0x22, 0x2f, 0x30, 0x0, 0x0,
    0xbd, 0x32, 0xa9, 0x1, 0xaf, 0xfa, 0x10,

    /* U+0114 "Ĕ" */
    0xb, 0x60, 0xd2, 0x0, 0x2c, 0xd8, 0x0, 0xdf,
    0xff, 0xff, 0x6d, 0x82, 0x22, 0x21, 0xd7, 0x0,
    0x0, 0xd, 0x70, 0x0, 0x0, 0xd7, 0x0, 0x0,
    0xd, 0xff, 0xff, 0xc0, 0xd8, 0x22, 0x21, 0xd,
    0x70, 0x0, 0x0, 0xd7, 0x0, 0x0, 0xd, 0x82,
    0x22, 0x21, 0xdf, 0xff, 0xff, 0x70,

    /* U+0115 "ĕ" */
    0x1, 0xe1, 0x4c, 0x0, 0x6, 0xdc, 0x30, 0x0,
    0x0, 0x0, 0x0, 0x9, 0xfe, 0x80, 0xa, 0xb2,
    0x4e, 0x62, 0xf1, 0x0, 0x7c, 0x5f, 0xff, 0xff,
    0xe5, 0xf2, 0x22, 0x22, 0x2f, 0x30, 0x0, 0x0,
    0xbd, 0x32, 0xa9, 0x1, 0xaf, 0xfa, 0x10,

    /* U+0116 "Ė" */
    0x0, 0x5c, 0x0, 0x0, 0x2, 0x60, 0x0, 0xdf,
    0xff, 0xff, 0x6d, 0x82, 0x22, 0x21, 0xd7, 0x0,
    0x0, 0xd, 0x70, 0x0, 0x0, 0xd7, 0x0, 0x0,
    0xd, 0xff, 0xff, 0xc0, 0xd8, 0x22, 0x21, 0xd,
    0x70, 0x0, 0x0, 0xd7, 0x0, 0x0, 0xd, 0x82,
    0x22, 0x21, 0xdf, 0xff, 0xff, 0x70,

    /* U+0117 "ė" */
    0x0, 0xb, 0x70, 0x0, 0x0, 0x53, 0x0, 0x0,
    0x0, 0x0, 0x0, 0x9, 0xfe, 0x80, 0xa, 0xb2,
    0x4e, 0x62, 0xf1, 0x0, 0x7c, 0x5f, 0xff, 0xff,
    0xe5, 0xf2, 0x22, 0x22, 0x2f, 0x30, 0x0, 0x0,
    0xbd, 0x32, 0xa9, 0x1, 0xaf, 0xfa, 0x10,

    /* U+0118 "Ę" */
    0xdf, 0xff, 0xff, 0x6d, 0x82, 0x22, 0x21, 0xd7,
    0x0, 0x0, 0xd, 0x70, 0x0, 0x0, 0xd7, 0x0,
    0x0, 0xd, 0xff, 0xff, 0xc0, 0xd8, 0x22, 0x21,
    0xd, 0x70, 0x0, 0x0, 0xd7, 0x0, 0x0, 0xd,
    0x82, 0x22, 0x21, 0xdf, 0xff, 0xff, 0x70, 0x0,
    0xb, 0x60, 0x0, 0x3, 0xe1, 0x0, 0x0, 0x1d,
    0xe0,

    /* U+0119 "ę" */
    0x0, 0x9f, 0xe8, 0x0, 0xab, 0x24, 0xe6, 0x1f,
    0x10, 0x7, 0xc5, 0xff, 0xff, 0xfe, 0x5f, 0x22,
    0x22, 0x22, 0xf3, 0x0, 0x0, 0xb, 0xd3, 0x2a,
    0x90, 0x1a, 0xff, 0xc1, 0x0, 0x5, 0xc0, 0x0,
    0x0, 0xa7, 0x10, 0x0, 0x5, 0xf8, 0x0,

    /* U+011A "Ě" */
    0x5, 0x30, 0x71, 0x0, 0x1c, 0xa8, 0x0, 0x0,
    0x36, 0x0, 0xd, 0xff, 0xff, 0xf6, 0xd8, 0x22,
    0x22, 0x1d, 0x70, 0x0, 0x0, 0xd7, 0x0, 0x0,
    0xd, 0x70, 0x0, 0x0, 0xdf, 0xff, 0xfc, 0xd,
    0x82, 0x22, 0x10, 0xd7, 0x0, 0x0, 0xd, 0x70,
    0x0, 0x0, 0xd8, 0x22, 0x22, 0x1d, 0xff, 0xff,
    0xf7,

    /* U+011B "ě" */
    0x0, 0xc4, 0x89, 0x0, 0x1, 0xca, 0x0, 0x0,
    0x0, 0x0, 0x0, 0x9, 0xfe, 0x80, 0xa, 0xb2,
    0x4e, 0x62, 0xf1, 0x0, 0x7c, 0x5f, 0xff, 0xff,
    0xe5, 0xf2, 0x22, 0x22, 0x2f, 0x30, 0x0, 0x0,
    0xbd, 0x32, 0xa9, 0x1, 0xaf, 0xfa, 0x10,

    /* U+011C "Ĝ" */
    0x0, 0x4, 0xf6, 0x0, 0x0, 0x2, 0xd2, 0xc4,
    0x0, 0x0, 0x0, 0x0, 0x0, 0x0, 0x4, 0xcf,
    0xe9, 0x10, 0x3, 0xf9, 0x34, 0xcb, 0x0, 0xba,
    0x0, 0x2, 0xf3, 0xf, 0x50, 0x0, 0x7, 0x32,
    0xf3, 0x0, 0x0, 0x0, 0x2f, 0x20, 0x0, 0x0,
    0x1, 0xf3, 0x1, 0xff, 0xf7, 0xf, 0x60, 0x2,
    0x2d, 0x80, 0xac, 0x0, 0x0, 0xc8, 0x2, 0xfa,
    0x33, 0x6f, 0x60, 0x2, 0xbe, 0xfc, 0x60,

    /* U+011D "ĝ" */
    0x0, 0x2d, 0x90, 0x0, 0xc, 0x38, 0x60, 0x0,
    0x0, 0x0, 0x0, 0x1b, 0xfd, 0x8e, 0xb, 0xc3,
    0x4d, 0xe2, 0xf2, 0x0, 0x6e, 0x4f, 0x0, 0x5,
    0xe4, 0xf0, 0x0, 0x5e, 0x2f, 0x20, 0x6, 0xe0,
    0xbc, 0x34, 0xde, 0x1, 0xbf, 0xc9, 0xe0, 0x0,
    0x0, 0x7c, 0xb, 0x72, 0x4e, 0x60, 0x3b, 0xfe,
    0x70,

    /* U+011E "Ğ" */
    0x0, 0x34, 0x3, 0x40, 0x0, 0x4, 0xc0, 0xa7,
    0x0, 0x0, 0x8, 0xda, 0x0, 0x0, 0x4, 0xcf,
    0xe9, 0x10, 0x3, 0xf9, 0x34, 0xcb, 0x0, 0xba,
    0x0, 0x2, 0xf3, 0xf, 0x50, 0x0, 0x7, 0x32,
    0xf3, 0x0, 0x0, 0x0, 0x2f, 0x20, 0x0, 0x0,
    0x1, 0xf3, 0x1, 0xff, 0xf7, 0xf, 0x60, 0x2,
    0x2d, 0x80, 0xac, 0x0, 0x0, 0xc8, 0x2, 0xfa,
    0x33, 0x6f, 0x60, 0x2, 0xbe, 0xfc, 0x60,

    /* U+011F "ğ" */
    0x2, 0xe0, 0x5c, 0x0, 0x7, 0xdc, 0x30, 0x0,
    0x0, 0x0, 0x0, 0x1b, 0xfd, 0x8e, 0xb, 0xc3,
    0x4d, 0xe2, 0xf2, 0x0, 0x6e, 0x4f, 0x0, 0x5,
    0xe4, 0xf0, 0x0, 0x5e, 0x2f, 0x20, 0x6, 0xe0,
    0xbc, 0x34, 0xde, 0x1, 0xbf, 0xc9, 0xe0, 0x0,
    0x0, 0x7c, 0xb, 0x72, 0x4e, 0x60, 0x3b, 0xfe,
    0x70,

    /* U+0120 "Ġ" */
    0x0, 0x0, 0x61, 0x0, 0x0, 0x0, 0x1e, 0x30,
    0x0, 0x0, 0x0, 0x0, 0x0, 0x0, 0x4, 0xcf,
    0xe9, 0x10, 0x3, 0xf9, 0x34, 0xcb, 0x0, 0xba,
    0x0, 0x2, 0xf3, 0xf, 0x50, 0x0, 0x7, 0x32,
    0xf3, 0x0, 0x0, 0x0, 0x2f, 0x20, 0x0, 0x0,
    0x1, 0xf3, 0x1, 0xff, 0xf7, 0xf, 0x60, 0x2,
    0x2d, 0x80, 0xac, 0x0, 0x0, 0xc8, 0x2, 0xfa,
    0x33, 0x6f, 0x60, 0x2, 0xbe, 0xfc, 0x60,

    /* U+0121 "ġ" */
    0x0, 0xc, 0x60, 0x0, 0x0, 0x52, 0x0, 0x0,
    0x0, 0x0, 0x0, 0x1b, 0xfd, 0x8e, 0xb, 0xc3,
    0x4d, 0xe2, 0xf2, 0x0, 0x6e, 0x4f, 0x0, 0x5,
    0xe4, 0xf0, 0x0, 0x5e, 0x2f, 0x20, 0x6, 0xe0,
    0xbc, 0x34, 0xde, 0x1, 0xbf, 0xc9, 0xe0, 0x0,
    0x0, 0x7c, 0xb, 0x72, 0x4e, 0x60, 0x3b, 0xfe,
    0x70,

    /* U+0122 "Ģ" */
    0x0, 0x4c, 0xfe, 0x91, 0x0, 0x3f, 0x93, 0x4c,
    0xb0, 0xb, 0xa0, 0x0, 0x2f, 0x30, 0xf5, 0x0,
    0x0, 0x73, 0x2f, 0x30, 0x0, 0x0, 0x2, 0xf2,
    0x0, 0x0, 0x0, 0x1f, 0x30, 0x1f, 0xff, 0x70,
    0xf6, 0x0, 0x22, 0xd8, 0xa, 0xc0, 0x0, 0xc,
    0x80, 0x2f, 0xa3, 0x36, 0xf6, 0x0, 0x2b, 0xef,
    0xc6, 0x0, 0x0, 0x5, 0x40, 0x0, 0x0, 0x0,
    0xa8, 0x0, 0x0, 0x0, 0xe, 0x30, 0x0, 0x0,
    0x0, 0x20, 0x0, 0x0,

    /* U+0123 "ģ" */
    0x0, 0x0, 0x0, 0x0, 0x0, 0x59, 0x0, 0x0,
    0xc, 0x70, 0x0, 0x0, 0xd6, 0x0, 0x0, 0x0,
    0x0, 0x0, 0x1b, 0xfd, 0x8e, 0xb, 0xc3, 0x4d,
    0xe2, 0xf2, 0x0, 0x6e, 0x4f, 0x0, 0x5, 0xe4,
    0xf0, 0x0, 0x5e, 0x2f, 0x20, 0x6, 0xe0, 0xbc,
    0x34, 0xde, 0x1, 0xbf, 0xc9, 0xe0, 0x0, 0x0,
    0x7c, 0xb, 0x72, 0x4e, 0x60, 0x3b, 0xfe, 0x70,

    /* U+0124 "Ĥ" */
    0x0, 0x5, 0x30, 0x0, 0x0, 0x6b, 0xc2, 0x0,
    0x0, 0x70, 0x25, 0x0, 0xd7, 0x0, 0x0, 0x8d,
    0xd7, 0x0, 0x0, 0x8d, 0xd7, 0x0, 0x0, 0x8d,
    0xd7, 0x0, 0x0, 0x8d, 0xd7, 0x0, 0x0, 0x8d,
    0xdf, 0xff, 0xff, 0xfd, 0xd8, 0x22, 0x22, 0x9d,
    0xd7, 0x0, 0x0, 0x8d, 0xd7, 0x0, 0x0, 0x8d,
    0xd7, 0x0, 0x0, 0x8d, 0xd7, 0x0, 0x0, 0x8d,

    /* U+0125 "ĥ" */
    0x0, 0x17, 0x0, 0x0, 0xc, 0x9a, 0x0, 0x3,
    0x40, 0x62, 0x0, 0xf3, 0x0, 0x0, 0xf, 0x30,
    0x0, 0x0, 0xf3, 0x0, 0x0, 0xf, 0x7d, 0xfb,
    0x10, 0xfd, 0x43, 0xe8, 0xf, 0x40, 0x8, 0xb0,
    0xf3, 0x0, 0x7c, 0xf, 0x30, 0x7, 0xc0, 0xf3,
    0x0, 0x7c, 0xf, 0x30, 0x7, 0xc0, 0xf3, 0x0,
    0x7c,

    /* U+0126 "Ħ" */
    0xe, 0x70, 0x0, 0x9, 0xc0, 0xe, 0x70, 0x0,
    0x9, 0xc0, 0xbf, 0xfe, 0xee, 0xef, 0xfa, 0x1e,
    0x71, 0x11, 0x19, 0xc1, 0xe, 0x70, 0x0, 0x9,
    0xc0, 0xe, 0xff, 0xff, 0xff, 0xc0, 0xe, 0x82,
    0x22, 0x2a, 0xc0, 0xe, 0x70, 0x0, 0x9, 0xc0,
    0xe, 0x70, 0x0, 0x9, 0xc0, 0xe, 0x70, 0x0,
    0x9, 0xc0, 0xe, 0x70, 0x0, 0x9, 0xc0,

    /* U+0127 "ħ" */
    0x0, 0xd6, 0x0, 0x0, 0x3f, 0xff, 0xf2, 0x0,
    0x2, 0xd8, 0x20, 0x0, 0x0, 0xd8, 0xbf, 0xc2,
    0x0, 0xdf, 0x53, 0xcb, 0x0, 0xd7, 0x0, 0x5f,
    0x0, 0xd6, 0x0, 0x4f, 0x0, 0xd6, 0x0, 0x4f,
    0x0, 0xd6, 0x0, 0x4f, 0x0, 0xd6, 0x0, 0x4f,
    0x0, 0xd6, 0x0, 0x4f,

    /* U+0128 "Ĩ" */
    0x0, 0x0, 0x0, 0x3d, 0xee, 0xe2, 0x1, 0x11,
    0x0, 0x0, 0xc9, 0x0, 0x0, 0xc9, 0x0, 0x0,
    0xc9, 0x0, 0x0, 0xc9, 0x0, 0x0, 0xc9, 0x0,
    0x0, 0xc9, 0x0, 0x0, 0xc9, 0x0, 0x0, 0xc9,
    0x0, 0x0, 0xc9, 0x0, 0x0, 0xc9, 0x0, 0x0,
    0xc9, 0x0,

    /* U+0129 "ĩ" */
    0x0, 0x0, 0x0, 0x2e, 0x90, 0xd1, 0x96, 0x6f,
    0xa0, 0x10, 0x0, 0x0, 0x0, 0xf5, 0x0, 0x0,
    0xf5, 0x0, 0x0, 0xf5, 0x0, 0x0, 0xf5, 0x0,
    0x0, 0xf5, 0x0, 0x0, 0xf5, 0x0, 0x0, 0xf5,
    0x0, 0x0, 0xf5, 0x0,

    /* U+012A "Ī" */
    0x5e, 0xee, 0xe3, 0x1, 0x11, 0x10, 0x0, 0xc9,
    0x0, 0x0, 0xc9, 0x0, 0x0, 0xc9, 0x0, 0x0,
    0xc9, 0x0, 0x0, 0xc9, 0x0, 0x0, 0xc9, 0x0,
    0x0, 0xc9, 0x0, 0x0, 0xc9, 0x0, 0x0, 0xc9,
    0x0, 0x0, 0xc9, 0x0, 0x0, 0xc9, 0x0,

    /* U+012B "ī" */
    0x8f, 0xff, 0xf1, 0x0, 0x0, 0x0, 0x0, 0x0,
    0x0, 0x0, 0xf5, 0x0, 0x0, 0xf5, 0x0, 0x0,
    0xf5, 0x0, 0x0, 0xf5, 0x0, 0x0, 0xf5, 0x0,
    0x0, 0xf5, 0x0, 0x0, 0xf5, 0x0, 0x0, 0xf5,
    0x0,

    /* U+012C "Ĭ" */
    0xf, 0x13, 0xd0, 0x6d, 0xd4, 0x0, 0xc9, 0x0,
    0xc, 0x90, 0x0, 0xc9, 0x0, 0xc, 0x90, 0x0,
    0xc9, 0x0, 0xc, 0x90, 0x0, 0xc9, 0x0, 0xc,
    0x90, 0x0, 0xc9, 0x0, 0xc, 0x90, 0x0, 0xc9,
    0x0,

    /* U+012D "ĭ" */
    0x3d, 0x6, 0xa0, 0x8d, 0xc2, 0x0, 0x0, 0x0,
    0xf, 0x50, 0x0, 0xf5, 0x0, 0xf, 0x50, 0x0,
    0xf5, 0x0, 0xf, 0x50, 0x0, 0xf5, 0x0, 0xf,
    0x50, 0x0, 0xf5, 0x0,

    /* U+012E "Į" */
    0xc, 0x90, 0xc9, 0xc, 0x90, 0xc9, 0xc, 0x90,
    0xc9, 0xc, 0x90, 0xc9, 0xc, 0x90, 0xc9, 0xf,
    0xa5, 0xc0, 0xc6, 0x17, 0xf7,

    /* U+012F "į" */
    0x0, 0xd4, 0x0, 0x61, 0x0, 0x0, 0x0, 0xf5,
    0x0, 0xf5, 0x0, 0xf5, 0x0, 0xf5, 0x0, 0xf5,
    0x0, 0xf5, 0x0, 0xf5, 0x0, 0xf5, 0x7, 0xa0,
    0xf, 0x30, 0xb, 0xf4,

    /* U+0130 "İ" */
    0xa7, 0x53, 0xc9, 0xc9, 0xc9, 0xc9, 0xc9, 0xc9,
    0xc9, 0xc9, 0xc9, 0xc9, 0xc9,

    /* U+0131 "ı" */
    0xf5, 0xf5, 0xf5, 0xf5, 0xf5, 0xf5, 0xf5, 0xf5,

    /* U+0132 "Ĳ" */
    0xc9, 0x0, 0x0, 0x0, 0xd7, 0xc9, 0x0, 0x0,
    0x0, 0xd7, 0xc9, 0x0, 0x0, 0x0, 0xd7, 0xc9,
    0x0, 0x0, 0x0, 0xd7, 0xc9, 0x0, 0x0, 0x0,
    0xd7, 0xc9, 0x0, 0x0, 0x0, 0xd7, 0xc9, 0x0,
    0x0, 0x0, 0xd7, 0xc9, 0x0, 0x0, 0x0, 0xd7,
    0xc9, 0xc, 0x80, 0x0, 0xf5, 0xc9, 0x7, 0xe3,
    0x8, 0xe1, 0xc9, 0x0, 0x8e, 0xfc, 0x30,

    /* U+0133 "ĳ" */
    0xd, 0x40, 0x99, 0x6, 0x10, 0x44, 0x0, 0x0,
    0x0, 0xf, 0x50, 0x9a, 0xf, 0x50, 0x9a, 0xf,
    0x50, 0x9a, 0xf, 0x50, 0x9a, 0xf, 0x50, 0x9a,
    0xf, 0x50, 0x9a, 0xf, 0x50, 0x9a, 0xf, 0x50,
    0x9a, 0x0, 0x0, 0x9a, 0x0, 0x3, 0xc8, 0x0,
    0xf, 0xd2,

    /* U+0134 "Ĵ" */
    0x0, 0x0, 0x6, 0x30, 0x0, 0x0, 0x7b, 0xd2,
    0x0, 0x0, 0x70, 0x35, 0x0, 0x0, 0xa, 0xa0,
    0x0, 0x0, 0xa, 0xa0, 0x0, 0x0, 0xa, 0xa0,
    0x0, 0x0, 0xa, 0xa0, 0x0, 0x0, 0xa, 0xa0,
    0x0, 0x0, 0xa, 0xa0, 0x0, 0x0, 0xa, 0xa0,
    0x11, 0x0, 0xa, 0xa0, 0x8c, 0x0, 0xd, 0x80,
    0x3f, 0x72, 0x7f, 0x20, 0x5, 0xdf, 0xd4, 0x0,

    /* U+0135 "ĵ" */
    0x1, 0xd9, 0x0, 0xc4, 0x97, 0x0, 0x0, 0x0,
    0xd, 0x70, 0x0, 0xd7, 0x0, 0xd, 0x70, 0x0,
    0xd7, 0x0, 0xd, 0x70, 0x0, 0xd7, 0x0, 0xd,
    0x70, 0x0, 0xd7, 0x0, 0xd, 0x60, 0x13, 0xf4,
    0x7, 0xf9, 0x0,

    /* U+0136 "Ķ" */
    0xd7, 0x0, 0x8, 0xe2, 0xd7, 0x0, 0x5f, 0x40,
    0xd7, 0x2, 0xf7, 0x0, 0xd7, 0x1e, 0xa0, 0x0,
    0xd7, 0xcd, 0x0, 0x0, 0xde, 0xfe, 0x10, 0x0,
    0xdf, 0x4d, 0xa0, 0x0, 0xd8, 0x3, 0xf6, 0x0,
    0xd7, 0x0, 0x8f, 0x10, 0xd7, 0x0, 0xc, 0xb0,
    0xd7, 0x0, 0x2, 0xf7, 0x0, 0x1f, 0x10, 0x0,
    0x0, 0x4e, 0x0, 0x0, 0x0, 0x56, 0x0, 0x0,

    /* U+0137 "ķ" */
    0xf, 0x30, 0x0, 0x0, 0xf, 0x30, 0x0, 0x0,
    0xf, 0x30, 0x0, 0x0, 0xf, 0x30, 0x4f, 0x50,
    0xf, 0x32, 0xe7, 0x0, 0xf, 0x5e, 0x90, 0x0,
    0xf, 0xef, 0x10, 0x0, 0xf, 0xcd, 0xa0, 0x0,
    0xf, 0x32, 0xf5, 0x0, 0xf, 0x30, 0x7e, 0x10,
    0xf, 0x30, 0xb, 0xb0, 0x0, 0x8, 0x10, 0x0,
    0x0, 0xf, 0x20, 0x0, 0x0, 0x5d, 0x0, 0x0,
    0x0, 0x2, 0x0, 0x0,

    /* U+0138 "ĸ" */
    0xf5, 0x0, 0xcb, 0xf, 0x50, 0xac, 0x0, 0xf5,
    0x9d, 0x10, 0xf, 0xff, 0x40, 0x0, 0xf7, 0xbd,
    0x0, 0xf, 0x51, 0xe9, 0x0, 0xf5, 0x4, 0xf5,
    0xf, 0x50, 0x8, 0xf2,

    /* U+0139 "Ĺ" */
    0x5, 0x60, 0x0, 0x2, 0xf3, 0x0, 0x0, 0xa7,
    0x0, 0x0, 0xd, 0x70, 0x0, 0x0, 0xd7, 0x0,
    0x0, 0xd, 0x70, 0x0, 0x0, 0xd7, 0x0, 0x0,
    0xd, 0x70, 0x0, 0x0, 0xd7, 0x0, 0x0, 0xd,
    0x70, 0x0, 0x0, 0xd7, 0x0, 0x0, 0xd, 0x70,
    0x0, 0x0, 0xd8, 0x22, 0x22, 0xd, 0xff, 0xff,
    0xf3,

    /* U+013A "ĺ" */
    0x1e, 0x6a, 0x70, 0x0, 0xf, 0x50, 0xf5, 0xf,
    0x50, 0xf5, 0xf, 0x50, 0xf5, 0xf, 0x50, 0xf5,
    0xf, 0x50, 0xf5, 0xf, 0x50,

    /* U+013B "Ļ" */
    0xd7, 0x0, 0x0, 0xd, 0x70, 0x0, 0x0, 0xd7,
    0x0, 0x0, 0xd, 0x70, 0x0, 0x0, 0xd7, 0x0,
    0x0, 0xd, 0x70, 0x0, 0x0, 0xd7, 0x0, 0x0,
    0xd, 0x70, 0x0, 0x0, 0xd7, 0x0, 0x0, 0xd,
    0x82, 0x22, 0x20, 0xdf, 0xff, 0xff, 0x30, 0x3,
    0x60, 0x0, 0x0, 0x6c, 0x0, 0x0, 0xb, 0x70,
    0x0, 0x0, 0x20, 0x0, 0x0,

    /* U+013C "ļ" */
    0xf, 0x50, 0xf5, 0xf, 0x50, 0xf5, 0xf, 0x50,
    0xf5, 0xf, 0x50, 0xf5, 0xf, 0x50, 0xf5, 0xf,
    0x50, 0x72, 0xf, 0x43, 0xe0, 0x2, 0x0,

    /* U+013D "Ľ" */
    0xd7, 0xa, 0x80, 0xd, 0x70, 0xc6, 0x0, 0xd7,
    0xc, 0x0, 0xd, 0x70, 0x0, 0x0, 0xd7, 0x0,
    0x0, 0xd, 0x70, 0x0, 0x0, 0xd7, 0x0, 0x0,
    0xd, 0x70, 0x0, 0x0, 0xd7, 0x0, 0x0, 0xd,
    0x82, 0x22, 0x20, 0xdf, 0xff, 0xff, 0x30,

    /* U+013E "ľ" */
    0xf5, 0x8a, 0xf5, 0xb8, 0xf5, 0x90, 0xf5, 0x0,
    0xf5, 0x0, 0xf5, 0x0, 0xf5, 0x0, 0xf5, 0x0,
    0xf5, 0x0, 0xf5, 0x0, 0xf5, 0x0,

    /* U+013F "Ŀ" */
    0xd7, 0x0, 0x0, 0xd, 0x70, 0x0, 0x0, 0xd7,
    0x0, 0x0, 0xd, 0x70, 0x0, 0x0, 0xd7, 0x6,
    0x20, 0xd, 0x70, 0xd5, 0x0, 0xd7, 0x0, 0x0,
    0xd, 0x70, 0x0, 0x0, 0xd7, 0x0, 0x0, 0xd,
    0x82, 0x22, 0x20, 0xdf, 0xff, 0xff, 0x30,

    /* U+0140 "ŀ" */
    0xf5, 0x0, 0xf5, 0x0, 0xf5, 0x0, 0xf5, 0x0,
    0xf5, 0x52, 0xf5, 0xb6, 0xf5, 0x0, 0xf5, 0x0,
    0xf5, 0x0, 0xf5, 0x0, 0xf5, 0x0,

    /* U+0141 "Ł" */
    0xd, 0x70, 0x0, 0x0, 0xd, 0x70, 0x0, 0x0,
    0xd, 0x70, 0x0, 0x0, 0xd, 0x70, 0x0, 0x0,
    0xd, 0xbb, 0x30, 0x0, 0x8f, 0xb3, 0x0, 0x0,
    0x3d, 0x70, 0x0, 0x0, 0xd, 0x70, 0x0, 0x0,
    0xd, 0x70, 0x0, 0x0, 0xd, 0x82, 0x22, 0x20,
    0xd, 0xff, 0xff, 0xf3,

    /* U+0142 "ł" */
    0xc, 0x70, 0xc, 0x70, 0xc, 0x70, 0xc, 0x70,
    0xc, 0xa4, 0x5e, 0xc3, 0x5d, 0x70, 0xc, 0x70,
    0xc, 0x70, 0xc, 0x70, 0xc, 0x70,

    /* U+0143 "Ń" */
    0x0, 0x0, 0x46, 0x0, 0x0, 0x2, 0xe3, 0x0,
    0x0, 0x4, 0x40, 0x0, 0xdc, 0x0, 0x0, 0x8d,
    0xdf, 0x50, 0x0, 0x8d, 0xde, 0xe0, 0x0, 0x8d,
    0xd8, 0xe8, 0x0, 0x8d, 0xd7, 0x5f, 0x20, 0x8d,
    0xd7, 0xc, 0xb0, 0x8d, 0xd7, 0x3, 0xf4, 0x8d,
    0xd7, 0x0, 0x9d, 0x8d, 0xd7, 0x0, 0x1e, 0xed,
    0xd7, 0x0, 0x6, 0xfd, 0xd7, 0x0, 0x0, 0xcd,

    /* U+0144 "ń" */
    0x0, 0x0, 0xc9, 0x0, 0x0, 0x7b, 0x0, 0x0,
    0x0, 0x0, 0x0, 0xf6, 0xdf, 0xb1, 0xf, 0xd4,
    0x3e, 0x80, 0xf4, 0x0, 0x8b, 0xf, 0x30, 0x7,
    0xc0, 0xf3, 0x0, 0x7c, 0xf, 0x30, 0x7, 0xc0,
    0xf3, 0x0, 0x7c, 0xf, 0x30, 0x7, 0xc0,

    /* U+0145 "Ņ" */
    0xdc, 0x0, 0x0, 0x8d, 0xdf, 0x50, 0x0, 0x8d,
    0xde, 0xe0, 0x0, 0x8d, 0xd8, 0xe8, 0x0, 0x8d,
    0xd7, 0x5f, 0x20, 0x8d, 0xd7, 0xc, 0xb0, 0x8d,
    0xd7, 0x3, 0xf4, 0x8d, 0xd7, 0x0, 0x9d, 0x8d,
    0xd7, 0x0, 0x1e, 0xed, 0xd7, 0x0, 0x6, 0xfd,
    0xd7, 0x0, 0x0, 0xcd, 0x0, 0x5, 0x40, 0x0,
    0x0, 0xb, 0x70, 0x0, 0x0, 0xf, 0x20, 0x0,
    0x0, 0x2, 0x0, 0x0,

    /* U+0146 "ņ" */
    0xf, 0x6d, 0xfb, 0x10, 0xfd, 0x43, 0xe8, 0xf,
    0x40, 0x8, 0xb0, 0xf3, 0x0, 0x7c, 0xf, 0x30,
    0x7, 0xc0, 0xf3, 0x0, 0x7c, 0xf, 0x30, 0x7,
    0xc0, 0xf3, 0x0, 0x7c, 0x0, 0x6, 0x30, 0x0,
    0x0, 0xd6, 0x0, 0x0, 0x1f, 0x10, 0x0, 0x0,
    0x20, 0x0,

    /* U+0147 "Ň" */
    0x0, 0x71, 0x17, 0x0, 0x0, 0x4b, 0xc4, 0x0,
    0x0, 0x5, 0x40, 0x0, 0xdc, 0x0, 0x0, 0x8d,
    0xdf, 0x50, 0x0, 0x8d, 0xde, 0xe0, 0x0, 0x8d,
    0xd8, 0xe8, 0x0, 0x8d, 0xd7, 0x5f, 0x20, 0x8d,
    0xd7, 0xc, 0xb0, 0x8d, 0xd7, 0x3, 0xf4, 0x8d,
    0xd7, 0x0, 0x9d, 0x8d, 0xd7, 0x0, 0x1e, 0xed,
    0xd7, 0x0, 0x6, 0xfd, 0xd7, 0x0, 0x0, 0xcd,

    /* U+0148 "ň" */
    0x0, 0xb4, 0x79, 0x0, 0x0, 0xca, 0x0, 0x0,
    0x0, 0x0, 0x0, 0xf6, 0xdf, 0xb1, 0xf, 0xd4,
    0x3e, 0x80, 0xf4, 0x0, 0x8b, 0xf, 0x30, 0x7,
    0xc0, 0xf3, 0x0, 0x7c, 0xf, 0x30, 0x7, 0xc0,
    0xf3, 0x0, 0x7c, 0xf, 0x30, 0x7, 0xc0,

    /* U+0149 "ŉ" */
    0xf, 0x30, 0x0, 0x0, 0x2f, 0x10, 0x0, 0x0,
    0x26, 0x0, 0x0, 0x0, 0x0, 0xf6, 0xdf, 0xb1,
    0x0, 0xfd, 0x43, 0xe8, 0x0, 0xf4, 0x0, 0x8b,
    0x0, 0xf3, 0x0, 0x7c, 0x0, 0xf3, 0x0, 0x7c,
    0x0, 0xf3, 0x0, 0x7c, 0x0, 0xf3, 0x0, 0x7c,
    0x0, 0xf3, 0x0, 0x7c,

    /* U+014A "Ŋ" */
    0xeb, 0x0, 0x0, 0xaa, 0xef, 0x40, 0x0, 0xaa,
    0xee, 0xd0, 0x0, 0xaa, 0xe7, 0xe6, 0x0, 0xaa,
    0xe6, 0x6e, 0x10, 0xaa, 0xe6, 0xd, 0x90, 0xaa,
    0xe6, 0x4, 0xf2, 0xaa, 0xe6, 0x0, 0xab, 0xaa,
    0xe6, 0x0, 0x2f, 0xea, 0xe6, 0x0, 0x8, 0xfa,
    0xe6, 0x0, 0x0, 0xea, 0x0, 0x0, 0x0, 0xa9,
    0x0, 0x0, 0x13, 0xe7, 0x0, 0x0, 0x4f, 0xb0,

    /* U+014B "ŋ" */
    0xf, 0x5c, 0xfb, 0x10, 0xfc, 0x43, 0xd9, 0xf,
    0x40, 0x7, 0xd0, 0xf4, 0x0, 0x6e, 0xf, 0x40,
    0x6, 0xe0, 0xf4, 0x0, 0x6e, 0xf, 0x40, 0x6,
    0xe0, 0xf4, 0x0, 0x6e, 0x0, 0x0, 0x6, 0xd0,
    0x0, 0x3, 0xbb, 0x0, 0x0, 0xfd, 0x20,

    /* U+014C "Ō" */
    0x0, 0x6e, 0xee, 0xe2, 0x0, 0x0, 0x11, 0x11,
    0x0, 0x0, 0x3b, 0xfe, 0x90, 0x0, 0x2f, 0x93,
    0x5d, 0xb0, 0xa, 0xb0, 0x0, 0x1f, 0x40, 0xf5,
    0x0, 0x0, 0xb9, 0x2f, 0x20, 0x0, 0x9, 0xc2,
    0xf1, 0x0, 0x0, 0x8c, 0x2f, 0x20, 0x0, 0x9,
    0xc0, 0xf5, 0x0, 0x0, 0xb9, 0xa, 0xb0, 0x0,
    0x1f, 0x50, 0x2f, 0x93, 0x5d, 0xc0, 0x0, 0x3b,
    0xfe, 0x90, 0x0,

    /* U+014D "ō" */
    0x5, 0xff, 0xff, 0x40, 0x0, 0x0, 0x0, 0x0,
    0x0, 0x0, 0x0, 0x0, 0x0, 0x9e, 0xf9, 0x0,
    0xb, 0xc3, 0x3d, 0xa0, 0x2f, 0x20, 0x3, 0xf1,
    0x5f, 0x0, 0x0, 0xf4, 0x4f, 0x0, 0x0, 0xf5,
    0x2f, 0x20, 0x3, 0xf2, 0xa, 0xc3, 0x3d, 0xa0,
    0x0, 0xaf, 0xe9, 0x0,

    /* U+014E "Ŏ" */
    0x0, 0x16, 0x1, 0x60, 0x0, 0x0, 0xe1, 0x6a,
    0x0, 0x0, 0x5, 0xdc, 0x20, 0x0, 0x3, 0xbf,
    0xe9, 0x0, 0x2, 0xf9, 0x35, 0xdb, 0x0, 0xab,
    0x0, 0x1, 0xf4, 0xf, 0x50, 0x0, 0xb, 0x92,
    0xf2, 0x0, 0x0, 0x9c, 0x2f, 0x10, 0x0, 0x8,
    0xc2, 0xf2, 0x0, 0x0, 0x9c, 0xf, 0x50, 0x0,
    0xb, 0x90, 0xab, 0x0, 0x1, 0xf5, 0x2, 0xf9,
    0x35, 0xdc, 0x0, 0x3, 0xbf, 0xe9, 0x0,

    /* U+014F "ŏ" */
    0x0, 0xf1, 0x3e, 0x0, 0x0, 0x5d, 0xc4, 0x0,
    0x0, 0x0, 0x0, 0x0, 0x0, 0x9e, 0xf9, 0x0,
    0xb, 0xc3, 0x3d, 0xa0, 0x2f, 0x20, 0x3, 0xf1,
    0x5f, 0x0, 0x0, 0xf4, 0x4f, 0x0, 0x0, 0xf5,
    0x2f, 0x20, 0x3, 0xf2, 0xa, 0xc3, 0x3d, 0xa0,
    0x0, 0xaf, 0xe9, 0x0,

    /* U+0150 "Ő" */
    0x0, 0x0, 0x21, 0x12, 0x0, 0x0, 0x1f, 0x3d,
    0x70, 0x0, 0x9, 0x79, 0x90, 0x0, 0x3, 0xbf,
    0xe9, 0x0, 0x2, 0xf9, 0x35, 0xdb, 0x0, 0xab,
    0x0, 0x1, 0xf4, 0xf, 0x50, 0x0, 0xb, 0x92,
    0xf2, 0x0, 0x0, 0x9c, 0x2f, 0x10, 0x0, 0x8,
    0xc2, 0xf2, 0x0, 0x0, 0x9c, 0xf, 0x50, 0x0,
    0xb, 0x90, 0xab, 0x0, 0x1, 0xf5, 0x2, 0xf9,
    0x35, 0xdc, 0x0, 0x3, 0xbf, 0xe9, 0x0,

    /* U+0151 "ő" */
    0x0, 0xd, 0x6a, 0xb0, 0x0, 0x6b, 0x5d, 0x0,
    0x0, 0x20, 0x21, 0x0, 0x0, 0x9e, 0xf9, 0x0,
    0xb, 0xc3, 0x3d, 0xa0, 0x2f, 0x20, 0x3, 0xf1,
    0x5f, 0x0, 0x0, 0xf4, 0x4f, 0x0, 0x0, 0xf5,
    0x2f, 0x20, 0x3, 0xf2, 0xa, 0xc3, 0x3d, 0xa0,
    0x0, 0xaf, 0xe9, 0x0,

    /* U+0152 "Œ" */
    0x0, 0x6d, 0xff, 0xff, 0xff, 0xff, 0x40, 0x6f,
    0x85, 0x3f, 0x84, 0x44, 0x41, 0xe, 0x70, 0x0,
    0xf4, 0x0, 0x0, 0x3, 0xf1, 0x0, 0xf, 0x40,
    0x0, 0x0, 0x4f, 0x0, 0x0, 0xf4, 0x0, 0x0,
    0x4, 0xf0, 0x0, 0xf, 0xff, 0xff, 0x90, 0x4f,
    0x0, 0x0, 0xf6, 0x22, 0x21, 0x3, 0xf1, 0x0,
    0xf, 0x40, 0x0, 0x0, 0xe, 0x60, 0x0, 0xf4,
    0x0, 0x0, 0x0, 0x6f, 0x62, 0x1f, 0x62, 0x22,
    0x20, 0x0, 0x6d, 0xff, 0xff, 0xff, 0xff, 0x50,

    /* U+0153 "œ" */
    0x0, 0x9f, 0xe9, 0x5, 0xdf, 0xb2, 0x0, 0xbc,
    0x33, 0xdc, 0xf5, 0x2a, 0xc0, 0x2f, 0x30, 0x4,
    0xf8, 0x0, 0x1f, 0x24, 0xf0, 0x0, 0xf, 0xff,
    0xff, 0xf3, 0x4f, 0x0, 0x1, 0xf7, 0x22, 0x22,
    0x1, 0xf2, 0x0, 0x4f, 0xa0, 0x0, 0x0, 0xa,
    0xc3, 0x3d, 0xcf, 0x62, 0x49, 0x0, 0xa, 0xfe,
    0x90, 0x5d, 0xfd, 0x60,

    /* U+0154 "Ŕ" */
    0x0, 0x3, 0x70, 0x0, 0x0, 0xd, 0x60, 0x0,
    0x0, 0x25, 0x0, 0x0, 0xdf, 0xff, 0xd6, 0x0,
    0xd8, 0x22, 0x6f, 0x50, 0xd7, 0x0, 0x9, 0xc0,
    0xd7, 0x0, 0x6, 0xe0, 0xd7, 0x0, 0x8, 0xd0,
    0xd7, 0x0, 0x4f, 0x70, 0xdf, 0xff, 0xf8, 0x0,
    0xd8, 0x23, 0xe6, 0x0, 0xd7, 0x0, 0x6e, 0x0,
    0xd7, 0x0, 0xd, 0x80, 0xd7, 0x0, 0x5, 0xf1,

    /* U+0155 "ŕ" */
    0x0, 0xe, 0x70, 0x9, 0x80, 0x0, 0x0, 0x0,
    0xf8, 0xe8, 0xf, 0xc3, 0x10, 0xf3, 0x0, 0xf,
    0x30, 0x0, 0xf3, 0x0, 0xf, 0x30, 0x0, 0xf3,
    0x0, 0xf, 0x30, 0x0,

    /* U+0156 "Ŗ" */
    0xdf, 0xff, 0xd6, 0x0, 0xd8, 0x22, 0x6f, 0x50,
    0xd7, 0x0, 0x9, 0xc0, 0xd7, 0x0, 0x6, 0xe0,
    0xd7, 0x0, 0x8, 0xd0, 0xd7, 0x0, 0x4f, 0x70,
    0xdf, 0xff, 0xf8, 0x0, 0xd8, 0x23, 0xe6, 0x0,
    0xd7, 0x0, 0x6e, 0x0, 0xd7, 0x0, 0xd, 0x80,
    0xd7, 0x0, 0x5, 0xf1, 0x0, 0x36, 0x0, 0x0,
    0x0, 0x7b, 0x0, 0x0, 0x0, 0xc6, 0x0, 0x0,
    0x0, 0x20, 0x0, 0x0,

    /* U+0157 "ŗ" */
    0x0, 0x0, 0x0, 0xf8, 0xe8, 0xf, 0xc3, 0x10,
    0xf3, 0x0, 0xf, 0x30, 0x0, 0xf3, 0x0, 0xf,
    0x30, 0x0, 0xf3, 0x0, 0xf, 0x30, 0x0, 0x72,
    0x0, 0xf, 0x30, 0x3, 0xe0, 0x0, 0x2, 0x0,
    0x0,

    /* U+0158 "Ř" */
    0x5, 0x20, 0x71, 0x0, 0x2, 0xca, 0x70, 0x0,
    0x0, 0x36, 0x0, 0x0, 0xdf, 0xff, 0xd6, 0x0,
    0xd8, 0x22, 0x6f, 0x50, 0xd7, 0x0, 0x9, 0xc0,
    0xd7, 0x0, 0x6, 0xe0, 0xd7, 0x0, 0x8, 0xd0,
    0xd7, 0x0, 0x4f, 0x70, 0xdf, 0xff, 0xf8, 0x0,
    0xd8, 0x23, 0xe6, 0x0, 0xd7, 0x0, 0x6e, 0x0,
    0xd7, 0x0, 0xd, 0x80, 0xd7, 0x0, 0x5, 0xf1,

    /* U+0159 "ř" */
    0xc, 0x39, 0x70, 0x1b, 0x80, 0x0, 0x0, 0x0,
    0xf8, 0xe8, 0xf, 0xc3, 0x10, 0xf3, 0x0, 0xf,
    0x30, 0x0, 0xf3, 0x0, 0xf, 0x30, 0x0, 0xf3,
    0x0, 0xf, 0x30, 0x0,

    /* U+015A "Ś" */
    0x0, 0x0, 0x27, 0x10, 0x0, 0x0, 0xc7, 0x0,
    0x0, 0x2, 0x60, 0x0, 0x0, 0x9e, 0xfc, 0x40,
    0xa, 0xd4, 0x37, 0xf3, 0xf, 0x40, 0x0, 0xba,
    0xf, 0x60, 0x0, 0x22, 0x9, 0xf8, 0x20, 0x0,
    0x0, 0x6d, 0xfc, 0x40, 0x0, 0x0, 0x3b, 0xf4,
    0x13, 0x0, 0x0, 0xbb, 0x5f, 0x10, 0x0, 0x9b,
    0xd, 0xc4, 0x26, 0xf5, 0x1, 0x9e, 0xfd, 0x60,

    /* U+015B "ś" */
    0x0, 0x0, 0xd8, 0x0, 0x0, 0x8a, 0x0, 0x0,
    0x0, 0x0, 0x0, 0x3c, 0xfd, 0x50, 0xe, 0x92,
    0x6f, 0x20, 0xf4, 0x0, 0x83, 0x8, 0xfa, 0x60,
    0x0, 0x2, 0x7c, 0xe2, 0x27, 0x0, 0xd, 0x71,
    0xf7, 0x24, 0xf5, 0x4, 0xcf, 0xe7, 0x0,

    /* U+015C "Ŝ" */
    0x0, 0x2, 0x60, 0x0, 0x0, 0x1d, 0xa7, 0x0,
    0x0, 0x53, 0x7, 0x10, 0x0, 0x9e, 0xfc, 0x40,
    0xa, 0xd4, 0x37, 0xf3, 0xf, 0x40, 0x0, 0xba,
    0xf, 0x60, 0x0, 0x22, 0x9, 0xf8, 0x20, 0x0,
    0x0, 0x6d, 0xfc, 0x40, 0x0, 0x0, 0x3b, 0xf4,
    0x13, 0x0, 0x0, 0xbb, 0x5f, 0x10, 0x0, 0x9b,
    0xd, 0xc4, 0x26, 0xf5, 0x1, 0x9e, 0xfd, 0x60,

    /* U+015D "ŝ" */
    0x0, 0x1d, 0xa0, 0x0, 0xc, 0x38, 0x70, 0x0,
    0x0, 0x0, 0x0, 0x3c, 0xfd, 0x60, 0xe, 0x92,
    0x6f, 0x30, 0xf4, 0x0, 0x52, 0x8, 0xfa, 0x60,
    0x0, 0x2, 0x7c, 0xe2, 0x28, 0x0, 0xd, 0x71,
    0xf8, 0x24, 0xf5, 0x4, 0xcf, 0xe7, 0x0,

    /* U+015E "Ş" */
    0x0, 0x9e, 0xfc, 0x40, 0xa, 0xd4, 0x37, 0xf3,
    0xf, 0x40, 0x0, 0xba, 0xf, 0x60, 0x0, 0x22,
    0x9, 0xf8, 0x20, 0x0, 0x0, 0x6d, 0xfc, 0x40,
    0x0, 0x0, 0x3b, 0xf4, 0x13, 0x0, 0x0, 0xbb,
    0x5f, 0x10, 0x0, 0x9b, 0xd, 0xc4, 0x26, 0xf5,
    0x1, 0x9e, 0xfd, 0x60, 0x0, 0x3, 0xe4, 0x0,
    0x0, 0x0, 0x5b, 0x0, 0x0, 0x4, 0xd4, 0x0,

    /* U+015F "ş" */
    0x3, 0xcf, 0xd6, 0x0, 0xe9, 0x26, 0xf3, 0xf,
    0x40, 0x5, 0x20, 0x8f, 0xa6, 0x0, 0x0, 0x27,
    0xce, 0x22, 0x80, 0x0, 0xd7, 0x1f, 0x82, 0x4f,
    0x50, 0x4c, 0xfe, 0x70, 0x0, 0xa, 0xa0, 0x0,
    0x0, 0xc, 0x40, 0x0, 0xa, 0xa0, 0x0,

    /* U+0160 "Š" */
    0x0, 0x53, 0x7, 0x10, 0x0, 0x1d, 0xa8, 0x0,
    0x0, 0x2, 0x60, 0x0, 0x0, 0x9e, 0xfc, 0x40,
    0xa, 0xd4, 0x37, 0xf3, 0xf, 0x40, 0x0, 0xba,
    0xf, 0x60, 0x0, 0x22, 0x9, 0xf8, 0x20, 0x0,
    0x0, 0x6d, 0xfc, 0x40, 0x0, 0x0, 0x3b, 0xf4,
    0x13, 0x0, 0x0, 0xbb, 0x5f, 0x10, 0x0, 0x9b,
    0xd, 0xc4, 0x26, 0xf5, 0x1, 0x9e, 0xfd, 0x60,

    /* U+0161 "š" */
    0x0, 0xc3, 0x88, 0x0, 0x1, 0xc9, 0x0, 0x0,
    0x0, 0x0, 0x0, 0x3c, 0xfd, 0x50, 0xe, 0x92,
    0x6f, 0x20, 0xf4, 0x0, 0x83, 0x8, 0xfa, 0x60,
    0x0, 0x2, 0x7c, 0xe2, 0x27, 0x0, 0xd, 0x71,
    0xf7, 0x24, 0xf5, 0x4, 0xcf, 0xe7, 0x0,

    /* U+0162 "Ţ" */
    0xaf, 0xff, 0xff, 0xff, 0x1, 0x22, 0x8d, 0x22,
    0x20, 0x0, 0x7, 0xd0, 0x0, 0x0, 0x0, 0x7d,
    0x0, 0x0, 0x0, 0x7, 0xd0, 0x0, 0x0, 0x0,
    0x7d, 0x0, 0x0, 0x0, 0x7, 0xd0, 0x0, 0x0,
    0x0, 0x7d, 0x0, 0x0, 0x0, 0x7, 0xd0, 0x0,
    0x0, 0x0, 0x7d, 0x0, 0x0, 0x0, 0x7, 0xd0,
    0x0, 0x0, 0x0, 0x5d, 0x20, 0x0, 0x0, 0x0,
    0x79, 0x0, 0x0, 0x0, 0x5d, 0x30, 0x0,

    /* U+0163 "ţ" */
    0x9, 0xa0, 0x0, 0x9a, 0x0, 0xff, 0xff, 0x0,
    0x9a, 0x0, 0x9, 0xa0, 0x0, 0x9a, 0x0, 0x9,
    0xa0, 0x0, 0x9a, 0x0, 0x8, 0xd3, 0x0, 0x2e,
    0xf1, 0x0, 0x6d, 0x20, 0x0, 0x88, 0x0, 0x7c,
    0x20,

    /* U+0164 "Ť" */
    0x0, 0x52, 0x7, 0x10, 0x0, 0x2, 0xca, 0x70,
    0x0, 0x0, 0x3, 0x60, 0x0, 0xa, 0xff, 0xff,
    0xff, 0xf0, 0x12, 0x28, 0xd2, 0x22, 0x0, 0x0,
    0x7d, 0x0, 0x0, 0x0, 0x7, 0xd0, 0x0, 0x0,
    0x0, 0x7d, 0x0, 0x0, 0x0, 0x7, 0xd0, 0x0,
    0x0, 0x0, 0x7d, 0x0, 0x0, 0x0, 0x7, 0xd0,
    0x0, 0x0, 0x0, 0x7d, 0x0, 0x0, 0x0, 0x7,
    0xd0, 0x0, 0x0, 0x0, 0x7d, 0x0, 0x0,

    /* U+0165 "ť" */
    0x0, 0x1, 0xf1, 0x0, 0x5, 0xd0, 0x9, 0xa3,
    0x30, 0x9, 0xa0, 0x0, 0xff, 0xff, 0x0, 0x9,
    0xa0, 0x0, 0x9, 0xa0, 0x0, 0x9, 0xa0, 0x0,
    0x9, 0xa0, 0x0, 0x9, 0xa0, 0x0, 0x8, 0xd3,
    0x0, 0x2, 0xdf, 0x10,

    /* U+0166 "Ŧ" */
    0xaf, 0xff, 0xff, 0xff, 0x1, 0x22, 0x8d, 0x22,
    0x20, 0x0, 0x7, 0xd0, 0x0, 0x0, 0x0, 0x7d,
    0x0, 0x0, 0x0, 0xef, 0xff, 0x60, 0x0, 0x2,
    0x8d, 0x20, 0x0, 0x0, 0x7, 0xd0, 0x0, 0x0,
    0x0, 0x7d, 0x0, 0x0, 0x0, 0x7, 0xd0, 0x0,
    0x0, 0x0, 0x7d, 0x0, 0x0, 0x0, 0x7, 0xd0,
    0x0, 0x0,

    /* U+0167 "ŧ" */
    0x0, 0x9a, 0x0, 0x0, 0x9a, 0x0, 0xf, 0xff,
    0xf0, 0x0, 0x9a, 0x0, 0x1f, 0xff, 0xf4, 0x2,
    0xab, 0x20, 0x0, 0x9a, 0x0, 0x0, 0x9a, 0x0,
    0x0, 0x7d, 0x30, 0x0, 0x1d, 0xf1,

    /* U+0168 "Ũ" */
    0x0, 0x0, 0x0, 0x0, 0x0, 0x7, 0xee, 0xeb,
    0x0, 0x0, 0x11, 0x11, 0x0, 0x0, 0xf4, 0x0,
    0x2, 0xf2, 0xf, 0x40, 0x0, 0x2f, 0x20, 0xf4,
    0x0, 0x2, 0xf2, 0xf, 0x40, 0x0, 0x2f, 0x20,
    0xf4, 0x0, 0x2, 0xf2, 0xf, 0x40, 0x0, 0x2f,
    0x20, 0xf4, 0x0, 0x2, 0xf2, 0xf, 0x40, 0x0,
    0x2f, 0x20, 0xd7, 0x0, 0x6, 0xf0, 0x6, 0xf6,
    0x25, 0xe8, 0x0, 0x6, 0xdf, 0xd7, 0x0,

    /* U+0169 "ũ" */
    0x0, 0x0, 0x0, 0x0, 0x1d, 0xb1, 0xb3, 0x7,
    0x84, 0xec, 0x0, 0x0, 0x0, 0x0, 0x1f, 0x30,
    0x8, 0xc1, 0xf3, 0x0, 0x8c, 0x1f, 0x30, 0x8,
    0xc1, 0xf3, 0x0, 0x8c, 0x1f, 0x30, 0x8, 0xc0,
    0xf3, 0x0, 0x8c, 0xd, 0xa2, 0x5e, 0xc0, 0x3d,
    0xfb, 0x9c,

    /* U+016A "Ū" */
    0x0, 0xae, 0xee, 0xd0, 0x0, 0x1, 0x11, 0x11,
    0x0, 0xf, 0x40, 0x0, 0x2f, 0x20, 0xf4, 0x0,
    0x2, 0xf2, 0xf, 0x40, 0x0, 0x2f, 0x20, 0xf4,
    0x0, 0x2, 0xf2, 0xf, 0x40, 0x0, 0x2f, 0x20,
    0xf4, 0x0, 0x2, 0xf2, 0xf, 0x40, 0x0, 0x2f,
    0x20, 0xf4, 0x0, 0x2, 0xf2, 0xd, 0x70, 0x0,
    0x6f, 0x0, 0x6f, 0x62, 0x5e, 0x80, 0x0, 0x6d,
    0xfd, 0x70, 0x0,

    /* U+016B "ū" */
    0x6, 0xff, 0xff, 0x30, 0x0, 0x0, 0x0, 0x0,
    0x0, 0x0, 0x1, 0xf3, 0x0, 0x8c, 0x1f, 0x30,
    0x8, 0xc1, 0xf3, 0x0, 0x8c, 0x1f, 0x30, 0x8,
    0xc1, 0xf3, 0x0, 0x8c, 0xf, 0x30, 0x8, 0xc0,
    0xda, 0x25, 0xec, 0x3, 0xdf, 0xb9, 0xc0,

    /* U+016C "Ŭ" */
    0x0, 0x34, 0x3, 0x40, 0x0, 0x4, 0xc0, 0xa6,
    0x0, 0x0, 0x8, 0xda, 0x0, 0x0, 0xf4, 0x0,
    0x2, 0xf2, 0xf, 0x40, 0x0, 0x2f, 0x20, 0xf4,
    0x0, 0x2, 0xf2, 0xf, 0x40, 0x0, 0x2f, 0x20,
    0xf4, 0x0, 0x2, 0xf2, 0xf, 0x40, 0x0, 0x2f,
    0x20, 0xf4, 0x0, 0x2, 0xf2, 0xf, 0x40, 0x0,
    0x2f, 0x20, 0xd7, 0x0, 0x6, 0xf0, 0x6, 0xf6,
    0x25, 0xe8, 0x0, 0x6, 0xdf, 0xd7, 0x0,

    /* U+016D "ŭ" */
    0x1, 0xe1, 0x4d, 0x0, 0x6, 0xdc, 0x30, 0x0,
    0x0, 0x0, 0x1, 0xf3, 0x0, 0x8c, 0x1f, 0x30,
    0x8, 0xc1, 0xf3, 0x0, 0x8c, 0x1f, 0x30, 0x8,
    0xc1, 0xf3, 0x0, 0x8c, 0xf, 0x30, 0x8, 0xc0,
    0xda, 0x25, 0xec, 0x3, 0xdf, 0xb9, 0xc0,

    /* U+016E "Ů" */
    0x0, 0x5, 0xb7, 0x0, 0x0, 0x0, 0xb0, 0xb0,
    0x0, 0x0, 0x5, 0xa7, 0x0, 0x0, 0xf4, 0x0,
    0x2, 0xf2, 0xf, 0x40, 0x0, 0x2f, 0x20, 0xf4,
    0x0, 0x2, 0xf2, 0xf, 0x40, 0x0, 0x2f, 0x20,
    0xf4, 0x0, 0x2, 0xf2, 0xf, 0x40, 0x0, 0x2f,
    0x20, 0xf4, 0x0, 0x2, 0xf2, 0xf, 0x40, 0x0,
    0x2f, 0x20, 0xd7, 0x0, 0x6, 0xf0, 0x6, 0xf6,
    0x25, 0xe8, 0x0, 0x6, 0xdf, 0xd7, 0x0,

    /* U+016F "ů" */
    0x0, 0x2a, 0xa0, 0x0, 0x8, 0x37, 0x40, 0x0,
    0x2a, 0x90, 0x0, 0x0, 0x0, 0x0, 0x1f, 0x30,
    0x8, 0xc1, 0xf3, 0x0, 0x8c, 0x1f, 0x30, 0x8,
    0xc1, 0xf3, 0x0, 0x8c, 0x1f, 0x30, 0x8, 0xc0,
    0xf3, 0x0, 0x8c, 0xd, 0xa2, 0x5e, 0xc0, 0x3d,
    0xfb, 0x9c,

    /* U+0170 "Ű" */
    0x0, 0x0, 0x20, 0x22, 0x0, 0x0, 0x5d, 0x3e,
    0x30, 0x0, 0xd, 0x4d, 0x50, 0x0, 0xf4, 0x0,
    0x2, 0xf2, 0xf, 0x40, 0x0, 0x2f, 0x20, 0xf4,
    0x0, 0x2, 0xf2, 0xf, 0x40, 0x0, 0x2f, 0x20,
    0xf4, 0x0, 0x2, 0xf2, 0xf, 0x40, 0x0, 0x2f,
    0x20, 0xf4, 0x0, 0x2, 0xf2, 0xf, 0x40, 0x0,
    0x2f, 0x20, 0xd7, 0x0, 0x6, 0xf0, 0x6, 0xf6,
    0x25, 0xe8, 0x0, 0x6, 0xdf, 0xd7, 0x0,

    /* U+0171 "ű" */
    0x0, 0xe, 0x5b, 0xa0, 0x0, 0x7a, 0x6c, 0x0,
    0x0, 0x20, 0x20, 0x0, 0x1f, 0x30, 0x8, 0xc0,
    0x1f, 0x30, 0x8, 0xc0, 0x1f, 0x30, 0x8, 0xc0,
    0x1f, 0x30, 0x8, 0xc0, 0x1f, 0x30, 0x8, 0xc0,
    0xf, 0x30, 0x8, 0xc0, 0xd, 0xa2, 0x5e, 0xc0,
    0x3, 0xdf, 0xb9, 0xc0,

    /* U+0172 "Ų" */
    0xf, 0x40, 0x0, 0x2f, 0x20, 0xf4, 0x0, 0x2,
    0xf2, 0xf, 0x40, 0x0, 0x2f, 0x20, 0xf4, 0x0,
    0x2, 0xf2, 0xf, 0x40, 0x0, 0x2f, 0x20, 0xf4,
    0x0, 0x2, 0xf2, 0xf, 0x40, 0x0, 0x2f, 0x20,
    0xf4, 0x0, 0x2, 0xf2, 0xd, 0x70, 0x0, 0x6f,
    0x0, 0x6f, 0x62, 0x5e, 0xa0, 0x0, 0x6d, 0xff,
    0xb1, 0x0, 0x0, 0x9, 0xa0, 0x0, 0x0, 0x0,
    0xc5, 0x10, 0x0, 0x0, 0x7, 0xf6, 0x0,

    /* U+0173 "ų" */
    0x1f, 0x30, 0x8, 0xc1, 0xf3, 0x0, 0x8c, 0x1f,
    0x30, 0x8, 0xc1, 0xf3, 0x0, 0x8c, 0x1f, 0x30,
    0x8, 0xc0, 0xf3, 0x0, 0x8c, 0xd, 0xa2, 0x5e,
    0xc0, 0x3d, 0xfb, 0xab, 0x0, 0x0, 0x2d, 0x20,
    0x0, 0x8, 0x91, 0x0, 0x0, 0x4f, 0xa0,

    /* U+0174 "Ŵ" */
    0x0, 0x0, 0x2, 0x70, 0x0, 0x0, 0x0, 0x0,
    0x1, 0xda, 0x80, 0x0, 0x0, 0x0, 0x0, 0x44,
    0x6, 0x10, 0x0, 0x7, 0xd0, 0x0, 0x6f, 0x0,
    0x4, 0xf0, 0x4f, 0x0, 0xa, 0xf3, 0x0, 0x8c,
    0x0, 0xf4, 0x0, 0xed, 0x70, 0xb, 0x90, 0xd,
    0x70, 0x2f, 0x7b, 0x0, 0xe5, 0x0, 0x9a, 0x6,
    0xb2, 0xf0, 0x2f, 0x20, 0x6, 0xd0, 0xa7, 0xe,
    0x35, 0xe0, 0x0, 0x2f, 0x1e, 0x30, 0xa7, 0x8b,
    0x0, 0x0, 0xe7, 0xe0, 0x6, 0xbb, 0x70, 0x0,
    0xb, 0xda, 0x0, 0x2e, 0xe4, 0x0, 0x0, 0x8f,
    0x60, 0x0, 0xdf, 0x0, 0x0, 0x4, 0xf2, 0x0,
    0x9, 0xd0, 0x0,

    /* U+0175 "ŵ" */
    0x0, 0x0, 0xad, 0x20, 0x0, 0x0, 0x0, 0x68,
    0x2a, 0x0, 0x0, 0x0, 0x0, 0x0, 0x0, 0x0,
    0x9, 0xa0, 0x6, 0xe0, 0x3, 0xf1, 0x4e, 0x0,
    0xbf, 0x20, 0x6c, 0x0, 0xf2, 0xf, 0xa7, 0xa,
    0x80, 0xc, 0x64, 0xc5, 0xc0, 0xe3, 0x0, 0x8a,
    0x87, 0xf, 0x3f, 0x0, 0x3, 0xed, 0x30, 0xbb,
    0xb0, 0x0, 0xf, 0xe0, 0x6, 0xf7, 0x0, 0x0,
    0xb9, 0x0, 0x2f, 0x20, 0x0,

    /* U+0176 "Ŷ" */
    0x0, 0x3, 0x60, 0x0, 0x0, 0x2, 0xda, 0x70,
    0x0, 0x0, 0x53, 0x7, 0x0, 0xa, 0xd0, 0x0,
    0x7, 0xf1, 0x2f, 0x50, 0x0, 0xe8, 0x0, 0xad,
    0x0, 0x7f, 0x10, 0x2, 0xf4, 0xe, 0x80, 0x0,
    0xa, 0xc6, 0xf1, 0x0, 0x0, 0x2f, 0xf8, 0x0,
    0x0, 0x0, 0xaf, 0x10, 0x0, 0x0, 0x7, 0xd0,
    0x0, 0x0, 0x0, 0x7d, 0x0, 0x0, 0x0, 0x7,
    0xd0, 0x0, 0x0, 0x0, 0x7d, 0x0, 0x0,

    /* U+0177 "ŷ" */
    0x0, 0x6e, 0x50, 0x0, 0x3a, 0x1a, 0x20, 0x0,
    0x0, 0x0, 0xa, 0xa0, 0x1, 0xf4, 0x5f, 0x0,
    0x5e, 0x0, 0xf5, 0xa, 0xa0, 0xa, 0xa0, 0xe4,
    0x0, 0x5e, 0x3f, 0x0, 0x0, 0xfc, 0xa0, 0x0,
    0xa, 0xf5, 0x0, 0x0, 0x4f, 0x0, 0x0, 0x7,
    0xa0, 0x0, 0x14, 0xe4, 0x0, 0x6, 0xf8, 0x0,
    0x0,

    /* U+0178 "Ÿ" */
    0x0, 0xc5, 0xd, 0x40, 0x0, 0x5, 0x20, 0x61,
    0x0, 0xad, 0x0, 0x0, 0x7f, 0x12, 0xf5, 0x0,
    0xe, 0x80, 0xa, 0xd0, 0x7, 0xf1, 0x0, 0x2f,
    0x40, 0xe8, 0x0, 0x0, 0xac, 0x6f, 0x10, 0x0,
    0x2, 0xff, 0x80, 0x0, 0x0, 0xa, 0xf1, 0x0,
    0x0, 0x0, 0x7d, 0x0, 0x0, 0x0, 0x7, 0xd0,
    0x0, 0x0, 0x0, 0x7d, 0x0, 0x0, 0x0, 0x7,
    0xd0, 0x0, 0x0,

    /* U+0179 "Ź" */
    0x0, 0x0, 0x27, 0x10, 0x0, 0x0, 0xc7, 0x0,
    0x0, 0x2, 0x60, 0x0, 0x5f, 0xff, 0xff, 0xf9,
    0x2, 0x22, 0x25, 0xf5, 0x0, 0x0, 0xc, 0xb0,
    0x0, 0x0, 0x6f, 0x10, 0x0, 0x1, 0xe7, 0x0,
    0x0, 0xa, 0xd0, 0x0, 0x0, 0x4f, 0x30, 0x0,
    0x0, 0xd9, 0x0, 0x0, 0x8, 0xe1, 0x0, 0x0,
    0x2f, 0x72, 0x22, 0x21, 0x6f, 0xff, 0xff, 0xfd,

    /* U+017A "ź" */
    0x0, 0x3, 0xf3, 0x0, 0x0, 0xc4, 0x0, 0x0,
    0x0, 0x0, 0x5, 0xff, 0xff, 0xf4, 0x1, 0x11,
    0xad, 0x0, 0x0, 0x4f, 0x30, 0x0, 0x1e, 0x70,
    0x0, 0xa, 0xc0, 0x0, 0x5, 0xf2, 0x0, 0x1,
    0xe8, 0x11, 0x10, 0x6f, 0xff, 0xff, 0x70,

    /* U+017B "Ż" */
    0x0, 0x5, 0xc0, 0x0, 0x0, 0x2, 0x50, 0x0,
    0x5f, 0xff, 0xff, 0xf9, 0x2, 0x22, 0x25, 0xf5,
    0x0, 0x0, 0xc, 0xb0, 0x0, 0x0, 0x6f, 0x10,
    0x0, 0x1, 0xe7, 0x0, 0x0, 0xa, 0xd0, 0x0,
    0x0, 0x4f, 0x30, 0x0, 0x0, 0xd9, 0x0, 0x0,
    0x8, 0xe1, 0x0, 0x0, 0x2f, 0x72, 0x22, 0x21,
    0x6f, 0xff, 0xff, 0xfd,

    /* U+017C "ż" */
    0x0, 0x1e, 0x20, 0x0, 0x0, 0x70, 0x0, 0x0,
    0x0, 0x0, 0x5, 0xff, 0xff, 0xf4, 0x1, 0x11,
    0xad, 0x0, 0x0, 0x4f, 0x30, 0x0, 0x1e, 0x70,
    0x0, 0xa, 0xc0, 0x0, 0x5, 0xf2, 0x0, 0x1,
    0xe8, 0x11, 0x10, 0x6f, 0xff, 0xff, 0x70,

    /* U+017D "Ž" */
    0x0, 0x53, 0x7, 0x10, 0x0, 0x2d, 0xa7, 0x0,
    0x0, 0x3, 0x60, 0x0, 0x5f, 0xff, 0xff, 0xf9,
    0x2, 0x22, 0x25, 0xf5, 0x0, 0x0, 0xc, 0xb0,
    0x0, 0x0, 0x6f, 0x10, 0x0, 0x1, 0xe7, 0x0,
    0x0, 0xa, 0xd0, 0x0, 0x0, 0x4f, 0x30, 0x0,
    0x0, 0xd9, 0x0, 0x0, 0x8, 0xe1, 0x0, 0x0,
    0x2f, 0x72, 0x22, 0x21, 0x6f, 0xff, 0xff, 0xfd,

    /* U+017E "ž" */
    0x3, 0xc1, 0xc4, 0x0, 0x4, 0xd4, 0x0, 0x0,
    0x0, 0x0, 0x5, 0xff, 0xff, 0xf4, 0x1, 0x11,
    0xad, 0x0, 0x0, 0x4f, 0x30, 0x0, 0x1e, 0x70,
    0x0, 0xa, 0xc0, 0x0, 0x5, 0xf2, 0x0, 0x1,
    0xe8, 0x11, 0x10, 0x6f, 0xff, 0xff, 0x70,

    /* U+017F "ſ" */
    0x2c, 0xe4, 0xbc, 0x20, 0xe6, 0x0, 0xe5, 0x0,
    0xe5, 0x0, 0xe5, 0x0, 0xe5, 0x0, 0xe5, 0x0,
    0xe5, 0x0, 0xe5, 0x0, 0xe5, 0x0,

    /* U+0180 "ƀ" */
    0x7, 0xc0, 0x0, 0x0, 0xbf, 0xff, 0x80, 0x0,
    0x19, 0xf2, 0x10, 0x0, 0x7, 0xd9, 0xfe, 0x60,
    0x7, 0xf8, 0x27, 0xf3, 0x7, 0xd0, 0x0, 0xb9,
    0x7, 0xc0, 0x0, 0x8b, 0x7, 0xc0, 0x0, 0x8b,
    0x7, 0xd0, 0x0, 0xb9, 0x7, 0xf8, 0x27, 0xf3,
    0x7, 0xb9, 0xfe, 0x60,

    /* U+0181 "Ɓ" */
    0x2c, 0xff, 0xff, 0xe9, 0x10, 0xaa, 0x9e, 0x22,
    0x4d, 0xa0, 0xc4, 0x7d, 0x0, 0x5, 0xf0, 0x20,
    0x7d, 0x0, 0x5, 0xf0, 0x0, 0x7d, 0x0, 0x1c,
    0xa0, 0x0, 0x7f, 0xff, 0xfe, 0x10, 0x0, 0x7e,
    0x22, 0x3b, 0xd0, 0x0, 0x7d, 0x0, 0x1, 0xf4,
    0x0, 0x7d, 0x0, 0x1, 0xf3, 0x0, 0x7e, 0x22,
    0x3b, 0xe0, 0x0, 0x7f, 0xff, 0xeb, 0x20,

    /* U+0182 "Ƃ" */
    0xff, 0xff, 0xff, 0x30, 0xff, 0x22, 0x22, 0x0,
    0xfd, 0x0, 0x0, 0x0, 0xfd, 0x0, 0x0, 0x0,
    0xfd, 0x0, 0x0, 0x0, 0xff, 0xff, 0xea, 0x10,
    0xff, 0x22, 0x4c, 0xc0, 0xfd, 0x0, 0x3, 0xf1,
    0xfd, 0x0, 0x3, 0xf1, 0xff, 0x22, 0x4c, 0xc0,
    0xff, 0xff, 0xea, 0x10,

    /* U+0183 "ƃ" */
    0xf, 0xff, 0xfc, 0x0, 0xf, 0x41, 0x11, 0x0,
    0xf, 0x30, 0x0, 0x0, 0xf, 0x8d, 0xfb, 0x10,
    0xf, 0xc3, 0x4d, 0xa0, 0xf, 0x40, 0x4, 0xf0,
    0xf, 0x30, 0x1, 0xf2, 0xf, 0x30, 0x1, 0xf2,
    0xf, 0x40, 0x4, 0xf0, 0xf, 0xc3, 0x4d, 0xa0,
    0xf, 0x7d, 0xfb, 0x10,

    /* U+0184 "Ƅ" */
    0x8, 0xf1, 0x0, 0x0, 0x2, 0xff, 0x10, 0x0,
    0x0, 0x3f, 0xf1, 0x0, 0x0, 0x0, 0xaf, 0x10,
    0x0, 0x0, 0x4, 0xf1, 0x0, 0x0, 0x0, 0x4f,
    0xff, 0xfd, 0x70, 0x4, 0xf3, 0x22, 0x6f, 0x60,
    0x4f, 0x10, 0x0, 0x9c, 0x4, 0xf1, 0x0, 0x9,
    0xc0, 0x4f, 0x22, 0x26, 0xf6, 0x4, 0xff, 0xff,
    0xd7, 0x0,

    /* U+0185 "ƅ" */
    0xa, 0xf0, 0x0, 0x0, 0x4f, 0xf0, 0x0, 0x0,
    0x1e, 0xf0, 0x0, 0x0, 0x5, 0xf7, 0xef, 0x90,
    0x4, 0xfb, 0x35, 0xf6, 0x4, 0xf0, 0x0, 0x8c,
    0x4, 0xf0, 0x0, 0x5f, 0x4, 0xf0, 0x0, 0x5f,
    0x4, 0xf0, 0x0, 0x8c, 0x4, 0xfa, 0x35, 0xf6,
    0x4, 0xe7, 0xef, 0x90,

    /* U+0186 "Ɔ" */
    0x0, 0x7d, 0xfc, 0x40, 0x0, 0x9d, 0x42, 0x7f,
    0x40, 0x1f, 0x40, 0x0, 0x9d, 0x2, 0x80, 0x0,
    0x3, 0xf2, 0x0, 0x0, 0x0, 0x1f, 0x40, 0x0,
    0x0, 0x0, 0xf4, 0x0, 0x0, 0x0, 0x1f, 0x42,
    0x90, 0x0, 0x3, 0xf2, 0x1f, 0x40, 0x0, 0x9d,
    0x0, 0xad, 0x43, 0x8f, 0x40, 0x0, 0x8d, 0xfc,
    0x40, 0x0,

    /* U+0187 "Ƈ" */
    0x0, 0x3b, 0xfe, 0x81, 0xcf, 0x20, 0x2f, 0xa4,
    0x5d, 0xec, 0x30, 0xb, 0xb0, 0x0, 0x3f, 0x70,
    0x0, 0xf5, 0x0, 0x0, 0xb5, 0x0, 0x2f, 0x30,
    0x0, 0x0, 0x0, 0x3, 0xf2, 0x0, 0x0, 0x0,
    0x0, 0x2f, 0x20, 0x0, 0x0, 0x0, 0x0, 0xf5,
    0x0, 0x0, 0x63, 0x0, 0xb, 0xa0, 0x0, 0x2f,
    0x30, 0x0, 0x3f, 0x82, 0x4c, 0xb0, 0x0, 0x0,
    0x4c, 0xfe, 0x91, 0x0, 0x0,

    /* U+0188 "ƈ" */
    0x1, 0xaf, 0xe7, 0x8f, 0x50, 0xcc, 0x23, 0xef,
    0x10, 0x2f, 0x20, 0x5, 0xa0, 0x5, 0xe0, 0x0,
    0x0, 0x0, 0x5e, 0x0, 0x0, 0x0, 0x2, 0xf2,
    0x0, 0x37, 0x0, 0xb, 0xb2, 0x3d, 0x70, 0x0,
    0x1a, 0xfe, 0x80, 0x0,

    /* U+0189 "Ɖ" */
    0x5, 0xff, 0xfd, 0x70, 0x0, 0x5f, 0x22, 0x5d,
    0xa0, 0x5, 0xf0, 0x0, 0x2f, 0x40, 0x5f, 0x0,
    0x0, 0xb9, 0x5, 0xf0, 0x0, 0x8, 0xca, 0xff,
    0xf9, 0x0, 0x7d, 0x18, 0xf2, 0x10, 0x8, 0xc0,
    0x5f, 0x0, 0x0, 0xba, 0x5, 0xf0, 0x0, 0x2f,
    0x40, 0x5f, 0x22, 0x5e, 0xa0, 0x5, 0xff, 0xfd,
    0x70, 0x0,

    /* U+018A "Ɗ" */
    0x2c, 0xff, 0xff, 0xd6, 0x0, 0xba, 0x8e, 0x22,
    0x6e, 0x80, 0xc4, 0x7d, 0x0, 0x3, 0xf2, 0x0,
    0x7d, 0x0, 0x0, 0xc8, 0x0, 0x7d, 0x0, 0x0,
    0xaa, 0x0, 0x7d, 0x0, 0x0, 0x8b, 0x0, 0x7d,
    0x0, 0x0, 0xab, 0x0, 0x7d, 0x0, 0x0, 0xc8,
    0x0, 0x7d, 0x0, 0x3, 0xf3, 0x0, 0x7e, 0x22,
    0x6e, 0x90, 0x0, 0x7f, 0xff, 0xd6, 0x0,

    /* U+018B "Ƌ" */
    0x7, 0xff, 0xff, 0xfa, 0x1, 0x22, 0x22, 0xba,
    0x0, 0x0, 0x0, 0xaa, 0x0, 0x0, 0x0, 0xaa,
    0x0, 0x0, 0x0, 0xaa, 0x3, 0xbe, 0xff, 0xfa,
    0x1e, 0xa3, 0x22, 0xba, 0x5f, 0x0, 0x0, 0xaa,
    0x6f, 0x0, 0x0, 0xaa, 0x1f, 0xa3, 0x22, 0xba,
    0x3, 0xcf, 0xff, 0xfa,

    /* U+018C "ƌ" */
    0x0, 0xef, 0xff, 0xe0, 0x1, 0x11, 0x7e, 0x0,
    0x0, 0x6, 0xe0, 0x1b, 0xfc, 0x9e, 0xb, 0xc3,
    0x4d, 0xe2, 0xf3, 0x0, 0x6e, 0x4f, 0x0, 0x6,
    0xe4, 0xf0, 0x0, 0x6e, 0x2f, 0x20, 0x6, 0xe0,
    0xbb, 0x12, 0xce, 0x1, 0xbf, 0xd9, 0xe0,

    /* U+018D "ƍ" */
    0x0, 0x9e, 0xe9, 0x0, 0xa, 0xc3, 0x3d, 0x80,
    0x1f, 0x30, 0x4, 0xf0, 0x4f, 0x0, 0x0, 0xf3,
    0x4f, 0x0, 0x0, 0xf3, 0x1f, 0x30, 0x4, 0xf0,
    0x9, 0xd3, 0x5e, 0x50, 0x0, 0xcf, 0x93, 0x0,
    0x0, 0x1d, 0x90, 0x0, 0x0, 0x11, 0xda, 0x0,
    0x9, 0xff, 0xff, 0x40,

    /* U+018E "Ǝ" */
    0x8f, 0xff, 0xff, 0xc1, 0x22, 0x22, 0x9c, 0x0,
    0x0, 0x8, 0xc0, 0x0, 0x0, 0x8c, 0x0, 0x0,
    0x8, 0xc0, 0xcf, 0xff, 0xfc, 0x2, 0x22, 0x29,
    0xc0, 0x0, 0x0, 0x8c, 0x0, 0x0, 0x8, 0xc1,
    0x22, 0x22, 0x9c, 0x7f, 0xff, 0xff, 0xc0,

    /* U+018F "Ə" */
    0x2, 0xae, 0xfd, 0x70, 0x0, 0x28, 0x32, 0x5d,
    0xb0, 0x0, 0x0, 0x0, 0x2f, 0x50, 0x0, 0x0,
    0x0, 0xaa, 0x0, 0x0, 0x0, 0x8, 0xd5, 0xff,
    0xff, 0xff, 0xfd, 0x5f, 0x22, 0x22, 0x29, 0xd3,
    0xf1, 0x0, 0x0, 0xba, 0xe, 0x70, 0x0, 0x2f,
    0x40, 0x6f, 0x73, 0x4d, 0xa0, 0x0, 0x5d, 0xfe,
    0x80, 0x0,

    /* U+0190 "Ɛ" */
    0x1, 0x9e, 0xfc, 0x40, 0xc, 0xc4, 0x39, 0xf2,
    0x2f, 0x20, 0x0, 0xd8, 0x3f, 0x10, 0x0, 0x0,
    0xd, 0xa1, 0x0, 0x0, 0x2, 0xff, 0xf4, 0x0,
    0xd, 0xa3, 0x20, 0x0, 0x5f, 0x0, 0x0, 0x0,
    0x5f, 0x0, 0x0, 0xab, 0x1e, 0xb3, 0x27, 0xf5,
    0x2, 0xbe, 0xfc, 0x50,

    /* U+0191 "Ƒ" */
    0x0, 0x6f, 0xff, 0xff, 0xb0, 0x6, 0xe2, 0x22,
    0x21, 0x0, 0x6e, 0x0, 0x0, 0x0, 0x6, 0xe0,
    0x0, 0x0, 0x0, 0x6e, 0x0, 0x0, 0x0, 0x6,
    0xff, 0xff, 0xf0, 0x0, 0x6e, 0x22, 0x22, 0x0,
    0x6, 0xe0, 0x0, 0x0, 0x0, 0x6e, 0x0, 0x0,
    0x0, 0x6, 0xe0, 0x0, 0x0, 0x0, 0x6e, 0x0,
    0x0, 0x0, 0x7, 0xd0, 0x0, 0x0, 0x3, 0xbb,
    0x0, 0x0, 0x0, 0xfd, 0x20, 0x0, 0x0,

    /* U+0192 "ƒ" */
    0x0, 0x7, 0xea, 0x0, 0x3f, 0x52, 0x0, 0x7d,
    0x0, 0x0, 0x8c, 0x0, 0xa, 0xff, 0xf2, 0x0,
    0x8c, 0x0, 0x0, 0x8c, 0x0, 0x0, 0x8c, 0x0,
    0x0, 0x8c, 0x0, 0x0, 0x8c, 0x0, 0x0, 0x8c,
    0x0, 0x0, 0x8c, 0x0, 0x0, 0x8b, 0x0, 0x2,
    0xc9, 0x0, 0x2f, 0xc1, 0x0,

    /* U+0193 "Ɠ" */
    0x0, 0x4c, 0xfe, 0xa2, 0xcf, 0x20, 0x3f, 0x93,
    0x4c, 0xfd, 0x30, 0xb, 0xa0, 0x0, 0x2f, 0x80,
    0x0, 0xf5, 0x0, 0x0, 0x74, 0x0, 0x2f, 0x30,
    0x0, 0x0, 0x0, 0x2, 0xf2, 0x0, 0x0, 0x0,
    0x0, 0x1f, 0x30, 0x1f, 0xff, 0x70, 0x0, 0xf6,
    0x0, 0x22, 0xd8, 0x0, 0xa, 0xc0, 0x0, 0xc,
    0x80, 0x0, 0x2f, 0xa3, 0x36, 0xf6, 0x0, 0x0,
    0x2b, 0xef, 0xc6, 0x0, 0x0,

    /* U+0194 "Ɣ" */
    0xac, 0x0, 0x0, 0xf, 0x64, 0xf2, 0x0, 0x6,
    0xf1, 0xd, 0x80, 0x0, 0xca, 0x0, 0x7e, 0x0,
    0x2f, 0x30, 0x1, 0xf4, 0x8, 0xd0, 0x0, 0xa,
    0xa0, 0xe6, 0x0, 0x0, 0x4f, 0x6f, 0x0, 0x0,
    0x0, 0xdf, 0x90, 0x0, 0x0, 0x7, 0xf3, 0x0,
    0x0, 0x0, 0x7f, 0x30, 0x0, 0x0, 0xd, 0xf9,
    0x0, 0x0, 0x3, 0xf6, 0xf0, 0x0, 0x0, 0x5f,
    0x5f, 0x10, 0x0, 0x0, 0xcf, 0x90, 0x0,

    /* U+0195 "ƕ" */
    0xf, 0x30, 0x0, 0x0, 0x0, 0x0, 0xf3, 0x0,
    0x0, 0x0, 0x0, 0xf, 0x30, 0x0, 0x0, 0x0,
    0x0, 0xf7, 0xdf, 0xb1, 0x0, 0x8c, 0xf, 0xd4,
    0x3e, 0x80, 0x8, 0xc0, 0xf4, 0x0, 0x8b, 0x0,
    0x8c, 0xf, 0x30, 0x7, 0xc0, 0x8, 0xc0, 0xf3,
    0x0, 0x7c, 0x0, 0x8c, 0xf, 0x30, 0x6, 0xd0,
    0x9, 0xa0, 0xf3, 0x0, 0x2f, 0x63, 0xe6, 0xf,
    0x30, 0x0, 0x6e, 0xe9, 0x0,

    /* U+0196 "Ɩ" */
    0xe5, 0x0, 0xe5, 0x0, 0xe5, 0x0, 0xe5, 0x0,
    0xe5, 0x0, 0xe5, 0x0, 0xe5, 0x0, 0xe5, 0x0,
    0xe6, 0x0, 0xbb, 0x20, 0x2c, 0xf4,

    /* U+0197 "Ɨ" */
    0x6, 0xf0, 0x0, 0x6f, 0x0, 0x6, 0xf0, 0x0,
    0x6f, 0x0, 0x6, 0xf0, 0xd, 0xff, 0xf7, 0x18,
    0xf2, 0x10, 0x6f, 0x0, 0x6, 0xf0, 0x0, 0x6f,
    0x0, 0x6, 0xf0, 0x0,

    /* U+0198 "Ƙ" */
    0xd7, 0x0, 0x9, 0xf8, 0xd7, 0x0, 0x7e, 0x32,
    0xd7, 0x3, 0xf3, 0x0, 0xd7, 0x1e, 0x70, 0x0,
    0xd7, 0xbc, 0x0, 0x0, 0xde, 0xfe, 0x10, 0x0,
    0xdf, 0x5d, 0xb0, 0x0, 0xd9, 0x3, 0xf6, 0x0,
    0xd7, 0x0, 0x8f, 0x10, 0xd7, 0x0, 0xc, 0xb0,
    0xd7, 0x0, 0x2, 0xf7,

    /* U+0199 "ƙ" */
    0x4, 0xea, 0x0, 0x0, 0xe, 0x60, 0x0, 0x0,
    0xf, 0x30, 0x0, 0x0, 0xf, 0x30, 0x4f, 0x50,
    0xf, 0x32, 0xe7, 0x0, 0xf, 0x5e, 0x90, 0x0,
    0xf, 0xef, 0x10, 0x0, 0xf, 0xcd, 0xa0, 0x0,
    0xf, 0x32, 0xf5, 0x0, 0xf, 0x30, 0x7e, 0x10,
    0xf, 0x30, 0xb, 0xb0,

    /* U+019A "ƚ" */
    0x5, 0xf0, 0x0, 0x5f, 0x0, 0x5, 0xf0, 0x0,
    0x5f, 0x0, 0x5, 0xf0, 0xd, 0xff, 0xf7, 0x17,
    0xf2, 0x10, 0x5f, 0x0, 0x5, 0xf0, 0x0, 0x5f,
    0x0, 0x5, 0xf0, 0x0,

    /* U+019B "ƛ" */
    0xd, 0xd1, 0x10, 0x0, 0x2, 0xfe, 0xb0, 0x0,
    0x9, 0xef, 0x10, 0x0, 0x1, 0x2f, 0x50, 0x0,
    0x0, 0x6f, 0xa0, 0x0, 0x0, 0xcd, 0xf1, 0x0,
    0x2, 0xf3, 0xe6, 0x0, 0x7, 0xd0, 0x9c, 0x0,
    0xd, 0x80, 0x3f, 0x20, 0x3f, 0x20, 0xd, 0xa1,
    0x9d, 0x0, 0x4, 0xf5,

    /* U+019C "Ɯ" */
    0xd7, 0x0, 0x4f, 0x0, 0xb, 0x9d, 0x70, 0x4,
    0xf0, 0x0, 0xb9, 0xd7, 0x0, 0x4f, 0x0, 0xb,
    0x9d, 0x70, 0x4, 0xf0, 0x0, 0xb9, 0xd7, 0x0,
    0x4f, 0x0, 0xb, 0x9d, 0x70, 0x4, 0xf0, 0x0,
    0xb9, 0xd7, 0x0, 0x4f, 0x0, 0xb, 0x9c, 0x70,
    0x4, 0xf0, 0x0, 0xb9, 0xb8, 0x0, 0x5f, 0x10,
    0xc, 0x98, 0xe3, 0x4d, 0xe9, 0x28, 0xf9, 0x1b,
    0xfd, 0x45, 0xef, 0xab, 0x90,

    /* U+019D "Ɲ" */
    0x0, 0x6f, 0x30, 0x0, 0x1f, 0x30, 0x6, 0xfc,
    0x0, 0x1, 0xf3, 0x0, 0x6f, 0xf5, 0x0, 0x1f,
    0x30, 0x6, 0xe8, 0xe0, 0x1, 0xf3, 0x0, 0x6e,
    0xe, 0x80, 0x1f, 0x30, 0x6, 0xe0, 0x5f, 0x21,
    0xf3, 0x0, 0x6e, 0x0, 0xcb, 0x1f, 0x30, 0x6,
    0xe0, 0x2, 0xf6, 0xf3, 0x0, 0x6e, 0x0, 0x9,
    0xef, 0x30, 0x6, 0xe0, 0x0, 0x1e, 0xf3, 0x0,
    0x6e, 0x0, 0x0, 0x6f, 0x30, 0x7, 0xd0, 0x0,
    0x0, 0x0, 0x3, 0xbb, 0x0, 0x0, 0x0, 0x0,
    0xfc, 0x20, 0x0, 0x0, 0x0,

    /* U+019E "ƞ" */
    0xf, 0x6d, 0xfc, 0x20, 0xfd, 0x32, 0xda, 0xf,
    0x40, 0x6, 0xd0, 0xf4, 0x0, 0x6e, 0xf, 0x40,
    0x6, 0xe0, 0xf4, 0x0, 0x6e, 0xf, 0x40, 0x6,
    0xe0, 0xf4, 0x0, 0x6e, 0x0, 0x0, 0x6, 0xe0,
    0x0, 0x0, 0x6e, 0x0, 0x0, 0x6, 0xe0,

    /* U+019F "Ɵ" */
    0x0, 0x3c, 0xfe, 0x80, 0x0, 0x3f, 0x83, 0x6e,
    0xa0, 0xc, 0xa0, 0x0, 0x3f, 0x31, 0xf3, 0x0,
    0x0, 0xd8, 0x3f, 0x10, 0x0, 0xa, 0xa4, 0xff,
    0xff, 0xff, 0xfb, 0x3f, 0x32, 0x22, 0x2b, 0xa1,
    0xf3, 0x0, 0x0, 0xc8, 0xc, 0x90, 0x0, 0x2f,
    0x30, 0x3f, 0x93, 0x5e, 0xa0, 0x0, 0x4c, 0xfe,
    0x80, 0x0,

    /* U+01A0 "Ơ" */
    0x0, 0x0, 0x0, 0x0, 0x26, 0x0, 0x4c, 0xfe,
    0x80, 0x9a, 0x3, 0xf8, 0x35, 0xef, 0xd2, 0xc,
    0x90, 0x0, 0x3f, 0x30, 0x1f, 0x30, 0x0, 0xd,
    0x80, 0x4f, 0x10, 0x0, 0xa, 0xa0, 0x4f, 0x0,
    0x0, 0x9, 0xb0, 0x4f, 0x10, 0x0, 0xa, 0xa0,
    0x1f, 0x30, 0x0, 0xd, 0x80, 0xc, 0x90, 0x0,
    0x3f, 0x30, 0x3, 0xf8, 0x35, 0xda, 0x0, 0x0,
    0x4c, 0xfe, 0x80, 0x0,

    /* U+01A1 "ơ" */
    0x0, 0x0, 0x0, 0xc, 0x30, 0x9, 0xee, 0x92,
    0xe0, 0xb, 0xc3, 0x3d, 0xf5, 0x2, 0xf2, 0x0,
    0x3f, 0x20, 0x5f, 0x0, 0x0, 0xf4, 0x4, 0xf0,
    0x0, 0xf, 0x50, 0x2f, 0x20, 0x3, 0xf2, 0x0,
    0xac, 0x33, 0xdb, 0x0, 0x0, 0xaf, 0xe9, 0x0,
    0x0,

    /* U+01A2 "Ƣ" */
    0x0, 0x2b, 0xee, 0xc4, 0x5d, 0xb0, 0x2e, 0xa3,
    0x37, 0xfe, 0xdb, 0xa, 0xc0, 0x0, 0xc, 0x79,
    0xb0, 0xf5, 0x0, 0x0, 0xc7, 0x9b, 0x2f, 0x20,
    0x0, 0xc, 0x79, 0xb2, 0xf1, 0x0, 0x0, 0xc7,
    0x9b, 0x2f, 0x20, 0x0, 0xc, 0x79, 0xb0, 0xf5,
    0x0, 0x0, 0xc7, 0x9b, 0xb, 0xb0, 0x0, 0xc,
    0x79, 0xb0, 0x2f, 0x93, 0x37, 0xf5, 0x9b, 0x0,
    0x2b, 0xff, 0xc5, 0x9, 0xb0, 0x0, 0x0, 0x0,
    0x0, 0x9b, 0x0, 0x0, 0x0, 0x0, 0x9, 0xb0,
    0x0, 0x0, 0x0, 0x0, 0x9b,

    /* U+01A3 "ƣ" */
    0x1, 0xaf, 0xe8, 0x6f, 0x50, 0xcc, 0x23, 0xff,
    0xf5, 0x2f, 0x20, 0xf, 0x6e, 0x55, 0xf0, 0x0,
    0xf4, 0xe5, 0x5f, 0x0, 0xf, 0x4e, 0x52, 0xf2,
    0x0, 0xf4, 0xe5, 0xb, 0xb2, 0x3f, 0x3e, 0x50,
    0x1a, 0xfe, 0x70, 0xe5, 0x0, 0x0, 0x0, 0xe,
    0x50, 0x0, 0x0, 0x0, 0xe5, 0x0, 0x0, 0x0,
    0xe, 0x50,

    /* U+01A4 "Ƥ" */
    0x2c, 0xff, 0xff, 0xfc, 0x30, 0xaa, 0x9e, 0x22,
    0x39, 0xf1, 0xc4, 0x7d, 0x0, 0x0, 0xd8, 0x21,
    0x7d, 0x0, 0x0, 0xaa, 0x0, 0x7d, 0x0, 0x0,
    0xc9, 0x0, 0x7d, 0x0, 0x6, 0xf3, 0x0, 0x7f,
    0xff, 0xfe, 0x60, 0x0, 0x7e, 0x22, 0x10, 0x0,
    0x0, 0x7d, 0x0, 0x0, 0x0, 0x0, 0x7d, 0x0,
    0x0, 0x0, 0x0, 0x7d, 0x0, 0x0, 0x0,

    /* U+01A5 "ƥ" */
    0x5, 0xea, 0x0, 0x0, 0xe, 0x70, 0x0, 0x0,
    0xf, 0x7d, 0xfb, 0x10, 0xf, 0xc3, 0x4e, 0xa0,
    0xf, 0x30, 0x5, 0xf0, 0xf, 0x30, 0x1, 0xf2,
    0xf, 0x30, 0x1, 0xf2, 0xf, 0x30, 0x5, 0xf0,
    0xf, 0xb2, 0x3d, 0x90, 0xf, 0x8d, 0xfb, 0x10,
    0xf, 0x30, 0x0, 0x0, 0xf, 0x30, 0x0, 0x0,
    0xf, 0x30, 0x0, 0x0,

    /* U+01A6 "Ʀ" */
    0x42, 0x0, 0x0, 0x0, 0xd, 0xff, 0xfd, 0x60,
    0x0, 0xd8, 0x22, 0x6f, 0x60, 0xd, 0x70, 0x0,
    0x9c, 0x0, 0xd7, 0x0, 0x6, 0xe0, 0xd, 0x70,
    0x0, 0x8d, 0x0, 0xd7, 0x0, 0x4f, 0x70, 0xd,
    0xff, 0xff, 0x80, 0x0, 0xd8, 0x23, 0xe6, 0x0,
    0xd, 0x70, 0x7, 0xe0, 0x0, 0xd7, 0x0, 0xd,
    0x80, 0xd, 0x70, 0x0, 0x5f, 0x10, 0x0, 0x0,
    0x0, 0xc9, 0x0, 0x0, 0x0, 0x3, 0xf2, 0x0,
    0x0, 0x0, 0x6, 0x40,

    /* U+01A7 "Ƨ" */
    0x1, 0xae, 0xeb, 0x20, 0xd, 0xb3, 0x3a, 0xe1,
    0x5f, 0x0, 0x0, 0xf5, 0x13, 0x0, 0x1, 0xf5,
    0x0, 0x1, 0x6e, 0xd0, 0x1, 0xaf, 0xf9, 0x0,
    0xe, 0xd5, 0x0, 0x0, 0x6f, 0x10, 0x0, 0x22,
    0x6e, 0x0, 0x0, 0xba, 0x2f, 0x93, 0x39, 0xf3,
    0x3, 0xbe, 0xfb, 0x30,

    /* U+01A8 "ƨ" */
    0x3, 0xcf, 0xd5, 0x0, 0xe8, 0x26, 0xf2, 0x16,
    0x0, 0x1f, 0x30, 0x4, 0x9e, 0xb0, 0xc, 0xd8,
    0x30, 0x4, 0xf1, 0x0, 0x64, 0x2f, 0x61, 0x5f,
    0x40, 0x5d, 0xfd, 0x60,

    /* U+01A9 "Ʃ" */
    0x8f, 0xff, 0xff, 0xf2, 0x3f, 0x82, 0x22, 0x20,
    0x7, 0xf2, 0x0, 0x0, 0x0, 0xbc, 0x0, 0x0,
    0x0, 0x1e, 0x80, 0x0, 0x0, 0x6, 0xf1, 0x0,
    0x0, 0x1e, 0x70, 0x0, 0x0, 0xbc, 0x0, 0x0,
    0x7, 0xf2, 0x0, 0x0, 0x3f, 0x72, 0x22, 0x21,
    0x8f, 0xff, 0xff, 0xf7,

    /* U+01AA "ƪ" */
    0x0, 0x0, 0x0, 0x1, 0xcf, 0xb1, 0x0, 0xba,
    0x4b, 0x90, 0xc, 0x81, 0x9c, 0x0, 0x3f, 0xff,
    0xc0, 0x0, 0x13, 0x8c, 0x0, 0x0, 0x7, 0xc0,
    0x0, 0x0, 0x7c, 0x0, 0x0, 0x7, 0xc0, 0x0,
    0x0, 0x7c, 0x0, 0x0, 0x7, 0xc0, 0x0, 0x0,
    0x7c, 0x0, 0x0, 0x7, 0xc0, 0x0, 0x0, 0x5f,
    0x30, 0x0, 0x0, 0xbf, 0x30,

    /* U+01AB "ƫ" */
    0x4, 0x50, 0x0, 0x9a, 0x0, 0xff, 0xff, 0x0,
    0x9a, 0x0, 0x9, 0xa0, 0x0, 0x9a, 0x0, 0x9,
    0xa0, 0x0, 0x9a, 0x0, 0x8, 0xd3, 0x0, 0x2d,
    0xf1, 0x0, 0xc, 0x10, 0x1, 0xe0, 0x3, 0xf7,
    0x0,

    /* U+01AC "Ƭ" */
    0x2c, 0xff, 0xff, 0xff, 0x7b, 0xa2, 0x3f, 0x52,
    0x21, 0xb4, 0x1, 0xf3, 0x0, 0x0, 0x0, 0x1f,
    0x30, 0x0, 0x0, 0x1, 0xf3, 0x0, 0x0, 0x0,
    0x1f, 0x30, 0x0, 0x0, 0x1, 0xf3, 0x0, 0x0,
    0x0, 0x1f, 0x30, 0x0, 0x0, 0x1, 0xf3, 0x0,
    0x0, 0x0, 0x1f, 0x30, 0x0, 0x0, 0x1, 0xf3,
    0x0, 0x0,

    /* U+01AD "ƭ" */
    0x0, 0xbf, 0x30, 0x6e, 0x0, 0x8, 0xc0, 0xd,
    0xff, 0xf2, 0x8, 0xc0, 0x0, 0x8c, 0x0, 0x8,
    0xc0, 0x0, 0x8c, 0x0, 0x7, 0xc0, 0x0, 0x6e,
    0x30, 0x1, 0xcf, 0x20,

    /* U+01AE "Ʈ" */
    0xaf, 0xff, 0xff, 0xff, 0x1, 0x22, 0x8d, 0x22,
    0x20, 0x0, 0x7, 0xd0, 0x0, 0x0, 0x0, 0x7d,
    0x0, 0x0, 0x0, 0x7, 0xd0, 0x0, 0x0, 0x0,
    0x7d, 0x0, 0x0, 0x0, 0x7, 0xd0, 0x0, 0x0,
    0x0, 0x7d, 0x0, 0x0, 0x0, 0x7, 0xd0, 0x0,
    0x0, 0x0, 0x7d, 0x0, 0x0, 0x0, 0x7, 0xd0,
    0x0, 0x0, 0x0, 0x7d, 0x0, 0x0, 0x0, 0x4,
    0xf4, 0x10, 0x0, 0x0, 0x9, 0xf6, 0x0,

    /* U+01AF "Ư" */
    0xf, 0x40, 0x0, 0x2f, 0x27, 0xa0, 0xf4, 0x0,
    0x2, 0xf9, 0xe5, 0xf, 0x40, 0x0, 0x2f, 0x94,
    0x0, 0xf4, 0x0, 0x2, 0xf2, 0x0, 0xf, 0x40,
    0x0, 0x2f, 0x20, 0x0, 0xf4, 0x0, 0x2, 0xf2,
    0x0, 0xf, 0x40, 0x0, 0x2f, 0x20, 0x0, 0xf4,
    0x0, 0x2, 0xf2, 0x0, 0xd, 0x70, 0x0, 0x6f,
    0x0, 0x0, 0x6f, 0x62, 0x5e, 0x80, 0x0, 0x0,
    0x6d, 0xfd, 0x70, 0x0, 0x0,

    /* U+01B0 "ư" */
    0x0, 0x0, 0x0, 0x1, 0x61, 0xf3, 0x0, 0x8c,
    0x4b, 0x1f, 0x30, 0x8, 0xfc, 0x31, 0xf3, 0x0,
    0x8c, 0x0, 0x1f, 0x30, 0x8, 0xc0, 0x1, 0xf3,
    0x0, 0x8c, 0x0, 0xf, 0x30, 0x8, 0xc0, 0x0,
    0xd9, 0x3, 0xec, 0x0, 0x3, 0xdf, 0xca, 0xc0,
    0x0,

    /* U+01B1 "Ʊ" */
    0x1f, 0xff, 0x3f, 0xff, 0x60, 0x3e, 0x90, 0x6f,
    0x51, 0x7, 0xc0, 0x0, 0x7c, 0x0, 0xd6, 0x0,
    0x1, 0xf2, 0x1f, 0x30, 0x0, 0xf, 0x52, 0xf2,
    0x0, 0x0, 0xe7, 0x2f, 0x30, 0x0, 0xe, 0x60,
    0xf4, 0x0, 0x0, 0xf5, 0xb, 0xa0, 0x0, 0x5f,
    0x0, 0x3f, 0x82, 0x5e, 0x70, 0x0, 0x4c, 0xfd,
    0x60, 0x0,

    /* U+01B2 "Ʋ" */
    0x0, 0x0, 0x0, 0x0, 0x0, 0xf4, 0x0, 0xce,
    0x50, 0xf, 0x40, 0x0, 0x6f, 0x0, 0xf4, 0x0,
    0x2, 0xf2, 0xf, 0x40, 0x0, 0x2f, 0x20, 0xf4,
    0x0, 0x2, 0xf2, 0xf, 0x40, 0x0, 0x2f, 0x20,
    0xf4, 0x0, 0x2, 0xf2, 0xf, 0x40, 0x0, 0x2f,
    0x20, 0xd7, 0x0, 0x5, 0xf0, 0x6, 0xf6, 0x25,
    0xe8, 0x0, 0x6, 0xdf, 0xd7, 0x0,

    /* U+01B3 "Ƴ" */
    0xad, 0x0, 0x0, 0x4e, 0xe3, 0x2f, 0x50, 0x0,
    0xeb, 0x50, 0xa, 0xc0, 0x6, 0xf1, 0x0, 0x2,
    0xf4, 0xd, 0x90, 0x0, 0x0, 0xac, 0x6f, 0x10,
    0x0, 0x0, 0x2f, 0xe9, 0x0, 0x0, 0x0, 0xa,
    0xf1, 0x0, 0x0, 0x0, 0x7, 0xd0, 0x0, 0x0,
    0x0, 0x7, 0xd0, 0x0, 0x0, 0x0, 0x7, 0xd0,
    0x0, 0x0, 0x0, 0x7, 0xd0, 0x0, 0x0,

    /* U+01B4 "ƴ" */
    0x0, 0x0, 0x1, 0xce, 0x40, 0x0, 0x0, 0x9c,
    0x31, 0xaa, 0x0, 0xf, 0x40, 0x5, 0xf0, 0x4,
    0xe0, 0x0, 0xf, 0x50, 0x99, 0x0, 0x0, 0xaa,
    0xe, 0x40, 0x0, 0x5, 0xe3, 0xe0, 0x0, 0x0,
    0xf, 0xba, 0x0, 0x0, 0x0, 0xaf, 0x40, 0x0,
    0x0, 0x4, 0xf0, 0x0, 0x0, 0x0, 0x7a, 0x0,
    0x0, 0x1, 0x4e, 0x40, 0x0, 0x0, 0x6f, 0x80,
    0x0, 0x0, 0x0,

    /* U+01B5 "Ƶ" */
    0x5f, 0xff, 0xff, 0xf9, 0x2, 0x22, 0x25, 0xf5,
    0x0, 0x0, 0xb, 0xb0, 0x0, 0x0, 0x5f, 0x20,
    0x0, 0x0, 0xe8, 0x0, 0x2f, 0xff, 0xff, 0xf5,
    0x2, 0x5f, 0x52, 0x20, 0x0, 0xda, 0x0, 0x0,
    0x7, 0xe1, 0x0, 0x0, 0x2f, 0x72, 0x22, 0x21,
    0x6f, 0xff, 0xff, 0xfd,

    /* U+01B6 "ƶ" */
    0x4f, 0xff, 0xff, 0x50, 0x11, 0x1a, 0xd0, 0x0,
    0x6, 0xe2, 0x0, 0xef, 0xff, 0xe0, 0x2, 0xda,
    0x22, 0x0, 0x6f, 0x10, 0x0, 0x1e, 0x81, 0x11,
    0x5, 0xff, 0xff, 0xf8,

    /* U+01B7 "Ʒ" */
    0x3f, 0xff, 0xff, 0xfa, 0x0, 0x22, 0x22, 0x5f,
    0x50, 0x0, 0x0, 0xc, 0xa0, 0x0, 0x0, 0x8,
    0xe0, 0x0, 0x0, 0x3, 0xf4, 0x0, 0x0, 0x0,
    0xd8, 0x0, 0x0, 0x0, 0x5f, 0xec, 0x60, 0x0,
    0x0, 0x22, 0x6e, 0x80, 0x0, 0x0, 0x0, 0x6f,
    0x0, 0x0, 0x0, 0x2, 0xf2, 0x24, 0x0, 0x0,
    0x2f, 0x23, 0xf1, 0x0, 0x6, 0xf0, 0xc, 0xc4,
    0x26, 0xe7, 0x0, 0x19, 0xef, 0xd7, 0x0,

    /* U+01B8 "Ƹ" */
    0xa, 0xff, 0xff, 0xff, 0x30, 0x5f, 0x52, 0x22,
    0x20, 0x0, 0xac, 0x0, 0x0, 0x0, 0x0, 0xe8,
    0x0, 0x0, 0x0, 0x3, 0xf3, 0x0, 0x0, 0x0,
    0x8, 0xd0, 0x0, 0x0, 0x6c, 0xef, 0x50, 0x0,
    0x7e, 0x63, 0x20, 0x0, 0xf, 0x60, 0x0, 0x0,
    0x2, 0xf2, 0x0, 0x0, 0x0, 0x1f, 0x20, 0x0,
    0x4, 0x20, 0xf6, 0x0, 0x1, 0xf3, 0x7, 0xe6,
    0x23, 0xcb, 0x0, 0x7, 0xdf, 0xe9, 0x10,

    /* U+01B9 "ƹ" */
    0xe, 0xff, 0xff, 0xf0, 0x7, 0xe3, 0x11, 0x10,
    0x0, 0xbb, 0x0, 0x0, 0x0, 0x1e, 0x70, 0x0,
    0x0, 0x29, 0xf2, 0x0, 0x5, 0xfc, 0xa2, 0x0,
    0xf, 0x60, 0x0, 0x0, 0x3f, 0x10, 0x0, 0x20,
    0x2f, 0x20, 0x1, 0xf3, 0xc, 0xc3, 0x3b, 0xd0,
    0x1, 0xae, 0xfb, 0x10,

    /* U+01BA "ƺ" */
    0x2f, 0xff, 0xff, 0xb0, 0x11, 0x1a, 0xe2, 0x0,
    0xb, 0xd2, 0x0, 0xb, 0xfc, 0x30, 0x0, 0x23,
    0x8f, 0x0, 0x0, 0x3, 0xf1, 0x0, 0x6b, 0xf8,
    0x1, 0xec, 0x72, 0x0, 0x6d, 0x0, 0x8, 0x34,
    0xf4, 0x27, 0xf2, 0x6, 0xdf, 0xd4, 0x0,

    /* U+01BB "ƻ" */
    0x1, 0xae, 0xe9, 0x0, 0xd, 0xa2, 0x4e, 0x80,
    0x3f, 0x10, 0x7, 0xd0, 0x15, 0x0, 0x7, 0xc0,
    0x0, 0x0, 0xd, 0x70, 0x0, 0xef, 0xff, 0xf5,
    0x0, 0x27, 0xf4, 0x20, 0x0, 0x2f, 0x50, 0x0,
    0x1, 0xd8, 0x0, 0x0, 0xb, 0xc1, 0x11, 0x10,
    0x2f, 0xff, 0xff, 0xf5,

    /* U+01BC "Ƽ" */
    0x9f, 0xff, 0xff, 0xf0, 0x26, 0xf4, 0x44, 0x40,
    0x5, 0xd0, 0x0, 0x0, 0x6, 0xc0, 0x0, 0x0,
    0x7, 0xed, 0xfb, 0x10, 0x6, 0xb4, 0x4c, 0xc0,
    0x0, 0x0, 0x2, 0xf2, 0x0, 0x0, 0x0, 0xf4,
    0xc, 0x50, 0x1, 0xf2, 0x7, 0xd3, 0x2b, 0xc0,
    0x0, 0x8e, 0xeb, 0x10,

    /* U+01BD "ƽ" */
    0xbf, 0xff, 0xff, 0x21, 0xba, 0x22, 0x20, 0xb,
    0xce, 0xd6, 0x0, 0xda, 0x36, 0xf3, 0x0, 0x0,
    0xd, 0x71, 0x90, 0x0, 0xd7, 0xe, 0x92, 0x6f,
    0x30, 0x3c, 0xfd, 0x60,

    /* U+01BE "ƾ" */
    0x0, 0x4f, 0x0, 0x0, 0x4, 0xf0, 0x0, 0xa,
    0xff, 0xf6, 0x0, 0x4, 0xf0, 0x0, 0x0, 0x3f,
    0x10, 0x0, 0x0, 0xdb, 0x10, 0x0, 0x1, 0xbe,
    0x23, 0x80, 0x0, 0xd7, 0x1f, 0x72, 0x4f, 0x40,
    0x4c, 0xfe, 0x70,

    /* U+01BF "ƿ" */
    0xf, 0x7d, 0xfb, 0x10, 0xf, 0xc3, 0x4e, 0x90,
    0xf, 0x30, 0x5, 0xf0, 0xf, 0x30, 0x1, 0xf2,
    0xf, 0x30, 0x1, 0xf2, 0xf, 0x30, 0x5, 0xf0,
    0xf, 0x30, 0x1e, 0x80, 0xf, 0x47, 0xe9, 0x0,
    0xf, 0xfa, 0x30, 0x0, 0xf, 0x30, 0x0, 0x0,
    0xf, 0x30, 0x0, 0x0,

    /* U+01C0 "ǀ" */
    0xb4, 0xb4, 0xb4, 0xb4, 0xb4, 0xb4, 0xb4, 0xb4,
    0xb4, 0xb4, 0xb4,

    /* U+01C1 "ǁ" */
    0xb4, 0xf0, 0xb4, 0xf0, 0xb4, 0xf0, 0xb4, 0xf0,
    0xb4, 0xf0, 0xb4, 0xf0, 0xb4, 0xf0, 0xb4, 0xf0,
    0xb4, 0xf0, 0xb4, 0xf0, 0xb4, 0xf0,

    /* U+01C2 "ǂ" */
    0x2, 0xe0, 0x0, 0x2e, 0x0, 0x2, 0xe0, 0xd,
    0xff, 0xf8, 0x13, 0xf1, 0x0, 0x2e, 0x0, 0x2,
    0xe0, 0xc, 0xff, 0xf7, 0x14, 0xf2, 0x10, 0x2e,
    0x0, 0x2, 0xe0, 0x0,

    /* U+01C3 "ǃ" */
    0xd7, 0xd7, 0xd6, 0xd6, 0xc6, 0xc6, 0xc6, 0x73,
    0x0, 0x52, 0xb6,

    /* U+01C4 "Ǆ" */
    0x0, 0x0, 0x0, 0x0, 0x6, 0x20, 0x70, 0x0,
    0x0, 0x0, 0x0, 0x0, 0x2c, 0xb6, 0x0, 0x0,
    0x0, 0x0, 0x0, 0x0, 0x35, 0x0, 0xd, 0xff,
    0xeb, 0x20, 0x6f, 0xff, 0xff, 0xf8, 0xd8, 0x23,
    0x9f, 0x31, 0x22, 0x22, 0x6f, 0x3d, 0x70, 0x0,
    0x9c, 0x0, 0x0, 0xd, 0x90, 0xd7, 0x0, 0x2,
    0xf2, 0x0, 0x8, 0xe1, 0xd, 0x70, 0x0, 0xf,
    0x40, 0x2, 0xf5, 0x0, 0xd7, 0x0, 0x0, 0xf5,
    0x0, 0xcb, 0x0, 0xd, 0x70, 0x0, 0xf, 0x40,
    0x6f, 0x20, 0x0, 0xd7, 0x0, 0x3, 0xf2, 0x1e,
    0x70, 0x0, 0xd, 0x70, 0x0, 0xac, 0x9, 0xd0,
    0x0, 0x0, 0xd8, 0x23, 0x9f, 0x33, 0xf6, 0x22,
    0x22, 0x1d, 0xff, 0xeb, 0x30, 0x8f, 0xff, 0xff,
    0xfb,

    /* U+01C5 "ǅ" */
    0xdf, 0xfe, 0xb2, 0x0, 0xb, 0x4a, 0x70, 0xd8,
    0x23, 0x9f, 0x30, 0x0, 0x74, 0x0, 0xd7, 0x0,
    0x9, 0xc0, 0x0, 0x0, 0x0, 0xd7, 0x0, 0x2,
    0xf3, 0xff, 0xff, 0xf8, 0xd7, 0x0, 0x0, 0xf4,
    0x11, 0x16, 0xf3, 0xd7, 0x0, 0x0, 0xf5, 0x0,
    0x1e, 0x70, 0xd7, 0x0, 0x0, 0xf4, 0x0, 0xac,
    0x0, 0xd7, 0x0, 0x3, 0xf2, 0x6, 0xf2, 0x0,
    0xd7, 0x0, 0xa, 0xc0, 0x2f, 0x60, 0x0, 0xd8,
    0x23, 0x9f, 0x30, 0xcc, 0x22, 0x21, 0xdf, 0xfe,
    0xb3, 0x1, 0xff, 0xff, 0xfc,

    /* U+01C6 "ǆ" */
    0x0, 0x0, 0x1, 0x40, 0x0, 0x0, 0x0, 0x0,
    0x0, 0x6, 0xe0, 0x4d, 0x2d, 0x40, 0x0, 0x0,
    0x6, 0xe0, 0x5, 0xe4, 0x0, 0x0, 0x0, 0x6,
    0xe0, 0x0, 0x0, 0x0, 0x1, 0xbf, 0xc9, 0xe6,
    0xff, 0xff, 0xf3, 0xb, 0xd5, 0x6e, 0xe1, 0x44,
    0x4b, 0xe0, 0x2f, 0x30, 0x6, 0xe0, 0x0, 0x4f,
    0x30, 0x4f, 0x0, 0x6, 0xe0, 0x1, 0xe8, 0x0,
    0x4f, 0x0, 0x6, 0xe0, 0xa, 0xc0, 0x0, 0x2f,
    0x20, 0x6, 0xe0, 0x5f, 0x20, 0x0, 0xb, 0xc2,
    0x3d, 0xe2, 0xf7, 0x11, 0x10, 0x1, 0xbf, 0xd8,
    0xe6, 0xff, 0xff, 0xf7,

    /* U+01C7 "Ǉ" */
    0xd7, 0x0, 0x0, 0x0, 0x0, 0x2, 0xf2, 0xd7,
    0x0, 0x0, 0x0, 0x0, 0x2, 0xf2, 0xd7, 0x0,
    0x0, 0x0, 0x0, 0x2, 0xf2, 0xd7, 0x0, 0x0,
    0x0, 0x0, 0x2, 0xf2, 0xd7, 0x0, 0x0, 0x0,
    0x0, 0x2, 0xf2, 0xd7, 0x0, 0x0, 0x0, 0x0,
    0x2, 0xf2, 0xd7, 0x0, 0x0, 0x0, 0x0, 0x2,
    0xf2, 0xd7, 0x0, 0x0, 0x0, 0x0, 0x2, 0xf2,
    0xd7, 0x0, 0x0, 0xf, 0x40, 0x4, 0xf0, 0xd8,
    0x22, 0x22, 0xb, 0xc3, 0x3d, 0xb0, 0xdf, 0xff,
    0xff, 0x31, 0xae, 0xea, 0x10,

    /* U+01C8 "ǈ" */
    0xd7, 0x0, 0x0, 0x7, 0xbd, 0x70, 0x0, 0x0,
    0x23, 0xd7, 0x0, 0x0, 0x0, 0xd, 0x70, 0x0,
    0x0, 0x7c, 0xd7, 0x0, 0x0, 0x7, 0xcd, 0x70,
    0x0, 0x0, 0x7c, 0xd7, 0x0, 0x0, 0x7, 0xcd,
    0x70, 0x0, 0x0, 0x7c, 0xd7, 0x0, 0x0, 0x7,
    0xcd, 0x82, 0x22, 0x20, 0x7c, 0xdf, 0xff, 0xff,
    0x37, 0xc0, 0x0, 0x0, 0x0, 0x7c, 0x0, 0x0,
    0x0, 0x2b, 0xb0, 0x0, 0x0, 0xd, 0xd3,

    /* U+01C9 "ǉ" */
    0xf5, 0x9, 0x9f, 0x50, 0x44, 0xf5, 0x0, 0xf,
    0x50, 0x9a, 0xf5, 0x9, 0xaf, 0x50, 0x9a, 0xf5,
    0x9, 0xaf, 0x50, 0x9a, 0xf5, 0x9, 0xaf, 0x50,
    0x9a, 0xf5, 0x9, 0xa0, 0x0, 0x9a, 0x0, 0x3c,
    0x80, 0xf, 0xd2,

    /* U+01CA "Ǌ" */
    0xdc, 0x0, 0x0, 0x8d, 0x0, 0x0, 0x0, 0xba,
    0xdf, 0x50, 0x0, 0x8d, 0x0, 0x0, 0x0, 0xba,
    0xde, 0xe0, 0x0, 0x8d, 0x0, 0x0, 0x0, 0xba,
    0xd8, 0xe8, 0x0, 0x8d, 0x0, 0x0, 0x0, 0xba,
    0xd7, 0x5f, 0x20, 0x8d, 0x0, 0x0, 0x0, 0xba,
    0xd7, 0xc, 0xb0, 0x8d, 0x0, 0x0, 0x0, 0xba,
    0xd7, 0x3, 0xf4, 0x8d, 0x0, 0x0, 0x0, 0xba,
    0xd7, 0x0, 0x9d, 0x8d, 0x0, 0x0, 0x0, 0xb9,
    0xd7, 0x0, 0x1e, 0xed, 0x9, 0xb0, 0x0, 0xc7,
    0xd7, 0x0, 0x6, 0xfd, 0x4, 0xf4, 0x6, 0xf2,
    0xd7, 0x0, 0x0, 0xcd, 0x0, 0x6d, 0xfd, 0x40,

    /* U+01CB "ǋ" */
    0xdc, 0x0, 0x0, 0x8d, 0x1, 0xe3, 0xdf, 0x50,
    0x0, 0x8d, 0x0, 0x50, 0xdf, 0xe0, 0x0, 0x8d,
    0x0, 0x0, 0xd8, 0xf8, 0x0, 0x8d, 0x0, 0xf4,
    0xd7, 0x6f, 0x20, 0x8d, 0x0, 0xf4, 0xd7, 0xc,
    0xb0, 0x8d, 0x0, 0xf4, 0xd7, 0x3, 0xf4, 0x8d,
    0x0, 0xf4, 0xd7, 0x0, 0x9d, 0x8d, 0x0, 0xf4,
    0xd7, 0x0, 0x1e, 0xed, 0x0, 0xf4, 0xd7, 0x0,
    0x6, 0xfd, 0x0, 0xf4, 0xd7, 0x0, 0x0, 0xcd,
    0x0, 0xf4, 0x0, 0x0, 0x0, 0x0, 0x0, 0xf3,
    0x0, 0x0, 0x0, 0x0, 0x15, 0xf2, 0x0, 0x0,
    0x0, 0x0, 0x6f, 0x90,

    /* U+01CC "ǌ" */
    0x0, 0x0, 0x0, 0x0, 0x4d, 0x0, 0x0, 0x0,
    0x0, 0x1, 0x60, 0x0, 0x0, 0x0, 0x0, 0x0,
    0x0, 0xf6, 0xdf, 0xb1, 0x4, 0xf0, 0xf, 0xd4,
    0x3e, 0x80, 0x4f, 0x0, 0xf4, 0x0, 0x8b, 0x4,
    0xf0, 0xf, 0x30, 0x7, 0xc0, 0x4f, 0x0, 0xf3,
    0x0, 0x7c, 0x4, 0xf0, 0xf, 0x30, 0x7, 0xc0,
    0x4f, 0x0, 0xf3, 0x0, 0x7c, 0x4, 0xf0, 0xf,
    0x30, 0x7, 0xc0, 0x4f, 0x0, 0x0, 0x0, 0x0,
    0x4, 0xf0, 0x0, 0x0, 0x0, 0x1, 0x9e, 0x0,
    0x0, 0x0, 0x0, 0xae, 0x50,

    /* U+01CD "Ǎ" */
    0x0, 0x26, 0x4, 0x40, 0x0, 0x0, 0xa9, 0xc0,
    0x0, 0x0, 0x0, 0x71, 0x0, 0x0, 0x0, 0x2f,
    0x40, 0x0, 0x0, 0x8, 0xfa, 0x0, 0x0, 0x0,
    0xd8, 0xf0, 0x0, 0x0, 0x3f, 0xe, 0x50, 0x0,
    0x8, 0xb0, 0x9b, 0x0, 0x0, 0xe5, 0x3, 0xf1,
    0x0, 0x4f, 0x10, 0xe, 0x60, 0x9, 0xff, 0xff,
    0xfb, 0x0, 0xe7, 0x22, 0x25, 0xf1, 0x4f, 0x10,
    0x0, 0xe, 0x6a, 0xb0, 0x0, 0x0, 0x8c,

    /* U+01CE "ǎ" */
    0x0, 0xa5, 0x6a, 0x0, 0x0, 0xbb, 0x0, 0x0,
    0x0, 0x0, 0x0, 0x1b, 0xfe, 0x80, 0xd, 0xa2,
    0x4f, 0x50, 0x71, 0x0, 0xb9, 0x2, 0xbe, 0xff,
    0x90, 0xe8, 0x0, 0xa9, 0x3f, 0x0, 0xb, 0x91,
    0xf8, 0x38, 0xf9, 0x5, 0xde, 0xa8, 0xa0,

    /* U+01CF "Ǐ" */
    0x7, 0x2, 0x60, 0x5, 0xbc, 0x30, 0x0, 0x54,
    0x0, 0x0, 0xc9, 0x0, 0x0, 0xc9, 0x0, 0x0,
    0xc9, 0x0, 0x0, 0xc9, 0x0, 0x0, 0xc9, 0x0,
    0x0, 0xc9, 0x0, 0x0, 0xc9, 0x0, 0x0, 0xc9,
    0x0, 0x0, 0xc9, 0x0, 0x0, 0xc9, 0x0, 0x0,
    0xc9, 0x0,

    /* U+01D0 "ǐ" */
    0x1c, 0x2a, 0x60, 0x2c, 0x70, 0x0, 0x0, 0x0,
    0xf, 0x50, 0x0, 0xf5, 0x0, 0xf, 0x50, 0x0,
    0xf5, 0x0, 0xf, 0x50, 0x0, 0xf5, 0x0, 0xf,
    0x50, 0x0, 0xf5, 0x0,

    /* U+01D1 "Ǒ" */
    0x0, 0x7, 0x2, 0x60, 0x0, 0x0, 0x6a, 0xd2,
    0x0, 0x0, 0x0, 0x63, 0x0, 0x0, 0x3, 0xbf,
    0xe9, 0x0, 0x2, 0xf9, 0x35, 0xdb, 0x0, 0xab,
    0x0, 0x1, 0xf4, 0xf, 0x50, 0x0, 0xb, 0x92,
    0xf2, 0x0, 0x0, 0x9c, 0x2f, 0x10, 0x0, 0x8,
    0xc2, 0xf2, 0x0, 0x0, 0x9c, 0xf, 0x50, 0x0,
    0xb, 0x90, 0xab, 0x0, 0x1, 0xf5, 0x2, 0xf9,
    0x35, 0xdc, 0x0, 0x3, 0xbf, 0xe9, 0x0,

    /* U+01D2 "ǒ" */
    0x0, 0xb5, 0x7a, 0x0, 0x0, 0xc, 0xb0, 0x0,
    0x0, 0x0, 0x0, 0x0, 0x0, 0x9e, 0xf9, 0x0,
    0xb, 0xc3, 0x3d, 0xa0, 0x2f, 0x20, 0x3, 0xf1,
    0x5f, 0x0, 0x0, 0xf4, 0x4f, 0x0, 0x0, 0xf5,
    0x2f, 0x20, 0x3, 0xf2, 0xa, 0xc3, 0x3d, 0xa0,
    0x0, 0xaf, 0xe9, 0x0,

    /* U+01D3 "Ǔ" */
    0x0, 0x25, 0x5, 0x40, 0x0, 0x0, 0xa9, 0xc0,
    0x0, 0x0, 0x0, 0x71, 0x0, 0x0, 0xf4, 0x0,
    0x2, 0xf2, 0xf, 0x40, 0x0, 0x2f, 0x20, 0xf4,
    0x0, 0x2, 0xf2, 0xf, 0x40, 0x0, 0x2f, 0x20,
    0xf4, 0x0, 0x2, 0xf2, 0xf, 0x40, 0x0, 0x2f,
    0x20, 0xf4, 0x0, 0x2, 0xf2, 0xf, 0x40, 0x0,
    0x2f, 0x20, 0xd7, 0x0, 0x6, 0xf0, 0x6, 0xf6,
    0x25, 0xe8, 0x0, 0x6, 0xdf, 0xd7, 0x0,

    /* U+01D4 "ǔ" */
    0x0, 0xb4, 0x89, 0x0, 0x0, 0xb9, 0x0, 0x0,
    0x0, 0x0, 0x1, 0xf3, 0x0, 0x8c, 0x1f, 0x30,
    0x8, 0xc1, 0xf3, 0x0, 0x8c, 0x1f, 0x30, 0x8,
    0xc1, 0xf3, 0x0, 0x8c, 0xf, 0x30, 0x8, 0xc0,
    0xda, 0x25, 0xec, 0x3, 0xdf, 0xb9, 0xc0,

    /* U+01D5 "Ǖ" */
    0x0, 0xae, 0xee, 0xc0, 0x0, 0x1, 0x11, 0x11,
    0x0, 0x0, 0x98, 0x6, 0xb0, 0x0, 0x4, 0x30,
    0x25, 0x0, 0xf, 0x40, 0x0, 0x2f, 0x20, 0xf4,
    0x0, 0x2, 0xf2, 0xf, 0x40, 0x0, 0x2f, 0x20,
    0xf4, 0x0, 0x2, 0xf2, 0xf, 0x40, 0x0, 0x2f,
    0x20, 0xf4, 0x0, 0x2, 0xf2, 0xf, 0x40, 0x0,
    0x2f, 0x20, 0xf4, 0x0, 0x2, 0xf2, 0xd, 0x70,
    0x0, 0x6f, 0x0, 0x6f, 0x62, 0x5e, 0x80, 0x0,
    0x6d, 0xfd, 0x70, 0x0,

    /* U+01D6 "ǖ" */
    0x5, 0xee, 0xee, 0x20, 0x1, 0x11, 0x10, 0x3,
    0xe1, 0x3e, 0x0, 0x16, 0x1, 0x60, 0x0, 0x0,
    0x0, 0x1, 0xf3, 0x0, 0x8c, 0x1f, 0x30, 0x8,
    0xc1, 0xf3, 0x0, 0x8c, 0x1f, 0x30, 0x8, 0xc1,
    0xf3, 0x0, 0x8c, 0xf, 0x30, 0x8, 0xc0, 0xda,
    0x25, 0xec, 0x3, 0xdf, 0xb9, 0xc0,

    /* U+01D7 "Ǘ" */
    0x0, 0x0, 0x2, 0x0, 0x0, 0x0, 0x7, 0x90,
    0x0, 0x0, 0x98, 0x67, 0xb0, 0x0, 0x4, 0x30,
    0x25, 0x0, 0xf, 0x40, 0x0, 0x2f, 0x20, 0xf4,
    0x0, 0x2, 0xf2, 0xf, 0x40, 0x0, 0x2f, 0x20,
    0xf4, 0x0, 0x2, 0xf2, 0xf, 0x40, 0x0, 0x2f,
    0x20, 0xf4, 0x0, 0x2, 0xf2, 0xf, 0x40, 0x0,
    0x2f, 0x20, 0xf4, 0x0, 0x2, 0xf2, 0xd, 0x70,
    0x0, 0x6f, 0x0, 0x6f, 0x62, 0x5e, 0x80, 0x0,
    0x6d, 0xfd, 0x70, 0x0,

    /* U+01D8 "ǘ" */
    0x0, 0x0, 0x56, 0x0, 0x0, 0x1f, 0x40, 0x0,
    0x9, 0x90, 0x0, 0x3e, 0x13, 0xe0, 0x1, 0x60,
    0x16, 0x0, 0x0, 0x0, 0x0, 0x1f, 0x30, 0x8,
    0xc1, 0xf3, 0x0, 0x8c, 0x1f, 0x30, 0x8, 0xc1,
    0xf3, 0x0, 0x8c, 0x1f, 0x30, 0x8, 0xc0, 0xf3,
    0x0, 0x8c, 0xd, 0xa2, 0x5e, 0xc0, 0x3d, 0xfb,
    0x9c,

    /* U+01D9 "Ǚ" */
    0x0, 0x36, 0x5, 0x40, 0x0, 0x0, 0x8c, 0xa0,
    0x0, 0x0, 0x98, 0x16, 0xb0, 0x0, 0x4, 0x30,
    0x35, 0x0, 0xf, 0x40, 0x0, 0x2f, 0x20, 0xf4,
    0x0, 0x2, 0xf2, 0xf, 0x40, 0x0, 0x2f, 0x20,
    0xf4, 0x0, 0x2, 0xf2, 0xf, 0x40, 0x0, 0x2f,
    0x20, 0xf4, 0x0, 0x2, 0xf2, 0xf, 0x40, 0x0,
    0x2f, 0x20, 0xf4, 0x0, 0x2, 0xf2, 0xd, 0x70,
    0x0, 0x6f, 0x0, 0x6f, 0x62, 0x5e, 0x80, 0x0,
    0x6d, 0xfd, 0x70, 0x0,

    /* U+01DA "ǚ" */
    0x0, 0x70, 0x26, 0x0, 0x6, 0xbc, 0x30, 0x0,
    0x5, 0x30, 0x0, 0x3e, 0x13, 0xe0, 0x1, 0x60,
    0x16, 0x0, 0x0, 0x0, 0x0, 0x1f, 0x30, 0x8,
    0xc1, 0xf3, 0x0, 0x8c, 0x1f, 0x30, 0x8, 0xc1,
    0xf3, 0x0, 0x8c, 0x1f, 0x30, 0x8, 0xc0, 0xf3,
    0x0, 0x8c, 0xd, 0xa2, 0x5e, 0xc0, 0x3d, 0xfb,
    0x9c,

    /* U+01DB "Ǜ" */
    0x0, 0x2, 0x0, 0x0, 0x0, 0x0, 0x79, 0x0,
    0x0, 0x0, 0x98, 0x67, 0xb0, 0x0, 0x4, 0x30,
    0x25, 0x0, 0xf, 0x40, 0x0, 0x2f, 0x20, 0xf4,
    0x0, 0x2, 0xf2, 0xf, 0x40, 0x0, 0x2f, 0x20,
    0xf4, 0x0, 0x2, 0xf2, 0xf, 0x40, 0x0, 0x2f,
    0x20, 0xf4, 0x0, 0x2, 0xf2, 0xf, 0x40, 0x0,
    0x2f, 0x20, 0xf4, 0x0, 0x2, 0xf2, 0xd, 0x70,
    0x0, 0x6f, 0x0, 0x6f, 0x62, 0x5e, 0x80, 0x0,
    0x6d, 0xfd, 0x70, 0x0,

    /* U+01DC "ǜ" */
    0x0, 0x73, 0x0, 0x0, 0x8, 0xc0, 0x0, 0x0,
    0xd, 0x50, 0x0, 0x3e, 0x13, 0xe0, 0x1, 0x60,
    0x16, 0x0, 0x0, 0x0, 0x0, 0x1f, 0x30, 0x8,
    0xc1, 0xf3, 0x0, 0x8c, 0x1f, 0x30, 0x8, 0xc1,
    0xf3, 0x0, 0x8c, 0x1f, 0x30, 0x8, 0xc0, 0xf3,
    0x0, 0x8c, 0xd, 0xa2, 0x5e, 0xc0, 0x3d, 0xfb,
    0x9c,

    /* U+01DD "ǝ" */
    0x6, 0xdf, 0xd4, 0x0, 0xb5, 0x28, 0xf2, 0x0,
    0x0, 0xc, 0x90, 0x0, 0x0, 0x8c, 0x4f, 0xff,
    0xff, 0xc3, 0xf2, 0x22, 0xaa, 0xe, 0x82, 0x5f,
    0x30, 0x3c, 0xfd, 0x40,

    /* U+01DE "Ǟ" */
    0x0, 0xae, 0xee, 0xd0, 0x0, 0x1, 0x11, 0x11,
    0x0, 0x0, 0x99, 0x6, 0xc0, 0x0, 0x3, 0x40,
    0x25, 0x0, 0x0, 0x2, 0xf4, 0x0, 0x0, 0x0,
    0x8f, 0xa0, 0x0, 0x0, 0xd, 0x8f, 0x0, 0x0,
    0x3, 0xf0, 0xe5, 0x0, 0x0, 0x8b, 0x9, 0xb0,
    0x0, 0xe, 0x50, 0x3f, 0x10, 0x4, 0xf1, 0x0,
    0xe6, 0x0, 0x9f, 0xff, 0xff, 0xb0, 0xe, 0x72,
    0x22, 0x5f, 0x14, 0xf1, 0x0, 0x0, 0xe6, 0xab,
    0x0, 0x0, 0x8, 0xc0,

    /* U+01DF "ǟ" */
    0x4, 0xee, 0xee, 0x40, 0x1, 0x11, 0x10, 0x1,
    0xe2, 0x2e, 0x10, 0x6, 0x0, 0x60, 0x0, 0x0,
    0x0, 0x0, 0x2b, 0xfe, 0x80, 0xe, 0x91, 0x4f,
    0x50, 0x30, 0x0, 0xb9, 0x2, 0xbe, 0xff, 0x90,
    0xe8, 0x0, 0xa9, 0x3f, 0x0, 0xb, 0x91, 0xf8,
    0x38, 0xf9, 0x5, 0xde, 0xa8, 0xa0,

    /* U+01E0 "Ǡ" */
    0x0, 0xae, 0xee, 0xd0, 0x0, 0x1, 0x11, 0x11,
    0x0, 0x0, 0x0, 0xe3, 0x0, 0x0, 0x0, 0x6,
    0x10, 0x0, 0x0, 0x2, 0xf4, 0x0, 0x0, 0x0,
    0x8f, 0xa0, 0x0, 0x0, 0xd, 0x8f, 0x0, 0x0,
    0x3, 0xf0, 0xe5, 0x0, 0x0, 0x8b, 0x9, 0xb0,
    0x0, 0xe, 0x50, 0x3f, 0x10, 0x4, 0xf1, 0x0,
    0xe6, 0x0, 0x9f, 0xff, 0xff, 0xb0, 0xe, 0x72,
    0x22, 0x5f, 0x14, 0xf1, 0x0, 0x0, 0xe6, 0xab,
    0x0, 0x0, 0x8, 0xc0,

    /* U+01E1 "ǡ" */
    0x4, 0xee, 0xee, 0x40, 0x1, 0x11, 0x10, 0x0,
    0x9, 0x80, 0x0, 0x0, 0x43, 0x0, 0x0, 0x0,
    0x0, 0x0, 0x2b, 0xfe, 0x80, 0xe, 0x91, 0x4f,
    0x50, 0x30, 0x0, 0xb9, 0x2, 0xbe, 0xff, 0x90,
    0xe8, 0x0, 0xa9, 0x3f, 0x0, 0xb, 0x91, 0xf8,
    0x38, 0xf9, 0x5, 0xde, 0xa8, 0xa0,

    /* U+01E2 "Ǣ" */
    0x0, 0x0, 0xc, 0xee, 0xeb, 0x0, 0x0, 0x0,
    0x0, 0x1, 0x11, 0x11, 0x0, 0x0, 0x0, 0x0,
    0x0, 0x5f, 0xff, 0xff, 0xf6, 0x0, 0x0, 0x0,
    0xde, 0xb1, 0x11, 0x10, 0x0, 0x0, 0x7, 0xe8,
    0xb0, 0x0, 0x0, 0x0, 0x0, 0x1e, 0x67, 0xc0,
    0x0, 0x0, 0x0, 0x0, 0x8d, 0x7, 0xc0, 0x0,
    0x0, 0x0, 0x1, 0xf5, 0x6, 0xff, 0xff, 0xd0,
    0x0, 0xa, 0xc0, 0x6, 0xe2, 0x22, 0x10, 0x0,
    0x3f, 0xff, 0xff, 0xe0, 0x0, 0x0, 0x0, 0xbb,
    0x33, 0x37, 0xf0, 0x0, 0x0, 0x4, 0xf3, 0x0,
    0x4, 0xf1, 0x11, 0x11, 0xd, 0xb0, 0x0, 0x3,
    0xff, 0xff, 0xfd,

    /* U+01E3 "ǣ" */
    0x0, 0x6, 0xff, 0xff, 0x30, 0x0, 0x0, 0x0,
    0x0, 0x0, 0x0, 0x0, 0x0, 0x0, 0x0, 0x0,
    0x0, 0x0, 0x4, 0xcf, 0xd5, 0x5d, 0xfc, 0x30,
    0x1f, 0x72, 0x5f, 0xf5, 0x28, 0xe0, 0x3, 0x0,
    0xe, 0x80, 0x0, 0xf3, 0x6, 0xdf, 0xff, 0xff,
    0xff, 0xf5, 0x3f, 0x50, 0xe, 0x70, 0x0, 0x0,
    0x6d, 0x0, 0xe, 0xb0, 0x0, 0x0, 0x4f, 0x42,
    0x9e, 0xf7, 0x23, 0xa0, 0x8, 0xef, 0xb2, 0x4d,
    0xfd, 0x80,

    /* U+01E4 "Ǥ" */
    0x0, 0x4c, 0xfe, 0x91, 0x0, 0x3, 0xf9, 0x34,
    0xcb, 0x0, 0xb, 0xa0, 0x0, 0x2f, 0x30, 0xf,
    0x50, 0x0, 0x7, 0x30, 0x2f, 0x30, 0x0, 0x0,
    0x0, 0x2f, 0x20, 0x0, 0x0, 0x0, 0x1f, 0x30,
    0x1f, 0xff, 0x70, 0xf, 0x60, 0xd, 0xff, 0xf7,
    0xa, 0xc0, 0x1, 0x2d, 0x91, 0x2, 0xfa, 0x33,
    0x8f, 0x50, 0x0, 0x2b, 0xef, 0xc5, 0x0,

    /* U+01E5 "ǥ" */
    0x1, 0xbf, 0xd7, 0xf0, 0xa, 0xd4, 0x3d, 0xf0,
    0x1f, 0x40, 0x4, 0xf0, 0x3f, 0x10, 0x4, 0xf0,
    0x3f, 0x0, 0x4, 0xf0, 0xf, 0x40, 0x4, 0xf0,
    0xa, 0xd3, 0x3d, 0xf0, 0x1, 0xbf, 0xd8, 0xf0,
    0xad, 0xdd, 0xde, 0xfa, 0x8, 0x50, 0x1c, 0xa0,
    0x3, 0xdf, 0xfb, 0x10, 0x0, 0x1, 0x0, 0x0,

    /* U+01E6 "Ǧ" */
    0x0, 0x3d, 0x1c, 0x60, 0x0, 0x0, 0x8f, 0xa0,
    0x0, 0x0, 0x0, 0x71, 0x0, 0x0, 0x4, 0xcf,
    0xe9, 0x10, 0x3, 0xf9, 0x34, 0xcb, 0x0, 0xba,
    0x0, 0x2, 0xf3, 0xf, 0x50, 0x0, 0x7, 0x32,
    0xf3, 0x0, 0x0, 0x0, 0x2f, 0x20, 0x0, 0x0,
    0x1, 0xf3, 0x1, 0xff, 0xf7, 0xf, 0x60, 0x2,
    0x2d, 0x80, 0xac, 0x0, 0x0, 0xc8, 0x2, 0xfa,
    0x33, 0x6f, 0x60, 0x2, 0xbe, 0xfc, 0x60,

    /* U+01E7 "ǧ" */
    0x0, 0xc3, 0x98, 0x0, 0x1, 0xd9, 0x0, 0x0,
    0x0, 0x0, 0x0, 0x1b, 0xfd, 0x8e, 0xb, 0xc3,
    0x4d, 0xe2, 0xf2, 0x0, 0x6e, 0x4f, 0x0, 0x5,
    0xe4, 0xf0, 0x0, 0x5e, 0x2f, 0x20, 0x6, 0xe0,
    0xbc, 0x34, 0xde, 0x1, 0xbf, 0xc9, 0xe0, 0x0,
    0x0, 0x7c, 0xb, 0x72, 0x4e, 0x60, 0x3b, 0xfe,
    0x70,

    /* U+01E8 "Ǩ" */
    0x6, 0x20, 0x70, 0x0, 0x2, 0xcb, 0x60, 0x0,
    0x0, 0x35, 0x0, 0x0, 0xd7, 0x0, 0x8, 0xe2,
    0xd7, 0x0, 0x5f, 0x40, 0xd7, 0x2, 0xf7, 0x0,
    0xd7, 0x1e, 0xa0, 0x0, 0xd7, 0xcd, 0x0, 0x0,
    0xde, 0xfe, 0x10, 0x0, 0xdf, 0x4d, 0xa0, 0x0,
    0xd8, 0x3, 0xf6, 0x0, 0xd7, 0x0, 0x8f, 0x10,
    0xd7, 0x0, 0xc, 0xb0, 0xd7, 0x0, 0x2, 0xf7,

    /* U+01E9 "ǩ" */
    0x1, 0x70, 0x35, 0x0, 0x0, 0x8a, 0xd2, 0x0,
    0x0, 0x6, 0x20, 0x0, 0xf, 0x30, 0x0, 0x0,
    0xf, 0x30, 0x0, 0x0, 0xf, 0x30, 0x0, 0x0,
    0xf, 0x30, 0x4f, 0x50, 0xf, 0x32, 0xe7, 0x0,
    0xf, 0x5e, 0x90, 0x0, 0xf, 0xef, 0x10, 0x0,
    0xf, 0xcd, 0xa0, 0x0, 0xf, 0x32, 0xf5, 0x0,
    0xf, 0x30, 0x7e, 0x10, 0xf, 0x30, 0xb, 0xb0,

    /* U+01EA "Ǫ" */
    0x0, 0x3b, 0xfe, 0x90, 0x0, 0x2f, 0x93, 0x5d,
    0xb0, 0xa, 0xb0, 0x0, 0x1f, 0x40, 0xf5, 0x0,
    0x0, 0xb9, 0x2f, 0x20, 0x0, 0x9, 0xc2, 0xf1,
    0x0, 0x0, 0x8c, 0x2f, 0x20, 0x0, 0x9, 0xc0,
    0xf5, 0x0, 0x0, 0xb9, 0xa, 0xb0, 0x0, 0x1f,
    0x50, 0x2f, 0x93, 0x5d, 0xc0, 0x0, 0x3b, 0xff,
    0x90, 0x0, 0x0, 0x7a, 0x0, 0x0, 0x0, 0xd,
    0x40, 0x0, 0x0, 0x0, 0x8f, 0x60, 0x0,

    /* U+01EB "ǫ" */
    0x0, 0x9e, 0xf9, 0x0, 0xb, 0xc3, 0x3d, 0xa0,
    0x2f, 0x20, 0x3, 0xf1, 0x5f, 0x0, 0x0, 0xf4,
    0x4f, 0x0, 0x0, 0xf5, 0x2f, 0x20, 0x3, 0xf2,
    0xa, 0xc3, 0x3d, 0xa0, 0x0, 0xaf, 0xf9, 0x0,
    0x0, 0x4c, 0x0, 0x0, 0x0, 0xb7, 0x0, 0x0,
    0x0, 0x6f, 0x80, 0x0,

    /* U+01EC "Ǭ" */
    0x0, 0x6e, 0xee, 0xe2, 0x0, 0x0, 0x11, 0x11,
    0x0, 0x0, 0x3b, 0xfe, 0x90, 0x0, 0x2f, 0x93,
    0x5d, 0xb0, 0xa, 0xb0, 0x0, 0x1f, 0x40, 0xf5,
    0x0, 0x0, 0xb9, 0x2f, 0x20, 0x0, 0x9, 0xc2,
    0xf1, 0x0, 0x0, 0x8c, 0x2f, 0x20, 0x0, 0x9,
    0xc0, 0xf5, 0x0, 0x0, 0xb9, 0xa, 0xb0, 0x0,
    0x1f, 0x50, 0x2f, 0x93, 0x5d, 0xc0, 0x0, 0x3b,
    0xff, 0x90, 0x0, 0x0, 0x7a, 0x0, 0x0, 0x0,
    0xd, 0x40, 0x0, 0x0, 0x0, 0x8f, 0x60, 0x0,

    /* U+01ED "ǭ" */
    0x5, 0xff, 0xff, 0x40, 0x0, 0x0, 0x0, 0x0,
    0x0, 0x0, 0x0, 0x0, 0x0, 0x9e, 0xf9, 0x0,
    0xb, 0xc3, 0x3d, 0xa0, 0x2f, 0x20, 0x3, 0xf1,
    0x5f, 0x0, 0x0, 0xf4, 0x4f, 0x0, 0x0, 0xf5,
    0x2f, 0x20, 0x3, 0xf2, 0xa, 0xc3, 0x3d, 0xa0,
    0x0, 0xaf, 0xf9, 0x0, 0x0, 0x4c, 0x0, 0x0,
    0x0, 0xb7, 0x0, 0x0, 0x0, 0x6f, 0x80, 0x0,

    /* U+01EE "Ǯ" */
    0x0, 0x62, 0x7, 0x0, 0x0, 0x2, 0xca, 0x60,
    0x0, 0x0, 0x3, 0x60, 0x0, 0x3, 0xff, 0xff,
    0xff, 0xa0, 0x2, 0x22, 0x25, 0xf5, 0x0, 0x0,
    0x0, 0xca, 0x0, 0x0, 0x0, 0x8e, 0x0, 0x0,
    0x0, 0x3f, 0x40, 0x0, 0x0, 0xd, 0x80, 0x0,
    0x0, 0x5, 0xfe, 0xc6, 0x0, 0x0, 0x2, 0x26,
    0xe8, 0x0, 0x0, 0x0, 0x6, 0xf0, 0x0, 0x0,
    0x0, 0x2f, 0x22, 0x40, 0x0, 0x2, 0xf2, 0x3f,
    0x10, 0x0, 0x6f, 0x0, 0xcc, 0x42, 0x6e, 0x70,
    0x1, 0x9e, 0xfd, 0x70, 0x0,

    /* U+01EF "ǯ" */
    0x1, 0xc4, 0x99, 0x0, 0x0, 0x1b, 0x80, 0x0,
    0x0, 0x0, 0x0, 0x0, 0xf, 0xff, 0xff, 0xf0,
    0x1, 0x11, 0x2e, 0x70, 0x0, 0x0, 0xbb, 0x0,
    0x0, 0x7, 0xe1, 0x0, 0x0, 0x2f, 0x91, 0x0,
    0x0, 0x2a, 0xcf, 0x60, 0x0, 0x0, 0x6, 0xf0,
    0x2, 0x0, 0x0, 0xf3, 0x3f, 0x10, 0x1, 0xf2,
    0xd, 0xb3, 0x3c, 0xc0, 0x1, 0xbf, 0xea, 0x10,

    /* U+01F0 "ǰ" */
    0xc, 0x39, 0x80, 0x2d, 0xa0, 0x0, 0x0, 0x0,
    0xd, 0x70, 0x0, 0xd7, 0x0, 0xd, 0x70, 0x0,
    0xd7, 0x0, 0xd, 0x70, 0x0, 0xd7, 0x0, 0xd,
    0x70, 0x0, 0xd7, 0x0, 0xd, 0x60, 0x13, 0xf4,
    0x7, 0xf9, 0x0,

    /* U+01F1 "Ǳ" */
    0xdf, 0xfe, 0xb2, 0x0, 0x2f, 0xff, 0xff, 0xfc,
    0xd, 0x82, 0x39, 0xf3, 0x0, 0x22, 0x22, 0x3f,
    0x80, 0xd7, 0x0, 0x9, 0xc0, 0x0, 0x0, 0x9,
    0xd0, 0xd, 0x70, 0x0, 0x2f, 0x20, 0x0, 0x3,
    0xf4, 0x0, 0xd7, 0x0, 0x0, 0xf4, 0x0, 0x0,
    0xda, 0x0, 0xd, 0x70, 0x0, 0xf, 0x50, 0x0,
    0x7e, 0x10, 0x0, 0xd7, 0x0, 0x0, 0xf4, 0x0,
    0x2f, 0x60, 0x0, 0xd, 0x70, 0x0, 0x3f, 0x20,
    0xb, 0xc0, 0x0, 0x0, 0xd7, 0x0, 0xa, 0xc0,
    0x5, 0xf2, 0x0, 0x0, 0xd, 0x82, 0x39, 0xf3,
    0x0, 0xea, 0x22, 0x22, 0x20, 0xdf, 0xfe, 0xb3,
    0x0, 0x3f, 0xff, 0xff, 0xff, 0x0,

    /* U+01F2 "ǲ" */
    0xdf, 0xfe, 0xb2, 0x0, 0x0, 0x0, 0x0, 0xd,
    0x82, 0x39, 0xf3, 0x0, 0x0, 0x0, 0x0, 0xd7,
    0x0, 0x9, 0xc0, 0x0, 0x0, 0x0, 0xd, 0x70,
    0x0, 0x2f, 0x22, 0xff, 0xff, 0xf7, 0xd7, 0x0,
    0x0, 0xf4, 0x1, 0x11, 0x8f, 0x2d, 0x70, 0x0,
    0xf, 0x50, 0x0, 0x2f, 0x50, 0xd7, 0x0, 0x0,
    0xf4, 0x0, 0xc, 0xa0, 0xd, 0x70, 0x0, 0x3f,
    0x20, 0x7, 0xe1, 0x0, 0xd7, 0x0, 0xa, 0xc0,
    0x3, 0xf4, 0x0, 0xd, 0x82, 0x39, 0xf3, 0x0,
    0xda, 0x22, 0x21, 0xdf, 0xfe, 0xb3, 0x0, 0x3f,
    0xff, 0xff, 0xa0,

    /* U+01F3 "ǳ" */
    0x0, 0x0, 0x6, 0xe0, 0x0, 0x0, 0x0, 0x0,
    0x0, 0x0, 0x6e, 0x0, 0x0, 0x0, 0x0, 0x0,
    0x0, 0x6, 0xe0, 0x0, 0x0, 0x0, 0x0, 0x1b,
    0xfc, 0x9e, 0x7, 0xff, 0xff, 0xf2, 0xb, 0xc3,
    0x4d, 0xe0, 0x2, 0x22, 0xcd, 0x2, 0xf3, 0x0,
    0x6e, 0x0, 0x0, 0x5f, 0x30, 0x4f, 0x0, 0x6,
    0xe0, 0x0, 0x1f, 0x70, 0x4, 0xf0, 0x0, 0x6e,
    0x0, 0xc, 0xc0, 0x0, 0x2f, 0x20, 0x6, 0xe0,
    0x7, 0xf2, 0x0, 0x0, 0xbb, 0x12, 0xce, 0x2,
    0xf6, 0x0, 0x0, 0x1, 0xbf, 0xd9, 0xe0, 0x8f,
    0xff, 0xff, 0x60,

    /* U+01F4 "Ǵ" */
    0x0, 0x0, 0x1f, 0x50, 0x0, 0x0, 0x9, 0xa0,
    0x0, 0x0, 0x0, 0x70, 0x0, 0x0, 0x4, 0xcf,
    0xe9, 0x10, 0x3, 0xf9, 0x34, 0xcb, 0x0, 0xba,
    0x0, 0x2, 0xf3, 0xf, 0x50, 0x0, 0x7, 0x32,
    0xf3, 0x0, 0x0, 0x0, 0x2f, 0x20, 0x0, 0x0,
    0x1, 0xf3, 0x1, 0xff, 0xf7, 0xf, 0x60, 0x2,
    0x2d, 0x80, 0xac, 0x0, 0x0, 0xc8, 0x2, 0xfa,
    0x33, 0x6f, 0x60, 0x2, 0xbe, 0xfc, 0x60,

    /* U+01F5 "ǵ" */
    0x0, 0x0, 0xd8, 0x0, 0x0, 0x89, 0x0, 0x0,
    0x0, 0x0, 0x0, 0x1b, 0xfd, 0x8e, 0xb, 0xc3,
    0x4d, 0xe2, 0xf2, 0x0, 0x6e, 0x4f, 0x0, 0x5,
    0xe4, 0xf0, 0x0, 0x5e, 0x2f, 0x20, 0x6, 0xe0,
    0xbc, 0x34, 0xde, 0x1, 0xbf, 0xc9, 0xe0, 0x0,
    0x0, 0x7c, 0xb, 0x72, 0x4e, 0x60, 0x3b, 0xfe,
    0x70,

    /* U+01F6 "Ƕ" */
    0xd7, 0x0, 0x0, 0x8d, 0x0, 0x0, 0x0, 0xd7,
    0x0, 0x0, 0x8d, 0x0, 0x0, 0x0, 0xd7, 0x0,
    0x0, 0x8d, 0x0, 0x0, 0x0, 0xd7, 0x0, 0x0,
    0x8d, 0x0, 0x0, 0xf5, 0xd7, 0x0, 0x0, 0x8d,
    0x0, 0x0, 0xf5, 0xdf, 0xff, 0xff, 0xfd, 0x0,
    0x0, 0xf5, 0xd8, 0x22, 0x22, 0x9d, 0x0, 0x0,
    0xf5, 0xd7, 0x0, 0x0, 0x8d, 0x0, 0x0, 0xf5,
    0xd7, 0x0, 0x0, 0x6f, 0x0, 0x2, 0xf2, 0xd7,
    0x0, 0x0, 0x1e, 0xa3, 0x3c, 0xc0, 0xd7, 0x0,
    0x0, 0x2, 0xbe, 0xea, 0x10,

    /* U+01F7 "Ƿ" */
    0xdc, 0xdf, 0xd7, 0x0, 0xde, 0x52, 0x5e, 0x90,
    0xd7, 0x0, 0x4, 0xf1, 0xd7, 0x0, 0x0, 0xf5,
    0xd7, 0x0, 0x0, 0xe6, 0xd7, 0x0, 0x0, 0xf5,
    0xd7, 0x0, 0x2, 0xf3, 0xd7, 0x0, 0x8, 0xd0,
    0xd7, 0x0, 0x2f, 0x50, 0xd7, 0x2, 0xea, 0x0,
    0xd9, 0x8f, 0x90, 0x0, 0xdf, 0xb4, 0x0, 0x0,
    0xd7, 0x0, 0x0, 0x0, 0xd7, 0x0, 0x0, 0x0,

    /* U+01F8 "Ǹ" */
    0x0, 0x74, 0x0, 0x0, 0x0, 0x4e, 0x10, 0x0,
    0x0, 0x5, 0x40, 0x0, 0xdc, 0x0, 0x0, 0x8d,
    0xdf, 0x50, 0x0, 0x8d, 0xde, 0xe0, 0x0, 0x8d,
    0xd8, 0xe8, 0x0, 0x8d, 0xd7, 0x5f, 0x20, 0x8d,
    0xd7, 0xc, 0xb0, 0x8d, 0xd7, 0x3, 0xf4, 0x8d,
    0xd7, 0x0, 0x9d, 0x8d, 0xd7, 0x0, 0x1e, 0xed,
    0xd7, 0x0, 0x6, 0xfd, 0xd7, 0x0, 0x0, 0xcd,

    /* U+01F9 "ǹ" */
    0x0, 0xca, 0x0, 0x0, 0x1, 0xd4, 0x0, 0x0,
    0x0, 0x0, 0x0, 0xf6, 0xdf, 0xb1, 0xf, 0xd4,
    0x3e, 0x80, 0xf4, 0x0, 0x8b, 0xf, 0x30, 0x7,
    0xc0, 0xf3, 0x0, 0x7c, 0xf, 0x30, 0x7, 0xc0,
    0xf3, 0x0, 0x7c, 0xf, 0x30, 0x7, 0xc0,

    /* U+01FA "Ǻ" */
    0x0, 0x0, 0x3a, 0x20, 0x0, 0x0, 0x29, 0x40,
    0x0, 0x0, 0x7, 0x39, 0x0, 0x0, 0x0, 0x4f,
    0x70, 0x0, 0x0, 0x8, 0xfa, 0x0, 0x0, 0x0,
    0xd8, 0xf0, 0x0, 0x0, 0x3f, 0xe, 0x50, 0x0,
    0x8, 0xb0, 0x8b, 0x0, 0x0, 0xe5, 0x3, 0xf1,
    0x0, 0x4f, 0x10, 0xe, 0x60, 0x9, 0xff, 0xff,
    0xfb, 0x0, 0xe7, 0x22, 0x25, 0xf1, 0x4f, 0x10,
    0x0, 0xe, 0x6a, 0xb0, 0x0, 0x0, 0x8c,

    /* U+01FB "ǻ" */
    0x0, 0x0, 0xa7, 0x0, 0x0, 0x9d, 0x0, 0x0,
    0x18, 0x81, 0x0, 0x0, 0x78, 0x0, 0x2, 0xbf,
    0xf8, 0x0, 0xe9, 0x14, 0xf5, 0x3, 0x0, 0xb,
    0x90, 0x2b, 0xef, 0xf9, 0xe, 0x80, 0xa, 0x93,
    0xf0, 0x0, 0xb9, 0x1f, 0x83, 0x8f, 0x90, 0x5d,
    0xea, 0x8a,

    /* U+01FC "Ǽ" */
    0x0, 0x0, 0x0, 0x1, 0x72, 0x0, 0x0, 0x0,
    0x0, 0x0, 0xa, 0xa0, 0x0, 0x0, 0x0, 0x0,
    0x0, 0x7, 0x0, 0x0, 0x0, 0x0, 0x0, 0x0,
    0x5f, 0xff, 0xff, 0xf6, 0x0, 0x0, 0x0, 0xde,
    0xb1, 0x11, 0x10, 0x0, 0x0, 0x7, 0xe8, 0xb0,
    0x0, 0x0, 0x0, 0x0, 0x1e, 0x67, 0xc0, 0x0,
    0x0, 0x0, 0x0, 0x8d, 0x7, 0xc0, 0x0, 0x0,
    0x0, 0x1, 0xf5, 0x6, 0xff, 0xff, 0xd0, 0x0,
    0xa, 0xc0, 0x6, 0xe2, 0x22, 0x10, 0x0, 0x3f,
    0xff, 0xff, 0xe0, 0x0, 0x0, 0x0, 0xbb, 0x33,
    0x37, 0xf0, 0x0, 0x0, 0x4, 0xf3, 0x0, 0x4,
    0xf1, 0x11, 0x11, 0xd, 0xb0, 0x0, 0x3, 0xff,
    0xff, 0xfd,

    /* U+01FD "ǽ" */
    0x0, 0x0, 0x0, 0xc9, 0x0, 0x0, 0x0, 0x0,
    0x7, 0xa0, 0x0, 0x0, 0x0, 0x0, 0x0, 0x0,
    0x0, 0x0, 0x4, 0xcf, 0xd5, 0x5d, 0xfc, 0x30,
    0x1f, 0x72, 0x5f, 0xf5, 0x28, 0xe0, 0x3, 0x0,
    0xe, 0x80, 0x0, 0xf3, 0x6, 0xdf, 0xff, 0xff,
    0xff, 0xf5, 0x3f, 0x50, 0xe, 0x70, 0x0, 0x0,
    0x6d, 0x0, 0xe, 0xb0, 0x0, 0x0, 0x4f, 0x42,
    0x9e, 0xf7, 0x23, 0xa0, 0x8, 0xef, 0xb2, 0x4d,
    0xfd, 0x80,

    /* U+01FE "Ǿ" */
    0x0, 0x0, 0xc, 0x90, 0x0, 0x0, 0x7, 0xa0,
    0x0, 0x0, 0x0, 0x0, 0x0, 0x0, 0x3, 0xbf,
    0xe8, 0x79, 0x2, 0xf9, 0x45, 0xdf, 0x0, 0xab,
    0x0, 0xa, 0xf4, 0xf, 0x50, 0x3, 0xbb, 0x92,
    0xf2, 0x0, 0xc2, 0x8b, 0x2f, 0x10, 0x59, 0x8,
    0xc2, 0xf2, 0xd, 0x10, 0x9c, 0xf, 0x58, 0x70,
    0xb, 0x90, 0xbc, 0xd0, 0x1, 0xf5, 0x2, 0xfb,
    0x35, 0xdc, 0x0, 0x4c, 0xbf, 0xe9, 0x0, 0x5,
    0x10, 0x0, 0x0, 0x0,

    /* U+01FF "ǿ" */
    0x0, 0x1, 0xe5, 0x0, 0x0, 0xb, 0x70, 0x0,
    0x0, 0x0, 0x3, 0x60, 0x0, 0x9e, 0xee, 0x20,
    0xb, 0xc3, 0x6f, 0xa0, 0x2f, 0x20, 0xa6, 0xf2,
    0x5f, 0x2, 0xb0, 0xf4, 0x5f, 0x9, 0x30, 0xf5,
    0x2f, 0x4b, 0x3, 0xf2, 0xb, 0xf7, 0x3d, 0xb0,
    0x1, 0xee, 0xe9, 0x0, 0x7, 0x60, 0x0, 0x0,

    /* U+0200 "Ȁ" */
    0x7, 0xe5, 0xe2, 0x0, 0x0, 0x6, 0xc6, 0xa0,
    0x0, 0x0, 0x2, 0xf4, 0x0, 0x0, 0x0, 0x8f,
    0xa0, 0x0, 0x0, 0xd, 0x8f, 0x0, 0x0, 0x3,
    0xf0, 0xe5, 0x0, 0x0, 0x8b, 0x9, 0xb0, 0x0,
    0xe, 0x50, 0x3f, 0x10, 0x4, 0xf1, 0x0, 0xe6,
    0x0, 0x9f, 0xff, 0xff, 0xb0, 0xe, 0x72, 0x22,
    0x5f, 0x14, 0xf1, 0x0, 0x0, 0xe6, 0xab, 0x0,
    0x0, 0x8, 0xc0,

    /* U+0201 "ȁ" */
    0x2e, 0x6c, 0x70, 0x0, 0x2c, 0x5d, 0x20, 0x0,
    0x0, 0x0, 0x0, 0x2b, 0xfe, 0x80, 0xd, 0xa2,
    0x4f, 0x50, 0x51, 0x0, 0xb9, 0x2, 0xbe, 0xff,
    0x90, 0xe8, 0x0, 0xa9, 0x3f, 0x0, 0xb, 0x91,
    0xf8, 0x38, 0xf9, 0x5, 0xde, 0xa8, 0xa0,

    /* U+0202 "Ȃ" */
    0x0, 0x9, 0xdb, 0x10, 0x0, 0x5, 0xb0, 0x88,
    0x0, 0x0, 0x0, 0x0, 0x0, 0x0, 0x0, 0x2f,
    0x40, 0x0, 0x0, 0x8, 0xfa, 0x0, 0x0, 0x0,
    0xd8, 0xf0, 0x0, 0x0, 0x3f, 0xe, 0x50, 0x0,
    0x8, 0xb0, 0x9b, 0x0, 0x0, 0xe5, 0x3, 0xf1,
    0x0, 0x4f, 0x10, 0xe, 0x60, 0x9, 0xff, 0xff,
    0xfb, 0x0, 0xe7, 0x22, 0x25, 0xf1, 0x4f, 0x10,
    0x0, 0xe, 0x6a, 0xb0, 0x0, 0x0, 0x8c,

    /* U+0203 "ȃ" */
    0x0, 0x6d, 0xd5, 0x0, 0xc, 0x11, 0xc0, 0x0,
    0x0, 0x0, 0x0, 0x2b, 0xfe, 0x80, 0xe, 0x91,
    0x4f, 0x50, 0x30, 0x0, 0xb9, 0x2, 0xbe, 0xff,
    0x90, 0xe8, 0x0, 0xa9, 0x3f, 0x0, 0xb, 0x91,
    0xf8, 0x38, 0xf9, 0x5, 0xde, 0xa8, 0xa0,

    /* U+0204 "Ȅ" */
    0xc, 0xa9, 0xb0, 0x0, 0x0, 0xa7, 0xa5, 0x0,
    0xd, 0xff, 0xff, 0xf6, 0xd, 0x82, 0x22, 0x21,
    0xd, 0x70, 0x0, 0x0, 0xd, 0x70, 0x0, 0x0,
    0xd, 0x70, 0x0, 0x0, 0xd, 0xff, 0xff, 0xc0,
    0xd, 0x82, 0x22, 0x10, 0xd, 0x70, 0x0, 0x0,
    0xd, 0x70, 0x0, 0x0, 0xd, 0x82, 0x22, 0x21,
    0xd, 0xff, 0xff, 0xf7,

    /* U+0205 "ȅ" */
    0x3e, 0x5d, 0x50, 0x0, 0x3d, 0x5d, 0x10, 0x0,
    0x0, 0x0, 0x0, 0x9, 0xfe, 0x80, 0xa, 0xb2,
    0x4e, 0x62, 0xf1, 0x0, 0x7c, 0x5f, 0xff, 0xff,
    0xe5, 0xf2, 0x22, 0x22, 0x2f, 0x30, 0x0, 0x0,
    0xbd, 0x32, 0xa9, 0x1, 0xaf, 0xfa, 0x10,

    /* U+0206 "Ȇ" */
    0x2, 0xcd, 0x80, 0x0, 0xa5, 0xd, 0x20, 0x0,
    0x0, 0x0, 0xd, 0xff, 0xff, 0xf6, 0xd8, 0x22,
    0x22, 0x1d, 0x70, 0x0, 0x0, 0xd7, 0x0, 0x0,
    0xd, 0x70, 0x0, 0x0, 0xdf, 0xff, 0xfc, 0xd,
    0x82, 0x22, 0x10, 0xd7, 0x0, 0x0, 0xd, 0x70,
    0x0, 0x0, 0xd8, 0x22, 0x22, 0x1d, 0xff, 0xff,
    0xf7,

    /* U+0207 "ȇ" */
    0x0, 0x8d, 0xd4, 0x0, 0x1c, 0x3, 0xa0, 0x0,
    0x0, 0x0, 0x0, 0x9, 0xfe, 0x80, 0xa, 0xb2,
    0x4e, 0x62, 0xf1, 0x0, 0x7c, 0x5f, 0xff, 0xff,
    0xe5, 0xf2, 0x22, 0x22, 0x2f, 0x30, 0x0, 0x0,
    0xbd, 0x32, 0xa9, 0x1, 0xaf, 0xfa, 0x10,

    /* U+0208 "Ȉ" */
    0x3e, 0x6d, 0x60, 0x2, 0xc4, 0xc1, 0x0, 0xc,
    0x90, 0x0, 0xc, 0x90, 0x0, 0xc, 0x90, 0x0,
    0xc, 0x90, 0x0, 0xc, 0x90, 0x0, 0xc, 0x90,
    0x0, 0xc, 0x90, 0x0, 0xc, 0x90, 0x0, 0xc,
    0x90, 0x0, 0xc, 0x90, 0x0, 0xc, 0x90,

    /* U+0209 "ȉ" */
    0x5e, 0x5e, 0x30, 0x4, 0xc5, 0xc0, 0x0, 0x0,
    0x0, 0x0, 0xf, 0x50, 0x0, 0xf, 0x50, 0x0,
    0xf, 0x50, 0x0, 0xf, 0x50, 0x0, 0xf, 0x50,
    0x0, 0xf, 0x50, 0x0, 0xf, 0x50, 0x0, 0xf,
    0x50,

    /* U+020A "Ȋ" */
    0x6, 0xdc, 0x40, 0xe1, 0x3d, 0x0, 0x0, 0x0,
    0xc, 0x90, 0x0, 0xc9, 0x0, 0xc, 0x90, 0x0,
    0xc9, 0x0, 0xc, 0x90, 0x0, 0xc9, 0x0, 0xc,
    0x90, 0x0, 0xc9, 0x0, 0xc, 0x90, 0x0, 0xc9,
    0x0, 0xc, 0x90,

    /* U+020B "ȋ" */
    0xa, 0xed, 0x33, 0xa0, 0x58, 0x0, 0x0, 0x0,
    0xf, 0x50, 0x0, 0xf5, 0x0, 0xf, 0x50, 0x0,
    0xf5, 0x0, 0xf, 0x50, 0x0, 0xf5, 0x0, 0xf,
    0x50, 0x0, 0xf5, 0x0,

    /* U+020C "Ȍ" */
    0x4, 0xe5, 0xe5, 0x0, 0x0, 0x3, 0xd5, 0xc0,
    0x0, 0x0, 0x3b, 0xfe, 0x90, 0x0, 0x2f, 0x93,
    0x5d, 0xb0, 0xa, 0xb0, 0x0, 0x1f, 0x40, 0xf5,
    0x0, 0x0, 0xb9, 0x2f, 0x20, 0x0, 0x9, 0xc2,
    0xf1, 0x0, 0x0, 0x8c, 0x2f, 0x20, 0x0, 0x9,
    0xc0, 0xf5, 0x0, 0x0, 0xb9, 0xa, 0xb0, 0x0,
    0x1f, 0x50, 0x2f, 0x93, 0x5d, 0xc0, 0x0, 0x3b,
    0xfe, 0x90, 0x0,

    /* U+020D "ȍ" */
    0x3e, 0x6d, 0x60, 0x0, 0x2, 0xd5, 0xd1, 0x0,
    0x0, 0x0, 0x0, 0x0, 0x0, 0x9e, 0xf9, 0x0,
    0xb, 0xc3, 0x3d, 0xa0, 0x2f, 0x20, 0x3, 0xf1,
    0x5f, 0x0, 0x0, 0xf4, 0x4f, 0x0, 0x0, 0xf5,
    0x2f, 0x20, 0x3, 0xf2, 0xa, 0xc3, 0x3d, 0xa0,
    0x0, 0xaf, 0xe9, 0x0,

    /* U+020E "Ȏ" */
    0x0, 0x6, 0xdc, 0x20, 0x0, 0x1, 0xe0, 0x5c,
    0x0, 0x0, 0x1, 0x0, 0x10, 0x0, 0x3, 0xbf,
    0xe9, 0x0, 0x2, 0xf9, 0x35, 0xdb, 0x0, 0xab,
    0x0, 0x1, 0xf4, 0xf, 0x50, 0x0, 0xb, 0x92,
    0xf2, 0x0, 0x0, 0x9c, 0x2f, 0x10, 0x0, 0x8,
    0xc2, 0xf2, 0x0, 0x0, 0x9c, 0xf, 0x50, 0x0,
    0xb, 0x90, 0xab, 0x0, 0x1, 0xf5, 0x2, 0xf9,
    0x35, 0xdc, 0x0, 0x3, 0xbf, 0xe9, 0x0,

    /* U+020F "ȏ" */
    0x0, 0x7d, 0xd5, 0x0, 0x0, 0xc0, 0x2b, 0x0,
    0x0, 0x0, 0x0, 0x0, 0x0, 0x9e, 0xf9, 0x0,
    0xb, 0xc3, 0x3d, 0xa0, 0x2f, 0x20, 0x3, 0xf1,
    0x5f, 0x0, 0x0, 0xf4, 0x4f, 0x0, 0x0, 0xf5,
    0x2f, 0x20, 0x3, 0xf2, 0xa, 0xc3, 0x3d, 0xa0,
    0x0, 0xaf, 0xe9, 0x0,

    /* U+0210 "Ȑ" */
    0x1c, 0x9a, 0xa0, 0x0, 0x0, 0xb, 0x6b, 0x40,
    0x0, 0xd, 0xff, 0xfd, 0x60, 0x0, 0xd8, 0x22,
    0x6f, 0x50, 0xd, 0x70, 0x0, 0x9c, 0x0, 0xd7,
    0x0, 0x6, 0xe0, 0xd, 0x70, 0x0, 0x8d, 0x0,
    0xd7, 0x0, 0x4f, 0x70, 0xd, 0xff, 0xff, 0x80,
    0x0, 0xd8, 0x23, 0xe6, 0x0, 0xd, 0x70, 0x6,
    0xe0, 0x0, 0xd7, 0x0, 0xd, 0x80, 0xd, 0x70,
    0x0, 0x5f, 0x10,

    /* U+0211 "ȑ" */
    0x4e, 0x5e, 0x40, 0x3, 0xd5, 0xc0, 0x0, 0x0,
    0x0, 0x0, 0xf8, 0xe8, 0x0, 0xfc, 0x31, 0x0,
    0xf3, 0x0, 0x0, 0xf3, 0x0, 0x0, 0xf3, 0x0,
    0x0, 0xf3, 0x0, 0x0, 0xf3, 0x0, 0x0, 0xf3,
    0x0,

    /* U+0212 "Ȓ" */
    0x3, 0xcd, 0x70, 0x0, 0xc, 0x40, 0xe1, 0x0,
    0x0, 0x0, 0x0, 0x0, 0xdf, 0xff, 0xd6, 0x0,
    0xd8, 0x22, 0x6f, 0x50, 0xd7, 0x0, 0x9, 0xc0,
    0xd7, 0x0, 0x6, 0xe0, 0xd7, 0x0, 0x8, 0xd0,
    0xd7, 0x0, 0x4f, 0x70, 0xdf, 0xff, 0xf8, 0x0,
    0xd8, 0x23, 0xe6, 0x0, 0xd7, 0x0, 0x6e, 0x0,
    0xd7, 0x0, 0xd, 0x80, 0xd7, 0x0, 0x5, 0xf1,

    /* U+0213 "ȓ" */
    0x9, 0xed, 0x32, 0xa0, 0x49, 0x0, 0x0, 0x0,
    0xf8, 0xe8, 0xf, 0xc3, 0x10, 0xf3, 0x0, 0xf,
    0x30, 0x0, 0xf3, 0x0, 0xf, 0x30, 0x0, 0xf3,
    0x0, 0xf, 0x30, 0x0,

    /* U+0214 "Ȕ" */
    0x7, 0xd5, 0xe1, 0x0, 0x0, 0x6, 0xb6, 0xa0,
    0x0, 0xf, 0x40, 0x0, 0x2f, 0x20, 0xf4, 0x0,
    0x2, 0xf2, 0xf, 0x40, 0x0, 0x2f, 0x20, 0xf4,
    0x0, 0x2, 0xf2, 0xf, 0x40, 0x0, 0x2f, 0x20,
    0xf4, 0x0, 0x2, 0xf2, 0xf, 0x40, 0x0, 0x2f,
    0x20, 0xf4, 0x0, 0x2, 0xf2, 0xd, 0x70, 0x0,
    0x6f, 0x0, 0x6f, 0x62, 0x5e, 0x80, 0x0, 0x6d,
    0xfd, 0x70, 0x0,

    /* U+0215 "ȕ" */
    0x3e, 0x5d, 0x50, 0x0, 0x2d, 0x5d, 0x10, 0x0,
    0x0, 0x0, 0x1, 0xf3, 0x0, 0x8c, 0x1f, 0x30,
    0x8, 0xc1, 0xf3, 0x0, 0x8c, 0x1f, 0x30, 0x8,
    0xc1, 0xf3, 0x0, 0x8c, 0xf, 0x30, 0x8, 0xc0,
    0xda, 0x25, 0xec, 0x3, 0xdf, 0xb9, 0xc0,

    /* U+0216 "Ȗ" */
    0x0, 0xa, 0xdb, 0x10, 0x0, 0x6, 0xb0, 0x98,
    0x0, 0x0, 0x0, 0x0, 0x0, 0x0, 0xf4, 0x0,
    0x2, 0xf2, 0xf, 0x40, 0x0, 0x2f, 0x20, 0xf4,
    0x0, 0x2, 0xf2, 0xf, 0x40, 0x0, 0x2f, 0x20,
    0xf4, 0x0, 0x2, 0xf2, 0xf, 0x40, 0x0, 0x2f,
    0x20, 0xf4, 0x0, 0x2, 0xf2, 0xf, 0x40, 0x0,
    0x2f, 0x20, 0xd7, 0x0, 0x6, 0xf0, 0x6, 0xf6,
    0x25, 0xe8, 0x0, 0x6, 0xdf, 0xd7, 0x0,

    /* U+0217 "ȗ" */
    0x0, 0x8e, 0xd4, 0x0, 0x1b, 0x3, 0xa0, 0x0,
    0x0, 0x0, 0x1, 0xf3, 0x0, 0x8c, 0x1f, 0x30,
    0x8, 0xc1, 0xf3, 0x0, 0x8c, 0x1f, 0x30, 0x8,
    0xc1, 0xf3, 0x0, 0x8c, 0xf, 0x30, 0x8, 0xc0,
    0xda, 0x25, 0xec, 0x3, 0xdf, 0xb9, 0xc0,

    /* U+0218 "Ș" */
    0x0, 0x9e, 0xfc, 0x40, 0xa, 0xd4, 0x37, 0xf3,
    0xf, 0x40, 0x0, 0xba, 0xf, 0x60, 0x0, 0x22,
    0x9, 0xf8, 0x20, 0x0, 0x0, 0x6d, 0xfc, 0x40,
    0x0, 0x0, 0x3b, 0xf4, 0x13, 0x0, 0x0, 0xbb,
    0x5f, 0x10, 0x0, 0x9b, 0xd, 0xc4, 0x26, 0xf5,
    0x1, 0x9e, 0xfd, 0x60, 0x0, 0x2, 0x70, 0x0,
    0x0, 0x5, 0xd0, 0x0, 0x0, 0xa, 0x70, 0x0,
    0x0, 0x2, 0x0, 0x0,

    /* U+0219 "ș" */
    0x3, 0xcf, 0xd6, 0x0, 0xe9, 0x26, 0xf3, 0xf,
    0x40, 0x5, 0x20, 0x8f, 0xa6, 0x0, 0x0, 0x27,
    0xce, 0x22, 0x80, 0x0, 0xd7, 0x1f, 0x82, 0x4f,
    0x50, 0x4c, 0xfe, 0x70, 0x0, 0x6, 0x30, 0x0,
    0x0, 0xd6, 0x0, 0x0, 0x1e, 0x10, 0x0, 0x0,
    0x20, 0x0,

    /* U+021A "Ț" */
    0xaf, 0xff, 0xff, 0xff, 0x1, 0x22, 0x8d, 0x22,
    0x20, 0x0, 0x7, 0xd0, 0x0, 0x0, 0x0, 0x7d,
    0x0, 0x0, 0x0, 0x7, 0xd0, 0x0, 0x0, 0x0,
    0x7d, 0x0, 0x0, 0x0, 0x7, 0xd0, 0x0, 0x0,
    0x0, 0x7d, 0x0, 0x0, 0x0, 0x7, 0xd0, 0x0,
    0x0, 0x0, 0x7d, 0x0, 0x0, 0x0, 0x7, 0xd0,
    0x0, 0x0, 0x0, 0x0, 0x0, 0x0, 0x0, 0x6,
    0xc0, 0x0, 0x0, 0x0, 0x99, 0x0, 0x0, 0x0,
    0x9, 0x10, 0x0, 0x0,

    /* U+021B "ț" */
    0x9, 0xa0, 0x0, 0x9a, 0x0, 0xff, 0xff, 0x0,
    0x9a, 0x0, 0x9, 0xa0, 0x0, 0x9a, 0x0, 0x9,
    0xa0, 0x0, 0x9a, 0x0, 0x8, 0xd3, 0x0, 0x2d,
    0xf1, 0x0, 0x45, 0x0, 0x9, 0xa0, 0x0, 0xd4,
    0x0, 0x2, 0x0,

    /* U+021C "Ȝ" */
    0x1, 0xaf, 0xeb, 0x30, 0xd, 0xc3, 0x3a, 0xe1,
    0x4f, 0x10, 0x0, 0xe6, 0x2, 0x0, 0x0, 0xd7,
    0x0, 0x0, 0x2, 0xf3, 0x0, 0x0, 0x1c, 0xb0,
    0x0, 0x6, 0xec, 0xf2, 0x7, 0xec, 0x40, 0xc8,
    0x5, 0x20, 0x0, 0xaa, 0x0, 0x0, 0x0, 0xc8,
    0x0, 0x0, 0x3, 0xf4, 0x0, 0x0, 0x3e, 0xa0,
    0x1, 0x5b, 0xf8, 0x0, 0xb, 0xc7, 0x10, 0x0,
    0x0, 0x0, 0x0, 0x0,

    /* U+021D "ȝ" */
    0x6, 0xdf, 0xd4, 0x4, 0xf5, 0x28, 0xf0, 0x1,
    0x0, 0x3f, 0x10, 0x0, 0xa, 0xb0, 0x0, 0x4b,
    0xfa, 0x0, 0xcc, 0x52, 0xf2, 0x1, 0x0, 0xf,
    0x40, 0x0, 0x3, 0xf2, 0x0, 0x1, 0xdb, 0x0,
    0x49, 0xfc, 0x10, 0xb, 0x94, 0x0, 0x0,

    /* U+021E "Ȟ" */
    0x0, 0x70, 0x26, 0x0, 0x0, 0x6a, 0xd3, 0x0,
    0x0, 0x5, 0x30, 0x0, 0xd7, 0x0, 0x0, 0x8d,
    0xd7, 0x0, 0x0, 0x8d, 0xd7, 0x0, 0x0, 0x8d,
    0xd7, 0x0, 0x0, 0x8d, 0xd7, 0x0, 0x0, 0x8d,
    0xdf, 0xff, 0xff, 0xfd, 0xd8, 0x22, 0x22, 0x9d,
    0xd7, 0x0, 0x0, 0x8d, 0xd7, 0x0, 0x0, 0x8d,
    0xd7, 0x0, 0x0, 0x8d, 0xd7, 0x0, 0x0, 0x8d,

    /* U+021F "ȟ" */
    0x3, 0x40, 0x62, 0x0, 0xc, 0x9a, 0x0, 0x0,
    0x17, 0x0, 0x0, 0xf3, 0x0, 0x0, 0xf, 0x30,
    0x0, 0x0, 0xf3, 0x0, 0x0, 0xf, 0x7d, 0xfb,
    0x10, 0xfd, 0x43, 0xe8, 0xf, 0x40, 0x8, 0xb0,
    0xf3, 0x0, 0x7c, 0xf, 0x30, 0x7, 0xc0, 0xf3,
    0x0, 0x7c, 0xf, 0x30, 0x7, 0xc0, 0xf3, 0x0,
    0x7c,

    /* U+0220 "Ƞ" */
    0xdb, 0xcf, 0xe8, 0x0, 0xdc, 0x52, 0x4d, 0xa0,
    0xd6, 0x0, 0x3, 0xf1, 0xd6, 0x0, 0x0, 0xf4,
    0xd6, 0x0, 0x0, 0xf4, 0xd6, 0x0, 0x0, 0xf4,
    0xd6, 0x0, 0x0, 0xf4, 0xd6, 0x0, 0x0, 0xf4,
    0xd6, 0x0, 0x0, 0xf4, 0xd6, 0x0, 0x0, 0xf4,
    0xd6, 0x0, 0x0, 0xf4, 0x0, 0x0, 0x0, 0xf4,
    0x0, 0x0, 0x0, 0xf4, 0x0, 0x0, 0x0, 0xf4,

    /* U+0221 "ȡ" */
    0x0, 0x0, 0x6, 0xe0, 0x0, 0x0, 0x0, 0x6,
    0xe0, 0x0, 0x0, 0x0, 0x6, 0xe0, 0x0, 0x1,
    0xbf, 0xc9, 0xe0, 0x0, 0xb, 0xc3, 0x4d, 0xe0,
    0x0, 0x2f, 0x20, 0x6, 0xe0, 0x0, 0x4f, 0x0,
    0x6, 0xe0, 0x0, 0x4f, 0x0, 0x6, 0xe0, 0x0,
    0x2f, 0x20, 0x6, 0xe0, 0x0, 0xb, 0xc3, 0x4d,
    0xe0, 0x0, 0x1, 0xbf, 0xc8, 0xff, 0xe3, 0x0,
    0x0, 0xc, 0xe1, 0xab, 0x0, 0x0, 0x8e, 0xf3,
    0xba, 0x0, 0x0, 0x41, 0x9f, 0xd2,

    /* U+0222 "Ȣ" */
    0x4, 0xd7, 0x2, 0xe7, 0x0, 0xf8, 0x0, 0x4,
    0xf4, 0x2f, 0x20, 0x0, 0xd, 0x70, 0xea, 0x10,
    0x6, 0xf4, 0x3, 0xff, 0xff, 0xf7, 0x0, 0x8e,
    0x63, 0x4c, 0xd0, 0xf, 0x50, 0x0, 0x1f, 0x62,
    0xf2, 0x0, 0x0, 0xd8, 0x1f, 0x50, 0x0, 0xf,
    0x60, 0xae, 0x63, 0x4b, 0xe0, 0x0, 0x7d, 0xfe,
    0xa1, 0x0,

    /* U+0223 "ȣ" */
    0x4, 0xd5, 0x3, 0xd5, 0x1, 0xf5, 0x0, 0x4,
    0xf2, 0x3f, 0x0, 0x0, 0xf, 0x51, 0xf8, 0x0,
    0x7, 0xf2, 0x3, 0xff, 0xff, 0xf5, 0x0, 0xad,
    0x52, 0x4d, 0xc0, 0x2f, 0x30, 0x0, 0x2f, 0x33,
    0xf0, 0x0, 0x0, 0xe5, 0x1f, 0x20, 0x0, 0x1f,
    0x30, 0xad, 0x41, 0x3c, 0xb0, 0x0, 0x8d, 0xfd,
    0x91, 0x0,

    /* U+0224 "Ȥ" */
    0x5f, 0xff, 0xff, 0xf9, 0x0, 0x22, 0x22, 0x5f,
    0x50, 0x0, 0x0, 0xc, 0xb0, 0x0, 0x0, 0x6,
    0xf1, 0x0, 0x0, 0x1, 0xe7, 0x0, 0x0, 0x0,
    0xad, 0x0, 0x0, 0x0, 0x4f, 0x30, 0x0, 0x0,
    0xd, 0x90, 0x0, 0x0, 0x8, 0xe1, 0x0, 0x0,
    0x2, 0xf7, 0x22, 0x20, 0x0, 0x6f, 0xff, 0xff,
    0xfa, 0x0, 0x0, 0x0, 0x2, 0xf3, 0x0, 0x0,
    0x0, 0xd, 0x30,

    /* U+0225 "ȥ" */
    0x5f, 0xff, 0xff, 0x40, 0x11, 0x1a, 0xd0, 0x0,
    0x4, 0xf3, 0x0, 0x1, 0xe7, 0x0, 0x0, 0xac,
    0x0, 0x0, 0x5f, 0x20, 0x0, 0x1e, 0x81, 0x10,
    0x6, 0xff, 0xff, 0xf5, 0x0, 0x0, 0x6, 0xd0,
    0x0, 0x0, 0x16,

    /* U+0226 "Ȧ" */
    0x0, 0x0, 0xe3, 0x0, 0x0, 0x0, 0x6, 0x10,
    0x0, 0x0, 0x2, 0xf4, 0x0, 0x0, 0x0, 0x8f,
    0xa0, 0x0, 0x0, 0xd, 0x8f, 0x0, 0x0, 0x3,
    0xf0, 0xe5, 0x0, 0x0, 0x8b, 0x9, 0xb0, 0x0,
    0xe, 0x50, 0x3f, 0x10, 0x4, 0xf1, 0x0, 0xe6,
    0x0, 0x9f, 0xff, 0xff, 0xb0, 0xe, 0x72, 0x22,
    0x5f, 0x14, 0xf1, 0x0, 0x0, 0xe6, 0xab, 0x0,
    0x0, 0x8, 0xc0,

    /* U+0227 "ȧ" */
    0x0, 0x9, 0x80, 0x0, 0x0, 0x43, 0x0, 0x0,
    0x0, 0x0, 0x0, 0x2b, 0xfe, 0x80, 0xe, 0x91,
    0x4f, 0x50, 0x30, 0x0, 0xb9, 0x2, 0xbe, 0xff,
    0x90, 0xe8, 0x0, 0xa9, 0x3f, 0x0, 0xb, 0x91,
    0xf8, 0x38, 0xf9, 0x5, 0xde, 0xa8, 0xa0,

    /* U+0228 "Ȩ" */
    0xdf, 0xff, 0xff, 0x6d, 0x82, 0x22, 0x21, 0xd7,
    0x0, 0x0, 0xd, 0x70, 0x0, 0x0, 0xd7, 0x0,
    0x0, 0xd, 0xff, 0xff, 0xc0, 0xd8, 0x22, 0x21,
    0xd, 0x70, 0x0, 0x0, 0xd7, 0x0, 0x0, 0xd,
    0x82, 0x22, 0x21, 0xdf, 0xff, 0xff, 0x70, 0x4,
    0xd3, 0x0, 0x0, 0x6, 0xa0, 0x0, 0x5, 0xd3,
    0x0,

    /* U+0229 "ȩ" */
    0x0, 0x9f, 0xe8, 0x0, 0xab, 0x24, 0xe6, 0x2f,
    0x10, 0x7, 0xc5, 0xff, 0xff, 0xfe, 0x5f, 0x22,
    0x22, 0x22, 0xf3, 0x0, 0x0, 0xb, 0xd3, 0x2a,
    0x90, 0x1a, 0xff, 0xa1, 0x0, 0x9, 0xb0, 0x0,
    0x0, 0xc, 0x40, 0x0, 0xa, 0xb0, 0x0,

    /* U+022A "Ȫ" */
    0x0, 0x6e, 0xee, 0xe1, 0x0, 0x0, 0x11, 0x11,
    0x0, 0x0, 0x5c, 0x3, 0xe1, 0x0, 0x2, 0x60,
    0x16, 0x0, 0x0, 0x3b, 0xfe, 0x90, 0x0, 0x2f,
    0x93, 0x5d, 0xb0, 0xa, 0xb0, 0x0, 0x1f, 0x40,
    0xf5, 0x0, 0x0, 0xb9, 0x2f, 0x20, 0x0, 0x9,
    0xc2, 0xf1, 0x0, 0x0, 0x8c, 0x2f, 0x20, 0x0,
    0x9, 0xc0, 0xf5, 0x0, 0x0, 0xb9, 0xa, 0xb0,
    0x0, 0x1f, 0x50, 0x2f, 0x93, 0x5d, 0xc0, 0x0,
    0x3b, 0xfe, 0x90, 0x0,

    /* U+022B "ȫ" */
    0x4, 0xee, 0xee, 0x30, 0x0, 0x11, 0x11, 0x0,
    0x2, 0xe1, 0x3e, 0x10, 0x0, 0x60, 0x16, 0x0,
    0x0, 0x0, 0x0, 0x0, 0x0, 0x9e, 0xf9, 0x0,
    0xb, 0xc3, 0x3d, 0xa0, 0x2f, 0x20, 0x3, 0xf1,
    0x5f, 0x0, 0x0, 0xf4, 0x4f, 0x0, 0x0, 0xf5,
    0x2f, 0x20, 0x3, 0xf2, 0xa, 0xc3, 0x3d, 0xa0,
    0x0, 0xaf, 0xe9, 0x0,

    /* U+022C "Ȭ" */
    0x0, 0x6e, 0xee, 0xe1, 0x0, 0x0, 0x11, 0x11,
    0x0, 0x0, 0x8, 0xa0, 0x80, 0x0, 0x0, 0x83,
    0xc4, 0x0, 0x0, 0x3b, 0xfe, 0x90, 0x0, 0x2f,
    0x93, 0x5d, 0xb0, 0xa, 0xb0, 0x0, 0x1f, 0x40,
    0xf5, 0x0, 0x0, 0xb9, 0x2f, 0x20, 0x0, 0x9,
    0xc2, 0xf1, 0x0, 0x0, 0x8c, 0x2f, 0x20, 0x0,
    0x9, 0xc0, 0xf5, 0x0, 0x0, 0xb9, 0xa, 0xb0,
    0x0, 0x1f, 0x50, 0x2f, 0x93, 0x5d, 0xc0, 0x0,
    0x3b, 0xfe, 0x90, 0x0,

    /* U+022D "ȭ" */
    0x4, 0xee, 0xee, 0x30, 0x0, 0x11, 0x12, 0x0,
    0x1, 0xdc, 0x1a, 0x40, 0x6, 0x84, 0xed, 0x0,
    0x0, 0x0, 0x0, 0x0, 0x0, 0x9e, 0xf9, 0x0,
    0xb, 0xc3, 0x3d, 0xa0, 0x2f, 0x20, 0x3, 0xf1,
    0x5f, 0x0, 0x0, 0xf4, 0x4f, 0x0, 0x0, 0xf5,
    0x2f, 0x20, 0x3, 0xf2, 0xa, 0xc3, 0x3d, 0xa0,
    0x0, 0xaf, 0xe9, 0x0,

    /* U+022E "Ȯ" */
    0x0, 0x0, 0xb6, 0x0, 0x0, 0x0, 0x5, 0x20,
    0x0, 0x0, 0x3b, 0xfe, 0x90, 0x0, 0x2f, 0x93,
    0x5d, 0xb0, 0xa, 0xb0, 0x0, 0x1f, 0x40, 0xf5,
    0x0, 0x0, 0xb9, 0x2f, 0x20, 0x0, 0x9, 0xc2,
    0xf1, 0x0, 0x0, 0x8c, 0x2f, 0x20, 0x0, 0x9,
    0xc0, 0xf5, 0x0, 0x0, 0xb9, 0xa, 0xb0, 0x0,
    0x1f, 0x50, 0x2f, 0x93, 0x5d, 0xc0, 0x0, 0x3b,
    0xfe, 0x90, 0x0,

    /* U+022F "ȯ" */
    0x0, 0xa, 0x80, 0x0, 0x0, 0x4, 0x30, 0x0,
    0x0, 0x0, 0x0, 0x0, 0x0, 0x9e, 0xf9, 0x0,
    0xb, 0xc3, 0x3d, 0xa0, 0x2f, 0x20, 0x3, 0xf1,
    0x5f, 0x0, 0x0, 0xf4, 0x4f, 0x0, 0x0, 0xf5,
    0x2f, 0x20, 0x3, 0xf2, 0xa, 0xc3, 0x3d, 0xa0,
    0x0, 0xaf, 0xe9, 0x0,

    /* U+0230 "Ȱ" */
    0x0, 0x6e, 0xee, 0xe1, 0x0, 0x0, 0x11, 0x11,
    0x0, 0x0, 0x0, 0xb6, 0x0, 0x0, 0x0, 0x5,
    0x20, 0x0, 0x0, 0x3b, 0xfe, 0x90, 0x0, 0x2f,
    0x93, 0x5d, 0xb0, 0xa, 0xb0, 0x0, 0x1f, 0x40,
    0xf5, 0x0, 0x0, 0xb9, 0x2f, 0x20, 0x0, 0x9,
    0xc2, 0xf1, 0x0, 0x0, 0x8c, 0x2f, 0x20, 0x0,
    0x9, 0xc0, 0xf5, 0x0, 0x0, 0xb9, 0xa, 0xb0,
    0x0, 0x1f, 0x50, 0x2f, 0x93, 0x5d, 0xc0, 0x0,
    0x3b, 0xfe, 0x90, 0x0,

    /* U+0231 "ȱ" */
    0x4, 0xee, 0xee, 0x30, 0x0, 0x11, 0x11, 0x0,
    0x0, 0xa, 0x80, 0x0, 0x0, 0x4, 0x30, 0x0,
    0x0, 0x0, 0x0, 0x0, 0x0, 0x9e, 0xf9, 0x0,
    0xb, 0xc3, 0x3d, 0xa0, 0x2f, 0x20, 0x3, 0xf1,
    0x5f, 0x0, 0x0, 0xf4, 0x4f, 0x0, 0x0, 0xf5,
    0x2f, 0x20, 0x3, 0xf2, 0xa, 0xc3, 0x3d, 0xa0,
    0x0, 0xaf, 0xe9, 0x0,

    /* U+0232 "Ȳ" */
    0x0, 0xee, 0xee, 0x80, 0x0, 0x1, 0x11, 0x10,
    0x0, 0xad, 0x0, 0x0, 0x7f, 0x12, 0xf5, 0x0,
    0xe, 0x80, 0xa, 0xd0, 0x7, 0xf1, 0x0, 0x2f,
    0x40, 0xe8, 0x0, 0x0, 0xac, 0x6f, 0x10, 0x0,
    0x2, 0xff, 0x80, 0x0, 0x0, 0xa, 0xf1, 0x0,
    0x0, 0x0, 0x7d, 0x0, 0x0, 0x0, 0x7, 0xd0,
    0x0, 0x0, 0x0, 0x7d, 0x0, 0x0, 0x0, 0x7,
    0xd0, 0x0, 0x0,

    /* U+0233 "ȳ" */
    0xc, 0xff, 0xfc, 0x0, 0x0, 0x0, 0x0, 0x0,
    0x0, 0x0, 0xa, 0xa0, 0x1, 0xf4, 0x5f, 0x0,
    0x5e, 0x0, 0xf5, 0xa, 0xa0, 0xa, 0xa0, 0xe4,
    0x0, 0x5e, 0x3f, 0x0, 0x0, 0xfc, 0xa0, 0x0,
    0xa, 0xf5, 0x0, 0x0, 0x4f, 0x0, 0x0, 0x7,
    0xa0, 0x0, 0x14, 0xe4, 0x0, 0x6, 0xf8, 0x0,
    0x0,

    /* U+0234 "ȴ" */
    0x5, 0xe0, 0x0, 0x5, 0xe0, 0x0, 0x5, 0xe0,
    0x0, 0x5, 0xe0, 0x0, 0x5, 0xe0, 0x0, 0x5,
    0xe0, 0x0, 0x5, 0xe0, 0x0, 0x5, 0xe0, 0x0,
    0x5, 0xe0, 0x0, 0x5, 0xe0, 0x0, 0x5, 0xff,
    0xe3, 0xc, 0xf1, 0xab, 0x8e, 0xf3, 0xba, 0x41,
    0x9f, 0xd2,

    /* U+0235 "ȵ" */
    0xf, 0x6c, 0xfb, 0x10, 0x0, 0xf, 0xc1, 0x1c,
    0x90, 0x0, 0xf, 0x30, 0x8, 0xb0, 0x0, 0xf,
    0x30, 0x7, 0xc0, 0x0, 0xf, 0x30, 0x7, 0xc0,
    0x0, 0xf, 0x30, 0x7, 0xc0, 0x0, 0xf, 0x30,
    0x7, 0xc0, 0x0, 0xf, 0x30, 0x7, 0xff, 0xe2,
    0x0, 0x0, 0xd, 0xd1, 0xc9, 0x0, 0x0, 0xae,
    0xf2, 0xc8, 0x0, 0x0, 0x51, 0xaf, 0xc1,

    /* U+0236 "ȶ" */
    0x5, 0xf0, 0x0, 0x5, 0xf0, 0x0, 0xaf, 0xff,
    0x50, 0x5, 0xf0, 0x0, 0x5, 0xf0, 0x0, 0x5,
    0xf0, 0x0, 0x5, 0xfd, 0xd3, 0xa, 0xf3, 0xbb,
    0x7e, 0xf3, 0xab, 0x42, 0x9f, 0xd3,

    /* U+0237 "ȷ" */
    0x0, 0xd7, 0x0, 0xd7, 0x0, 0xd7, 0x0, 0xd7,
    0x0, 0xd7, 0x0, 0xd7, 0x0, 0xd7, 0x0, 0xd7,
    0x0, 0xd6, 0x13, 0xf4, 0x7f, 0x90,

    /* U+0238 "ȸ" */
    0x0, 0x0, 0x6, 0xe0, 0x0, 0x0, 0x0, 0x0,
    0x6, 0xe0, 0x0, 0x0, 0x0, 0x0, 0x6, 0xe0,
    0x0, 0x0, 0x1, 0xbf, 0xc9, 0xe8, 0xee, 0x80,
    0xb, 0xc3, 0x4d, 0xf9, 0x26, 0xf4, 0x2f, 0x20,
    0x6, 0xe0, 0x0, 0xab, 0x4f, 0x0, 0x6, 0xe0,
    0x0, 0x7d, 0x4f, 0x0, 0x6, 0xe0, 0x0, 0x7d,
    0x2f, 0x20, 0x6, 0xe0, 0x0, 0xab, 0xb, 0xc3,
    0x4d, 0xf9, 0x26, 0xf4, 0x1, 0xbf, 0xc7, 0xe7,
    0xee, 0x70,

    /* U+0239 "ȹ" */
    0x2, 0xcf, 0xc8, 0xd8, 0xfe, 0x70, 0xc, 0xc3,
    0x3d, 0xf8, 0x26, 0xf4, 0x2f, 0x20, 0x6, 0xe0,
    0x0, 0xaa, 0x4f, 0x0, 0x6, 0xe0, 0x0, 0x7d,
    0x4f, 0x0, 0x6, 0xe0, 0x0, 0x7d, 0x2f, 0x20,
    0x6, 0xe0, 0x0, 0xaa, 0xb, 0xc3, 0x3d, 0xf7,
    0x26, 0xf4, 0x1, 0xcf, 0xc9, 0xe8, 0xee, 0x70,
    0x0, 0x0, 0x6, 0xe0, 0x0, 0x0, 0x0, 0x0,
    0x6, 0xe0, 0x0, 0x0, 0x0, 0x0, 0x6, 0xe0,
    0x0, 0x0,

    /* U+023A "Ⱥ" */
    0x0, 0x0, 0x0, 0x0, 0x0, 0x50, 0x0, 0x0,
    0x2, 0xf4, 0x9, 0x70, 0x0, 0x0, 0x8, 0xfa,
    0x7a, 0x0, 0x0, 0x0, 0xd, 0x8f, 0xd0, 0x0,
    0x0, 0x0, 0x3f, 0x2f, 0x50, 0x0, 0x0, 0x0,
    0x8a, 0xbd, 0xa0, 0x0, 0x0, 0x0, 0xed, 0xa3,
    0xf0, 0x0, 0x0, 0x3, 0xfe, 0x10, 0xe6, 0x0,
    0x0, 0x9, 0xff, 0xff, 0xfb, 0x0, 0x0, 0xe,
    0x82, 0x22, 0x5f, 0x10, 0x0, 0x5f, 0x10, 0x0,
    0xe, 0x60, 0x1, 0xeb, 0x0, 0x0, 0x8, 0xc0,
    0xc, 0x40, 0x0, 0x0, 0x0, 0x0,

    /* U+023B "Ȼ" */
    0x0, 0x0, 0x0, 0x11, 0x0, 0x3, 0xbf, 0xee,
    0x30, 0x2, 0xf8, 0x36, 0xfb, 0x0, 0xbb, 0x0,
    0x8a, 0xf2, 0xf, 0x50, 0xd, 0x1f, 0x62, 0xf3,
    0x3, 0xa0, 0x0, 0x3f, 0x20, 0x94, 0x0, 0x2,
    0xf3, 0xd, 0x0, 0x0, 0xf, 0x55, 0x90, 0x5,
    0x20, 0xba, 0xa3, 0x1, 0xf3, 0x3, 0xfe, 0x34,
    0xcc, 0x0, 0x7, 0xef, 0xe9, 0x10, 0x0, 0xb3,
    0x0, 0x0, 0x0,

    /* U+023C "ȼ" */
    0x0, 0x0, 0x6, 0x70, 0x0, 0x0, 0xb2, 0x0,
    0x0, 0x1c, 0x0, 0x1a, 0xff, 0xb0, 0xc, 0xb2,
    0xdd, 0x92, 0xf2, 0x3a, 0x25, 0x5e, 0x9, 0x40,
    0x5, 0xe0, 0xd0, 0x0, 0x2f, 0x88, 0x4, 0x80,
    0xcf, 0x53, 0xe7, 0x3, 0xee, 0xe7, 0x0, 0x85,
    0x0, 0x0, 0xd, 0x0, 0x0, 0x4, 0xa0, 0x0,
    0x0,

    /* U+023D "Ƚ" */
    0x5, 0xf0, 0x0, 0x0, 0x5, 0xf0, 0x0, 0x0,
    0x5, 0xf0, 0x0, 0x0, 0x5, 0xf0, 0x0, 0x0,
    0x5, 0xf0, 0x0, 0x0, 0xbf, 0xff, 0x80, 0x0,
    0x18, 0xf2, 0x10, 0x0, 0x5, 0xf0, 0x0, 0x0,
    0x5, 0xf0, 0x0, 0x0, 0x5, 0xf2, 0x22, 0x21,
    0x5, 0xff, 0xff, 0xfa,

    /* U+023E "Ⱦ" */
    0x0, 0x0, 0x0, 0x46, 0xa, 0xff, 0xff, 0xff,
    0xf0, 0x12, 0x28, 0xd6, 0xb2, 0x0, 0x0, 0x7d,
    0xb3, 0x0, 0x0, 0x7, 0xfc, 0x0, 0x0, 0x0,
    0x7f, 0x40, 0x0, 0x0, 0x7, 0xe0, 0x0, 0x0,
    0x0, 0x9d, 0x0, 0x0, 0x0, 0x1f, 0xd0, 0x0,
    0x0, 0x7, 0xed, 0x0, 0x0, 0x0, 0xd8, 0xd0,
    0x0, 0x0, 0x69, 0x7d, 0x0, 0x0, 0xd, 0x20,
    0x0, 0x0, 0x0,

    /* U+023F "ȿ" */
    0x2, 0xcf, 0xd6, 0x0, 0xe9, 0x25, 0xf3, 0xf,
    0x40, 0x5, 0x20, 0x8f, 0xa6, 0x0, 0x0, 0x27,
    0xce, 0x20, 0x20, 0x0, 0xd7, 0x2f, 0x62, 0x4e,
    0x50, 0xaf, 0xfe, 0x70, 0x2, 0xe1, 0x0, 0x0,
    0x9, 0xa2, 0x30, 0x0, 0xb, 0xe5, 0x0,

    /* U+0240 "ɀ" */
    0x5f, 0xff, 0xff, 0x40, 0x1, 0x11, 0xad, 0x0,
    0x0, 0x4, 0xf3, 0x0, 0x0, 0x1e, 0x70, 0x0,
    0x0, 0xac, 0x0, 0x0, 0x5, 0xf2, 0x0, 0x0,
    0x1e, 0x80, 0x0, 0x0, 0x6f, 0xfe, 0x40, 0x0,
    0x0, 0x7, 0xe1, 0x0, 0x0, 0x0, 0xaa, 0x22,
    0x0, 0x0, 0x1b, 0xe5,

    /* U+0241 "Ɂ" */
    0x4, 0xdf, 0xc3, 0x2, 0xf8, 0x49, 0xf1, 0x7c,
    0x0, 0xd, 0x70, 0x0, 0x0, 0xaa, 0x0, 0x0,
    0x9, 0xb0, 0x0, 0x0, 0xaa, 0x0, 0x0, 0xd,
    0x70, 0x0, 0x4a, 0xe1, 0x0, 0x3f, 0xb2, 0x0,
    0x3, 0xf1, 0x0, 0x0, 0x3f, 0x10, 0x0,

    /* U+0242 "ɂ" */
    0x6, 0xef, 0xb1, 0x4, 0xf5, 0x2c, 0xb0, 0x8a,
    0x0, 0x4f, 0x0, 0x0, 0x4, 0xf0, 0x0, 0x14,
    0xc9, 0x0, 0x5, 0xf6, 0x0, 0x0, 0x5e, 0x0,
    0x0, 0x5, 0xe0, 0x0,

    /* U+0243 "Ƀ" */
    0x5, 0xff, 0xfe, 0xa1, 0x0, 0x5f, 0x22, 0x4c,
    0xc0, 0x5, 0xf0, 0x0, 0x4f, 0x0, 0x5f, 0x0,
    0x3, 0xf1, 0x5, 0xf0, 0x1, 0xbb, 0x0, 0x5f,
    0xff, 0xff, 0x20, 0x5, 0xf2, 0x23, 0x9e, 0xb,
    0xff, 0xf8, 0x0, 0xf5, 0x18, 0xf2, 0x10, 0xf,
    0x50, 0x5f, 0x22, 0x3a, 0xe1, 0x5, 0xff, 0xff,
    0xb3, 0x0,

    /* U+0244 "Ʉ" */
    0x2, 0xf2, 0x0, 0x4, 0xf0, 0x0, 0x2f, 0x20,
    0x0, 0x4f, 0x0, 0x2, 0xf2, 0x0, 0x4, 0xf0,
    0x0, 0x2f, 0x20, 0x0, 0x4f, 0x0, 0x2, 0xf2,
    0x0, 0x4, 0xf0, 0xb, 0xff, 0xff, 0xff, 0xff,
    0xf9, 0x14, 0xf4, 0x22, 0x25, 0xf2, 0x10, 0x2f,
    0x20, 0x0, 0x4f, 0x0, 0x0, 0xf5, 0x0, 0x7,
    0xe0, 0x0, 0x9, 0xd4, 0x25, 0xe7, 0x0, 0x0,
    0x8, 0xdf, 0xd7, 0x0, 0x0,

    /* U+0245 "Ʌ" */
    0x0, 0x4, 0xf3, 0x0, 0x0, 0x0, 0xaf, 0x80,
    0x0, 0x0, 0xf, 0xdd, 0x0, 0x0, 0x4, 0xf3,
    0xf3, 0x0, 0x0, 0xab, 0xd, 0x80, 0x0, 0xf,
    0x60, 0x8d, 0x0, 0x4, 0xf1, 0x2, 0xf3, 0x0,
    0xac, 0x0, 0xd, 0x80, 0xf, 0x60, 0x0, 0x8e,
    0x5, 0xf1, 0x0, 0x3, 0xf3, 0xac, 0x0, 0x0,
    0xd, 0x80,

    /* U+0246 "Ɇ" */
    0x0, 0x0, 0x37, 0xd, 0xff, 0xff, 0xf6, 0xd8,
    0x22, 0xd3, 0x1d, 0x70, 0xd, 0x0, 0xd7, 0x3,
    0xa0, 0xd, 0x70, 0x76, 0x0, 0xdf, 0xff, 0xfc,
    0xd, 0x82, 0xe2, 0x10, 0xd7, 0x4a, 0x0, 0xd,
    0x78, 0x60, 0x0, 0xd8, 0xc4, 0x22, 0x1d, 0xff,
    0xff, 0xf7, 0x4, 0x80, 0x0, 0x0,

    /* U+0247 "ɇ" */
    0x0, 0x0, 0x6, 0x70, 0x0, 0x0, 0xb2, 0x0,
    0x0, 0x1c, 0x0, 0x9, 0xff, 0xb0, 0xa, 0xb2,
    0xde, 0x62, 0xf1, 0x4a, 0x7c, 0x5f, 0xff, 0xff,
    0xe5, 0xf3, 0xd2, 0x22, 0x2f, 0xa7, 0x0, 0x0,
    0xbf, 0x52, 0xa9, 0x3, 0xef, 0xfa, 0x10, 0x86,
    0x0, 0x0, 0xd, 0x0, 0x0, 0x4, 0xa0, 0x0,
    0x0,

    /* U+0248 "Ɉ" */
    0x0, 0x0, 0xa, 0xa0, 0x0, 0x0, 0x0, 0xaa,
    0x0, 0x0, 0x0, 0xa, 0xa0, 0x0, 0x0, 0x0,
    0xaa, 0x0, 0x0, 0x0, 0xa, 0xa0, 0x0, 0x0,
    0x2f, 0xff, 0xf2, 0x0, 0x0, 0x2d, 0xc2, 0x0,
    0x0, 0x0, 0xaa, 0x0, 0x8c, 0x0, 0xd, 0x80,
    0x4, 0xf6, 0x27, 0xf2, 0x0, 0x6, 0xdf, 0xd4,
    0x0, 0x0,

    /* U+0249 "ɉ" */
    0x3, 0xe0, 0x0, 0x17, 0x0, 0x0, 0x0, 0x0,
    0x3f, 0x0, 0x3, 0xf0, 0x0, 0x3f, 0x0, 0xbf,
    0xff, 0x81, 0x5f, 0x31, 0x3, 0xf0, 0x0, 0x3f,
    0x0, 0x3, 0xf0, 0x0, 0x3f, 0x0, 0x18, 0xf0,
    0x9, 0xe6, 0x0,

    /* U+024A "Ɋ" */
    0x0, 0x2b, 0xef, 0xcc, 0x80, 0x2, 0xea, 0x44,
    0x7f, 0x80, 0xa, 0xc0, 0x0, 0xd, 0x80, 0xf,
    0x50, 0x0, 0xd, 0x80, 0x2f, 0x20, 0x0, 0xd,
    0x80, 0x2f, 0x20, 0x0, 0xd, 0x80, 0x2f, 0x30,
    0x0, 0xd, 0x80, 0xf, 0x50, 0x0, 0xd, 0x80,
    0xb, 0xb0, 0x0, 0xd, 0x80, 0x2, 0xfa, 0x33,
    0x8f, 0x80, 0x0, 0x3b, 0xff, 0xce, 0x80, 0x0,
    0x0, 0x0, 0xc, 0x80, 0x0, 0x0, 0x0, 0xa,
    0xc2, 0x0, 0x0, 0x0, 0x3, 0xdd,

    /* U+024B "ɋ" */
    0x2, 0xcf, 0xc8, 0xe0, 0x0, 0xcc, 0x33, 0xde,
    0x0, 0x2f, 0x20, 0x6, 0xe0, 0x4, 0xf0, 0x0,
    0x6e, 0x0, 0x4f, 0x0, 0x6, 0xe0, 0x2, 0xf2,
    0x0, 0x6e, 0x0, 0xb, 0xc3, 0x3d, 0xe0, 0x0,
    0x1c, 0xfc, 0x9e, 0x0, 0x0, 0x0, 0x5, 0xe0,
    0x0, 0x0, 0x0, 0x3f, 0x10, 0x0, 0x0, 0x0,
    0x9f, 0x50,

    /* U+024C "Ɍ" */
    0x6, 0xff, 0xfe, 0xa1, 0x0, 0x6e, 0x22, 0x4c,
    0xc0, 0x6, 0xe0, 0x0, 0x2f, 0x30, 0x6e, 0x0,
    0x0, 0xf5, 0x6, 0xe0, 0x0, 0x1f, 0x40, 0x6e,
    0x0, 0x1a, 0xd0, 0xbf, 0xff, 0xff, 0xd2, 0x1,
    0x7e, 0x22, 0x9d, 0x0, 0x6, 0xe0, 0x1, 0xe6,
    0x0, 0x6e, 0x0, 0x7, 0xe0, 0x6, 0xe0, 0x0,
    0xd, 0x80,

    /* U+024D "ɍ" */
    0x0, 0x0, 0x0, 0x6, 0xda, 0xf2, 0x6, 0xf7,
    0x20, 0x6, 0xd0, 0x0, 0xbf, 0xff, 0x80, 0x19,
    0xf2, 0x10, 0x6, 0xd0, 0x0, 0x6, 0xd0, 0x0,
    0x6, 0xd0, 0x0,

    /* U+024E "Ɏ" */
    0x2f, 0x50, 0x0, 0xe, 0x80, 0xa, 0xd0, 0x0,
    0x6f, 0x10, 0xad, 0xfd, 0xdd, 0xfe, 0xd3, 0x0,
    0x9c, 0x6, 0xf1, 0x0, 0x0, 0x2f, 0x4d, 0x80,
    0x0, 0x0, 0xa, 0xef, 0x10, 0x0, 0x0, 0x2,
    0xf9, 0x0, 0x0, 0x0, 0x0, 0xf6, 0x0, 0x0,
    0x0, 0x0, 0xf6, 0x0, 0x0, 0x0, 0x0, 0xf6,
    0x0, 0x0, 0x0, 0x0, 0xf6, 0x0, 0x0,

    /* U+024F "ɏ" */
    0x5f, 0x10, 0xc, 0x90, 0xe6, 0x1, 0xf3, 0xae,
    0xfd, 0xef, 0xc0, 0x4f, 0x1a, 0x80, 0x0, 0xe6,
    0xf3, 0x0, 0x9, 0xee, 0x0, 0x0, 0x4f, 0x90,
    0x0, 0x0, 0xf4, 0x0, 0x0, 0x2f, 0x0, 0x0,
    0x3b, 0x90, 0x0, 0x1f, 0xb0, 0x0, 0x0,

    /* U+1E00 "Ḁ" */
    0x0, 0x2, 0xf4, 0x0, 0x0, 0x0, 0x8f, 0xa0,
    0x0, 0x0, 0xd, 0x8f, 0x0, 0x0, 0x3, 0xf0,
    0xe5, 0x0, 0x0, 0x8b, 0x9, 0xb0, 0x0, 0xe,
    0x50, 0x3f, 0x10, 0x4, 0xf1, 0x0, 0xe6, 0x0,
    0x9f, 0xff, 0xff, 0xb0, 0xe, 0x72, 0x22, 0x5f,
    0x14, 0xf1, 0x0, 0x0, 0xe6, 0xab, 0x0, 0x0,
    0x8, 0xc0, 0x0, 0x19, 0x50, 0x0, 0x0, 0x7,
    0x2a, 0x0, 0x0, 0x0, 0x3a, 0x70, 0x0,

    /* U+1E01 "ḁ" */
    0x2, 0xbf, 0xe8, 0x0, 0xe9, 0x14, 0xf5, 0x3,
    0x0, 0xb, 0x90, 0x2b, 0xef, 0xf9, 0xe, 0x80,
    0xa, 0x93, 0xf0, 0x0, 0xb9, 0x1f, 0x83, 0x8f,
    0x90, 0x5d, 0xea, 0x8a, 0x0, 0x49, 0x20, 0x0,
    0xa, 0x18, 0x0, 0x0, 0x7a, 0x40, 0x0,

    /* U+1E02 "Ḃ" */
    0x0, 0x7b, 0x0, 0x0, 0x3, 0x50, 0x0, 0xdf,
    0xff, 0xd6, 0xd, 0x82, 0x26, 0xf4, 0xd7, 0x0,
    0xb, 0x9d, 0x70, 0x0, 0xb9, 0xd7, 0x0, 0x4f,
    0x4d, 0xff, 0xff, 0x90, 0xd8, 0x22, 0x5e, 0x7d,
    0x70, 0x0, 0x7d, 0xd7, 0x0, 0x7, 0xdd, 0x82,
    0x25, 0xe8, 0xdf, 0xff, 0xe8, 0x0,

    /* U+1E03 "ḃ" */
    0x0, 0x4, 0xd0, 0x0, 0x0, 0x1, 0x60, 0x0,
    0xf, 0x30, 0x0, 0x0, 0xf, 0x30, 0x0, 0x0,
    0xf, 0x30, 0x0, 0x0, 0xf, 0x8d, 0xfb, 0x10,
    0xf, 0xc3, 0x4d, 0xa0, 0xf, 0x40, 0x4, 0xf0,
    0xf, 0x30, 0x1, 0xf2, 0xf, 0x30, 0x1, 0xf2,
    0xf, 0x40, 0x4, 0xf0, 0xf, 0xc3, 0x4d, 0xa0,
    0xf, 0x7d, 0xfb, 0x10,

    /* U+1E04 "Ḅ" */
    0xdf, 0xff, 0xd6, 0xd, 0x82, 0x26, 0xf4, 0xd7,
    0x0, 0xb, 0x9d, 0x70, 0x0, 0xb9, 0xd7, 0x0,
    0x4f, 0x4d, 0xff, 0xff, 0x90, 0xd8, 0x22, 0x5e,
    0x7d, 0x70, 0x0, 0x7d, 0xd7, 0x0, 0x7, 0xdd,
    0x82, 0x25, 0xe8, 0xdf, 0xff, 0xe8, 0x0, 0x0,
    0x0, 0x0, 0x0, 0x6b, 0x0, 0x0, 0x2, 0x50,
    0x0,

    /* U+1E05 "ḅ" */
    0xf, 0x30, 0x0, 0x0, 0xf, 0x30, 0x0, 0x0,
    0xf, 0x30, 0x0, 0x0, 0xf, 0x8d, 0xfb, 0x10,
    0xf, 0xc3, 0x4d, 0xa0, 0xf, 0x40, 0x4, 0xf0,
    0xf, 0x30, 0x1, 0xf2, 0xf, 0x30, 0x1, 0xf2,
    0xf, 0x40, 0x4, 0xf0, 0xf, 0xc3, 0x4d, 0xa0,
    0xf, 0x7d, 0xfb, 0x10, 0x0, 0x0, 0x0, 0x0,
    0x0, 0x8, 0xa0, 0x0, 0x0, 0x3, 0x40, 0x0,

    /* U+1E06 "Ḇ" */
    0xdf, 0xff, 0xd6, 0xd, 0x82, 0x26, 0xf4, 0xd7,
    0x0, 0xb, 0x9d, 0x70, 0x0, 0xb9, 0xd7, 0x0,
    0x4f, 0x4d, 0xff, 0xff, 0x90, 0xd8, 0x22, 0x5e,
    0x7d, 0x70, 0x0, 0x7d, 0xd7, 0x0, 0x7, 0xdd,
    0x82, 0x25, 0xe8, 0xdf, 0xff, 0xe8, 0x0, 0x0,
    0x0, 0x0, 0x3e, 0xee, 0xe9, 0x0, 0x11, 0x11,
    0x10,

    /* U+1E07 "ḇ" */
    0xf, 0x30, 0x0, 0x0, 0xf, 0x30, 0x0, 0x0,
    0xf, 0x30, 0x0, 0x0, 0xf, 0x8d, 0xfb, 0x10,
    0xf, 0xc3, 0x4d, 0xa0, 0xf, 0x40, 0x4, 0xf0,
    0xf, 0x30, 0x1, 0xf2, 0xf, 0x30, 0x1, 0xf2,
    0xf, 0x40, 0x4, 0xf0, 0xf, 0xc3, 0x4d, 0xa0,
    0xf, 0x7d, 0xfb, 0x10, 0x0, 0x0, 0x0, 0x0,
    0x5, 0xee, 0xee, 0x70, 0x0, 0x11, 0x11, 0x0,

    /* U+1E08 "Ḉ" */
    0x0, 0x0, 0x1e, 0x60, 0x0, 0x0, 0x8, 0xb0,
    0x0, 0x0, 0x0, 0x71, 0x0, 0x0, 0x3, 0xbf,
    0xe9, 0x0, 0x2, 0xf8, 0x24, 0xcb, 0x0, 0xbb,
    0x0, 0x2, 0xf3, 0xf, 0x50, 0x0, 0x8, 0x32,
    0xf3, 0x0, 0x0, 0x0, 0x3f, 0x20, 0x0, 0x0,
    0x2, 0xf3, 0x0, 0x0, 0x0, 0xf, 0x50, 0x0,
    0x7, 0x30, 0xba, 0x0, 0x2, 0xf3, 0x3, 0xf8,
    0x24, 0xcb, 0x0, 0x4, 0xcf, 0xe9, 0x0, 0x0,
    0x0, 0xd8, 0x0, 0x0, 0x0, 0x0, 0xf0, 0x0,
    0x0, 0x0, 0xd8, 0x0, 0x0,

    /* U+1E09 "ḉ" */
    0x0, 0x1, 0xf5, 0x0, 0x0, 0xb6, 0x0, 0x0,
    0x0, 0x0, 0x0, 0x1a, 0xfe, 0x80, 0xc, 0xc2,
    0x3e, 0x72, 0xf2, 0x0, 0x59, 0x5e, 0x0, 0x0,
    0x5, 0xe0, 0x0, 0x0, 0x2f, 0x20, 0x3, 0x70,
    0xbb, 0x23, 0xd7, 0x1, 0xaf, 0xe8, 0x0, 0x0,
    0xd8, 0x0, 0x0, 0x0, 0xf0, 0x0, 0x0, 0xd8,
    0x0,

    /* U+1E0A "Ḋ" */
    0x0, 0x6b, 0x0, 0x0, 0x0, 0x25, 0x0, 0x0,
    0xdf, 0xfe, 0xb2, 0x0, 0xd8, 0x23, 0x9f, 0x30,
    0xd7, 0x0, 0x9, 0xc0, 0xd7, 0x0, 0x2, 0xf2,
    0xd7, 0x0, 0x0, 0xf4, 0xd7, 0x0, 0x0, 0xf5,
    0xd7, 0x0, 0x0, 0xf4, 0xd7, 0x0, 0x3, 0xf2,
    0xd7, 0x0, 0xa, 0xc0, 0xd8, 0x23, 0x9f, 0x30,
    0xdf, 0xfe, 0xb3, 0x0,

    /* U+1E0B "ḋ" */
    0x0, 0xd, 0x50, 0x0, 0x0, 0x62, 0x0, 0x0,
    0x0, 0x6, 0xe0, 0x0, 0x0, 0x6e, 0x0, 0x0,
    0x6, 0xe0, 0x1b, 0xfc, 0x9e, 0xb, 0xc3, 0x4d,
    0xe2, 0xf3, 0x0, 0x6e, 0x4f, 0x0, 0x6, 0xe4,
    0xf0, 0x0, 0x6e, 0x2f, 0x20, 0x6, 0xe0, 0xbb,
    0x12, 0xce, 0x1, 0xbf, 0xd9, 0xe0,

    /* U+1E0C "Ḍ" */
    0xdf, 0xfe, 0xb2, 0x0, 0xd8, 0x23, 0x9f, 0x30,
    0xd7, 0x0, 0x9, 0xc0, 0xd7, 0x0, 0x2, 0xf2,
    0xd7, 0x0, 0x0, 0xf4, 0xd7, 0x0, 0x0, 0xf5,
    0xd7, 0x0, 0x0, 0xf4, 0xd7, 0x0, 0x3, 0xf2,
    0xd7, 0x0, 0xa, 0xc0, 0xd8, 0x23, 0x9f, 0x30,
    0xdf, 0xfe, 0xb3, 0x0, 0x0, 0x0, 0x0, 0x0,
    0x0, 0x7b, 0x0, 0x0, 0x0, 0x35, 0x0, 0x0,

    /* U+1E0D "ḍ" */
    0x0, 0x0, 0x6, 0xe0, 0x0, 0x0, 0x6e, 0x0,
    0x0, 0x6, 0xe0, 0x1b, 0xfc, 0x9e, 0xb, 0xc3,
    0x4d, 0xe2, 0xf3, 0x0, 0x6e, 0x4f, 0x0, 0x6,
    0xe4, 0xf0, 0x0, 0x6e, 0x2f, 0x20, 0x6, 0xe0,
    0xbb, 0x12, 0xce, 0x1, 0xbf, 0xd9, 0xe0, 0x0,
    0x0, 0x0, 0x0, 0x6, 0xb0, 0x0, 0x0, 0x25,
    0x0,

    /* U+1E0E "Ḏ" */
    0xdf, 0xfe, 0xb2, 0x0, 0xd8, 0x23, 0x9f, 0x30,
    0xd7, 0x0, 0x9, 0xc0, 0xd7, 0x0, 0x2, 0xf2,
    0xd7, 0x0, 0x0, 0xf4, 0xd7, 0x0, 0x0, 0xf5,
    0xd7, 0x0, 0x0, 0xf4, 0xd7, 0x0, 0x3, 0xf2,
    0xd7, 0x0, 0xa, 0xc0, 0xd8, 0x23, 0x9f, 0x30,
    0xdf, 0xfe, 0xb3, 0x0, 0x0, 0x0, 0x0, 0x0,
    0x3e, 0xee, 0xe9, 0x0, 0x1, 0x11, 0x11, 0x0,

    /* U+1E0F "ḏ" */
    0x0, 0x0, 0x6, 0xe0, 0x0, 0x0, 0x6e, 0x0,
    0x0, 0x6, 0xe0, 0x1b, 0xfc, 0x9e, 0xb, 0xc3,
    0x4d, 0xe2, 0xf3, 0x0, 0x6e, 0x4f, 0x0, 0x6,
    0xe4, 0xf0, 0x0, 0x6e, 0x2f, 0x20, 0x6, 0xe0,
    0xbb, 0x12, 0xce, 0x1, 0xbf, 0xd9, 0xe0, 0x0,
    0x0, 0x0, 0x3, 0xee, 0xee, 0x90, 0x1, 0x11,
    0x11,

    /* U+1E10 "Ḑ" */
    0xdf, 0xfe, 0xb2, 0x0, 0xd8, 0x23, 0x9f, 0x30,
    0xd7, 0x0, 0x9, 0xc0, 0xd7, 0x0, 0x2, 0xf2,
    0xd7, 0x0, 0x0, 0xf4, 0xd7, 0x0, 0x0, 0xf5,
    0xd7, 0x0, 0x0, 0xf4, 0xd7, 0x0, 0x3, 0xf2,
    0xd7, 0x0, 0xa, 0xc0, 0xd8, 0x23, 0x9f, 0x30,
    0xdf, 0xfe, 0xb3, 0x0, 0x0, 0x36, 0x0, 0x0,
    0x0, 0x7b, 0x0, 0x0, 0x0, 0xb6, 0x0, 0x0,
    0x0, 0x20, 0x0, 0x0,

    /* U+1E11 "ḑ" */
    0x0, 0x0, 0x6, 0xe0, 0x0, 0x0, 0x6e, 0x0,
    0x0, 0x6, 0xe0, 0x1b, 0xfc, 0x9e, 0xb, 0xc3,
    0x4d, 0xe2, 0xf3, 0x0, 0x6e, 0x4f, 0x0, 0x6,
    0xe4, 0xf0, 0x0, 0x6e, 0x2f, 0x20, 0x6, 0xe0,
    0xbb, 0x12, 0xce, 0x1, 0xbf, 0xd9, 0xe0, 0x0,
    0x0, 0x0, 0x0, 0x6, 0xc0, 0x0, 0x0, 0x8a,
    0x0, 0x0, 0x9, 0x20, 0x0,

    /* U+1E12 "Ḓ" */
    0xdf, 0xfe, 0xb2, 0x0, 0xd8, 0x23, 0x9f, 0x30,
    0xd7, 0x0, 0x9, 0xc0, 0xd7, 0x0, 0x2, 0xf2,
    0xd7, 0x0, 0x0, 0xf4, 0xd7, 0x0, 0x0, 0xf5,
    0xd7, 0x0, 0x0, 0xf4, 0xd7, 0x0, 0x3, 0xf2,
    0xd7, 0x0, 0xa, 0xc0, 0xd8, 0x23, 0x9f, 0x30,
    0xdf, 0xfe, 0xb3, 0x0, 0x0, 0x1, 0x0, 0x0,
    0x0, 0xbd, 0x20, 0x0, 0x8, 0x83, 0xc0, 0x0,

    /* U+1E13 "ḓ" */
    0x0, 0x0, 0x6, 0xe0, 0x0, 0x0, 0x6e, 0x0,
    0x0, 0x6, 0xe0, 0x1b, 0xfc, 0x9e, 0xb, 0xc3,
    0x4d, 0xe2, 0xf3, 0x0, 0x6e, 0x4f, 0x0, 0x6,
    0xe4, 0xf0, 0x0, 0x6e, 0x2f, 0x20, 0x6, 0xe0,
    0xbb, 0x12, 0xce, 0x1, 0xbf, 0xd9, 0xe0, 0x0,
    0x0, 0x0, 0x0, 0xa, 0xe2, 0x0, 0x8, 0x93,
    0xc0,

    /* U+1E14 "Ḕ" */
    0x2, 0x60, 0x0, 0x0, 0x9, 0x50, 0x0, 0xe,
    0xee, 0xe7, 0x0, 0x11, 0x11, 0x0, 0xdf, 0xff,
    0xff, 0x6d, 0x82, 0x22, 0x21, 0xd7, 0x0, 0x0,
    0xd, 0x70, 0x0, 0x0, 0xd7, 0x0, 0x0, 0xd,
    0xff, 0xff, 0xc0, 0xd8, 0x22, 0x21, 0xd, 0x70,
    0x0, 0x0, 0xd7, 0x0, 0x0, 0xd, 0x82, 0x22,
    0x21, 0xdf, 0xff, 0xff, 0x70,

    /* U+1E15 "ḕ" */
    0x0, 0x73, 0x0, 0x0, 0x6, 0xd0, 0x0, 0x0,
    0x5, 0x30, 0x0, 0x6f, 0xff, 0xf3, 0x0, 0x0,
    0x0, 0x0, 0x0, 0x0, 0x0, 0x0, 0x9f, 0xe8,
    0x0, 0xab, 0x24, 0xe6, 0x2f, 0x10, 0x7, 0xc5,
    0xff, 0xff, 0xfe, 0x5f, 0x22, 0x22, 0x22, 0xf3,
    0x0, 0x0, 0xb, 0xd3, 0x2a, 0x90, 0x1a, 0xff,
    0xa1,

    /* U+1E16 "Ḗ" */
    0x0, 0x4, 0x40, 0x0, 0x1, 0xc1, 0x0, 0xe,
    0xee, 0xe7, 0x0, 0x11, 0x11, 0x0, 0xdf, 0xff,
    0xff, 0x6d, 0x82, 0x22, 0x21, 0xd7, 0x0, 0x0,
    0xd, 0x70, 0x0, 0x0, 0xd7, 0x0, 0x0, 0xd,
    0xff, 0xff, 0xc0, 0xd8, 0x22, 0x21, 0xd, 0x70,
    0x0, 0x0, 0xd7, 0x0, 0x0, 0xd, 0x82, 0x22,
    0x21, 0xdf, 0xff, 0xff, 0x70,

    /* U+1E17 "ḗ" */
    0x0, 0x0, 0x56, 0x0, 0x0, 0x3e, 0x20, 0x0,
    0x5, 0x30, 0x0, 0x6f, 0xff, 0xf3, 0x0, 0x0,
    0x0, 0x0, 0x0, 0x0, 0x0, 0x0, 0x9f, 0xe8,
    0x0, 0xab, 0x24, 0xe6, 0x2f, 0x10, 0x7, 0xc5,
    0xff, 0xff, 0xfe, 0x5f, 0x22, 0x22, 0x22, 0xf3,
    0x0, 0x0, 0xb, 0xd3, 0x2a, 0x90, 0x1a, 0xff,
    0xa1,

    /* U+1E18 "Ḙ" */
    0xdf, 0xff, 0xff, 0x6d, 0x82, 0x22, 0x21, 0xd7,
    0x0, 0x0, 0xd, 0x70, 0x0, 0x0, 0xd7, 0x0,
    0x0, 0xd, 0xff, 0xff, 0xc0, 0xd8, 0x22, 0x21,
    0xd, 0x70, 0x0, 0x0, 0xd7, 0x0, 0x0, 0xd,
    0x82, 0x22, 0x21, 0xdf, 0xff, 0xff, 0x70, 0x0,
    0x10, 0x0, 0x0, 0xbe, 0x20, 0x0, 0x89, 0x3c,
    0x0,

    /* U+1E19 "ḙ" */
    0x0, 0x9f, 0xe8, 0x0, 0xab, 0x24, 0xe6, 0x2f,
    0x10, 0x7, 0xc5, 0xff, 0xff, 0xfe, 0x5f, 0x22,
    0x22, 0x22, 0xf3, 0x0, 0x0, 0xb, 0xd3, 0x2a,
    0x90, 0x1a, 0xff, 0xa1, 0x0, 0x1, 0x10, 0x0,
    0x2, 0xdc, 0x0, 0x0, 0xd4, 0x88, 0x0,

    /* U+1E1A "Ḛ" */
    0xdf, 0xff, 0xff, 0x6d, 0x82, 0x22, 0x21, 0xd7,
    0x0, 0x0, 0xd, 0x70, 0x0, 0x0, 0xd7, 0x0,
    0x0, 0xd, 0xff, 0xff, 0xc0, 0xd8, 0x22, 0x21,
    0xd, 0x70, 0x0, 0x0, 0xd7, 0x0, 0x0, 0xd,
    0x82, 0x22, 0x21, 0xdf, 0xff, 0xff, 0x70, 0x0,
    0x0, 0x0, 0x1c, 0xee, 0xf5, 0x0, 0x11, 0x10,
    0x0,

    /* U+1E1B "ḛ" */
    0x0, 0x9f, 0xe8, 0x0, 0xab, 0x24, 0xe6, 0x2f,
    0x10, 0x7, 0xc5, 0xff, 0xff, 0xfe, 0x5f, 0x22,
    0x22, 0x22, 0xf3, 0x0, 0x0, 0xb, 0xd3, 0x2a,
    0x90, 0x1a, 0xff, 0xa1, 0x0, 0x0, 0x0, 0x0,
    0x4d, 0xee, 0xe1, 0x1, 0x11, 0x10, 0x0,

    /* U+1E1C "Ḝ" */
    0x6, 0x10, 0x61, 0x0, 0x97, 0x1e, 0x10, 0x1,
    0xbd, 0x60, 0xd, 0xff, 0xff, 0xf6, 0xd8, 0x22,
    0x22, 0x1d, 0x70, 0x0, 0x0, 0xd7, 0x0, 0x0,
    0xd, 0x70, 0x0, 0x0, 0xdf, 0xff, 0xfc, 0xd,
    0x82, 0x22, 0x10, 0xd7, 0x0, 0x0, 0xd, 0x70,
    0x0, 0x0, 0xd8, 0x22, 0x22, 0x1d, 0xff, 0xff,
    0xf7, 0x0, 0x4d, 0x30, 0x0, 0x0, 0x6a, 0x0,
    0x0, 0x5d, 0x30, 0x0,

    /* U+1E1D "ḝ" */
    0x1, 0xe1, 0x4c, 0x0, 0x6, 0xdc, 0x30, 0x0,
    0x0, 0x0, 0x0, 0x9, 0xfe, 0x80, 0xa, 0xb2,
    0x4e, 0x62, 0xf1, 0x0, 0x7c, 0x5f, 0xff, 0xff,
    0xe5, 0xf2, 0x22, 0x22, 0x2f, 0x30, 0x0, 0x0,
    0xbd, 0x32, 0xa9, 0x1, 0xaf, 0xfa, 0x10, 0x0,
    0x9b, 0x0, 0x0, 0x0, 0xc4, 0x0, 0x0, 0xab,
    0x0,

    /* U+1E1E "Ḟ" */
    0x0, 0x5c, 0x0, 0x0, 0x2, 0x60, 0x0, 0xdf,
    0xff, 0xff, 0x5d, 0x82, 0x22, 0x20, 0xd7, 0x0,
    0x0, 0xd, 0x70, 0x0, 0x0, 0xd7, 0x0, 0x0,
    0xd, 0xff, 0xff, 0x90, 0xd8, 0x22, 0x21, 0xd,
    0x70, 0x0, 0x0, 0xd7, 0x0, 0x0, 0xd, 0x70,
    0x0, 0x0, 0xd7, 0x0, 0x0, 0x0,

    /* U+1E1F "ḟ" */
    0x0, 0x2e, 0x10, 0x0, 0x60, 0x0, 0x0, 0x0,
    0x8, 0xec, 0x4, 0xf5, 0x20, 0x6d, 0x0, 0x9f,
    0xff, 0x60, 0x7d, 0x0, 0x6, 0xd0, 0x0, 0x6d,
    0x0, 0x6, 0xd0, 0x0, 0x6d, 0x0, 0x6, 0xd0,
    0x0, 0x6d, 0x0,

    /* U+1E20 "Ḡ" */
    0x0, 0x9e, 0xee, 0xd0, 0x0, 0x1, 0x11, 0x11,
    0x0, 0x0, 0x4c, 0xfe, 0x91, 0x0, 0x3f, 0x93,
    0x4c, 0xb0, 0xb, 0xa0, 0x0, 0x2f, 0x30, 0xf5,
    0x0, 0x0, 0x73, 0x2f, 0x30, 0x0, 0x0, 0x2,
    0xf2, 0x0, 0x0, 0x0, 0x1f, 0x30, 0x1f, 0xff,
    0x70, 0xf6, 0x0, 0x22, 0xd8, 0xa, 0xc0, 0x0,
    0xc, 0x80, 0x2f, 0xa3, 0x36, 0xf6, 0x0, 0x2b,
    0xef, 0xc6, 0x0,

    /* U+1E21 "ḡ" */
    0x7, 0xff, 0xff, 0x20, 0x0, 0x0, 0x0, 0x0,
    0x0, 0x0, 0x0, 0x1b, 0xfd, 0x8e, 0xb, 0xc3,
    0x4d, 0xe2, 0xf2, 0x0, 0x6e, 0x4f, 0x0, 0x5,
    0xe4, 0xf0, 0x0, 0x5e, 0x2f, 0x20, 0x6, 0xe0,
    0xbc, 0x34, 0xde, 0x1, 0xbf, 0xc9, 0xe0, 0x0,
    0x0, 0x7c, 0xb, 0x72, 0x4e, 0x60, 0x3b, 0xfe,
    0x70,

    /* U+1E22 "Ḣ" */
    0x0, 0xb, 0x70, 0x0, 0x0, 0x5, 0x30, 0x0,
    0xd7, 0x0, 0x0, 0x8d, 0xd7, 0x0, 0x0, 0x8d,
    0xd7, 0x0, 0x0, 0x8d, 0xd7, 0x0, 0x0, 0x8d,
    0xd7, 0x0, 0x0, 0x8d, 0xdf, 0xff, 0xff, 0xfd,
    0xd8, 0x22, 0x22, 0x9d, 0xd7, 0x0, 0x0, 0x8d,
    0xd7, 0x0, 0x0, 0x8d, 0xd7, 0x0, 0x0, 0x8d,
    0xd7, 0x0, 0x0, 0x8d,

    /* U+1E23 "ḣ" */
    0x0, 0x3e, 0x10, 0x0, 0x1, 0x60, 0x0, 0xf,
    0x30, 0x0, 0x0, 0xf3, 0x0, 0x0, 0xf, 0x30,
    0x0, 0x0, 0xf7, 0xdf, 0xb1, 0xf, 0xd4, 0x3e,
    0x80, 0xf4, 0x0, 0x8b, 0xf, 0x30, 0x7, 0xc0,
    0xf3, 0x0, 0x7c, 0xf, 0x30, 0x7, 0xc0, 0xf3,
    0x0, 0x7c, 0xf, 0x30, 0x7, 0xc0,

    /* U+1E24 "Ḥ" */
    0xd7, 0x0, 0x0, 0x8d, 0xd7, 0x0, 0x0, 0x8d,
    0xd7, 0x0, 0x0, 0x8d, 0xd7, 0x0, 0x0, 0x8d,
    0xd7, 0x0, 0x0, 0x8d, 0xdf, 0xff, 0xff, 0xfd,
    0xd8, 0x22, 0x22, 0x9d, 0xd7, 0x0, 0x0, 0x8d,
    0xd7, 0x0, 0x0, 0x8d, 0xd7, 0x0, 0x0, 0x8d,
    0xd7, 0x0, 0x0, 0x8d, 0x0, 0x0, 0x0, 0x0,
    0x0, 0xb, 0x60, 0x0, 0x0, 0x5, 0x20, 0x0,

    /* U+1E25 "ḥ" */
    0xf, 0x30, 0x0, 0x0, 0xf3, 0x0, 0x0, 0xf,
    0x30, 0x0, 0x0, 0xf7, 0xdf, 0xb1, 0xf, 0xd4,
    0x3e, 0x80, 0xf4, 0x0, 0x8b, 0xf, 0x30, 0x7,
    0xc0, 0xf3, 0x0, 0x7c, 0xf, 0x30, 0x7, 0xc0,
    0xf3, 0x0, 0x7c, 0xf, 0x30, 0x7, 0xc0, 0x0,
    0x0, 0x0, 0x0, 0x9, 0x80, 0x0, 0x0, 0x43,
    0x0,

    /* U+1E26 "Ḧ" */
    0x3, 0xe0, 0x3d, 0x0, 0x1, 0x60, 0x16, 0x0,
    0xd7, 0x0, 0x0, 0x8d, 0xd7, 0x0, 0x0, 0x8d,
    0xd7, 0x0, 0x0, 0x8d, 0xd7, 0x0, 0x0, 0x8d,
    0xd7, 0x0, 0x0, 0x8d, 0xdf, 0xff, 0xff, 0xfd,
    0xd8, 0x22, 0x22, 0x9d, 0xd7, 0x0, 0x0, 0x8d,
    0xd7, 0x0, 0x0, 0x8d, 0xd7, 0x0, 0x0, 0x8d,
    0xd7, 0x0, 0x0, 0x8d,

    /* U+1E27 "ḧ" */
    0x9, 0x80, 0xa7, 0x0, 0x43, 0x4, 0x30, 0xf,
    0x30, 0x0, 0x0, 0xf3, 0x0, 0x0, 0xf, 0x30,
    0x0, 0x0, 0xf7, 0xdf, 0xb1, 0xf, 0xd4, 0x3e,
    0x80, 0xf4, 0x0, 0x8b, 0xf, 0x30, 0x7, 0xc0,
    0xf3, 0x0, 0x7c, 0xf, 0x30, 0x7, 0xc0, 0xf3,
    0x0, 0x7c, 0xf, 0x30, 0x7, 0xc0,

    /* U+1E28 "Ḩ" */
    0xd7, 0x0, 0x0, 0x8d, 0xd7, 0x0, 0x0, 0x8d,
    0xd7, 0x0, 0x0, 0x8d, 0xd7, 0x0, 0x0, 0x8d,
    0xd7, 0x0, 0x0, 0x8d, 0xdf, 0xff, 0xff, 0xfd,
    0xd8, 0x22, 0x22, 0x9d, 0xd7, 0x0, 0x0, 0x8d,
    0xd7, 0x0, 0x0, 0x8d, 0xd7, 0x0, 0x0, 0x8d,
    0xd7, 0x0, 0x0, 0x8d, 0xb9, 0x0, 0x0, 0x0,
    0xd, 0x30, 0x0, 0x0, 0xba, 0x0, 0x0, 0x0,

    /* U+1E29 "ḩ" */
    0xf, 0x30, 0x0, 0x0, 0xf3, 0x0, 0x0, 0xf,
    0x30, 0x0, 0x0, 0xf7, 0xdf, 0xb1, 0xf, 0xd4,
    0x3e, 0x80, 0xf4, 0x0, 0x8b, 0xf, 0x30, 0x7,
    0xc0, 0xf3, 0x0, 0x7c, 0xf, 0x30, 0x7, 0xc0,
    0xf3, 0x0, 0x7c, 0xf, 0x30, 0x7, 0xc0, 0xe6,
    0x0, 0x0, 0x1, 0xf0, 0x0, 0x1, 0xd8, 0x0,
    0x0,

    /* U+1E2A "Ḫ" */
    0xd7, 0x0, 0x0, 0x8d, 0xd7, 0x0, 0x0, 0x8d,
    0xd7, 0x0, 0x0, 0x8d, 0xd7, 0x0, 0x0, 0x8d,
    0xd7, 0x0, 0x0, 0x8d, 0xdf, 0xff, 0xff, 0xfd,
    0xd8, 0x22, 0x22, 0x9d, 0xd7, 0x0, 0x0, 0x8d,
    0xd7, 0x0, 0x0, 0x8d, 0xd7, 0x0, 0x0, 0x8d,
    0xd7, 0x0, 0x0, 0x8d, 0x0, 0x30, 0x3, 0x0,
    0x0, 0xf1, 0x4c, 0x0, 0x0, 0x5d, 0xc3, 0x0,

    /* U+1E2B "ḫ" */
    0xf, 0x30, 0x0, 0x0, 0xf3, 0x0, 0x0, 0xf,
    0x30, 0x0, 0x0, 0xf7, 0xdf, 0xb1, 0xf, 0xd4,
    0x3e, 0x80, 0xf4, 0x0, 0x8b, 0xf, 0x30, 0x7,
    0xc0, 0xf3, 0x0, 0x7c, 0xf, 0x30, 0x7, 0xc0,
    0xf3, 0x0, 0x7c, 0xf, 0x30, 0x7, 0xc0, 0x3,
    0x0, 0x30, 0x0, 0xe3, 0x2e, 0x0, 0x4, 0xcd,
    0x40,

    /* U+1E2C "Ḭ" */
    0x1, 0xf3, 0x0, 0x1f, 0x30, 0x1, 0xf3, 0x0,
    0x1f, 0x30, 0x1, 0xf3, 0x0, 0x1f, 0x30, 0x1,
    0xf3, 0x0, 0x1f, 0x30, 0x1, 0xf3, 0x0, 0x1f,
    0x30, 0x1, 0xf3, 0x0, 0x0, 0x0, 0x8e, 0xee,
    0xa1, 0x11, 0x10,

    /* U+1E2D "ḭ" */
    0x1, 0xe2, 0x0, 0x7, 0x0, 0x0, 0x0, 0x0,
    0x2f, 0x20, 0x2, 0xf2, 0x0, 0x2f, 0x20, 0x2,
    0xf2, 0x0, 0x2f, 0x20, 0x2, 0xf2, 0x0, 0x2f,
    0x20, 0x2, 0xf2, 0x0, 0x0, 0x0, 0x8e, 0xef,
    0xa1, 0x11, 0x10,

    /* U+1E2E "Ḯ" */
    0x0, 0x2, 0x0, 0x8, 0x70, 0xb7, 0x68, 0xa4,
    0x30, 0x34, 0x3, 0xf2, 0x0, 0x3f, 0x20, 0x3,
    0xf2, 0x0, 0x3f, 0x20, 0x3, 0xf2, 0x0, 0x3f,
    0x20, 0x3, 0xf2, 0x0, 0x3f, 0x20, 0x3, 0xf2,
    0x0, 0x3f, 0x20, 0x3, 0xf2, 0x0,

    /* U+1E2F "ḯ" */
    0x0, 0x6e, 0x10, 0x2d, 0x20, 0xc6, 0xc, 0x55,
    0x20, 0x52, 0x0, 0x0, 0x0, 0x6e, 0x0, 0x6,
    0xe0, 0x0, 0x6e, 0x0, 0x6, 0xe0, 0x0, 0x6e,
    0x0, 0x6, 0xe0, 0x0, 0x6e, 0x0, 0x6, 0xe0,
    0x0,

    /* U+1E30 "Ḱ" */
    0x0, 0x3, 0x70, 0x0, 0x0, 0xc, 0x80, 0x0,
    0x0, 0x4c, 0x0, 0x0, 0xd7, 0x0, 0x8, 0xe2,
    0xd7, 0x0, 0x5f, 0x40, 0xd7, 0x2, 0xf7, 0x0,
    0xd7, 0x1e, 0xa0, 0x0, 0xd7, 0xcd, 0x0, 0x0,
    0xde, 0xfe, 0x10, 0x0, 0xdf, 0x4d, 0xa0, 0x0,
    0xd8, 0x3, 0xf6, 0x0, 0xd7, 0x0, 0x8f, 0x10,
    0xd7, 0x0, 0xc, 0xb0, 0xd7, 0x0, 0x2, 0xf7,

    /* U+1E31 "ḱ" */
    0x0, 0x0, 0x65, 0x0, 0x0, 0x4, 0xe1, 0x0,
    0x0, 0x6, 0x20, 0x0, 0xf, 0x30, 0x0, 0x0,
    0xf, 0x30, 0x0, 0x0, 0xf, 0x30, 0x0, 0x0,
    0xf, 0x30, 0x4f, 0x50, 0xf, 0x32, 0xe7, 0x0,
    0xf, 0x5e, 0x90, 0x0, 0xf, 0xef, 0x10, 0x0,
    0xf, 0xcd, 0xa0, 0x0, 0xf, 0x32, 0xf5, 0x0,
    0xf, 0x30, 0x7e, 0x10, 0xf, 0x30, 0xb, 0xb0,

    /* U+1E32 "Ḳ" */
    0xd7, 0x0, 0x8, 0xe2, 0xd7, 0x0, 0x5f, 0x40,
    0xd7, 0x2, 0xf7, 0x0, 0xd7, 0x1e, 0xa0, 0x0,
    0xd7, 0xcd, 0x0, 0x0, 0xde, 0xfe, 0x10, 0x0,
    0xdf, 0x4d, 0xa0, 0x0, 0xd8, 0x3, 0xf6, 0x0,
    0xd7, 0x0, 0x8f, 0x10, 0xd7, 0x0, 0xc, 0xb0,
    0xd7, 0x0, 0x2, 0xf7, 0x0, 0x6, 0x0, 0x0,
    0x0, 0x2e, 0x10, 0x0,

    /* U+1E33 "ḳ" */
    0xf, 0x30, 0x0, 0x0, 0xf, 0x30, 0x0, 0x0,
    0xf, 0x30, 0x0, 0x0, 0xf, 0x30, 0x4f, 0x50,
    0xf, 0x32, 0xe7, 0x0, 0xf, 0x5e, 0x90, 0x0,
    0xf, 0xef, 0x10, 0x0, 0xf, 0xcd, 0xa0, 0x0,
    0xf, 0x32, 0xf5, 0x0, 0xf, 0x30, 0x7e, 0x10,
    0xf, 0x30, 0xb, 0xb0, 0x0, 0x6, 0x0, 0x0,
    0x0, 0x1e, 0x30, 0x0,

    /* U+1E34 "Ḵ" */
    0xd7, 0x0, 0x8, 0xe2, 0xd7, 0x0, 0x5f, 0x40,
    0xd7, 0x2, 0xf7, 0x0, 0xd7, 0x1e, 0xa0, 0x0,
    0xd7, 0xcd, 0x0, 0x0, 0xde, 0xfe, 0x10, 0x0,
    0xdf, 0x4d, 0xa0, 0x0, 0xd8, 0x3, 0xf6, 0x0,
    0xd7, 0x0, 0x8f, 0x10, 0xd7, 0x0, 0xc, 0xb0,
    0xd7, 0x0, 0x2, 0xf7, 0xd, 0xee, 0xee, 0x0,
    0x1, 0x11, 0x11, 0x0,

    /* U+1E35 "ḵ" */
    0xf, 0x30, 0x0, 0x0, 0xf, 0x30, 0x0, 0x0,
    0xf, 0x30, 0x0, 0x0, 0xf, 0x30, 0x4f, 0x50,
    0xf, 0x32, 0xe7, 0x0, 0xf, 0x5e, 0x90, 0x0,
    0xf, 0xef, 0x10, 0x0, 0xf, 0xcd, 0xa0, 0x0,
    0xf, 0x32, 0xf5, 0x0, 0xf, 0x30, 0x7e, 0x10,
    0xf, 0x30, 0xb, 0xb0, 0x0, 0x0, 0x0, 0x0,
    0xc, 0xee, 0xee, 0x0, 0x1, 0x11, 0x11, 0x0,

    /* U+1E36 "Ḷ" */
    0xd7, 0x0, 0x0, 0xd, 0x70, 0x0, 0x0, 0xd7,
    0x0, 0x0, 0xd, 0x70, 0x0, 0x0, 0xd7, 0x0,
    0x0, 0xd, 0x70, 0x0, 0x0, 0xd7, 0x0, 0x0,
    0xd, 0x70, 0x0, 0x0, 0xd7, 0x0, 0x0, 0xd,
    0x82, 0x22, 0x20, 0xdf, 0xff, 0xff, 0x30, 0x0,
    0x0, 0x0, 0x0, 0x6c, 0x0, 0x0, 0x2, 0x50,
    0x0,

    /* U+1E37 "ḷ" */
    0xf, 0x50, 0xf5, 0xf, 0x50, 0xf5, 0xf, 0x50,
    0xf5, 0xf, 0x50, 0xf5, 0xf, 0x50, 0xf5, 0xf,
    0x50, 0x0, 0xd, 0x40, 0x61,

    /* U+1E38 "Ḹ" */
    0x6e, 0xee, 0xe2, 0x0, 0x0, 0x11, 0x11, 0x0,
    0x0, 0x0, 0xd7, 0x0, 0x0, 0x0, 0xd, 0x70,
    0x0, 0x0, 0x0, 0xd7, 0x0, 0x0, 0x0, 0xd,
    0x70, 0x0, 0x0, 0x0, 0xd7, 0x0, 0x0, 0x0,
    0xd, 0x70, 0x0, 0x0, 0x0, 0xd7, 0x0, 0x0,
    0x0, 0xd, 0x70, 0x0, 0x0, 0x0, 0xd7, 0x0,
    0x0, 0x0, 0xd, 0x82, 0x22, 0x20, 0x0, 0xdf,
    0xff, 0xff, 0x30, 0x0, 0x0, 0x0, 0x0, 0x0,
    0x0, 0x6c, 0x0, 0x0, 0x0, 0x2, 0x50, 0x0,

    /* U+1E39 "ḹ" */
    0x8e, 0xee, 0xe0, 0x1, 0x11, 0x10, 0x0, 0x0,
    0x0, 0x0, 0xf5, 0x0, 0x0, 0xf5, 0x0, 0x0,
    0xf5, 0x0, 0x0, 0xf5, 0x0, 0x0, 0xf5, 0x0,
    0x0, 0xf5, 0x0, 0x0, 0xf5, 0x0, 0x0, 0xf5,
    0x0, 0x0, 0xf5, 0x0, 0x0, 0xf5, 0x0, 0x0,
    0xf5, 0x0, 0x0, 0x0, 0x0, 0x0, 0xd4, 0x0,
    0x0, 0x61, 0x0,

    /* U+1E3A "Ḻ" */
    0xd7, 0x0, 0x0, 0xd, 0x70, 0x0, 0x0, 0xd7,
    0x0, 0x0, 0xd, 0x70, 0x0, 0x0, 0xd7, 0x0,
    0x0, 0xd, 0x70, 0x0, 0x0, 0xd7, 0x0, 0x0,
    0xd, 0x70, 0x0, 0x0, 0xd7, 0x0, 0x0, 0xd,
    0x82, 0x22, 0x20, 0xdf, 0xff, 0xff, 0x30, 0x0,
    0x0, 0x0, 0x2e, 0xee, 0xe9, 0x0, 0x11, 0x11,
    0x10,

    /* U+1E3B "ḻ" */
    0x0, 0xf5, 0x0, 0x0, 0xf5, 0x0, 0x0, 0xf5,
    0x0, 0x0, 0xf5, 0x0, 0x0, 0xf5, 0x0, 0x0,
    0xf5, 0x0, 0x0, 0xf5, 0x0, 0x0, 0xf5, 0x0,
    0x0, 0xf5, 0x0, 0x0, 0xf5, 0x0, 0x0, 0xf5,
    0x0, 0x0, 0x0, 0x0, 0xae, 0xee, 0xe2, 0x11,
    0x11, 0x10,

    /* U+1E3C "Ḽ" */
    0xd7, 0x0, 0x0, 0xd, 0x70, 0x0, 0x0, 0xd7,
    0x0, 0x0, 0xd, 0x70, 0x0, 0x0, 0xd7, 0x0,
    0x0, 0xd, 0x70, 0x0, 0x0, 0xd7, 0x0, 0x0,
    0xd, 0x70, 0x0, 0x0, 0xd7, 0x0, 0x0, 0xd,
    0x82, 0x22, 0x20, 0xdf, 0xff, 0xff, 0x30, 0x0,
    0x10, 0x0, 0x0, 0xbe, 0x20, 0x0, 0x89, 0x3c,
    0x0,

    /* U+1E3D "ḽ" */
    0x0, 0xf5, 0x0, 0xf, 0x50, 0x0, 0xf5, 0x0,
    0xf, 0x50, 0x0, 0xf5, 0x0, 0xf, 0x50, 0x0,
    0xf5, 0x0, 0xf, 0x50, 0x0, 0xf5, 0x0, 0xf,
    0x50, 0x0, 0xf5, 0x0, 0x1, 0x0, 0x3, 0xe9,
    0x1, 0xd2, 0xa5,

    /* U+1E3E "Ḿ" */
    0x0, 0x0, 0x3, 0x70, 0x0, 0x0, 0x0, 0x0,
    0xe5, 0x0, 0x0, 0x0, 0x0, 0x35, 0x0, 0x0,
    0xd, 0xf0, 0x0, 0x0, 0xd, 0xf1, 0xdf, 0x60,
    0x0, 0x2, 0xff, 0x1d, 0xdc, 0x0, 0x0, 0x8d,
    0xf1, 0xd8, 0xf1, 0x0, 0xe, 0x8f, 0x1d, 0x6c,
    0x70, 0x4, 0xf3, 0xf1, 0xd6, 0x6d, 0x0, 0xaa,
    0x3f, 0x1d, 0x71, 0xf3, 0xf, 0x43, 0xf1, 0xd7,
    0xb, 0x95, 0xe0, 0x4f, 0x1d, 0x70, 0x5e, 0xb8,
    0x4, 0xf1, 0xd7, 0x0, 0xef, 0x20, 0x4f, 0x1d,
    0x70, 0x9, 0xc0, 0x4, 0xf1,

    /* U+1E3F "ḿ" */
    0x0, 0x0, 0x0, 0x7d, 0x10, 0x0, 0x0, 0x0,
    0x2, 0xd2, 0x0, 0x0, 0x0, 0x0, 0x0, 0x0,
    0x0, 0x0, 0xf, 0x7d, 0xfb, 0x19, 0xfe, 0x60,
    0xf, 0xc3, 0x4e, 0xf8, 0x28, 0xf1, 0xf, 0x30,
    0x8, 0xd0, 0x0, 0xf4, 0xf, 0x30, 0x8, 0xc0,
    0x0, 0xf5, 0xf, 0x30, 0x8, 0xc0, 0x0, 0xf5,
    0xf, 0x30, 0x8, 0xc0, 0x0, 0xf5, 0xf, 0x30,
    0x8, 0xc0, 0x0, 0xf5, 0xf, 0x30, 0x8, 0xc0,
    0x0, 0xf5,

    /* U+1E40 "Ṁ" */
    0x0, 0x0, 0x7a, 0x0, 0x0, 0x0, 0x0, 0x3,
    0x40, 0x0, 0x0, 0xdf, 0x0, 0x0, 0x0, 0xdf,
    0x1d, 0xf6, 0x0, 0x0, 0x2f, 0xf1, 0xdd, 0xc0,
    0x0, 0x8, 0xdf, 0x1d, 0x8f, 0x10, 0x0, 0xe8,
    0xf1, 0xd6, 0xc7, 0x0, 0x4f, 0x3f, 0x1d, 0x66,
    0xd0, 0xa, 0xa3, 0xf1, 0xd7, 0x1f, 0x30, 0xf4,
    0x3f, 0x1d, 0x70, 0xb9, 0x5e, 0x4, 0xf1, 0xd7,
    0x5, 0xeb, 0x80, 0x4f, 0x1d, 0x70, 0xe, 0xf2,
    0x4, 0xf1, 0xd7, 0x0, 0x9c, 0x0, 0x4f, 0x10,

    /* U+1E41 "ṁ" */
    0x0, 0x0, 0x5, 0xc0, 0x0, 0x0, 0x0, 0x0,
    0x2, 0x50, 0x0, 0x0, 0x0, 0x0, 0x0, 0x0,
    0x0, 0x0, 0xf, 0x7d, 0xfb, 0x19, 0xfe, 0x60,
    0xf, 0xc3, 0x4e, 0xf8, 0x28, 0xf1, 0xf, 0x30,
    0x8, 0xd0, 0x0, 0xf4, 0xf, 0x30, 0x8, 0xc0,
    0x0, 0xf5, 0xf, 0x30, 0x8, 0xc0, 0x0, 0xf5,
    0xf, 0x30, 0x8, 0xc0, 0x0, 0xf5, 0xf, 0x30,
    0x8, 0xc0, 0x0, 0xf5, 0xf, 0x30, 0x8, 0xc0,
    0x0, 0xf5,

    /* U+1E42 "Ṃ" */
    0xdf, 0x0, 0x0, 0x0, 0xdf, 0x1d, 0xf6, 0x0,
    0x0, 0x2f, 0xf1, 0xdd, 0xc0, 0x0, 0x8, 0xdf,
    0x1d, 0x8f, 0x10, 0x0, 0xe8, 0xf1, 0xd6, 0xc7,
    0x0, 0x4f, 0x3f, 0x1d, 0x66, 0xd0, 0xa, 0xa3,
    0xf1, 0xd7, 0x1f, 0x30, 0xf4, 0x3f, 0x1d, 0x70,
    0xb9, 0x5e, 0x4, 0xf1, 0xd7, 0x5, 0xeb, 0x80,
    0x4f, 0x1d, 0x70, 0xe, 0xf2, 0x4, 0xf1, 0xd7,
    0x0, 0x9c, 0x0, 0x4f, 0x10, 0x0, 0x0, 0x0,
    0x0, 0x0, 0x0, 0x0, 0x8a, 0x0, 0x0, 0x0,
    0x0, 0x3, 0x40, 0x0, 0x0,

    /* U+1E43 "ṃ" */
    0xf, 0x7d, 0xfb, 0x19, 0xfe, 0x60, 0xf, 0xc3,
    0x4e, 0xf8, 0x28, 0xf1, 0xf, 0x30, 0x8, 0xd0,
    0x0, 0xf4, 0xf, 0x30, 0x8, 0xc0, 0x0, 0xf5,
    0xf, 0x30, 0x8, 0xc0, 0x0, 0xf5, 0xf, 0x30,
    0x8, 0xc0, 0x0, 0xf5, 0xf, 0x30, 0x8, 0xc0,
    0x0, 0xf5, 0xf, 0x30, 0x8, 0xc0, 0x0, 0xf5,
    0x0, 0x0, 0x0, 0x0, 0x0, 0x0, 0x0, 0x0,
    0x7, 0xa0, 0x0, 0x0, 0x0, 0x0, 0x3, 0x40,
    0x0, 0x0,

    /* U+1E44 "Ṅ" */
    0x0, 0x9, 0x80, 0x0, 0x0, 0x4, 0x30, 0x0,
    0xdc, 0x0, 0x0, 0x8d, 0xdf, 0x50, 0x0, 0x8d,
    0xde, 0xe0, 0x0, 0x8d, 0xd8, 0xe8, 0x0, 0x8d,
    0xd7, 0x5f, 0x20, 0x8d, 0xd7, 0xc, 0xb0, 0x8d,
    0xd7, 0x3, 0xf4, 0x8d, 0xd7, 0x0, 0x9d, 0x8d,
    0xd7, 0x0, 0x1e, 0xed, 0xd7, 0x0, 0x6, 0xfd,
    0xd7, 0x0, 0x0, 0xcd,

    /* U+1E45 "ṅ" */
    0x0, 0xa, 0x70, 0x0, 0x0, 0x43, 0x0, 0x0,
    0x0, 0x0, 0x0, 0xf6, 0xdf, 0xb1, 0xf, 0xd4,
    0x3e, 0x80, 0xf4, 0x0, 0x8b, 0xf, 0x30, 0x7,
    0xc0, 0xf3, 0x0, 0x7c, 0xf, 0x30, 0x7, 0xc0,
    0xf3, 0x0, 0x7c, 0xf, 0x30, 0x7, 0xc0,

    /* U+1E46 "Ṇ" */
    0xdc, 0x0, 0x0, 0x8d, 0xdf, 0x50, 0x0, 0x8d,
    0xde, 0xe0, 0x0, 0x8d, 0xd8, 0xe8, 0x0, 0x8d,
    0xd7, 0x5f, 0x20, 0x8d, 0xd7, 0xc, 0xb0, 0x8d,
    0xd7, 0x3, 0xf4, 0x8d, 0xd7, 0x0, 0x9d, 0x8d,
    0xd7, 0x0, 0x1e, 0xed, 0xd7, 0x0, 0x6, 0xfd,
    0xd7, 0x0, 0x0, 0xcd, 0x0, 0x0, 0x0, 0x0,
    0x0, 0xb, 0x70, 0x0, 0x0, 0x5, 0x30, 0x0,

    /* U+1E47 "ṇ" */
    0xf, 0x6d, 0xfb, 0x10, 0xfd, 0x43, 0xe8, 0xf,
    0x40, 0x8, 0xb0, 0xf3, 0x0, 0x7c, 0xf, 0x30,
    0x7, 0xc0, 0xf3, 0x0, 0x7c, 0xf, 0x30, 0x7,
    0xc0, 0xf3, 0x0, 0x7c, 0x0, 0x0, 0x0, 0x0,
    0x0, 0xc6, 0x0, 0x0, 0x5, 0x20, 0x0,

    /* U+1E48 "Ṉ" */
    0xdc, 0x0, 0x0, 0x8d, 0xdf, 0x50, 0x0, 0x8d,
    0xde, 0xe0, 0x0, 0x8d, 0xd8, 0xe8, 0x0, 0x8d,
    0xd7, 0x5f, 0x20, 0x8d, 0xd7, 0xc, 0xb0, 0x8d,
    0xd7, 0x3, 0xf4, 0x8d, 0xd7, 0x0, 0x9d, 0x8d,
    0xd7, 0x0, 0x1e, 0xed, 0xd7, 0x0, 0x6, 0xfd,
    0xd7, 0x0, 0x0, 0xcd, 0x0, 0x0, 0x0, 0x0,
    0x7, 0xee, 0xee, 0x50, 0x0, 0x11, 0x11, 0x0,

    /* U+1E49 "ṉ" */
    0xf, 0x6d, 0xfb, 0x10, 0xfd, 0x43, 0xe8, 0xf,
    0x40, 0x8, 0xb0, 0xf3, 0x0, 0x7c, 0xf, 0x30,
    0x7, 0xc0, 0xf3, 0x0, 0x7c, 0xf, 0x30, 0x7,
    0xc0, 0xf3, 0x0, 0x7c, 0x0, 0x0, 0x0, 0x0,
    0x8e, 0xee, 0xe4, 0x1, 0x11, 0x11, 0x0,

    /* U+1E4A "Ṋ" */
    0xdc, 0x0, 0x0, 0x8d, 0xdf, 0x50, 0x0, 0x8d,
    0xde, 0xe0, 0x0, 0x8d, 0xd8, 0xe8, 0x0, 0x8d,
    0xd7, 0x5f, 0x20, 0x8d, 0xd7, 0xc, 0xb0, 0x8d,
    0xd7, 0x3, 0xf4, 0x8d, 0xd7, 0x0, 0x9d, 0x8d,
    0xd7, 0x0, 0x1e, 0xed, 0xd7, 0x0, 0x6, 0xfd,
    0xd7, 0x0, 0x0, 0xcd, 0x0, 0x1, 0x0, 0x0,
    0x0, 0x1d, 0xc0, 0x0, 0x0, 0xc4, 0x79, 0x0,

    /* U+1E4B "ṋ" */
    0xf, 0x6d, 0xfb, 0x10, 0xfd, 0x43, 0xe8, 0xf,
    0x40, 0x8, 0xb0, 0xf3, 0x0, 0x7c, 0xf, 0x30,
    0x7, 0xc0, 0xf3, 0x0, 0x7c, 0xf, 0x30, 0x7,
    0xc0, 0xf3, 0x0, 0x7c, 0x0, 0x1, 0x0, 0x0,
    0x2, 0xdb, 0x0, 0x0, 0xd3, 0x88, 0x0,

    /* U+1E4C "Ṍ" */
    0x0, 0x0, 0x1e, 0x10, 0x0, 0x0, 0x7, 0x60,
    0x0, 0x0, 0x8, 0xa0, 0x80, 0x0, 0x0, 0x83,
    0xc4, 0x0, 0x0, 0x3b, 0xfe, 0x90, 0x0, 0x2f,
    0x93, 0x5d, 0xb0, 0xa, 0xb0, 0x0, 0x1f, 0x40,
    0xf5, 0x0, 0x0, 0xb9, 0x2f, 0x20, 0x0, 0x9,
    0xc2, 0xf1, 0x0, 0x0, 0x8c, 0x2f, 0x20, 0x0,
    0x9, 0xc0, 0xf5, 0x0, 0x0, 0xb9, 0xa, 0xb0,
    0x0, 0x1f, 0x50, 0x2f, 0x93, 0x5d, 0xc0, 0x0,
    0x3b, 0xfe, 0x90, 0x0,

    /* U+1E4D "ṍ" */
    0x0, 0x0, 0x46, 0x0, 0x0, 0x2, 0xe3, 0x0,
    0x0, 0x4, 0x31, 0x0, 0x1, 0xdc, 0x1a, 0x40,
    0x6, 0x94, 0xed, 0x0, 0x0, 0x0, 0x0, 0x0,
    0x0, 0x9e, 0xf9, 0x0, 0xb, 0xc3, 0x3d, 0xa0,
    0x2f, 0x20, 0x3, 0xf1, 0x5f, 0x0, 0x0, 0xf4,
    0x4f, 0x0, 0x0, 0xf5, 0x2f, 0x20, 0x3, 0xf2,
    0xa, 0xc3, 0x3d, 0xa0, 0x0, 0xaf, 0xe9, 0x0,

    /* U+1E4E "Ṏ" */
    0x0, 0x5d, 0x3, 0xe1, 0x0, 0x2, 0x50, 0x16,
    0x0, 0x0, 0x8, 0xa0, 0x80, 0x0, 0x0, 0x83,
    0xc4, 0x0, 0x0, 0x3b, 0xfe, 0x90, 0x0, 0x2f,
    0x93, 0x5d, 0xb0, 0xa, 0xb0, 0x0, 0x1f, 0x40,
    0xf5, 0x0, 0x0, 0xb9, 0x2f, 0x20, 0x0, 0x9,
    0xc2, 0xf1, 0x0, 0x0, 0x8c, 0x2f, 0x20, 0x0,
    0x9, 0xc0, 0xf5, 0x0, 0x0, 0xb9, 0xa, 0xb0,
    0x0, 0x1f, 0x50, 0x2f, 0x93, 0x5d, 0xc0, 0x0,
    0x3b, 0xfe, 0x90, 0x0,

    /* U+1E4F "ṏ" */
    0x2, 0xe1, 0x3e, 0x10, 0x0, 0x70, 0x17, 0x0,
    0x1, 0xdc, 0x1a, 0x40, 0x6, 0x94, 0xed, 0x0,
    0x0, 0x0, 0x0, 0x0, 0x0, 0x9e, 0xf9, 0x0,
    0xb, 0xc3, 0x3d, 0xa0, 0x2f, 0x20, 0x3, 0xf1,
    0x5f, 0x0, 0x0, 0xf4, 0x4f, 0x0, 0x0, 0xf5,
    0x2f, 0x20, 0x3, 0xf2, 0xa, 0xc3, 0x3d, 0xa0,
    0x0, 0xaf, 0xe9, 0x0,

    /* U+1E50 "Ṑ" */
    0x0, 0x5, 0x30, 0x0, 0x0, 0x0, 0x1c, 0x0,
    0x0, 0x0, 0x6e, 0xee, 0xe1, 0x0, 0x0, 0x11,
    0x11, 0x0, 0x0, 0x3b, 0xfe, 0x90, 0x0, 0x2f,
    0x93, 0x5d, 0xb0, 0xa, 0xb0, 0x0, 0x1f, 0x40,
    0xf5, 0x0, 0x0, 0xb9, 0x2f, 0x20, 0x0, 0x9,
    0xc2, 0xf1, 0x0, 0x0, 0x8c, 0x2f, 0x20, 0x0,
    0x9, 0xc0, 0xf5, 0x0, 0x0, 0xb9, 0xa, 0xb0,
    0x0, 0x1f, 0x50, 0x2f, 0x93, 0x5d, 0xc0, 0x0,
    0x3b, 0xfe, 0x90, 0x0,

    /* U+1E51 "ṑ" */
    0x0, 0x73, 0x0, 0x0, 0x0, 0x5e, 0x10, 0x0,
    0x0, 0x5, 0x30, 0x0, 0x5, 0xff, 0xff, 0x40,
    0x0, 0x0, 0x0, 0x0, 0x0, 0x0, 0x0, 0x0,
    0x0, 0x9e, 0xf9, 0x0, 0xb, 0xc3, 0x3d, 0xa0,
    0x2f, 0x20, 0x3, 0xf1, 0x5f, 0x0, 0x0, 0xf4,
    0x4f, 0x0, 0x0, 0xf5, 0x2f, 0x20, 0x3, 0xf2,
    0xa, 0xc3, 0x3d, 0xa0, 0x0, 0xaf, 0xe9, 0x0,

    /* U+1E52 "Ṓ" */
    0x0, 0x0, 0x7, 0x10, 0x0, 0x0, 0x6, 0x80,
    0x0, 0x0, 0x6e, 0xee, 0xe1, 0x0, 0x0, 0x11,
    0x11, 0x0, 0x0, 0x3b, 0xfe, 0x90, 0x0, 0x2f,
    0x93, 0x5d, 0xb0, 0xa, 0xb0, 0x0, 0x1f, 0x40,
    0xf5, 0x0, 0x0, 0xb9, 0x2f, 0x20, 0x0, 0x9,
    0xc2, 0xf1, 0x0, 0x0, 0x8c, 0x2f, 0x20, 0x0,
    0x9, 0xc0, 0xf5, 0x0, 0x0, 0xb9, 0xa, 0xb0,
    0x0, 0x1f, 0x50, 0x2f, 0x93, 0x5d, 0xc0, 0x0,
    0x3b, 0xfe, 0x90, 0x0,

    /* U+1E53 "ṓ" */
    0x0, 0x0, 0x46, 0x0, 0x0, 0x2, 0xe3, 0x0,
    0x0, 0x4, 0x30, 0x0, 0x5, 0xff, 0xff, 0x40,
    0x0, 0x0, 0x0, 0x0, 0x0, 0x0, 0x0, 0x0,
    0x0, 0x9e, 0xf9, 0x0, 0xb, 0xc3, 0x3d, 0xa0,
    0x2f, 0x20, 0x3, 0xf1, 0x5f, 0x0, 0x0, 0xf4,
    0x4f, 0x0, 0x0, 0xf5, 0x2f, 0x20, 0x3, 0xf2,
    0xa, 0xc3, 0x3d, 0xa0, 0x0, 0xaf, 0xe9, 0x0,

    /* U+1E54 "Ṕ" */
    0x0, 0x3, 0x70, 0x0, 0x0, 0xd, 0x60, 0x0,
    0x0, 0x35, 0x0, 0x0, 0xdf, 0xff, 0xe9, 0x0,
    0xd8, 0x22, 0x4d, 0xa0, 0xd7, 0x0, 0x3, 0xf2,
    0xd7, 0x0, 0x0, 0xf4, 0xd7, 0x0, 0x2, 0xf2,
    0xd7, 0x0, 0x1b, 0xd0, 0xdf, 0xff, 0xfc, 0x20,
    0xd8, 0x22, 0x0, 0x0, 0xd7, 0x0, 0x0, 0x0,
    0xd7, 0x0, 0x0, 0x0, 0xd7, 0x0, 0x0, 0x0,

    /* U+1E55 "ṕ" */
    0x0, 0x0, 0x6e, 0x10, 0x0, 0x1, 0xd2, 0x0,
    0x0, 0x0, 0x0, 0x0, 0xf, 0x7d, 0xfb, 0x10,
    0xf, 0xa1, 0x2d, 0xa0, 0xf, 0x30, 0x4, 0xf0,
    0xf, 0x30, 0x1, 0xf2, 0xf, 0x30, 0x2, 0xf2,
    0xf, 0x30, 0x5, 0xf0, 0xf, 0xb2, 0x3d, 0x90,
    0xf, 0x8d, 0xfb, 0x10, 0xf, 0x30, 0x0, 0x0,
    0xf, 0x30, 0x0, 0x0, 0xf, 0x30, 0x0, 0x0,

    /* U+1E56 "Ṗ" */
    0x0, 0x7b, 0x0, 0x0, 0x0, 0x35, 0x0, 0x0,
    0xdf, 0xff, 0xe9, 0x0, 0xd8, 0x22, 0x4d, 0xa0,
    0xd7, 0x0, 0x3, 0xf2, 0xd7, 0x0, 0x0, 0xf4,
    0xd7, 0x0, 0x2, 0xf2, 0xd7, 0x0, 0x1b, 0xd0,
    0xdf, 0xff, 0xfc, 0x20, 0xd8, 0x22, 0x0, 0x0,
    0xd7, 0x0, 0x0, 0x0, 0xd7, 0x0, 0x0, 0x0,
    0xd7, 0x0, 0x0, 0x0,

    /* U+1E57 "ṗ" */
    0x0, 0x4, 0xd0, 0x0, 0x0, 0x1, 0x60, 0x0,
    0x0, 0x0, 0x0, 0x0, 0xf, 0x7d, 0xfb, 0x10,
    0xf, 0xa1, 0x2d, 0xa0, 0xf, 0x30, 0x4, 0xf0,
    0xf, 0x30, 0x1, 0xf2, 0xf, 0x30, 0x2, 0xf2,
    0xf, 0x30, 0x5, 0xf0, 0xf, 0xb2, 0x3d, 0x90,
    0xf, 0x8d, 0xfb, 0x10, 0xf, 0x30, 0x0, 0x0,
    0xf, 0x30, 0x0, 0x0, 0xf, 0x30, 0x0, 0x0,

    /* U+1E58 "Ṙ" */
    0x0, 0x6b, 0x0, 0x0, 0x0, 0x25, 0x0, 0x0,
    0xdf, 0xff, 0xd6, 0x0, 0xd8, 0x22, 0x6f, 0x50,
    0xd7, 0x0, 0x9, 0xc0, 0xd7, 0x0, 0x6, 0xe0,
    0xd7, 0x0, 0x8, 0xd0, 0xd7, 0x0, 0x4f, 0x70,
    0xdf, 0xff, 0xf8, 0x0, 0xd8, 0x23, 0xe6, 0x0,
    0xd7, 0x0, 0x6e, 0x0, 0xd7, 0x0, 0xd, 0x80,
    0xd7, 0x0, 0x5, 0xf1,

    /* U+1E59 "ṙ" */
    0x0, 0xc5, 0x0, 0x6, 0x20, 0x0, 0x0, 0x0,
    0xf8, 0xe8, 0xf, 0xc3, 0x10, 0xf3, 0x0, 0xf,
    0x30, 0x0, 0xf3, 0x0, 0xf, 0x30, 0x0, 0xf3,
    0x0, 0xf, 0x30, 0x0,

    /* U+1E5A "Ṛ" */
    0xdf, 0xff, 0xd6, 0x0, 0xd8, 0x22, 0x6f, 0x50,
    0xd7, 0x0, 0x9, 0xc0, 0xd7, 0x0, 0x6, 0xe0,
    0xd7, 0x0, 0x8, 0xd0, 0xd7, 0x0, 0x4f, 0x70,
    0xdf, 0xff, 0xf8, 0x0, 0xd8, 0x23, 0xe6, 0x0,
    0xd7, 0x0, 0x6e, 0x0, 0xd7, 0x0, 0xd, 0x80,
    0xd7, 0x0, 0x5, 0xf1, 0x0, 0x0, 0x0, 0x0,
    0x0, 0x7b, 0x0, 0x0, 0x0, 0x35, 0x0, 0x0,

    /* U+1E5B "ṛ" */
    0x0, 0x0, 0x0, 0xf8, 0xe8, 0xf, 0xc3, 0x10,
    0xf3, 0x0, 0xf, 0x30, 0x0, 0xf3, 0x0, 0xf,
    0x30, 0x0, 0xf3, 0x0, 0xf, 0x30, 0x0, 0x0,
    0x0, 0xe, 0x30, 0x0, 0x61, 0x0,

    /* U+1E5C "Ṝ" */
    0x1e, 0xee, 0xe7, 0x0, 0x1, 0x11, 0x10, 0x0,
    0xdf, 0xff, 0xd6, 0x0, 0xd8, 0x22, 0x6f, 0x50,
    0xd7, 0x0, 0x9, 0xc0, 0xd7, 0x0, 0x6, 0xe0,
    0xd7, 0x0, 0x8, 0xd0, 0xd7, 0x0, 0x4f, 0x70,
    0xdf, 0xff, 0xf8, 0x0, 0xd8, 0x23, 0xe6, 0x0,
    0xd7, 0x0, 0x6e, 0x0, 0xd7, 0x0, 0xd, 0x80,
    0xd7, 0x0, 0x5, 0xf1, 0x0, 0x0, 0x0, 0x0,
    0x0, 0x7b, 0x0, 0x0, 0x0, 0x35, 0x0, 0x0,

    /* U+1E5D "ṝ" */
    0x7f, 0xff, 0xf2, 0x0, 0x0, 0x0, 0x0, 0x0,
    0x0, 0xf, 0x8e, 0x80, 0xf, 0xc3, 0x10, 0xf,
    0x30, 0x0, 0xf, 0x30, 0x0, 0xf, 0x30, 0x0,
    0xf, 0x30, 0x0, 0xf, 0x30, 0x0, 0xf, 0x30,
    0x0, 0x0, 0x0, 0x0, 0xe, 0x30, 0x0, 0x6,
    0x10, 0x0,

    /* U+1E5E "Ṟ" */
    0xdf, 0xff, 0xd6, 0x0, 0xd8, 0x22, 0x6f, 0x50,
    0xd7, 0x0, 0x9, 0xc0, 0xd7, 0x0, 0x6, 0xe0,
    0xd7, 0x0, 0x8, 0xd0, 0xd7, 0x0, 0x4f, 0x70,
    0xdf, 0xff, 0xf8, 0x0, 0xd8, 0x23, 0xe6, 0x0,
    0xd7, 0x0, 0x6e, 0x0, 0xd7, 0x0, 0xd, 0x80,
    0xd7, 0x0, 0x5, 0xf1, 0x0, 0x0, 0x0, 0x0,
    0x3e, 0xee, 0xe9, 0x0, 0x1, 0x11, 0x11, 0x0,

    /* U+1E5F "ṟ" */
    0x0, 0x0, 0x0, 0x0, 0xf8, 0xe8, 0x0, 0xfc,
    0x31, 0x0, 0xf3, 0x0, 0x0, 0xf3, 0x0, 0x0,
    0xf3, 0x0, 0x0, 0xf3, 0x0, 0x0, 0xf3, 0x0,
    0x0, 0xf3, 0x0, 0x0, 0x0, 0x0, 0xbe, 0xee,
    0xe1, 0x11, 0x11, 0x10,

    /* U+1E60 "Ṡ" */
    0x0, 0x5, 0xd0, 0x0, 0x0, 0x2, 0x60, 0x0,
    0x0, 0x9e, 0xfc, 0x40, 0xa, 0xd4, 0x37, 0xf3,
    0xf, 0x40, 0x0, 0xba, 0xf, 0x60, 0x0, 0x22,
    0x9, 0xf8, 0x20, 0x0, 0x0, 0x6d, 0xfc, 0x40,
    0x0, 0x0, 0x3b, 0xf4, 0x13, 0x0, 0x0, 0xbb,
    0x5f, 0x10, 0x0, 0x9b, 0xd, 0xc4, 0x26, 0xf5,
    0x1, 0x9e, 0xfd, 0x60,

    /* U+1E61 "ṡ" */
    0x0, 0xb, 0x60, 0x0, 0x0, 0x52, 0x0, 0x0,
    0x0, 0x0, 0x0, 0x3c, 0xfd, 0x60, 0xe, 0x92,
    0x6f, 0x30, 0xf4, 0x0, 0x52, 0x8, 0xfa, 0x60,
    0x0, 0x2, 0x7c, 0xe2, 0x28, 0x0, 0xd, 0x71,
    0xf8, 0x24, 0xf5, 0x4, 0xcf, 0xe7, 0x0,

    /* U+1E62 "Ṣ" */
    0x0, 0x9e, 0xfc, 0x40, 0xa, 0xd4, 0x37, 0xf3,
    0xf, 0x40, 0x0, 0xba, 0xf, 0x60, 0x0, 0x22,
    0x9, 0xf8, 0x20, 0x0, 0x0, 0x6d, 0xfc, 0x40,
    0x0, 0x0, 0x3b, 0xf4, 0x13, 0x0, 0x0, 0xbb,
    0x5f, 0x10, 0x0, 0x9b, 0xd, 0xc4, 0x26, 0xf5,
    0x1, 0x9e, 0xfd, 0x60, 0x0, 0x0, 0x0, 0x0,
    0x0, 0x5, 0xd0, 0x0, 0x0, 0x2, 0x60, 0x0,

    /* U+1E63 "ṣ" */
    0x3, 0xcf, 0xd6, 0x0, 0xe9, 0x26, 0xf3, 0xf,
    0x40, 0x5, 0x20, 0x8f, 0xa6, 0x0, 0x0, 0x27,
    0xce, 0x22, 0x80, 0x0, 0xd7, 0x1f, 0x82, 0x4f,
    0x50, 0x4c, 0xfe, 0x70, 0x0, 0x0, 0x0, 0x0,
    0x0, 0xc6, 0x0, 0x0, 0x5, 0x20, 0x0,

    /* U+1E64 "Ṥ" */
    0x0, 0x16, 0x0, 0x0, 0x0, 0x3e, 0x37, 0x0,
    0x0, 0x0, 0xb6, 0x0, 0x0, 0x0, 0x40, 0x0,
    0x0, 0x9e, 0xfc, 0x40, 0xa, 0xd4, 0x37, 0xf3,
    0xf, 0x40, 0x0, 0xba, 0xf, 0x60, 0x0, 0x22,
    0x9, 0xf8, 0x20, 0x0, 0x0, 0x6d, 0xfc, 0x40,
    0x0, 0x0, 0x3b, 0xf4, 0x13, 0x0, 0x0, 0xbb,
    0x5f, 0x10, 0x0, 0x9b, 0xd, 0xc4, 0x26, 0xf5,
    0x1, 0x9e, 0xfd, 0x60,

    /* U+1E65 "ṥ" */
    0x0, 0x5, 0x20, 0x0, 0x0, 0xb6, 0x0, 0x0,
    0x0, 0x0, 0x0, 0x0, 0xd, 0x80, 0x0, 0x8,
    0xa0, 0x0, 0x0, 0x0, 0x0, 0x3, 0xcf, 0xd5,
    0x0, 0xe9, 0x26, 0xf2, 0xf, 0x40, 0x8, 0x30,
    0x8f, 0xa6, 0x0, 0x0, 0x27, 0xce, 0x22, 0x70,
    0x0, 0xd7, 0x1f, 0x72, 0x4f, 0x50, 0x4c, 0xfe,
    0x70,

    /* U+1E66 "Ṧ" */
    0x0, 0x5, 0xd0, 0x0, 0x0, 0x23, 0x62, 0x10,
    0x0, 0x4c, 0x9a, 0x0, 0x0, 0x2, 0x50, 0x0,
    0x0, 0x9e, 0xfc, 0x40, 0xa, 0xd4, 0x37, 0xf3,
    0xf, 0x40, 0x0, 0xba, 0xf, 0x60, 0x0, 0x22,
    0x9, 0xf8, 0x20, 0x0, 0x0, 0x6d, 0xfc, 0x40,
    0x0, 0x0, 0x3b, 0xf4, 0x13, 0x0, 0x0, 0xbb,
    0x5f, 0x10, 0x0, 0x9b, 0xd, 0xc4, 0x26, 0xf5,
    0x1, 0x9e, 0xfd, 0x60,

    /* U+1E67 "ṧ" */
    0x0, 0x5, 0x20, 0x0, 0x0, 0xb6, 0x0, 0x0,
    0x0, 0x0, 0x0, 0xc, 0x38, 0x90, 0x0, 0x1c,
    0xa0, 0x0, 0x0, 0x0, 0x0, 0x3, 0xcf, 0xd5,
    0x0, 0xe9, 0x26, 0xf2, 0xf, 0x40, 0x8, 0x30,
    0x8f, 0xa6, 0x0, 0x0, 0x27, 0xce, 0x22, 0x70,
    0x0, 0xd7, 0x1f, 0x72, 0x4f, 0x50, 0x4c, 0xfe,
    0x70,

    /* U+1E68 "Ṩ" */
    0x0, 0x5, 0xd0, 0x0, 0x0, 0x2, 0x60, 0x0,
    0x0, 0x9e, 0xfc, 0x40, 0xa, 0xd4, 0x37, 0xf3,
    0xf, 0x40, 0x0, 0xba, 0xf, 0x60, 0x0, 0x22,
    0x9, 0xf8, 0x20, 0x0, 0x0, 0x6d, 0xfc, 0x40,
    0x0, 0x0, 0x3b, 0xf4, 0x13, 0x0, 0x0, 0xbb,
    0x5f, 0x10, 0x0, 0x9b, 0xd, 0xc4, 0x26, 0xf5,
    0x1, 0x9e, 0xfd, 0x60, 0x0, 0x0, 0x0, 0x0,
    0x0, 0x5, 0xd0, 0x0, 0x0, 0x2, 0x60, 0x0,

    /* U+1E69 "ṩ" */
    0x0, 0xb, 0x60, 0x0, 0x0, 0x52, 0x0, 0x0,
    0x0, 0x0, 0x0, 0x3c, 0xfd, 0x60, 0xe, 0x92,
    0x6f, 0x30, 0xf4, 0x0, 0x52, 0x8, 0xfa, 0x60,
    0x0, 0x2, 0x7c, 0xe2, 0x28, 0x0, 0xd, 0x71,
    0xf8, 0x24, 0xf5, 0x4, 0xcf, 0xe7, 0x0, 0x0,
    0x0, 0x0, 0x0, 0xc, 0x60, 0x0, 0x0, 0x52,
    0x0,

    /* U+1E6A "Ṫ" */
    0x0, 0x6, 0xb0, 0x0, 0x0, 0x0, 0x25, 0x0,
    0x0, 0xaf, 0xff, 0xff, 0xff, 0x1, 0x22, 0x8d,
    0x22, 0x20, 0x0, 0x7, 0xd0, 0x0, 0x0, 0x0,
    0x7d, 0x0, 0x0, 0x0, 0x7, 0xd0, 0x0, 0x0,
    0x0, 0x7d, 0x0, 0x0, 0x0, 0x7, 0xd0, 0x0,
    0x0, 0x0, 0x7d, 0x0, 0x0, 0x0, 0x7, 0xd0,
    0x0, 0x0, 0x0, 0x7d, 0x0, 0x0, 0x0, 0x7,
    0xd0, 0x0, 0x0,

    /* U+1E6B "ṫ" */
    0x7, 0xb0, 0x0, 0x35, 0x0, 0x6, 0x70, 0x0,
    0x9a, 0x0, 0xff, 0xff, 0x0, 0x9a, 0x0, 0x9,
    0xa0, 0x0, 0x9a, 0x0, 0x9, 0xa0, 0x0, 0x9a,
    0x0, 0x8, 0xd3, 0x0, 0x2d, 0xf1,

    /* U+1E6C "Ṭ" */
    0xaf, 0xff, 0xff, 0xff, 0x1, 0x22, 0x8d, 0x22,
    0x20, 0x0, 0x7, 0xd0, 0x0, 0x0, 0x0, 0x7d,
    0x0, 0x0, 0x0, 0x7, 0xd0, 0x0, 0x0, 0x0,
    0x7d, 0x0, 0x0, 0x0, 0x7, 0xd0, 0x0, 0x0,
    0x0, 0x7d, 0x0, 0x0, 0x0, 0x7, 0xd0, 0x0,
    0x0, 0x0, 0x7d, 0x0, 0x0, 0x0, 0x7, 0xd0,
    0x0, 0x0, 0x0, 0x0, 0x0, 0x0, 0x0, 0x6,
    0xb0, 0x0, 0x0, 0x0, 0x25, 0x0, 0x0,

    /* U+1E6D "ṭ" */
    0x9, 0xa0, 0x0, 0x9a, 0x0, 0xff, 0xff, 0x0,
    0x9a, 0x0, 0x9, 0xa0, 0x0, 0x9a, 0x0, 0x9,
    0xa0, 0x0, 0x9a, 0x0, 0x8, 0xd3, 0x0, 0x2d,
    0xf1, 0x0, 0x0, 0x0, 0x8, 0xa0, 0x0, 0x34,
    0x0,

    /* U+1E6E "Ṯ" */
    0xaf, 0xff, 0xff, 0xff, 0x1, 0x22, 0x8d, 0x22,
    0x20, 0x0, 0x7, 0xd0, 0x0, 0x0, 0x0, 0x7d,
    0x0, 0x0, 0x0, 0x7, 0xd0, 0x0, 0x0, 0x0,
    0x7d, 0x0, 0x0, 0x0, 0x7, 0xd0, 0x0, 0x0,
    0x0, 0x7d, 0x0, 0x0, 0x0, 0x7, 0xd0, 0x0,
    0x0, 0x0, 0x7d, 0x0, 0x0, 0x0, 0x7, 0xd0,
    0x0, 0x0, 0x0, 0x0, 0x0, 0x0, 0x3, 0xee,
    0xee, 0x90, 0x0, 0x1, 0x11, 0x11, 0x0,

    /* U+1E6F "ṯ" */
    0x9, 0xa0, 0x0, 0x9, 0xa0, 0x0, 0xff, 0xff,
    0x0, 0x9, 0xa0, 0x0, 0x9, 0xa0, 0x0, 0x9,
    0xa0, 0x0, 0x9, 0xa0, 0x0, 0x9, 0xa0, 0x0,
    0x8, 0xd3, 0x0, 0x2, 0xdf, 0x10, 0x0, 0x0,
    0x0, 0x5e, 0xee, 0xe7, 0x1, 0x11, 0x10,

    /* U+1E70 "Ṱ" */
    0xaf, 0xff, 0xff, 0xff, 0x1, 0x22, 0x8d, 0x22,
    0x20, 0x0, 0x7, 0xd0, 0x0, 0x0, 0x0, 0x7d,
    0x0, 0x0, 0x0, 0x7, 0xd0, 0x0, 0x0, 0x0,
    0x7d, 0x0, 0x0, 0x0, 0x7, 0xd0, 0x0, 0x0,
    0x0, 0x7d, 0x0, 0x0, 0x0, 0x7, 0xd0, 0x0,
    0x0, 0x0, 0x7d, 0x0, 0x0, 0x0, 0x7, 0xd0,
    0x0, 0x0, 0x0, 0x0, 0x0, 0x0, 0x0, 0xb,
    0xd1, 0x0, 0x0, 0x8, 0x93, 0xc0, 0x0,

    /* U+1E71 "ṱ" */
    0x4, 0x50, 0x0, 0x9, 0xa0, 0x0, 0xff, 0xff,
    0x0, 0x9, 0xa0, 0x0, 0x9, 0xa0, 0x0, 0x9,
    0xa0, 0x0, 0x9, 0xa0, 0x0, 0x9, 0xa0, 0x0,
    0x8, 0xd3, 0x0, 0x2, 0xdf, 0x10, 0x0, 0x11,
    0x0, 0x0, 0xcd, 0x10, 0xa, 0x74, 0xb0,

    /* U+1E72 "Ṳ" */
    0xf, 0x40, 0x0, 0x2f, 0x20, 0xf4, 0x0, 0x2,
    0xf2, 0xf, 0x40, 0x0, 0x2f, 0x20, 0xf4, 0x0,
    0x2, 0xf2, 0xf, 0x40, 0x0, 0x2f, 0x20, 0xf4,
    0x0, 0x2, 0xf2, 0xf, 0x40, 0x0, 0x2f, 0x20,
    0xf4, 0x0, 0x2, 0xf2, 0xd, 0x70, 0x0, 0x6f,
    0x0, 0x6f, 0x62, 0x5e, 0x80, 0x0, 0x6d, 0xfd,
    0x70, 0x0, 0x0, 0x0, 0x0, 0x0, 0x0, 0x8a,
    0x9, 0x90, 0x0, 0x3, 0x40, 0x44, 0x0,

    /* U+1E73 "ṳ" */
    0x1f, 0x30, 0x8, 0xc1, 0xf3, 0x0, 0x8c, 0x1f,
    0x30, 0x8, 0xc1, 0xf3, 0x0, 0x8c, 0x1f, 0x30,
    0x8, 0xc0, 0xf3, 0x0, 0x8c, 0xd, 0xa2, 0x5e,
    0xc0, 0x3d, 0xfb, 0x9c, 0x0, 0x0, 0x0, 0x0,
    0x3e, 0x4, 0xd0, 0x1, 0x60, 0x16, 0x0,

    /* U+1E74 "Ṵ" */
    0xf, 0x40, 0x0, 0x2f, 0x20, 0xf4, 0x0, 0x2,
    0xf2, 0xf, 0x40, 0x0, 0x2f, 0x20, 0xf4, 0x0,
    0x2, 0xf2, 0xf, 0x40, 0x0, 0x2f, 0x20, 0xf4,
    0x0, 0x2, 0xf2, 0xf, 0x40, 0x0, 0x2f, 0x20,
    0xf4, 0x0, 0x2, 0xf2, 0xd, 0x70, 0x0, 0x6f,
    0x0, 0x6f, 0x62, 0x5e, 0x80, 0x0, 0x6d, 0xfd,
    0x70, 0x0, 0x0, 0x0, 0x0, 0x0, 0x0, 0x8e,
    0xef, 0xa0, 0x0, 0x1, 0x11, 0x10, 0x0,

    /* U+1E75 "ṵ" */
    0x1f, 0x30, 0x8, 0xc1, 0xf3, 0x0, 0x8c, 0x1f,
    0x30, 0x8, 0xc1, 0xf3, 0x0, 0x8c, 0x1f, 0x30,
    0x8, 0xc0, 0xf3, 0x0, 0x8c, 0xd, 0xa2, 0x5e,
    0xc0, 0x3d, 0xfb, 0x9c, 0x0, 0x0, 0x0, 0x0,
    0x4d, 0xee, 0xe1, 0x1, 0x11, 0x10, 0x0,

    /* U+1E76 "Ṷ" */
    0xf, 0x40, 0x0, 0x2f, 0x20, 0xf4, 0x0, 0x2,
    0xf2, 0xf, 0x40, 0x0, 0x2f, 0x20, 0xf4, 0x0,
    0x2, 0xf2, 0xf, 0x40, 0x0, 0x2f, 0x20, 0xf4,
    0x0, 0x2, 0xf2, 0xf, 0x40, 0x0, 0x2f, 0x20,
    0xf4, 0x0, 0x2, 0xf2, 0xd, 0x70, 0x0, 0x6f,
    0x0, 0x6f, 0x62, 0x5e, 0x80, 0x0, 0x6d, 0xfd,
    0x70, 0x0, 0x0, 0x2, 0x0, 0x0, 0x0, 0x6,
    0xe7, 0x0, 0x0, 0x3, 0xd1, 0xc3, 0x0,

    /* U+1E77 "ṷ" */
    0x1f, 0x30, 0x8, 0xc1, 0xf3, 0x0, 0x8c, 0x1f,
    0x30, 0x8, 0xc1, 0xf3, 0x0, 0x8c, 0x1f, 0x30,
    0x8, 0xc0, 0xf3, 0x0, 0x8c, 0xd, 0xa2, 0x5e,
    0xc0, 0x3d, 0xfb, 0x9c, 0x0, 0x2, 0x0, 0x0,
    0x7, 0xe6, 0x0, 0x4, 0xc1, 0xd2, 0x0,

    /* U+1E78 "Ṹ" */
    0x0, 0x0, 0x4c, 0x0, 0x0, 0x0, 0xb, 0x20,
    0x0, 0x0, 0xb, 0x73, 0x50, 0x0, 0x3, 0x56,
    0xc1, 0x0, 0xf, 0x40, 0x0, 0x2f, 0x20, 0xf4,
    0x0, 0x2, 0xf2, 0xf, 0x40, 0x0, 0x2f, 0x20,
    0xf4, 0x0, 0x2, 0xf2, 0xf, 0x40, 0x0, 0x2f,
    0x20, 0xf4, 0x0, 0x2, 0xf2, 0xf, 0x40, 0x0,
    0x2f, 0x20, 0xf4, 0x0, 0x2, 0xf2, 0xd, 0x70,
    0x0, 0x6f, 0x0, 0x6f, 0x62, 0x5e, 0x80, 0x0,
    0x6d, 0xfd, 0x70, 0x0,

    /* U+1E79 "ṹ" */
    0x0, 0x0, 0x56, 0x0, 0x0, 0x2e, 0x20, 0x0,
    0x5, 0x31, 0x0, 0x1d, 0xb1, 0xb3, 0x7, 0x84,
    0xec, 0x0, 0x0, 0x0, 0x0, 0x1f, 0x30, 0x8,
    0xc1, 0xf3, 0x0, 0x8c, 0x1f, 0x30, 0x8, 0xc1,
    0xf3, 0x0, 0x8c, 0x1f, 0x30, 0x8, 0xc0, 0xf3,
    0x0, 0x8c, 0xd, 0xa2, 0x5e, 0xc0, 0x3d, 0xfb,
    0x9c,

    /* U+1E7A "Ṻ" */
    0x0, 0x98, 0x6, 0xb0, 0x0, 0x4, 0x30, 0x25,
    0x0, 0x0, 0xae, 0xee, 0xc0, 0x0, 0x1, 0x11,
    0x11, 0x0, 0xf, 0x40, 0x0, 0x2f, 0x20, 0xf4,
    0x0, 0x2, 0xf2, 0xf, 0x40, 0x0, 0x2f, 0x20,
    0xf4, 0x0, 0x2, 0xf2, 0xf, 0x40, 0x0, 0x2f,
    0x20, 0xf4, 0x0, 0x2, 0xf2, 0xf, 0x40, 0x0,
    0x2f, 0x20, 0xf4, 0x0, 0x2, 0xf2, 0xd, 0x70,
    0x0, 0x6f, 0x0, 0x6f, 0x62, 0x5e, 0x80, 0x0,
    0x6d, 0xfd, 0x70, 0x0,

    /* U+1E7B "ṻ" */
    0x3, 0xe1, 0x3e, 0x0, 0x17, 0x1, 0x70, 0x6,
    0xff, 0xff, 0x30, 0x0, 0x0, 0x0, 0x0, 0x0,
    0x0, 0x1, 0xf3, 0x0, 0x8c, 0x1f, 0x30, 0x8,
    0xc1, 0xf3, 0x0, 0x8c, 0x1f, 0x30, 0x8, 0xc1,
    0xf3, 0x0, 0x8c, 0xf, 0x30, 0x8, 0xc0, 0xda,
    0x25, 0xec, 0x3, 0xdf, 0xb9, 0xc0,

    /* U+1E7C "Ṽ" */
    0x0, 0x0, 0x0, 0x0, 0x0, 0x8, 0xee, 0xfa,
    0x0, 0x0, 0x11, 0x11, 0x0, 0xa, 0xc0, 0x0,
    0x0, 0xd9, 0x5f, 0x10, 0x0, 0x3f, 0x30, 0xf6,
    0x0, 0x8, 0xe0, 0xa, 0xc0, 0x0, 0xd8, 0x0,
    0x4f, 0x10, 0x2f, 0x30, 0x0, 0xf6, 0x7, 0xe0,
    0x0, 0xa, 0xb0, 0xd8, 0x0, 0x0, 0x4f, 0x3f,
    0x30, 0x0, 0x0, 0xfd, 0xd0, 0x0, 0x0, 0xa,
    0xf8, 0x0, 0x0, 0x0, 0x4f, 0x30, 0x0,

    /* U+1E7D "ṽ" */
    0x0, 0x0, 0x1, 0x0, 0x6e, 0x62, 0xc0, 0xd,
    0x29, 0xf6, 0x0, 0x10, 0x0, 0x0, 0x9a, 0x0,
    0xe, 0x54, 0xf0, 0x3, 0xf0, 0xe, 0x40, 0x8b,
    0x0, 0x99, 0xd, 0x50, 0x4, 0xe2, 0xf0, 0x0,
    0xe, 0xab, 0x0, 0x0, 0x9f, 0x50, 0x0, 0x4,
    0xf1, 0x0,

    /* U+1E7E "Ṿ" */
    0xac, 0x0, 0x0, 0xd, 0x95, 0xf1, 0x0, 0x3,
    0xf3, 0xf, 0x60, 0x0, 0x8e, 0x0, 0xac, 0x0,
    0xd, 0x80, 0x4, 0xf1, 0x2, 0xf3, 0x0, 0xf,
    0x60, 0x7e, 0x0, 0x0, 0xab, 0xd, 0x80, 0x0,
    0x4, 0xf3, 0xf3, 0x0, 0x0, 0xf, 0xdd, 0x0,
    0x0, 0x0, 0xaf, 0x80, 0x0, 0x0, 0x4, 0xf3,
    0x0, 0x0, 0x0, 0x0, 0x0, 0x0, 0x0, 0x2,
    0xe1, 0x0, 0x0, 0x0, 0x17, 0x0, 0x0,

    /* U+1E7F "ṿ" */
    0x9a, 0x0, 0xe, 0x54, 0xf0, 0x3, 0xf0, 0xe,
    0x40, 0x8b, 0x0, 0x99, 0xd, 0x50, 0x4, 0xe2,
    0xf0, 0x0, 0xe, 0xab, 0x0, 0x0, 0x9f, 0x50,
    0x0, 0x4, 0xf1, 0x0, 0x0, 0x0, 0x0, 0x0,
    0x3, 0xe0, 0x0, 0x0, 0x17, 0x0, 0x0,

    /* U+1E80 "Ẁ" */
    0x0, 0x0, 0x47, 0x0, 0x0, 0x0, 0x0, 0x0,
    0x1, 0xd6, 0x0, 0x0, 0x0, 0x0, 0x0, 0x2,
    0x70, 0x0, 0x0, 0x7, 0xd0, 0x0, 0x6f, 0x0,
    0x4, 0xf0, 0x4f, 0x0, 0xa, 0xf3, 0x0, 0x8c,
    0x0, 0xf4, 0x0, 0xed, 0x70, 0xb, 0x90, 0xd,
    0x70, 0x2f, 0x7b, 0x0, 0xe5, 0x0, 0x9a, 0x6,
    0xb2, 0xf0, 0x2f, 0x20, 0x6, 0xd0, 0xa7, 0xe,
    0x35, 0xe0, 0x0, 0x2f, 0x1e, 0x30, 0xa7, 0x8b,
    0x0, 0x0, 0xe7, 0xe0, 0x6, 0xbb, 0x70, 0x0,
    0xb, 0xda, 0x0, 0x2e, 0xe4, 0x0, 0x0, 0x8f,
    0x60, 0x0, 0xdf, 0x0, 0x0, 0x4, 0xf2, 0x0,
    0x9, 0xd0, 0x0,

    /* U+1E81 "ẁ" */
    0x0, 0x7, 0xe0, 0x0, 0x0, 0x0, 0x0, 0x8,
    0x90, 0x0, 0x0, 0x0, 0x0, 0x0, 0x0, 0x0,
    0x9, 0xa0, 0x6, 0xe0, 0x3, 0xf1, 0x4e, 0x0,
    0xbf, 0x20, 0x6c, 0x0, 0xf2, 0xf, 0xa7, 0xa,
    0x80, 0xc, 0x64, 0xc5, 0xc0, 0xe3, 0x0, 0x8a,
    0x87, 0xf, 0x3f, 0x0, 0x3, 0xed, 0x30, 0xbb,
    0xb0, 0x0, 0xf, 0xe0, 0x6, 0xf7, 0x0, 0x0,
    0xb9, 0x0, 0x2f, 0x20, 0x0,

    /* U+1E82 "Ẃ" */
    0x0, 0x0, 0x0, 0x18, 0x10, 0x0, 0x0, 0x0,
    0x0, 0xb, 0x80, 0x0, 0x0, 0x0, 0x0, 0x1,
    0x60, 0x0, 0x0, 0x7, 0xd0, 0x0, 0x6f, 0x0,
    0x4, 0xf0, 0x4f, 0x0, 0xa, 0xf3, 0x0, 0x8c,
    0x0, 0xf4, 0x0, 0xed, 0x70, 0xb, 0x90, 0xd,
    0x70, 0x2f, 0x7b, 0x0, 0xe5, 0x0, 0x9a, 0x6,
    0xb2, 0xf0, 0x2f, 0x20, 0x6, 0xd0, 0xa7, 0xe,
    0x35, 0xe0, 0x0, 0x2f, 0x1e, 0x30, 0xa7, 0x8b,
    0x0, 0x0, 0xe7, 0xe0, 0x6, 0xbb, 0x70, 0x0,
    0xb, 0xda, 0x0, 0x2e, 0xe4, 0x0, 0x0, 0x8f,
    0x60, 0x0, 0xdf, 0x0, 0x0, 0x4, 0xf2, 0x0,
    0x9, 0xd0, 0x0,

    /* U+1E83 "ẃ" */
    0x0, 0x0, 0x8, 0xd1, 0x0, 0x0, 0x0, 0x2,
    0xd1, 0x0, 0x0, 0x0, 0x0, 0x0, 0x0, 0x0,
    0x9, 0xa0, 0x6, 0xe0, 0x3, 0xf1, 0x4e, 0x0,
    0xbf, 0x20, 0x6c, 0x0, 0xf2, 0xf, 0xa7, 0xa,
    0x80, 0xc, 0x64, 0xc5, 0xc0, 0xe3, 0x0, 0x8a,
    0x87, 0xf, 0x3f, 0x0, 0x3, 0xed, 0x30, 0xbb,
    0xb0, 0x0, 0xf, 0xe0, 0x6, 0xf7, 0x0, 0x0,
    0xb9, 0x0, 0x2f, 0x20, 0x0,

    /* U+1E84 "Ẅ" */
    0x0, 0x0, 0xb7, 0xc, 0x60, 0x0, 0x0, 0x0,
    0x5, 0x20, 0x52, 0x0, 0x0, 0x7d, 0x0, 0x6,
    0xf0, 0x0, 0x4f, 0x4, 0xf0, 0x0, 0xaf, 0x30,
    0x8, 0xc0, 0xf, 0x40, 0xe, 0xd7, 0x0, 0xb9,
    0x0, 0xd7, 0x2, 0xf7, 0xb0, 0xe, 0x50, 0x9,
    0xa0, 0x6b, 0x2f, 0x2, 0xf2, 0x0, 0x6d, 0xa,
    0x70, 0xe3, 0x5e, 0x0, 0x2, 0xf1, 0xe3, 0xa,
    0x78, 0xb0, 0x0, 0xe, 0x7e, 0x0, 0x6b, 0xb7,
    0x0, 0x0, 0xbd, 0xa0, 0x2, 0xee, 0x40, 0x0,
    0x8, 0xf6, 0x0, 0xd, 0xf0, 0x0, 0x0, 0x4f,
    0x20, 0x0, 0x9d, 0x0, 0x0,

    /* U+1E85 "ẅ" */
    0x0, 0xc, 0x50, 0xd4, 0x0, 0x0, 0x0, 0x52,
    0x6, 0x10, 0x0, 0x0, 0x0, 0x0, 0x0, 0x0,
    0x9, 0xa0, 0x6, 0xe0, 0x3, 0xf1, 0x4e, 0x0,
    0xbf, 0x20, 0x6c, 0x0, 0xf2, 0xf, 0xa7, 0xa,
    0x80, 0xc, 0x64, 0xc5, 0xc0, 0xe3, 0x0, 0x8a,
    0x87, 0xf, 0x3f, 0x0, 0x3, 0xed, 0x30, 0xbb,
    0xb0, 0x0, 0xf, 0xe0, 0x6, 0xf7, 0x0, 0x0,
    0xb9, 0x0, 0x2f, 0x20, 0x0,

    /* U+1E86 "Ẇ" */
    0x0, 0x0, 0x4, 0xd0, 0x0, 0x0, 0x0, 0x0,
    0x0, 0x16, 0x0, 0x0, 0x0, 0x7d, 0x0, 0x6,
    0xf0, 0x0, 0x4f, 0x4, 0xf0, 0x0, 0xaf, 0x30,
    0x8, 0xc0, 0xf, 0x40, 0xe, 0xd7, 0x0, 0xb9,
    0x0, 0xd7, 0x2, 0xf7, 0xb0, 0xe, 0x50, 0x9,
    0xa0, 0x6b, 0x2f, 0x2, 0xf2, 0x0, 0x6d, 0xa,
    0x70, 0xe3, 0x5e, 0x0, 0x2, 0xf1, 0xe3, 0xa,
    0x78, 0xb0, 0x0, 0xe, 0x7e, 0x0, 0x6b, 0xb7,
    0x0, 0x0, 0xbd, 0xa0, 0x2, 0xee, 0x40, 0x0,
    0x8, 0xf6, 0x0, 0xd, 0xf0, 0x0, 0x0, 0x4f,
    0x20, 0x0, 0x9d, 0x0, 0x0,

    /* U+1E87 "ẇ" */
    0x0, 0x0, 0x5c, 0x0, 0x0, 0x0, 0x0, 0x2,
    0x50, 0x0, 0x0, 0x0, 0x0, 0x0, 0x0, 0x0,
    0x9, 0xa0, 0x6, 0xe0, 0x3, 0xf1, 0x4e, 0x0,
    0xbf, 0x20, 0x6c, 0x0, 0xf2, 0xf, 0xa7, 0xa,
    0x80, 0xc, 0x64, 0xc5, 0xc0, 0xe3, 0x0, 0x8a,
    0x87, 0xf, 0x3f, 0x0, 0x3, 0xed, 0x30, 0xbb,
    0xb0, 0x0, 0xf, 0xe0, 0x6, 0xf7, 0x0, 0x0,
    0xb9, 0x0, 0x2f, 0x20, 0x0,

    /* U+1E88 "Ẉ" */
    0x7d, 0x0, 0x6, 0xf0, 0x0, 0x4f, 0x4, 0xf0,
    0x0, 0xaf, 0x30, 0x8, 0xc0, 0xf, 0x40, 0xe,
    0xd7, 0x0, 0xb9, 0x0, 0xd7, 0x2, 0xf7, 0xb0,
    0xe, 0x50, 0x9, 0xa0, 0x6b, 0x2f, 0x2, 0xf2,
    0x0, 0x6d, 0xa, 0x70, 0xe3, 0x5e, 0x0, 0x2,
    0xf1, 0xe3, 0xa, 0x78, 0xb0, 0x0, 0xe, 0x7e,
    0x0, 0x6b, 0xb7, 0x0, 0x0, 0xbd, 0xa0, 0x2,
    0xee, 0x40, 0x0, 0x8, 0xf6, 0x0, 0xd, 0xf0,
    0x0, 0x0, 0x4f, 0x20, 0x0, 0x9d, 0x0, 0x0,
    0x0, 0x0, 0x0, 0x0, 0x0, 0x0, 0x0, 0x0,
    0x5, 0xd0, 0x0, 0x0, 0x0, 0x0, 0x0, 0x26,
    0x0, 0x0, 0x0,

    /* U+1E89 "ẉ" */
    0x9a, 0x0, 0x6e, 0x0, 0x3f, 0x14, 0xe0, 0xb,
    0xf2, 0x6, 0xc0, 0xf, 0x20, 0xfa, 0x70, 0xa8,
    0x0, 0xc6, 0x4c, 0x5c, 0xe, 0x30, 0x8, 0xa8,
    0x70, 0xf3, 0xf0, 0x0, 0x3e, 0xd3, 0xb, 0xbb,
    0x0, 0x0, 0xfe, 0x0, 0x6f, 0x70, 0x0, 0xb,
    0x90, 0x2, 0xf2, 0x0, 0x0, 0x0, 0x0, 0x0,
    0x0, 0x0, 0x0, 0x6, 0xc0, 0x0, 0x0, 0x0,
    0x0, 0x25, 0x0, 0x0, 0x0,

    /* U+1E8A "Ẋ" */
    0x0, 0x2, 0xe1, 0x0, 0x0, 0x0, 0x7, 0x0,
    0x0, 0x3f, 0x40, 0x0, 0x8f, 0x10, 0xad, 0x0,
    0x2f, 0x70, 0x2, 0xf7, 0xa, 0xd0, 0x0, 0x8,
    0xf6, 0xf4, 0x0, 0x0, 0xe, 0xfb, 0x0, 0x0,
    0x0, 0x8f, 0x50, 0x0, 0x0, 0x1e, 0xfc, 0x0,
    0x0, 0x9, 0xe3, 0xf5, 0x0, 0x2, 0xf5, 0x9,
    0xe0, 0x0, 0xbc, 0x0, 0x1e, 0x80, 0x5f, 0x30,
    0x0, 0x7f, 0x20,

    /* U+1E8B "ẋ" */
    0x0, 0x2e, 0x10, 0x0, 0x0, 0x70, 0x0, 0x0,
    0x0, 0x0, 0x5, 0xf2, 0x3, 0xf4, 0xb, 0xa0,
    0xca, 0x0, 0x2f, 0x9f, 0x10, 0x0, 0x7f, 0x60,
    0x0, 0x8, 0xf7, 0x0, 0x3, 0xf7, 0xf2, 0x0,
    0xc9, 0xb, 0xb0, 0x6f, 0x10, 0x2f, 0x50,

    /* U+1E8C "Ẍ" */
    0x0, 0x99, 0xa, 0x80, 0x0, 0x3, 0x40, 0x43,
    0x0, 0x3f, 0x40, 0x0, 0x8f, 0x10, 0xad, 0x0,
    0x2f, 0x70, 0x2, 0xf7, 0xa, 0xd0, 0x0, 0x8,
    0xf6, 0xf4, 0x0, 0x0, 0xe, 0xfb, 0x0, 0x0,
    0x0, 0x8f, 0x50, 0x0, 0x0, 0x1e, 0xfc, 0x0,
    0x0, 0x9, 0xe3, 0xf5, 0x0, 0x2, 0xf5, 0x9,
    0xe0, 0x0, 0xbc, 0x0, 0x1e, 0x80, 0x5f, 0x30,
    0x0, 0x7f, 0x20,

    /* U+1E8D "ẍ" */
    0x9, 0x90, 0xa8, 0x0, 0x34, 0x4, 0x30, 0x0,
    0x0, 0x0, 0x5, 0xf2, 0x3, 0xf4, 0xb, 0xa0,
    0xca, 0x0, 0x2f, 0x9f, 0x10, 0x0, 0x7f, 0x60,
    0x0, 0x8, 0xf7, 0x0, 0x3, 0xf7, 0xf2, 0x0,
    0xc9, 0xb, 0xb0, 0x6f, 0x10, 0x2f, 0x50,

    /* U+1E8E "Ẏ" */
    0x0, 0x5, 0xc0, 0x0, 0x0, 0x0, 0x25, 0x0,
    0x0, 0xad, 0x0, 0x0, 0x7f, 0x12, 0xf5, 0x0,
    0xe, 0x80, 0xa, 0xd0, 0x7, 0xf1, 0x0, 0x2f,
    0x40, 0xe8, 0x0, 0x0, 0xac, 0x6f, 0x10, 0x0,
    0x2, 0xff, 0x80, 0x0, 0x0, 0xa, 0xf1, 0x0,
    0x0, 0x0, 0x7d, 0x0, 0x0, 0x0, 0x7, 0xd0,
    0x0, 0x0, 0x0, 0x7d, 0x0, 0x0, 0x0, 0x7,
    0xd0, 0x0, 0x0,

    /* U+1E8F "ẏ" */
    0x0, 0x2e, 0x10, 0x0, 0x0, 0x70, 0x0, 0x0,
    0x0, 0x0, 0xa, 0xa0, 0x1, 0xf4, 0x5f, 0x0,
    0x5e, 0x0, 0xf5, 0xa, 0xa0, 0xa, 0xa0, 0xe4,
    0x0, 0x5e, 0x3f, 0x0, 0x0, 0xfc, 0xa0, 0x0,
    0xa, 0xf5, 0x0, 0x0, 0x4f, 0x0, 0x0, 0x7,
    0xa0, 0x0, 0x14, 0xe4, 0x0, 0x6, 0xf8, 0x0,
    0x0,

    /* U+1E90 "Ẑ" */
    0x0, 0x3, 0x60, 0x0, 0x0, 0x2d, 0xa6, 0x0,
    0x0, 0x53, 0x7, 0x0, 0x5f, 0xff, 0xff, 0xf9,
    0x2, 0x22, 0x25, 0xf5, 0x0, 0x0, 0xc, 0xb0,
    0x0, 0x0, 0x6f, 0x10, 0x0, 0x1, 0xe7, 0x0,
    0x0, 0xa, 0xd0, 0x0, 0x0, 0x4f, 0x30, 0x0,
    0x0, 0xd9, 0x0, 0x0, 0x8, 0xe1, 0x0, 0x0,
    0x2f, 0x72, 0x22, 0x21, 0x6f, 0xff, 0xff, 0xfd,

    /* U+1E91 "ẑ" */
    0x0, 0x5e, 0x50, 0x0, 0x3b, 0x1a, 0x20, 0x0,
    0x0, 0x0, 0x5, 0xff, 0xff, 0xf4, 0x1, 0x11,
    0xad, 0x0, 0x0, 0x4f, 0x30, 0x0, 0x1e, 0x70,
    0x0, 0xa, 0xc0, 0x0, 0x5, 0xf2, 0x0, 0x1,
    0xe8, 0x11, 0x10, 0x6f, 0xff, 0xff, 0x70,

    /* U+1E92 "Ẓ" */
    0x5f, 0xff, 0xff, 0xf9, 0x2, 0x22, 0x25, 0xf5,
    0x0, 0x0, 0xc, 0xb0, 0x0, 0x0, 0x6f, 0x10,
    0x0, 0x1, 0xe7, 0x0, 0x0, 0xa, 0xd0, 0x0,
    0x0, 0x4f, 0x30, 0x0, 0x0, 0xd9, 0x0, 0x0,
    0x8, 0xe1, 0x0, 0x0, 0x2f, 0x72, 0x22, 0x21,
    0x6f, 0xff, 0xff, 0xfd, 0x0, 0x0, 0x0, 0x0,
    0x0, 0x6, 0xb0, 0x0, 0x0, 0x2, 0x50, 0x0,

    /* U+1E93 "ẓ" */
    0x5f, 0xff, 0xff, 0x40, 0x11, 0x1a, 0xd0, 0x0,
    0x4, 0xf3, 0x0, 0x1, 0xe7, 0x0, 0x0, 0xac,
    0x0, 0x0, 0x5f, 0x20, 0x0, 0x1e, 0x81, 0x11,
    0x6, 0xff, 0xff, 0xf7, 0x0, 0x0, 0x0, 0x0,
    0x1, 0xe2, 0x0, 0x0, 0x7, 0x0, 0x0,

    /* U+1E94 "Ẕ" */
    0x5f, 0xff, 0xff, 0xf9, 0x2, 0x22, 0x25, 0xf5,
    0x0, 0x0, 0xc, 0xb0, 0x0, 0x0, 0x6f, 0x10,
    0x0, 0x1, 0xe7, 0x0, 0x0, 0xa, 0xd0, 0x0,
    0x0, 0x4f, 0x30, 0x0, 0x0, 0xd9, 0x0, 0x0,
    0x8, 0xe1, 0x0, 0x0, 0x2f, 0x72, 0x22, 0x21,
    0x6f, 0xff, 0xff, 0xfd, 0x0, 0x0, 0x0, 0x0,
    0x3, 0xee, 0xee, 0x90, 0x0, 0x11, 0x11, 0x10,

    /* U+1E95 "ẕ" */
    0x5f, 0xff, 0xff, 0x40, 0x11, 0x1a, 0xd0, 0x0,
    0x4, 0xf3, 0x0, 0x1, 0xe7, 0x0, 0x0, 0xac,
    0x0, 0x0, 0x5f, 0x20, 0x0, 0x1e, 0x81, 0x11,
    0x6, 0xff, 0xff, 0xf7, 0x0, 0x0, 0x0, 0x0,
    0xce, 0xee, 0xe0, 0x1, 0x11, 0x11, 0x0,

    /* U+1E96 "ẖ" */
    0xf, 0x30, 0x0, 0x0, 0xf3, 0x0, 0x0, 0xf,
    0x30, 0x0, 0x0, 0xf7, 0xdf, 0xb1, 0xf, 0xd4,
    0x3e, 0x80, 0xf4, 0x0, 0x8b, 0xf, 0x30, 0x7,
    0xc0, 0xf3, 0x0, 0x7c, 0xf, 0x30, 0x7, 0xc0,
    0xf3, 0x0, 0x7c, 0xf, 0x30, 0x7, 0xc0, 0x0,
    0x0, 0x0, 0x5, 0xee, 0xee, 0x60, 0x1, 0x11,
    0x10,

    /* U+1E97 "ẗ" */
    0xd, 0x40, 0xe3, 0x6, 0x10, 0x61, 0x0, 0x67,
    0x0, 0x0, 0x9a, 0x0, 0xf, 0xff, 0xf0, 0x0,
    0x9a, 0x0, 0x0, 0x9a, 0x0, 0x0, 0x9a, 0x0,
    0x0, 0x9a, 0x0, 0x0, 0x9a, 0x0, 0x0, 0x8d,
    0x30, 0x0, 0x2d, 0xf1,

    /* U+1E98 "ẘ" */
    0x0, 0x0, 0x9b, 0x30, 0x0, 0x0, 0x0, 0x38,
    0x1a, 0x0, 0x0, 0x0, 0x0, 0x9a, 0x30, 0x0,
    0x0, 0x0, 0x0, 0x0, 0x0, 0x0, 0x9a, 0x0,
    0x6e, 0x0, 0x3f, 0x14, 0xe0, 0xb, 0xf2, 0x6,
    0xc0, 0xf, 0x20, 0xfa, 0x70, 0xa8, 0x0, 0xc6,
    0x4c, 0x5c, 0xe, 0x30, 0x8, 0xa8, 0x70, 0xf3,
    0xf0, 0x0, 0x3e, 0xd3, 0xb, 0xbb, 0x0, 0x0,
    0xfe, 0x0, 0x6f, 0x70, 0x0, 0xb, 0x90, 0x2,
    0xf2, 0x0,

    /* U+1E99 "ẙ" */
    0x0, 0x6b, 0x60, 0x0, 0xc, 0xb, 0x0, 0x0,
    0x6a, 0x60, 0x0, 0x0, 0x0, 0x0, 0xaa, 0x0,
    0x1f, 0x45, 0xf0, 0x5, 0xe0, 0xf, 0x50, 0xaa,
    0x0, 0xaa, 0xe, 0x40, 0x5, 0xe3, 0xf0, 0x0,
    0xf, 0xca, 0x0, 0x0, 0xaf, 0x50, 0x0, 0x4,
    0xf0, 0x0, 0x0, 0x7a, 0x0, 0x1, 0x4e, 0x40,
    0x0, 0x6f, 0x80, 0x0, 0x0,

    /* U+1E9A "ẚ" */
    0x0, 0x0, 0x4, 0x60, 0x0, 0x0, 0xb, 0x0,
    0x0, 0x4, 0x60, 0x0, 0x0, 0x0, 0x2, 0xbf,
    0xe8, 0x0, 0xe9, 0x14, 0xf5, 0x3, 0x0, 0xb,
    0x90, 0x2b, 0xef, 0xf9, 0xe, 0x80, 0xa, 0x93,
    0xf0, 0x0, 0xb9, 0x1f, 0x83, 0x8f, 0x90, 0x5d,
    0xea, 0x8a,

    /* U+1E9B "ẛ" */
    0x0, 0x61, 0x0, 0xd4, 0x0, 0x0, 0x7, 0xec,
    0x3f, 0x62, 0x6d, 0x0, 0x6d, 0x0, 0x6d, 0x0,
    0x6d, 0x0, 0x6d, 0x0, 0x6d, 0x0, 0x6d, 0x0,
    0x6d, 0x0, 0x6d, 0x0,

    /* U+1E9C "ẜ" */
    0x0, 0x7e, 0xc0, 0x3f, 0x62, 0x6, 0xd0, 0x0,
    0x6d, 0x0, 0x6, 0xd5, 0x2, 0xbf, 0xb0, 0x5c,
    0xd0, 0x0, 0x6d, 0x0, 0x6, 0xd0, 0x0, 0x6d,
    0x0, 0x6, 0xd0, 0x0,

    /* U+1E9D "ẝ" */
    0x0, 0x8e, 0xc0, 0x3f, 0x62, 0x8f, 0xfe, 0x61,
    0x7d, 0x10, 0x6, 0xd0, 0x0, 0x6d, 0x0, 0x6,
    0xd0, 0x0, 0x6d, 0x0, 0x6, 0xd0, 0x0, 0x6d,
    0x0, 0x6, 0xd0, 0x0,

    /* U+1E9E "ẞ" */
    0x0, 0x9e, 0xfb, 0x20, 0x0, 0x8d, 0x33, 0x9f,
    0x30, 0xd, 0x60, 0x6, 0xe1, 0x0, 0xf4, 0x2,
    0xf4, 0x0, 0xf, 0x30, 0xc9, 0x0, 0x0, 0xf3,
    0x1f, 0xeb, 0x20, 0xf, 0x30, 0x13, 0xae, 0x10,
    0xf3, 0x0, 0x0, 0xf5, 0xf, 0x30, 0x0, 0xe,
    0x50, 0xf3, 0x20, 0x7, 0xe1, 0xf, 0x3a, 0xee,
    0xb2, 0x0,

    /* U+1E9F "ẟ" */
    0x0, 0x8e, 0xeb, 0x0, 0x4, 0xf4, 0x36, 0x0,
    0x7, 0xe0, 0x0, 0x0, 0x1, 0xed, 0x50, 0x0,
    0x0, 0x8f, 0xfc, 0x10, 0x9, 0xb1, 0x3e, 0xa0,
    0x1f, 0x20, 0x5, 0xf1, 0x4f, 0x0, 0x0, 0xf3,
    0x4f, 0x0, 0x1, 0xf3, 0x1f, 0x30, 0x4, 0xf1,
    0xa, 0xc3, 0x3d, 0x90, 0x0, 0xaf, 0xe9, 0x0,

    /* U+1EA0 "Ạ" */
    0x0, 0x2, 0xf4, 0x0, 0x0, 0x0, 0x8f, 0xa0,
    0x0, 0x0, 0xd, 0x8f, 0x0, 0x0, 0x3, 0xf0,
    0xe5, 0x0, 0x0, 0x8b, 0x9, 0xb0, 0x0, 0xe,
    0x50, 0x3f, 0x10, 0x4, 0xf1, 0x0, 0xe6, 0x0,
    0x9f, 0xff, 0xff, 0xb0, 0xe, 0x72, 0x22, 0x5f,
    0x14, 0xf1, 0x0, 0x0, 0xe6, 0xab, 0x0, 0x0,
    0x8, 0xc0, 0x0, 0x0, 0x0, 0x0, 0x0, 0x0,
    0xe3, 0x0, 0x0, 0x0, 0x6, 0x10, 0x0,

    /* U+1EA1 "ạ" */
    0x2, 0xbf, 0xe8, 0x0, 0xe9, 0x14, 0xf5, 0x3,
    0x0, 0xb, 0x90, 0x2b, 0xef, 0xf9, 0xe, 0x80,
    0xa, 0x93, 0xf0, 0x0, 0xb9, 0x1f, 0x83, 0x8f,
    0x90, 0x5d, 0xea, 0x8a, 0x0, 0x0, 0x0, 0x0,
    0x3, 0xe0, 0x0, 0x0, 0x17, 0x0, 0x0,

    /* U+1EA2 "Ả" */
    0x0, 0x0, 0xba, 0x0, 0x0, 0x0, 0xd, 0x90,
    0x0, 0x0, 0x0, 0x20, 0x0, 0x0, 0x0, 0x2f,
    0x40, 0x0, 0x0, 0x8, 0xfa, 0x0, 0x0, 0x0,
    0xd8, 0xf0, 0x0, 0x0, 0x3f, 0xe, 0x50, 0x0,
    0x8, 0xb0, 0x9b, 0x0, 0x0, 0xe5, 0x3, 0xf1,
    0x0, 0x4f, 0x10, 0xe, 0x60, 0x9, 0xff, 0xff,
    0xfb, 0x0, 0xe7, 0x22, 0x25, 0xf1, 0x4f, 0x10,
    0x0, 0xe, 0x6a, 0xb0, 0x0, 0x0, 0x8c,

    /* U+1EA3 "ả" */
    0x0, 0x6, 0xb3, 0x0, 0x0, 0x7c, 0x20, 0x0,
    0x0, 0x0, 0x0, 0x0, 0x0, 0x0, 0x2, 0xbf,
    0xe8, 0x0, 0xe9, 0x14, 0xf5, 0x3, 0x0, 0xb,
    0x90, 0x2b, 0xef, 0xf9, 0xe, 0x80, 0xa, 0x93,
    0xf0, 0x0, 0xb9, 0x1f, 0x83, 0x8f, 0x90, 0x5d,
    0xea, 0x8a,

    /* U+1EA4 "Ấ" */
    0x0, 0x0, 0x0, 0x4, 0x60, 0x0, 0x0, 0x0,
    0xe4, 0x0, 0x9, 0xcb, 0x35, 0x0, 0x4, 0x60,
    0x46, 0x0, 0x0, 0x2, 0xf4, 0x0, 0x0, 0x0,
    0x8f, 0xa0, 0x0, 0x0, 0xd, 0x8f, 0x0, 0x0,
    0x3, 0xf0, 0xe5, 0x0, 0x0, 0x8b, 0x9, 0xb0,
    0x0, 0xe, 0x50, 0x3f, 0x10, 0x4, 0xf1, 0x0,
    0xe6, 0x0, 0x9f, 0xff, 0xff, 0xb0, 0xe, 0x72,
    0x22, 0x5f, 0x14, 0xf1, 0x0, 0x0, 0xe6, 0xab,
    0x0, 0x0, 0x8, 0xc0,

    /* U+1EA5 "ấ" */
    0x0, 0x0, 0x0, 0x17, 0x10, 0x0, 0x0, 0x8,
    0xa0, 0x0, 0x2d, 0xd2, 0x91, 0x0, 0x2d, 0x45,
    0xd1, 0x0, 0x0, 0x0, 0x0, 0x0, 0x0, 0x2b,
    0xfe, 0x80, 0x0, 0xe, 0x91, 0x4f, 0x50, 0x0,
    0x30, 0x0, 0xb9, 0x0, 0x2, 0xbe, 0xff, 0x90,
    0x0, 0xe8, 0x0, 0xa9, 0x0, 0x3f, 0x0, 0xb,
    0x90, 0x1, 0xf8, 0x38, 0xf9, 0x0, 0x5, 0xde,
    0xa8, 0xa0, 0x0,

    /* U+1EA6 "Ầ" */
    0x45, 0x0, 0x0, 0x0, 0x1, 0xe1, 0x0, 0x0,
    0x0, 0x4, 0x36, 0xe9, 0x0, 0x0, 0x6, 0xc0,
    0xa9, 0x0, 0x0, 0x2, 0xf4, 0x0, 0x0, 0x0,
    0x8f, 0xa0, 0x0, 0x0, 0xd, 0x8f, 0x0, 0x0,
    0x3, 0xf0, 0xe5, 0x0, 0x0, 0x8b, 0x9, 0xb0,
    0x0, 0xe, 0x50, 0x3f, 0x10, 0x4, 0xf1, 0x0,
    0xe6, 0x0, 0x9f, 0xff, 0xff, 0xb0, 0xe, 0x72,
    0x22, 0x5f, 0x14, 0xf1, 0x0, 0x0, 0xe6, 0xab,
    0x0, 0x0, 0x8, 0xc0,

    /* U+1EA7 "ầ" */
    0x17, 0x0, 0x0, 0x0, 0xb, 0x60, 0x0, 0x0,
    0x2, 0x82, 0xdd, 0x10, 0x0, 0x2d, 0x45, 0xd1,
    0x0, 0x0, 0x0, 0x0, 0x0, 0x3b, 0xfe, 0x80,
    0x0, 0xe8, 0x14, 0xf5, 0x0, 0x0, 0x0, 0xb9,
    0x0, 0x2b, 0xef, 0xf9, 0x0, 0xe8, 0x0, 0xa9,
    0x3, 0xf0, 0x0, 0xb9, 0x1, 0xf8, 0x38, 0xf9,
    0x0, 0x5d, 0xea, 0x8a,

    /* U+1EA8 "Ẩ" */
    0x0, 0x0, 0x0, 0x69, 0x0, 0x0, 0x0, 0x0,
    0xc2, 0x0, 0x7, 0xca, 0x78, 0x0, 0x6, 0xa0,
    0x89, 0x0, 0x0, 0x2, 0xf4, 0x0, 0x0, 0x0,
    0x8f, 0xa0, 0x0, 0x0, 0xd, 0x8f, 0x0, 0x0,
    0x3, 0xf0, 0xe5, 0x0, 0x0, 0x8b, 0x9, 0xb0,
    0x0, 0xe, 0x50, 0x3f, 0x10, 0x4, 0xf1, 0x0,
    0xe6, 0x0, 0x9f, 0xff, 0xff, 0xb0, 0xe, 0x72,
    0x22, 0x5f, 0x14, 0xf1, 0x0, 0x0, 0xe6, 0xab,
    0x0, 0x0, 0x8, 0xc0,

    /* U+1EA9 "ẩ" */
    0x0, 0x0, 0x2, 0xa2, 0x0, 0x0, 0x0, 0x68,
    0x0, 0x3d, 0xd4, 0xb1, 0x2, 0xc2, 0x2c, 0x10,
    0x0, 0x0, 0x0, 0x0, 0x2, 0xbf, 0xe8, 0x0,
    0xe, 0x91, 0x4f, 0x50, 0x3, 0x0, 0xb, 0x90,
    0x2, 0xbe, 0xff, 0x90, 0xe, 0x80, 0xa, 0x90,
    0x3f, 0x0, 0xb, 0x90, 0x1f, 0x83, 0x8f, 0x90,
    0x5, 0xde, 0xa8, 0xa0,

    /* U+1EAA "Ẫ" */
    0x0, 0xa, 0x64, 0x30, 0x0, 0x1, 0x55, 0xb0,
    0x0, 0x0, 0x4, 0x96, 0x0, 0x0, 0x4, 0x70,
    0x66, 0x0, 0x0, 0x2, 0xf4, 0x0, 0x0, 0x0,
    0x8f, 0xa0, 0x0, 0x0, 0xd, 0x8f, 0x0, 0x0,
    0x3, 0xf0, 0xe5, 0x0, 0x0, 0x8b, 0x9, 0xb0,
    0x0, 0xe, 0x50, 0x3f, 0x10, 0x4, 0xf1, 0x0,
    0xe6, 0x0, 0x9f, 0xff, 0xff, 0xb0, 0xe, 0x72,
    0x22, 0x5f, 0x14, 0xf1, 0x0, 0x0, 0xe6, 0xab,
    0x0, 0x0, 0x8, 0xc0,

    /* U+1EAB "ẫ" */
    0x0, 0x5a, 0x17, 0x0, 0x7, 0x1c, 0x50, 0x0,
    0x1d, 0xc1, 0x0, 0x1c, 0x45, 0xc1, 0x0, 0x10,
    0x1, 0x0, 0x2b, 0xfe, 0x80, 0xe, 0x91, 0x4f,
    0x50, 0x30, 0x0, 0xb9, 0x2, 0xbe, 0xff, 0x90,
    0xe8, 0x0, 0xa9, 0x3f, 0x0, 0xb, 0x91, 0xf8,
    0x38, 0xf9, 0x5, 0xde, 0xa8, 0xa0,

    /* U+1EAC "Ậ" */
    0x0, 0x0, 0x71, 0x0, 0x0, 0x0, 0xa9, 0xc0,
    0x0, 0x0, 0x26, 0x4, 0x30, 0x0, 0x0, 0x2f,
    0x40, 0x0, 0x0, 0x8, 0xfa, 0x0, 0x0, 0x0,
    0xd8, 0xf0, 0x0, 0x0, 0x3f, 0xe, 0x50, 0x0,
    0x8, 0xb0, 0x9b, 0x0, 0x0, 0xe5, 0x3, 0xf1,
    0x0, 0x4f, 0x10, 0xe, 0x60, 0x9, 0xff, 0xff,
    0xfb, 0x0, 0xe7, 0x22, 0x25, 0xf1, 0x4f, 0x10,
    0x0, 0xe, 0x6a, 0xb0, 0x0, 0x0, 0x8c, 0x0,
    0x0, 0x0, 0x0, 0x0, 0x0, 0xe, 0x30, 0x0,
    0x0, 0x0, 0x61, 0x0, 0x0,

    /* U+1EAD "ậ" */
    0x0, 0xc, 0xb0, 0x0, 0xa, 0x56, 0x90, 0x0,
    0x0, 0x0, 0x0, 0x2b, 0xfe, 0x80, 0xe, 0x91,
    0x4f, 0x50, 0x30, 0x0, 0xb9, 0x2, 0xbe, 0xff,
    0x90, 0xe8, 0x0, 0xa9, 0x3f, 0x0, 0xb, 0x91,
    0xf8, 0x38, 0xf9, 0x5, 0xde, 0xa8, 0xa0, 0x0,
    0x0, 0x0, 0x0, 0x3e, 0x0, 0x0, 0x1, 0x70,
    0x0,

    /* U+1EAE "Ắ" */
    0x0, 0x0, 0x16, 0x0, 0x0, 0x0, 0x9, 0x30,
    0x0, 0x0, 0x6a, 0x8, 0x80, 0x0, 0x0, 0x9b,
    0x90, 0x0, 0x0, 0x2, 0xf4, 0x0, 0x0, 0x0,
    0x8f, 0xa0, 0x0, 0x0, 0xd, 0x8f, 0x0, 0x0,
    0x3, 0xf0, 0xe5, 0x0, 0x0, 0x8b, 0x9, 0xb0,
    0x0, 0xe, 0x50, 0x3f, 0x10, 0x4, 0xf1, 0x0,
    0xe6, 0x0, 0x9f, 0xff, 0xff, 0xb0, 0xe, 0x72,
    0x22, 0x5f, 0x14, 0xf1, 0x0, 0x0, 0xe6, 0xab,
    0x0, 0x0, 0x8, 0xc0,

    /* U+1EAF "ắ" */
    0x0, 0x2, 0xa0, 0x0, 0xf, 0x2, 0xe0, 0x0,
    0x5a, 0xa3, 0x0, 0x0, 0x0, 0x0, 0x3, 0xcf,
    0xe8, 0x0, 0xc7, 0x24, 0xf5, 0x0, 0x0, 0xb,
    0x90, 0x2b, 0xef, 0xf9, 0xe, 0x80, 0xa, 0x93,
    0xf0, 0x0, 0xb9, 0x1f, 0x83, 0x8f, 0x90, 0x5d,
    0xea, 0x8a,

    /* U+1EB0 "Ằ" */
    0x0, 0x4, 0x30, 0x0, 0x0, 0x0, 0x1b, 0x0,
    0x0, 0x0, 0x6a, 0x8, 0x80, 0x0, 0x0, 0x9b,
    0x90, 0x0, 0x0, 0x2, 0xf4, 0x0, 0x0, 0x0,
    0x8f, 0xa0, 0x0, 0x0, 0xd, 0x8f, 0x0, 0x0,
    0x3, 0xf0, 0xe5, 0x0, 0x0, 0x8b, 0x9, 0xb0,
    0x0, 0xe, 0x50, 0x3f, 0x10, 0x4, 0xf1, 0x0,
    0xe6, 0x0, 0x9f, 0xff, 0xff, 0xb0, 0xe, 0x72,
    0x22, 0x5f, 0x14, 0xf1, 0x0, 0x0, 0xe6, 0xab,
    0x0, 0x0, 0x8, 0xc0,

    /* U+1EB1 "ằ" */
    0x0, 0x1b, 0x10, 0x0, 0xf, 0x2, 0xe0, 0x0,
    0x5a, 0xa3, 0x0, 0x0, 0x0, 0x0, 0x3, 0xcf,
    0xe8, 0x0, 0xc7, 0x24, 0xf5, 0x0, 0x0, 0xb,
    0x90, 0x2b, 0xef, 0xf9, 0xe, 0x80, 0xa, 0x93,
    0xf0, 0x0, 0xb9, 0x1f, 0x83, 0x8f, 0x90, 0x5d,
    0xea, 0x8a,

    /* U+1EB2 "Ẳ" */
    0x0, 0x0, 0x96, 0x0, 0x0, 0x0, 0x1, 0xf0,
    0x0, 0x0, 0x0, 0xd4, 0x0, 0x0, 0x5, 0x90,
    0x85, 0x0, 0x0, 0x9, 0xb9, 0x0, 0x0, 0x0,
    0x2f, 0x40, 0x0, 0x0, 0x8, 0xfa, 0x0, 0x0,
    0x0, 0xd8, 0xf0, 0x0, 0x0, 0x3f, 0xe, 0x50,
    0x0, 0x8, 0xb0, 0x9b, 0x0, 0x0, 0xe5, 0x3,
    0xf1, 0x0, 0x4f, 0x10, 0xe, 0x60, 0x9, 0xff,
    0xff, 0xfb, 0x0, 0xe7, 0x22, 0x25, 0xf1, 0x4f,
    0x10, 0x0, 0xe, 0x6a, 0xb0, 0x0, 0x0, 0x8c,

    /* U+1EB3 "ẳ" */
    0x0, 0x5, 0x92, 0x0, 0x0, 0x79, 0x10, 0x0,
    0xf1, 0x4c, 0x0, 0x5, 0xaa, 0x20, 0x0, 0x0,
    0x0, 0x0, 0x3c, 0xfe, 0x80, 0xe, 0x81, 0x4f,
    0x50, 0x0, 0x0, 0xb9, 0x2, 0xbe, 0xff, 0x90,
    0xe8, 0x0, 0xa9, 0x3f, 0x0, 0xb, 0x91, 0xf8,
    0x38, 0xf9, 0x5, 0xde, 0xa8, 0xa0,

    /* U+1EB4 "Ẵ" */
    0x0, 0x0, 0x0, 0x0, 0x0, 0x0, 0xb8, 0x36,
    0x0, 0x0, 0x26, 0x5c, 0x20, 0x0, 0x3, 0x60,
    0x54, 0x0, 0x0, 0x1a, 0xba, 0x10, 0x0, 0x0,
    0x2f, 0x40, 0x0, 0x0, 0x8, 0xfa, 0x0, 0x0,
    0x0, 0xd8, 0xf0, 0x0, 0x0, 0x3f, 0xe, 0x50,
    0x0, 0x8, 0xb0, 0x9b, 0x0, 0x0, 0xe5, 0x3,
    0xf1, 0x0, 0x4f, 0x10, 0xe, 0x60, 0x9, 0xff,
    0xff, 0xfb, 0x0, 0xe7, 0x22, 0x25, 0xf1, 0x4f,
    0x10, 0x0, 0xe, 0x6a, 0xb0, 0x0, 0x0, 0x8c,

    /* U+1EB5 "ẵ" */
    0x0, 0x6b, 0x19, 0x0, 0x8, 0x1c, 0x60, 0x0,
    0xf1, 0x3d, 0x0, 0x4, 0xbb, 0x30, 0x0, 0x0,
    0x0, 0x0, 0x3b, 0xfe, 0x80, 0xe, 0x81, 0x4f,
    0x50, 0x0, 0x0, 0xb9, 0x2, 0xbe, 0xff, 0x90,
    0xe8, 0x0, 0xa9, 0x3f, 0x0, 0xb, 0x91, 0xf8,
    0x38, 0xf9, 0x5, 0xde, 0xa8, 0xa0,

    /* U+1EB6 "Ặ" */
    0x0, 0x5b, 0x8, 0x80, 0x0, 0x0, 0x9d, 0xb1,
    0x0, 0x0, 0x2, 0xf4, 0x0, 0x0, 0x0, 0x8f,
    0xa0, 0x0, 0x0, 0xd, 0x8f, 0x0, 0x0, 0x3,
    0xf0, 0xe5, 0x0, 0x0, 0x8b, 0x9, 0xb0, 0x0,
    0xe, 0x50, 0x3f, 0x10, 0x4, 0xf1, 0x0, 0xe6,
    0x0, 0x9f, 0xff, 0xff, 0xb0, 0xe, 0x72, 0x22,
    0x5f, 0x14, 0xf1, 0x0, 0x0, 0xe6, 0xab, 0x0,
    0x0, 0x8, 0xc0, 0x0, 0x0, 0x0, 0x0, 0x0,
    0x0, 0xe3, 0x0, 0x0, 0x0, 0x6, 0x10, 0x0,

    /* U+1EB7 "ặ" */
    0x0, 0xf1, 0x2e, 0x0, 0x5, 0xdd, 0x40, 0x0,
    0x0, 0x0, 0x0, 0x2b, 0xfe, 0x80, 0xe, 0x91,
    0x4f, 0x50, 0x30, 0x0, 0xb9, 0x2, 0xbe, 0xff,
    0x90, 0xe8, 0x0, 0xa9, 0x3f, 0x0, 0xb, 0x91,
    0xf8, 0x38, 0xf9, 0x5, 0xde, 0xa8, 0xa0, 0x0,
    0x0, 0x0, 0x0, 0x3e, 0x0, 0x0, 0x1, 0x70,
    0x0,

    /* U+1EB8 "Ẹ" */
    0xdf, 0xff, 0xff, 0x6d, 0x82, 0x22, 0x21, 0xd7,
    0x0, 0x0, 0xd, 0x70, 0x0, 0x0, 0xd7, 0x0,
    0x0, 0xd, 0xff, 0xff, 0xc0, 0xd8, 0x22, 0x21,
    0xd, 0x70, 0x0, 0x0, 0xd7, 0x0, 0x0, 0xd,
    0x82, 0x22, 0x21, 0xdf, 0xff, 0xff, 0x70, 0x0,
    0x0, 0x0, 0x0, 0x6c, 0x0, 0x0, 0x2, 0x50,
    0x0,

    /* U+1EB9 "ẹ" */
    0x0, 0x9f, 0xe8, 0x0, 0xab, 0x24, 0xe6, 0x2f,
    0x10, 0x7, 0xc5, 0xff, 0xff, 0xfe, 0x5f, 0x22,
    0x22, 0x22, 0xf3, 0x0, 0x0, 0xb, 0xd3, 0x2a,
    0x90, 0x1a, 0xff, 0xa1, 0x0, 0x0, 0x0, 0x0,
    0x0, 0xb6, 0x0, 0x0, 0x5, 0x20, 0x0,

    /* U+1EBA "Ẻ" */
    0x0, 0x3b, 0x30, 0x0, 0x0, 0x5b, 0x0, 0x0,
    0x3e, 0x30, 0x0, 0x0, 0x10, 0x0, 0xdf, 0xff,
    0xff, 0x6d, 0x82, 0x22, 0x21, 0xd7, 0x0, 0x0,
    0xd, 0x70, 0x0, 0x0, 0xd7, 0x0, 0x0, 0xd,
    0xff, 0xff, 0xc0, 0xd8, 0x22, 0x21, 0xd, 0x70,
    0x0, 0x0, 0xd7, 0x0, 0x0, 0xd, 0x82, 0x22,
    0x21, 0xdf, 0xff, 0xff, 0x70,

    /* U+1EBB "ẻ" */
    0x0, 0x8, 0xb2, 0x0, 0x0, 0x9b, 0x10, 0x0,
    0x1, 0x0, 0x0, 0x0, 0x0, 0x0, 0x0, 0x9f,
    0xe8, 0x0, 0xab, 0x24, 0xe6, 0x2f, 0x10, 0x7,
    0xc5, 0xff, 0xff, 0xfe, 0x5f, 0x22, 0x22, 0x22,
    0xf3, 0x0, 0x0, 0xb, 0xd3, 0x2a, 0x90, 0x1a,
    0xff, 0xa1,

    /* U+1EBC "Ẽ" */
    0x0, 0x0, 0x0, 0x0, 0xbe, 0xef, 0x60, 0x1,
    0x11, 0x10, 0xd, 0xff, 0xff, 0xf6, 0xd8, 0x22,
    0x22, 0x1d, 0x70, 0x0, 0x0, 0xd7, 0x0, 0x0,
    0xd, 0x70, 0x0, 0x0, 0xdf, 0xff, 0xfc, 0xd,
    0x82, 0x22, 0x10, 0xd7, 0x0, 0x0, 0xd, 0x70,
    0x0, 0x0, 0xd8, 0x22, 0x22, 0x1d, 0xff, 0xff,
    0xf7,

    /* U+1EBD "ẽ" */
    0x0, 0x0, 0x0, 0x0, 0x1d, 0xb1, 0xb3, 0x7,
    0x84, 0xec, 0x0, 0x0, 0x0, 0x0, 0x0, 0x9f,
    0xe8, 0x0, 0xab, 0x24, 0xe6, 0x2f, 0x10, 0x7,
    0xc5, 0xff, 0xff, 0xfe, 0x5f, 0x22, 0x22, 0x22,
    0xf3, 0x0, 0x0, 0xb, 0xd3, 0x2a, 0x90, 0x1a,
    0xff, 0xa1,

    /* U+1EBE "Ế" */
    0x0, 0x0, 0x0, 0x73, 0x0, 0x47, 0x4, 0xd0,
    0x4, 0xfd, 0xb5, 0x20, 0x7, 0x30, 0x73, 0x0,
    0xdf, 0xff, 0xff, 0x60, 0xd8, 0x22, 0x22, 0x10,
    0xd7, 0x0, 0x0, 0x0, 0xd7, 0x0, 0x0, 0x0,
    0xd7, 0x0, 0x0, 0x0, 0xdf, 0xff, 0xfc, 0x0,
    0xd8, 0x22, 0x21, 0x0, 0xd7, 0x0, 0x0, 0x0,
    0xd7, 0x0, 0x0, 0x0, 0xd8, 0x22, 0x22, 0x10,
    0xdf, 0xff, 0xff, 0x70,

    /* U+1EBF "ế" */
    0x0, 0x0, 0x0, 0x27, 0x0, 0x0, 0x0, 0x9,
    0x80, 0x0, 0x3e, 0xc1, 0x90, 0x0, 0x3d, 0x36,
    0xc1, 0x0, 0x0, 0x0, 0x0, 0x0, 0x0, 0x9,
    0xfe, 0x80, 0x0, 0xa, 0xb2, 0x4e, 0x60, 0x2,
    0xf1, 0x0, 0x7c, 0x0, 0x5f, 0xff, 0xff, 0xe0,
    0x5, 0xf2, 0x22, 0x22, 0x0, 0x2f, 0x30, 0x0,
    0x0, 0x0, 0xbd, 0x32, 0xa9, 0x0, 0x1, 0xaf,
    0xfa, 0x10, 0x0,

    /* U+1EC0 "Ề" */
    0x7, 0x20, 0x0, 0x0, 0x0, 0x6b, 0x0, 0x0,
    0x0, 0x0, 0x73, 0xcc, 0x60, 0x0, 0x0, 0x73,
    0x7, 0x30, 0x0, 0xdf, 0xff, 0xff, 0x60, 0xd,
    0x82, 0x22, 0x21, 0x0, 0xd7, 0x0, 0x0, 0x0,
    0xd, 0x70, 0x0, 0x0, 0x0, 0xd7, 0x0, 0x0,
    0x0, 0xd, 0xff, 0xff, 0xc0, 0x0, 0xd8, 0x22,
    0x21, 0x0, 0xd, 0x70, 0x0, 0x0, 0x0, 0xd7,
    0x0, 0x0, 0x0, 0xd, 0x82, 0x22, 0x21, 0x0,
    0xdf, 0xff, 0xff, 0x70,

    /* U+1EC1 "ề" */
    0x27, 0x0, 0x0, 0x0, 0xd, 0x50, 0x0, 0x0,
    0x3, 0x73, 0xec, 0x10, 0x0, 0x3e, 0x37, 0xc1,
    0x0, 0x0, 0x0, 0x0, 0x0, 0x9, 0xfe, 0x80,
    0x0, 0xab, 0x24, 0xe6, 0x2, 0xf1, 0x0, 0x7c,
    0x5, 0xff, 0xff, 0xfe, 0x5, 0xf2, 0x22, 0x22,
    0x2, 0xf3, 0x0, 0x0, 0x0, 0xbd, 0x32, 0xa9,
    0x0, 0x1a, 0xff, 0xa1,

    /* U+1EC2 "Ể" */
    0x0, 0x0, 0xa, 0x50, 0x0, 0x0, 0x2d, 0x1,
    0xcc, 0x5c, 0x30, 0xb5, 0x1c, 0x40, 0xdf, 0xff,
    0xff, 0x6d, 0x82, 0x22, 0x21, 0xd7, 0x0, 0x0,
    0xd, 0x70, 0x0, 0x0, 0xd7, 0x0, 0x0, 0xd,
    0xff, 0xff, 0xc0, 0xd8, 0x22, 0x21, 0xd, 0x70,
    0x0, 0x0, 0xd7, 0x0, 0x0, 0xd, 0x82, 0x22,
    0x21, 0xdf, 0xff, 0xff, 0x70,

    /* U+1EC3 "ể" */
    0x0, 0x0, 0x3, 0xa1, 0x0, 0x0, 0x0, 0x86,
    0x0, 0x4d, 0xd4, 0xa0, 0x3, 0xc1, 0x3b, 0x10,
    0x0, 0x0, 0x0, 0x0, 0x0, 0x9f, 0xe8, 0x0,
    0xa, 0xb2, 0x4e, 0x60, 0x2f, 0x10, 0x7, 0xc0,
    0x5f, 0xff, 0xff, 0xe0, 0x5f, 0x22, 0x22, 0x20,
    0x2f, 0x30, 0x0, 0x0, 0xb, 0xd3, 0x2a, 0x90,
    0x1, 0xaf, 0xfa, 0x10,

    /* U+1EC4 "Ễ" */
    0x2, 0xb2, 0x70, 0x0, 0x61, 0x98, 0x0, 0x0,
    0x89, 0x30, 0x0, 0x73, 0x8, 0x20, 0xdf, 0xff,
    0xff, 0x6d, 0x82, 0x22, 0x21, 0xd7, 0x0, 0x0,
    0xd, 0x70, 0x0, 0x0, 0xd7, 0x0, 0x0, 0xd,
    0xff, 0xff, 0xc0, 0xd8, 0x22, 0x21, 0xd, 0x70,
    0x0, 0x0, 0xd7, 0x0, 0x0, 0xd, 0x82, 0x22,
    0x21, 0xdf, 0xff, 0xff, 0x70,

    /* U+1EC5 "ễ" */
    0x0, 0x79, 0x17, 0x0, 0x7, 0x2c, 0x30, 0x0,
    0x2d, 0xb0, 0x0, 0x2d, 0x26, 0xb0, 0x1, 0x0,
    0x1, 0x0, 0x9, 0xfe, 0x80, 0xa, 0xb2, 0x4e,
    0x62, 0xf1, 0x0, 0x7c, 0x5f, 0xff, 0xff, 0xe5,
    0xf2, 0x22, 0x22, 0x2f, 0x30, 0x0, 0x0, 0xbd,
    0x32, 0xa9, 0x1, 0xaf, 0xfa, 0x10,

    /* U+1EC6 "Ệ" */
    0x0, 0x36, 0x0, 0x0, 0x2d, 0xa7, 0x0, 0x5,
    0x30, 0x70, 0xd, 0xff, 0xff, 0xf6, 0xd8, 0x22,
    0x22, 0x1d, 0x70, 0x0, 0x0, 0xd7, 0x0, 0x0,
    0xd, 0x70, 0x0, 0x0, 0xdf, 0xff, 0xfc, 0xd,
    0x82, 0x22, 0x10, 0xd7, 0x0, 0x0, 0xd, 0x70,
    0x0, 0x0, 0xd8, 0x22, 0x22, 0x1d, 0xff, 0xff,
    0xf7, 0x0, 0x0, 0x0, 0x0, 0x6, 0xc0, 0x0,
    0x0, 0x25, 0x0, 0x0,

    /* U+1EC7 "ệ" */
    0x0, 0x1d, 0xa0, 0x0, 0xb, 0x47, 0x70, 0x0,
    0x0, 0x0, 0x0, 0x9, 0xfe, 0x80, 0xa, 0xb2,
    0x4e, 0x62, 0xf1, 0x0, 0x7c, 0x5f, 0xff, 0xff,
    0xe5, 0xf2, 0x22, 0x22, 0x2f, 0x30, 0x0, 0x0,
    0xbd, 0x32, 0xa9, 0x1, 0xaf, 0xfa, 0x10, 0x0,
    0x0, 0x0, 0x0, 0xb, 0x60, 0x0, 0x0, 0x52,
    0x0,

    /* U+1EC8 "Ỉ" */
    0x8a, 0x10, 0xa6, 0x8b, 0x11, 0x0, 0xc9, 0xc,
    0x90, 0xc9, 0xc, 0x90, 0xc9, 0xc, 0x90, 0xc9,
    0xc, 0x90, 0xc9, 0xc, 0x90, 0xc9, 0x0,

    /* U+1EC9 "ỉ" */
    0x9a, 0x1b, 0x90, 0x10, 0x0, 0x0, 0xf5, 0xf,
    0x50, 0xf5, 0xf, 0x50, 0xf5, 0xf, 0x50, 0xf5,
    0xf, 0x50,

    /* U+1ECA "Ị" */
    0xc9, 0xc9, 0xc9, 0xc9, 0xc9, 0xc9, 0xc9, 0xc9,
    0xc9, 0xc9, 0xc9, 0x0, 0xb7, 0x53,

    /* U+1ECB "ị" */
    0xd, 0x40, 0x61, 0x0, 0x0, 0xf5, 0xf, 0x50,
    0xf5, 0xf, 0x50, 0xf5, 0xf, 0x50, 0xf5, 0xf,
    0x50, 0x0, 0xd, 0x40, 0x61,

    /* U+1ECC "Ọ" */
    0x0, 0x3b, 0xfe, 0x90, 0x0, 0x2f, 0x93, 0x5d,
    0xb0, 0xa, 0xb0, 0x0, 0x1f, 0x40, 0xf5, 0x0,
    0x0, 0xb9, 0x2f, 0x20, 0x0, 0x9, 0xc2, 0xf1,
    0x0, 0x0, 0x8c, 0x2f, 0x20, 0x0, 0x9, 0xc0,
    0xf5, 0x0, 0x0, 0xb9, 0xa, 0xb0, 0x0, 0x1f,
    0x50, 0x2f, 0x93, 0x5d, 0xc0, 0x0, 0x3b, 0xfe,
    0x90, 0x0, 0x0, 0x0, 0x0, 0x0, 0x0, 0x0,
    0xc6, 0x0, 0x0, 0x0, 0x5, 0x20, 0x0,

    /* U+1ECD "ọ" */
    0x0, 0x9e, 0xf9, 0x0, 0xb, 0xc3, 0x3d, 0xa0,
    0x2f, 0x20, 0x3, 0xf1, 0x5f, 0x0, 0x0, 0xf4,
    0x4f, 0x0, 0x0, 0xf5, 0x2f, 0x20, 0x3, 0xf2,
    0xa, 0xc3, 0x3d, 0xa0, 0x0, 0xaf, 0xe9, 0x0,
    0x0, 0x0, 0x0, 0x0, 0x0, 0xa, 0x80, 0x0,
    0x0, 0x4, 0x30, 0x0,

    /* U+1ECE "Ỏ" */
    0x0, 0x0, 0x99, 0x0, 0x0, 0x0, 0x0, 0xc5,
    0x0, 0x0, 0x0, 0x9a, 0x0, 0x0, 0x0, 0x1,
    0x0, 0x0, 0x0, 0x3b, 0xfe, 0x90, 0x0, 0x2f,
    0x93, 0x5d, 0xb0, 0xa, 0xb0, 0x0, 0x1f, 0x40,
    0xf5, 0x0, 0x0, 0xb9, 0x2f, 0x20, 0x0, 0x9,
    0xc2, 0xf1, 0x0, 0x0, 0x8c, 0x2f, 0x20, 0x0,
    0x9, 0xc0, 0xf5, 0x0, 0x0, 0xb9, 0xa, 0xb0,
    0x0, 0x1f, 0x50, 0x2f, 0x93, 0x5d, 0xc0, 0x0,
    0x3b, 0xfe, 0x90, 0x0,

    /* U+1ECF "ỏ" */
    0x0, 0x7, 0xb3, 0x0, 0x0, 0x8, 0xb2, 0x0,
    0x0, 0x1, 0x0, 0x0, 0x0, 0x0, 0x0, 0x0,
    0x0, 0x9e, 0xf9, 0x0, 0xb, 0xc3, 0x3d, 0xa0,
    0x2f, 0x20, 0x3, 0xf1, 0x5f, 0x0, 0x0, 0xf4,
    0x4f, 0x0, 0x0, 0xf5, 0x2f, 0x20, 0x3, 0xf2,
    0xa, 0xc3, 0x3d, 0xa0, 0x0, 0xaf, 0xe9, 0x0,

    /* U+1ED0 "Ố" */
    0x0, 0x0, 0x0, 0x2, 0x70, 0x0, 0x0, 0x74,
    0xb, 0x70, 0x0, 0xa, 0xdf, 0x67, 0x0, 0x0,
    0x37, 0x2, 0x70, 0x0, 0x0, 0x3b, 0xfe, 0x90,
    0x0, 0x2, 0xf9, 0x35, 0xdb, 0x0, 0xa, 0xb0,
    0x0, 0x1f, 0x40, 0xf, 0x50, 0x0, 0xb, 0x90,
    0x2f, 0x20, 0x0, 0x9, 0xc0, 0x2f, 0x10, 0x0,
    0x8, 0xc0, 0x2f, 0x20, 0x0, 0x9, 0xc0, 0xf,
    0x50, 0x0, 0xb, 0x90, 0xa, 0xb0, 0x0, 0x1f,
    0x50, 0x2, 0xf9, 0x35, 0xdc, 0x0, 0x0, 0x3b,
    0xfe, 0x90, 0x0,

    /* U+1ED1 "ố" */
    0x0, 0x0, 0x0, 0x17, 0x0, 0x0, 0x0, 0x8,
    0x90, 0x0, 0x2e, 0xd1, 0x91, 0x0, 0x2d, 0x45,
    0xc1, 0x0, 0x0, 0x0, 0x0, 0x0, 0x0, 0x9,
    0xef, 0x90, 0x0, 0xb, 0xc3, 0x3d, 0xa0, 0x2,
    0xf2, 0x0, 0x3f, 0x10, 0x5f, 0x0, 0x0, 0xf4,
    0x4, 0xf0, 0x0, 0xf, 0x50, 0x2f, 0x20, 0x3,
    0xf2, 0x0, 0xac, 0x33, 0xda, 0x0, 0x0, 0xaf,
    0xe9, 0x0, 0x0,

    /* U+1ED2 "Ồ" */
    0x27, 0x0, 0x0, 0x0, 0x0, 0xc5, 0x7, 0x40,
    0x0, 0x2, 0x5a, 0xdf, 0x50, 0x0, 0x3, 0x70,
    0x27, 0x0, 0x0, 0x3b, 0xfe, 0x90, 0x0, 0x2f,
    0x93, 0x5d, 0xb0, 0xa, 0xb0, 0x0, 0x1f, 0x40,
    0xf5, 0x0, 0x0, 0xb9, 0x2f, 0x20, 0x0, 0x9,
    0xc2, 0xf1, 0x0, 0x0, 0x8c, 0x2f, 0x20, 0x0,
    0x9, 0xc0, 0xf5, 0x0, 0x0, 0xb9, 0xa, 0xb0,
    0x0, 0x1f, 0x50, 0x2f, 0x93, 0x5d, 0xc0, 0x0,
    0x3b, 0xfe, 0x90, 0x0,

    /* U+1ED3 "ồ" */
    0x17, 0x0, 0x0, 0x0, 0x0, 0xc6, 0x0, 0x0,
    0x0, 0x2, 0x72, 0xed, 0x10, 0x0, 0x2, 0xd4,
    0x6d, 0x10, 0x0, 0x0, 0x0, 0x0, 0x0, 0x0,
    0x9e, 0xf9, 0x0, 0x0, 0xbc, 0x33, 0xda, 0x0,
    0x2f, 0x20, 0x3, 0xf1, 0x5, 0xf0, 0x0, 0xf,
    0x40, 0x4f, 0x0, 0x0, 0xf5, 0x2, 0xf2, 0x0,
    0x3f, 0x20, 0xa, 0xc3, 0x3d, 0xa0, 0x0, 0xa,
    0xfe, 0x90, 0x0,

    /* U+1ED4 "Ổ" */
    0x0, 0x0, 0x0, 0x3a, 0x10, 0x0, 0x0, 0x0,
    0x86, 0x0, 0x4, 0xcc, 0x4b, 0x10, 0x3, 0xc1,
    0x4c, 0x0, 0x0, 0x3b, 0xfe, 0x90, 0x0, 0x2f,
    0x93, 0x5d, 0xb0, 0xa, 0xb0, 0x0, 0x1f, 0x40,
    0xf5, 0x0, 0x0, 0xb9, 0x2f, 0x20, 0x0, 0x9,
    0xc2, 0xf1, 0x0, 0x0, 0x8c, 0x2f, 0x20, 0x0,
    0x9, 0xc0, 0xf5, 0x0, 0x0, 0xb9, 0xa, 0xb0,
    0x0, 0x1f, 0x50, 0x2f, 0x93, 0x5d, 0xc0, 0x0,
    0x3b, 0xfe, 0x90, 0x0,

    /* U+1ED5 "ổ" */
    0x0, 0x0, 0x2, 0xa2, 0x0, 0x0, 0x0, 0x77,
    0x0, 0x3d, 0xd4, 0xb1, 0x2, 0xc1, 0x3c, 0x10,
    0x0, 0x0, 0x0, 0x0, 0x0, 0x9e, 0xf9, 0x0,
    0xb, 0xc3, 0x3d, 0xa0, 0x2f, 0x20, 0x3, 0xf1,
    0x5f, 0x0, 0x0, 0xf4, 0x4f, 0x0, 0x0, 0xf5,
    0x2f, 0x20, 0x3, 0xf2, 0xa, 0xc3, 0x3d, 0xa0,
    0x0, 0xaf, 0xe9, 0x0,

    /* U+1ED6 "Ỗ" */
    0x0, 0x7, 0x91, 0x60, 0x0, 0x0, 0x73, 0xc3,
    0x0, 0x0, 0x2, 0x97, 0x0, 0x0, 0x2, 0x91,
    0x48, 0x0, 0x0, 0x3b, 0xfe, 0x90, 0x0, 0x2f,
    0x93, 0x5d, 0xb0, 0xa, 0xb0, 0x0, 0x1f, 0x40,
    0xf5, 0x0, 0x0, 0xb9, 0x2f, 0x20, 0x0, 0x9,
    0xc2, 0xf1, 0x0, 0x0, 0x8c, 0x2f, 0x20, 0x0,
    0x9, 0xc0, 0xf5, 0x0, 0x0, 0xb9, 0xa, 0xb0,
    0x0, 0x1f, 0x50, 0x2f, 0x93, 0x5d, 0xc0, 0x0,
    0x3b, 0xfe, 0x90, 0x0,

    /* U+1ED7 "ỗ" */
    0x0, 0x6a, 0x17, 0x0, 0x0, 0x72, 0xc4, 0x0,
    0x0, 0x2d, 0xc0, 0x0, 0x1, 0xd3, 0x5c, 0x0,
    0x0, 0x10, 0x1, 0x0, 0x0, 0x9e, 0xf9, 0x0,
    0xb, 0xc3, 0x3d, 0xa0, 0x2f, 0x20, 0x3, 0xf1,
    0x5f, 0x0, 0x0, 0xf4, 0x4f, 0x0, 0x0, 0xf5,
    0x2f, 0x20, 0x3, 0xf2, 0xa, 0xc3, 0x3d, 0xa0,
    0x0, 0xaf, 0xe9, 0x0,

    /* U+1ED8 "Ộ" */
    0x0, 0x0, 0x63, 0x0, 0x0, 0x0, 0x6b, 0xd2,
    0x0, 0x0, 0x7, 0x2, 0x50, 0x0, 0x3, 0xbf,
    0xe9, 0x0, 0x2, 0xf9, 0x35, 0xdb, 0x0, 0xab,
    0x0, 0x1, 0xf4, 0xf, 0x50, 0x0, 0xb, 0x92,
    0xf2, 0x0, 0x0, 0x9c, 0x2f, 0x10, 0x0, 0x8,
    0xc2, 0xf2, 0x0, 0x0, 0x9c, 0xf, 0x50, 0x0,
    0xb, 0x90, 0xab, 0x0, 0x1, 0xf5, 0x2, 0xf9,
    0x35, 0xdc, 0x0, 0x3, 0xbf, 0xe9, 0x0, 0x0,
    0x0, 0x0, 0x0, 0x0, 0x0, 0xc, 0x60, 0x0,
    0x0, 0x0, 0x52, 0x0, 0x0,

    /* U+1ED9 "ộ" */
    0x0, 0x1c, 0xb0, 0x0, 0x0, 0xb5, 0x68, 0x0,
    0x0, 0x0, 0x0, 0x0, 0x0, 0x9e, 0xf9, 0x0,
    0xb, 0xc3, 0x3d, 0xa0, 0x2f, 0x20, 0x3, 0xf1,
    0x5f, 0x0, 0x0, 0xf4, 0x4f, 0x0, 0x0, 0xf5,
    0x2f, 0x20, 0x3, 0xf2, 0xa, 0xc3, 0x3d, 0xa0,
    0x0, 0xaf, 0xe9, 0x0, 0x0, 0x0, 0x0, 0x0,
    0x0, 0xa, 0x80, 0x0, 0x0, 0x4, 0x30, 0x0,

    /* U+1EDA "Ớ" */
    0x0, 0x0, 0x5, 0x50, 0x0, 0x0, 0x0, 0x3e,
    0x20, 0x0, 0x0, 0x0, 0x52, 0x0, 0x26, 0x0,
    0x4c, 0xfe, 0x80, 0x9a, 0x3, 0xf8, 0x35, 0xef,
    0xd2, 0xc, 0x90, 0x0, 0x3f, 0x30, 0x1f, 0x30,
    0x0, 0xd, 0x80, 0x4f, 0x10, 0x0, 0xa, 0xa0,
    0x4f, 0x0, 0x0, 0x9, 0xb0, 0x4f, 0x10, 0x0,
    0xa, 0xa0, 0x1f, 0x30, 0x0, 0xd, 0x80, 0xc,
    0x90, 0x0, 0x3f, 0x30, 0x3, 0xf8, 0x35, 0xda,
    0x0, 0x0, 0x4c, 0xfe, 0x80, 0x0,

    /* U+1EDB "ớ" */
    0x0, 0x0, 0xba, 0x0, 0x0, 0x0, 0x6b, 0x0,
    0x0, 0x0, 0x0, 0x0, 0x8, 0x20, 0x9, 0xee,
    0x92, 0xe1, 0xb, 0xc3, 0x3d, 0xf5, 0x2, 0xf2,
    0x0, 0x3f, 0x20, 0x5f, 0x0, 0x0, 0xf4, 0x4,
    0xf0, 0x0, 0xf, 0x50, 0x2f, 0x20, 0x3, 0xf2,
    0x0, 0xac, 0x33, 0xdb, 0x0, 0x0, 0xaf, 0xe9,
    0x0, 0x0,

    /* U+1EDC "Ờ" */
    0x0, 0x7, 0x20, 0x0, 0x0, 0x0, 0x7, 0xd0,
    0x0, 0x0, 0x0, 0x0, 0x62, 0x0, 0x26, 0x0,
    0x4c, 0xfe, 0x80, 0x9a, 0x3, 0xf8, 0x35, 0xef,
    0xd2, 0xc, 0x90, 0x0, 0x3f, 0x30, 0x1f, 0x30,
    0x0, 0xd, 0x80, 0x4f, 0x10, 0x0, 0xa, 0xa0,
    0x4f, 0x0, 0x0, 0x9, 0xb0, 0x4f, 0x10, 0x0,
    0xa, 0xa0, 0x1f, 0x30, 0x0, 0xd, 0x80, 0xc,
    0x90, 0x0, 0x3f, 0x30, 0x3, 0xf8, 0x35, 0xda,
    0x0, 0x0, 0x4c, 0xfe, 0x80, 0x0,

    /* U+1EDD "ờ" */
    0x0, 0xbb, 0x0, 0x0, 0x0, 0x0, 0xc5, 0x0,
    0x0, 0x0, 0x0, 0x0, 0x8, 0x20, 0x9, 0xee,
    0x92, 0xe1, 0xb, 0xc3, 0x3d, 0xf5, 0x2, 0xf2,
    0x0, 0x3f, 0x20, 0x5f, 0x0, 0x0, 0xf4, 0x4,
    0xf0, 0x0, 0xf, 0x50, 0x2f, 0x20, 0x3, 0xf2,
    0x0, 0xac, 0x33, 0xdb, 0x0, 0x0, 0xaf, 0xe9,
    0x0, 0x0,

    /* U+1EDE "Ở" */
    0x0, 0x0, 0x99, 0x0, 0x0, 0x0, 0x0, 0xc,
    0x40, 0x0, 0x0, 0x0, 0x9a, 0x0, 0x0, 0x0,
    0x0, 0x10, 0x0, 0x5c, 0x0, 0x4c, 0xfe, 0x80,
    0xa9, 0x3, 0xf8, 0x35, 0xef, 0xc1, 0xc, 0x90,
    0x0, 0x3f, 0x30, 0x1f, 0x30, 0x0, 0xd, 0x80,
    0x4f, 0x10, 0x0, 0xa, 0xa0, 0x4f, 0x0, 0x0,
    0x9, 0xb0, 0x4f, 0x10, 0x0, 0xa, 0xa0, 0x1f,
    0x30, 0x0, 0xd, 0x80, 0xc, 0x90, 0x0, 0x3f,
    0x30, 0x3, 0xf8, 0x35, 0xda, 0x0, 0x0, 0x4c,
    0xfe, 0x80, 0x0,

    /* U+1EDF "ở" */
    0x0, 0x6, 0xb3, 0x0, 0x0, 0x0, 0x7c, 0x20,
    0x0, 0x0, 0x0, 0x0, 0x2, 0x0, 0x0, 0x0,
    0x0, 0xc3, 0x0, 0x9e, 0xe9, 0x2e, 0x0, 0xbc,
    0x33, 0xdf, 0x50, 0x2f, 0x20, 0x3, 0xf2, 0x5,
    0xf0, 0x0, 0xf, 0x40, 0x4f, 0x0, 0x0, 0xf5,
    0x2, 0xf2, 0x0, 0x3f, 0x20, 0xa, 0xc3, 0x3d,
    0xb0, 0x0, 0xa, 0xfe, 0x90, 0x0,

    /* U+1EE0 "Ỡ" */
    0x0, 0x0, 0x0, 0x0, 0x0, 0x0, 0x4d, 0xee,
    0xe1, 0x0, 0x0, 0x11, 0x11, 0x0, 0x5b, 0x0,
    0x4c, 0xfe, 0x80, 0xa9, 0x3, 0xf8, 0x35, 0xef,
    0xd1, 0xc, 0x90, 0x0, 0x3f, 0x30, 0x1f, 0x30,
    0x0, 0xd, 0x80, 0x4f, 0x10, 0x0, 0xa, 0xa0,
    0x4f, 0x0, 0x0, 0x9, 0xb0, 0x4f, 0x10, 0x0,
    0xa, 0xa0, 0x1f, 0x30, 0x0, 0xd, 0x80, 0xc,
    0x90, 0x0, 0x3f, 0x30, 0x3, 0xf8, 0x35, 0xda,
    0x0, 0x0, 0x4c, 0xfe, 0x80, 0x0,

    /* U+1EE1 "ỡ" */
    0x0, 0x0, 0x0, 0x0, 0x0, 0xc, 0xc1, 0x95,
    0x0, 0x5, 0x93, 0xed, 0x0, 0x0, 0x0, 0x0,
    0x0, 0x62, 0x0, 0x9e, 0xe9, 0x1e, 0x10, 0xbc,
    0x33, 0xdf, 0x60, 0x2f, 0x20, 0x3, 0xf2, 0x5,
    0xf0, 0x0, 0xf, 0x40, 0x4f, 0x0, 0x0, 0xf5,
    0x2, 0xf2, 0x0, 0x3f, 0x20, 0xa, 0xc3, 0x3d,
    0xb0, 0x0, 0xa, 0xfe, 0x90, 0x0,

    /* U+1EE2 "Ợ" */
    0x0, 0x0, 0x0, 0x0, 0x26, 0x0, 0x4c, 0xfe,
    0x80, 0x9a, 0x3, 0xf8, 0x35, 0xef, 0xd2, 0xc,
    0x90, 0x0, 0x3f, 0x30, 0x1f, 0x30, 0x0, 0xd,
    0x80, 0x4f, 0x10, 0x0, 0xa, 0xa0, 0x4f, 0x0,
    0x0, 0x9, 0xb0, 0x4f, 0x10, 0x0, 0xa, 0xa0,
    0x1f, 0x30, 0x0, 0xd, 0x80, 0xc, 0x90, 0x0,
    0x3f, 0x30, 0x3, 0xf8, 0x35, 0xda, 0x0, 0x0,
    0x4c, 0xfe, 0x80, 0x0, 0x0, 0x0, 0x0, 0x0,
    0x0, 0x0, 0x0, 0xd4, 0x0, 0x0, 0x0, 0x0,
    0x61, 0x0, 0x0,

    /* U+1EE3 "ợ" */
    0x0, 0x0, 0x0, 0xc, 0x30, 0x9, 0xee, 0x92,
    0xe0, 0xb, 0xc3, 0x3d, 0xf5, 0x2, 0xf2, 0x0,
    0x3f, 0x20, 0x5f, 0x0, 0x0, 0xf4, 0x4, 0xf0,
    0x0, 0xf, 0x50, 0x2f, 0x20, 0x3, 0xf2, 0x0,
    0xac, 0x33, 0xdb, 0x0, 0x0, 0xaf, 0xe9, 0x0,
    0x0, 0x0, 0x0, 0x0, 0x0, 0x0, 0xa, 0x80,
    0x0, 0x0, 0x0, 0x43, 0x0, 0x0,

    /* U+1EE4 "Ụ" */
    0xf, 0x40, 0x0, 0x2f, 0x20, 0xf4, 0x0, 0x2,
    0xf2, 0xf, 0x40, 0x0, 0x2f, 0x20, 0xf4, 0x0,
    0x2, 0xf2, 0xf, 0x40, 0x0, 0x2f, 0x20, 0xf4,
    0x0, 0x2, 0xf2, 0xf, 0x40, 0x0, 0x2f, 0x20,
    0xf4, 0x0, 0x2, 0xf2, 0xd, 0x70, 0x0, 0x6f,
    0x0, 0x6f, 0x62, 0x5e, 0x80, 0x0, 0x6d, 0xfd,
    0x70, 0x0, 0x0, 0x0, 0x0, 0x0, 0x0, 0x1,
    0xe2, 0x0, 0x0, 0x0, 0x7, 0x0, 0x0,

    /* U+1EE5 "ụ" */
    0x1f, 0x30, 0x8, 0xc1, 0xf3, 0x0, 0x8c, 0x1f,
    0x30, 0x8, 0xc1, 0xf3, 0x0, 0x8c, 0x1f, 0x30,
    0x8, 0xc0, 0xf3, 0x0, 0x8c, 0xd, 0xa2, 0x5e,
    0xc0, 0x3d, 0xfb, 0x9c, 0x0, 0x0, 0x0, 0x0,
    0x2, 0xe1, 0x0, 0x0, 0x17, 0x0, 0x0,

    /* U+1EE6 "Ủ" */
    0x0, 0x0, 0xc7, 0x0, 0x0, 0x0, 0x0, 0xf0,
    0x0, 0x0, 0x0, 0xd7, 0x0, 0x0, 0x0, 0x2,
    0x0, 0x0, 0xf, 0x40, 0x0, 0x2f, 0x20, 0xf4,
    0x0, 0x2, 0xf2, 0xf, 0x40, 0x0, 0x2f, 0x20,
    0xf4, 0x0, 0x2, 0xf2, 0xf, 0x40, 0x0, 0x2f,
    0x20, 0xf4, 0x0, 0x2, 0xf2, 0xf, 0x40, 0x0,
    0x2f, 0x20, 0xf4, 0x0, 0x2, 0xf2, 0xd, 0x70,
    0x0, 0x6f, 0x0, 0x6f, 0x62, 0x5e, 0x80, 0x0,
    0x6d, 0xfd, 0x70, 0x0,

    /* U+1EE7 "ủ" */
    0x0, 0x8, 0xb2, 0x0, 0x0, 0x8b, 0x20, 0x0,
    0x1, 0x0, 0x0, 0x0, 0x0, 0x0, 0x1f, 0x30,
    0x8, 0xc1, 0xf3, 0x0, 0x8c, 0x1f, 0x30, 0x8,
    0xc1, 0xf3, 0x0, 0x8c, 0x1f, 0x30, 0x8, 0xc0,
    0xf3, 0x0, 0x8c, 0xd, 0xa2, 0x5e, 0xc0, 0x3d,
    0xfb, 0x9c,

    /* U+1EE8 "Ứ" */
    0x0, 0x0, 0x6, 0x50, 0x0, 0x0, 0x0, 0x4,
    0xd1, 0x0, 0x0, 0x0, 0x0, 0x62, 0x0, 0x0,
    0x0, 0xf4, 0x0, 0x2, 0xf2, 0x7a, 0xf, 0x40,
    0x0, 0x2f, 0x9e, 0x50, 0xf4, 0x0, 0x2, 0xf9,
    0x40, 0xf, 0x40, 0x0, 0x2f, 0x20, 0x0, 0xf4,
    0x0, 0x2, 0xf2, 0x0, 0xf, 0x40, 0x0, 0x2f,
    0x20, 0x0, 0xf4, 0x0, 0x2, 0xf2, 0x0, 0xf,
    0x40, 0x0, 0x2f, 0x20, 0x0, 0xd7, 0x0, 0x6,
    0xf0, 0x0, 0x6, 0xf6, 0x25, 0xe8, 0x0, 0x0,
    0x6, 0xdf, 0xd7, 0x0, 0x0,

    /* U+1EE9 "ứ" */
    0x0, 0x0, 0xba, 0x0, 0x0, 0x0, 0x6b, 0x0,
    0x0, 0x0, 0x0, 0x0, 0x1, 0x71, 0xf3, 0x0,
    0x8c, 0x4b, 0x1f, 0x30, 0x8, 0xfc, 0x21, 0xf3,
    0x0, 0x8c, 0x0, 0x1f, 0x30, 0x8, 0xc0, 0x1,
    0xf3, 0x0, 0x8c, 0x0, 0xf, 0x30, 0x8, 0xc0,
    0x0, 0xd9, 0x3, 0xec, 0x0, 0x3, 0xdf, 0xca,
    0xc0, 0x0,

    /* U+1EEA "Ừ" */
    0x0, 0x17, 0x20, 0x0, 0x0, 0x0, 0x0, 0x8c,
    0x0, 0x0, 0x0, 0x0, 0x0, 0x62, 0x0, 0x0,
    0x0, 0xf4, 0x0, 0x2, 0xf2, 0x7a, 0xf, 0x40,
    0x0, 0x2f, 0x9e, 0x50, 0xf4, 0x0, 0x2, 0xf9,
    0x40, 0xf, 0x40, 0x0, 0x2f, 0x20, 0x0, 0xf4,
    0x0, 0x2, 0xf2, 0x0, 0xf, 0x40, 0x0, 0x2f,
    0x20, 0x0, 0xf4, 0x0, 0x2, 0xf2, 0x0, 0xf,
    0x40, 0x0, 0x2f, 0x20, 0x0, 0xd7, 0x0, 0x6,
    0xf0, 0x0, 0x6, 0xf6, 0x25, 0xe8, 0x0, 0x0,
    0x6, 0xdf, 0xd7, 0x0, 0x0,

    /* U+1EEB "ừ" */
    0x0, 0xba, 0x0, 0x0, 0x0, 0x0, 0xc5, 0x0,
    0x0, 0x0, 0x0, 0x0, 0x1, 0x71, 0xf3, 0x0,
    0x8c, 0x4b, 0x1f, 0x30, 0x8, 0xfc, 0x21, 0xf3,
    0x0, 0x8c, 0x0, 0x1f, 0x30, 0x8, 0xc0, 0x1,
    0xf3, 0x0, 0x8c, 0x0, 0xf, 0x30, 0x8, 0xc0,
    0x0, 0xd9, 0x3, 0xec, 0x0, 0x3, 0xdf, 0xca,
    0xc0, 0x0,

    /* U+1EEC "Ử" */
    0x0, 0x0, 0xa9, 0x0, 0x0, 0x0, 0x0, 0x0,
    0xd3, 0x0, 0x0, 0x0, 0x0, 0xa9, 0x0, 0x0,
    0x0, 0x0, 0x1, 0x0, 0x0, 0x0, 0xf, 0x40,
    0x0, 0x2f, 0x27, 0xa0, 0xf4, 0x0, 0x2, 0xf9,
    0xe5, 0xf, 0x40, 0x0, 0x2f, 0x94, 0x0, 0xf4,
    0x0, 0x2, 0xf2, 0x0, 0xf, 0x40, 0x0, 0x2f,
    0x20, 0x0, 0xf4, 0x0, 0x2, 0xf2, 0x0, 0xf,
    0x40, 0x0, 0x2f, 0x20, 0x0, 0xf4, 0x0, 0x2,
    0xf2, 0x0, 0xd, 0x70, 0x0, 0x6f, 0x0, 0x0,
    0x6f, 0x62, 0x5e, 0x80, 0x0, 0x0, 0x6d, 0xfd,
    0x70, 0x0, 0x0,

    /* U+1EED "ử" */
    0x0, 0x7, 0xa1, 0x0, 0x0, 0x0, 0x9, 0x70,
    0x0, 0x0, 0x7, 0xc1, 0x0, 0x0, 0x0, 0x11,
    0x0, 0x16, 0x1f, 0x30, 0x8, 0xc4, 0xb1, 0xf3,
    0x0, 0x8f, 0xc3, 0x1f, 0x30, 0x8, 0xc0, 0x1,
    0xf3, 0x0, 0x8c, 0x0, 0x1f, 0x30, 0x8, 0xc0,
    0x0, 0xf3, 0x0, 0x8c, 0x0, 0xd, 0x90, 0x3e,
    0xc0, 0x0, 0x3d, 0xfc, 0xac, 0x0,

    /* U+1EEE "Ữ" */
    0x0, 0x0, 0x0, 0x0, 0x0, 0x0, 0x5, 0xde,
    0xed, 0x0, 0x0, 0x0, 0x11, 0x11, 0x0, 0x0,
    0x0, 0xf4, 0x0, 0x2, 0xf2, 0x7a, 0xf, 0x40,
    0x0, 0x2f, 0x9e, 0x50, 0xf4, 0x0, 0x2, 0xf9,
    0x40, 0xf, 0x40, 0x0, 0x2f, 0x20, 0x0, 0xf4,
    0x0, 0x2, 0xf2, 0x0, 0xf, 0x40, 0x0, 0x2f,
    0x20, 0x0, 0xf4, 0x0, 0x2, 0xf2, 0x0, 0xf,
    0x40, 0x0, 0x2f, 0x20, 0x0, 0xd7, 0x0, 0x6,
    0xf0, 0x0, 0x6, 0xf6, 0x25, 0xe8, 0x0, 0x0,
    0x6, 0xdf, 0xd7, 0x0, 0x0,

    /* U+1EEF "ữ" */
    0x0, 0x0, 0x0, 0x0, 0x0, 0xc, 0xc1, 0xa5,
    0x0, 0x5, 0x93, 0xed, 0x0, 0x0, 0x0, 0x0,
    0x0, 0x16, 0x1f, 0x30, 0x8, 0xc4, 0xb1, 0xf3,
    0x0, 0x8f, 0xc3, 0x1f, 0x30, 0x8, 0xc0, 0x1,
    0xf3, 0x0, 0x8c, 0x0, 0x1f, 0x30, 0x8, 0xc0,
    0x0, 0xf3, 0x0, 0x8c, 0x0, 0xd, 0x90, 0x3e,
    0xc0, 0x0, 0x3d, 0xfc, 0xac, 0x0,

    /* U+1EF0 "Ự" */
    0xf, 0x40, 0x0, 0x2f, 0x27, 0xa0, 0xf4, 0x0,
    0x2, 0xf9, 0xe5, 0xf, 0x40, 0x0, 0x2f, 0x94,
    0x0, 0xf4, 0x0, 0x2, 0xf2, 0x0, 0xf, 0x40,
    0x0, 0x2f, 0x20, 0x0, 0xf4, 0x0, 0x2, 0xf2,
    0x0, 0xf, 0x40, 0x0, 0x2f, 0x20, 0x0, 0xf4,
    0x0, 0x2, 0xf2, 0x0, 0xd, 0x70, 0x0, 0x6f,
    0x0, 0x0, 0x6f, 0x62, 0x5e, 0x80, 0x0, 0x0,
    0x6d, 0xfd, 0x70, 0x0, 0x0, 0x0, 0x0, 0x0,
    0x0, 0x0, 0x0, 0x0, 0xd4, 0x0, 0x0, 0x0,
    0x0, 0x6, 0x10, 0x0, 0x0,

    /* U+1EF1 "ự" */
    0x0, 0x0, 0x0, 0x1, 0x61, 0xf3, 0x0, 0x8c,
    0x4b, 0x1f, 0x30, 0x8, 0xfc, 0x31, 0xf3, 0x0,
    0x8c, 0x0, 0x1f, 0x30, 0x8, 0xc0, 0x1, 0xf3,
    0x0, 0x8c, 0x0, 0xf, 0x30, 0x8, 0xc0, 0x0,
    0xd9, 0x3, 0xec, 0x0, 0x3, 0xdf, 0xca, 0xc0,
    0x0, 0x0, 0x0, 0x0, 0x0, 0x0, 0xc, 0x60,
    0x0, 0x0, 0x0, 0x52, 0x0, 0x0,

    /* U+1EF2 "Ỳ" */
    0x0, 0x56, 0x0, 0x0, 0x0, 0x1, 0xe4, 0x0,
    0x0, 0x0, 0x2, 0x60, 0x0, 0xa, 0xd0, 0x0,
    0x7, 0xf1, 0x2f, 0x50, 0x0, 0xe8, 0x0, 0xad,
    0x0, 0x7f, 0x10, 0x2, 0xf4, 0xe, 0x80, 0x0,
    0xa, 0xc6, 0xf1, 0x0, 0x0, 0x2f, 0xf8, 0x0,
    0x0, 0x0, 0xaf, 0x10, 0x0, 0x0, 0x7, 0xd0,
    0x0, 0x0, 0x0, 0x7d, 0x0, 0x0, 0x0, 0x7,
    0xd0, 0x0, 0x0, 0x0, 0x7d, 0x0, 0x0,

    /* U+1EF3 "ỳ" */
    0x3, 0xf3, 0x0, 0x0, 0x5, 0xc0, 0x0, 0x0,
    0x0, 0x0, 0xa, 0xa0, 0x1, 0xf4, 0x5f, 0x0,
    0x5e, 0x0, 0xf5, 0xa, 0xa0, 0xa, 0xa0, 0xe4,
    0x0, 0x5e, 0x3f, 0x0, 0x0, 0xfc, 0xa0, 0x0,
    0xa, 0xf5, 0x0, 0x0, 0x4f, 0x0, 0x0, 0x7,
    0xa0, 0x0, 0x14, 0xe4, 0x0, 0x6, 0xf8, 0x0,
    0x0,

    /* U+1EF4 "Ỵ" */
    0xad, 0x0, 0x0, 0x7f, 0x12, 0xf5, 0x0, 0xe,
    0x80, 0xa, 0xd0, 0x7, 0xf1, 0x0, 0x2f, 0x40,
    0xe8, 0x0, 0x0, 0xac, 0x6f, 0x10, 0x0, 0x2,
    0xff, 0x80, 0x0, 0x0, 0xa, 0xf1, 0x0, 0x0,
    0x0, 0x7d, 0x0, 0x0, 0x0, 0x7, 0xd0, 0x0,
    0x0, 0x0, 0x7d, 0x0, 0x0, 0x0, 0x7, 0xd0,
    0x0, 0x0, 0x0, 0x0, 0x0, 0x0, 0x0, 0x6,
    0xb0, 0x0, 0x0, 0x0, 0x25, 0x0, 0x0,

    /* U+1EF5 "ỵ" */
    0xaa, 0x0, 0x1f, 0x45, 0xf0, 0x5, 0xe0, 0xf,
    0x50, 0xaa, 0x0, 0xaa, 0xe, 0x40, 0x5, 0xe3,
    0xf0, 0x0, 0xf, 0xca, 0x0, 0x0, 0xaf, 0x50,
    0x0, 0x4, 0xf0, 0x0, 0x0, 0x7a, 0x0, 0x1,
    0x4e, 0x40, 0x0, 0x6f, 0x80, 0xd7, 0x0, 0x0,
    0x5, 0x20,

    /* U+1EF6 "Ỷ" */
    0x0, 0x4, 0xb6, 0x0, 0x0, 0x0, 0x3d, 0x50,
    0x0, 0x0, 0x0, 0x10, 0x0, 0xa, 0xd0, 0x0,
    0x7, 0xf1, 0x2f, 0x50, 0x0, 0xe8, 0x0, 0xad,
    0x0, 0x7f, 0x10, 0x2, 0xf4, 0xe, 0x80, 0x0,
    0xa, 0xc6, 0xf1, 0x0, 0x0, 0x2f, 0xf8, 0x0,
    0x0, 0x0, 0xaf, 0x10, 0x0, 0x0, 0x7, 0xd0,
    0x0, 0x0, 0x0, 0x7d, 0x0, 0x0, 0x0, 0x7,
    0xd0, 0x0, 0x0, 0x0, 0x7d, 0x0, 0x0,

    /* U+1EF7 "ỷ" */
    0x0, 0xb, 0x90, 0x0, 0x0, 0xe7, 0x0, 0x0,
    0x1, 0x0, 0x0, 0x0, 0x0, 0x0, 0xaa, 0x0,
    0x1f, 0x45, 0xf0, 0x5, 0xe0, 0xf, 0x50, 0xaa,
    0x0, 0xaa, 0xe, 0x40, 0x5, 0xe3, 0xf0, 0x0,
    0xf, 0xca, 0x0, 0x0, 0xaf, 0x50, 0x0, 0x4,
    0xf0, 0x0, 0x0, 0x7a, 0x0, 0x1, 0x4e, 0x40,
    0x0, 0x6f, 0x80, 0x0, 0x0,

    /* U+1EF8 "Ỹ" */
    0x0, 0x0, 0x0, 0x0, 0x0, 0xb, 0xee, 0xf6,
    0x0, 0x0, 0x11, 0x10, 0x0, 0xa, 0xd0, 0x0,
    0x7, 0xf1, 0x2f, 0x50, 0x0, 0xe8, 0x0, 0xad,
    0x0, 0x7f, 0x10, 0x2, 0xf4, 0xe, 0x80, 0x0,
    0xa, 0xc6, 0xf1, 0x0, 0x0, 0x2f, 0xf8, 0x0,
    0x0, 0x0, 0xaf, 0x10, 0x0, 0x0, 0x7, 0xd0,
    0x0, 0x0, 0x0, 0x7d, 0x0, 0x0, 0x0, 0x7,
    0xd0, 0x0, 0x0, 0x0, 0x7d, 0x0, 0x0,

    /* U+1EF9 "ỹ" */
    0x0, 0x0, 0x1, 0x0, 0x6e, 0x62, 0xd0, 0xd,
    0x29, 0xf6, 0x0, 0x10, 0x0, 0x0, 0xaa, 0x0,
    0x1f, 0x45, 0xf0, 0x5, 0xe0, 0xf, 0x50, 0xaa,
    0x0, 0xaa, 0xe, 0x40, 0x5, 0xe3, 0xf0, 0x0,
    0xf, 0xca, 0x0, 0x0, 0xaf, 0x50, 0x0, 0x4,
    0xf0, 0x0, 0x0, 0x7a, 0x0, 0x1, 0x4e, 0x40,
    0x0, 0x6f, 0x80, 0x0, 0x0,

    /* U+1EFA "Ỻ" */
    0xd7, 0x4f, 0x10, 0x0, 0xd, 0x74, 0xf1, 0x0,
    0x0, 0xd7, 0x4f, 0x10, 0x0, 0xd, 0x74, 0xf1,
    0x0, 0x0, 0xd7, 0x4f, 0x10, 0x0, 0xd, 0x74,
    0xf1, 0x0, 0x0, 0xd7, 0x4f, 0x10, 0x0, 0xd,
    0x74, 0xf1, 0x0, 0x0, 0xd7, 0x4f, 0x10, 0x0,
    0xd, 0x86, 0xf5, 0x42, 0x21, 0xdf, 0xff, 0xff,
    0xff, 0xc0,

    /* U+1EFB "ỻ" */
    0x8, 0xb3, 0xf0, 0xc, 0xff, 0xff, 0xf5, 0x19,
    0xc5, 0xf2, 0x0, 0x8b, 0x3f, 0x0, 0x8, 0xb3,
    0xf0, 0x0, 0x8b, 0x3f, 0x0, 0x8, 0xb3, 0xf0,
    0x0, 0x8b, 0x3f, 0x0, 0x8, 0xb3, 0xf0, 0x0,
    0x8b, 0x3f, 0x0, 0x8, 0xb3, 0xf0, 0x0,

    /* U+1EFC "Ỽ" */
    0x0, 0x2, 0x81, 0x0, 0x0, 0x7f, 0xb2, 0x0,
    0x4, 0xf5, 0x0, 0x0, 0xc, 0x90, 0x0, 0x0,
    0xf, 0x40, 0xd9, 0x0, 0x1f, 0x20, 0x2e, 0x70,
    0x2f, 0x10, 0x6, 0xe0, 0x1f, 0x20, 0x2, 0xf0,
    0xe, 0x60, 0x4, 0xf0, 0x7, 0xe4, 0x3c, 0xa0,
    0x0, 0x8e, 0xe9, 0x0,

    /* U+1EFD "ỽ" */
    0x0, 0x0, 0x30, 0x0, 0x0, 0xbd, 0x0, 0x0,
    0xbb, 0x10, 0x0, 0x6e, 0x10, 0x0, 0xc, 0x70,
    0x0, 0x2, 0xf2, 0x1f, 0x70, 0x4f, 0x0, 0x4f,
    0x45, 0xe0, 0x0, 0x9b, 0x4f, 0x0, 0x6, 0xd1,
    0xf3, 0x0, 0x7c, 0xa, 0xc3, 0x4e, 0x70, 0xa,
    0xfe, 0x80,

    /* U+1EFE "Ỿ" */
    0x1f, 0x60, 0x0, 0xd, 0x90, 0x8d, 0x0, 0x4,
    0xf2, 0x1, 0xf5, 0x0, 0xbb, 0x0, 0x9, 0xc0,
    0x2f, 0x40, 0x0, 0x2f, 0x49, 0xd0, 0x0, 0x0,
    0xac, 0xf5, 0x0, 0xb, 0xfe, 0xfe, 0x0, 0x9,
    0xc4, 0xcf, 0x70, 0x0, 0xc6, 0x6, 0xf1, 0x0,
    0x9, 0xc4, 0xc9, 0x0, 0x0, 0xb, 0xfb, 0x10,
    0x0, 0x0,

    /* U+1EFF "ỿ" */
    0x7, 0xe0, 0x0, 0xe7, 0x2, 0xf3, 0x3, 0xf2,
    0x0, 0xc8, 0x8, 0xd0, 0x0, 0x6d, 0xd, 0x80,
    0x0, 0x1f, 0x5f, 0x30, 0x0, 0xb, 0xee, 0x0,
    0x1b, 0xfe, 0xf9, 0x0, 0xac, 0x4c, 0xf4, 0x0,
    0xd6, 0x6, 0xe0, 0x0, 0x9c, 0x4c, 0x90, 0x0,
    0xb, 0xfb, 0x0, 0x0,

    /* U+F000 "" */
    0x0, 0x0, 0x0, 0x0, 0x0, 0x0, 0x0, 0x1,
    0xff, 0xff, 0xff, 0xff, 0xff, 0xff, 0xf9, 0xd,
    0xff, 0xff, 0xff, 0xff, 0xff, 0xff, 0x70, 0x1d,
    0xff, 0xff, 0xff, 0xff, 0xff, 0x80, 0x0, 0x1d,
    0xff, 0xff, 0xff, 0xff, 0x80, 0x0, 0x0, 0x1d,
    0xff, 0xff, 0xff, 0x80, 0x0, 0x0, 0x0, 0x1d,
    0xff, 0xff, 0x80, 0x0, 0x0, 0x0, 0x0, 0x1d,
    0xff, 0x80, 0x0, 0x0, 0x0, 0x0, 0x0, 0x2f,
    0xb0, 0x0, 0x0, 0x0, 0x0, 0x0, 0x1, 0xfa,
    0x0, 0x0, 0x0, 0x0, 0x0, 0x0, 0x1f, 0xa0,
    0x0, 0x0, 0x0, 0x0, 0x0, 0x1, 0xfa, 0x0,
    0x0, 0x0, 0x0, 0x0, 0x0, 0x1f, 0xa0, 0x0,
    0x0, 0x0, 0x0, 0x1, 0x56, 0xfc, 0x54, 0x0,
    0x0, 0x0, 0x0, 0x9f, 0xff, 0xff, 0xf2, 0x0,
    0x0,

    /* U+F001 "" */
    0x0, 0x0, 0x0, 0x0, 0x0, 0x0, 0x0, 0x0,
    0x0, 0x0, 0x0, 0x0, 0x2, 0x7b, 0xfb, 0x0,
    0x0, 0x0, 0x4, 0x9d, 0xff, 0xff, 0xd0, 0x0,
    0x3, 0xaf, 0xff, 0xff, 0xff, 0xfd, 0x0, 0x0,
    0xaf, 0xff, 0xff, 0xff, 0xdf, 0xd0, 0x0, 0xa,
    0xff, 0xff, 0xb6, 0x10, 0xed, 0x0, 0x0, 0xaf,
    0x94, 0x0, 0x0, 0xe, 0xd0, 0x0, 0xa, 0xf1,
    0x0, 0x0, 0x0, 0xed, 0x0, 0x0, 0xaf, 0x10,
    0x0, 0x0, 0xe, 0xd0, 0x0, 0xa, 0xf1, 0x0,
    0x0, 0x45, 0xfd, 0x0, 0x0, 0xaf, 0x10, 0x1,
    0xef, 0xff, 0xd0, 0x17, 0x9d, 0xf1, 0x0, 0x5f,
    0xff, 0xfc, 0xe, 0xff, 0xff, 0x10, 0x0, 0xaf,
    0xfd, 0x31, 0xff, 0xff, 0xe0, 0x0, 0x0, 0x1,
    0x0, 0x3, 0xbd, 0xa3, 0x0, 0x0, 0x0, 0x0,
    0x0,

    /* U+F002 "" */
    0x0, 0x0, 0x13, 0x20, 0x0, 0x0, 0x0, 0x0,
    0x4c, 0xff, 0xfe, 0x70, 0x0, 0x0, 0x6, 0xff,
    0xff, 0xff, 0xfb, 0x0, 0x0, 0x2f, 0xfb, 0x20,
    0x7, 0xff, 0x80, 0x0, 0xaf, 0xc0, 0x0, 0x0,
    0x6f, 0xf0, 0x0, 0xef, 0x50, 0x0, 0x0, 0xf,
    0xf4, 0x0, 0xff, 0x30, 0x0, 0x0, 0xd, 0xf5,
    0x0, 0xef, 0x50, 0x0, 0x0, 0xf, 0xf4, 0x0,
    0x9f, 0xd0, 0x0, 0x0, 0x8f, 0xe0, 0x0, 0x2f,
    0xfc, 0x41, 0x29, 0xff, 0x70, 0x0, 0x4, 0xff,
    0xff, 0xff, 0xff, 0xf7, 0x0, 0x0, 0x2a, 0xff,
    0xfd, 0x5b, 0xff, 0x70, 0x0, 0x0, 0x1, 0x0,
    0x1, 0xdf, 0xf7, 0x0, 0x0, 0x0, 0x0, 0x0,
    0x1d, 0xfe, 0x0, 0x0, 0x0, 0x0, 0x0, 0x1,
    0xa2,

    /* U+F004 "" */
    0x0, 0x2, 0x53, 0x0, 0x0, 0x35, 0x20, 0x0,
    0x0, 0x9f, 0xff, 0xd2, 0x2d, 0xff, 0xf9, 0x0,
    0x7, 0xff, 0xff, 0xfe, 0xef, 0xff, 0xff, 0x70,
    0xd, 0xff, 0xff, 0xff, 0xff, 0xff, 0xff, 0xd0,
    0xf, 0xff, 0xff, 0xff, 0xff, 0xff, 0xff, 0xf0,
    0xd, 0xff, 0xff, 0xff, 0xff, 0xff, 0xff, 0xd0,
    0x6, 0xff, 0xff, 0xff, 0xff, 0xff, 0xff, 0x60,
    0x0, 0x8f, 0xff, 0xff, 0xff, 0xff, 0xf8, 0x0,
    0x0, 0x9, 0xff, 0xff, 0xff, 0xff, 0x90, 0x0,
    0x0, 0x0, 0x9f, 0xff, 0xff, 0xf9, 0x0, 0x0,
    0x0, 0x0, 0xa, 0xff, 0xff, 0xa0, 0x0, 0x0,
    0x0, 0x0, 0x0, 0xaf, 0xfa, 0x0, 0x0, 0x0,
    0x0, 0x0, 0x0, 0xa, 0xa0, 0x0, 0x0, 0x0,

    /* U+F005 "" */
    0x0, 0x0, 0x0, 0x2, 0x10, 0x0, 0x0, 0x0,
    0x0, 0x0, 0x0, 0x1f, 0xc0, 0x0, 0x0, 0x0,
    0x0, 0x0, 0x0, 0x8f, 0xf4, 0x0, 0x0, 0x0,
    0x0, 0x0, 0x1, 0xff, 0xfc, 0x0, 0x0, 0x0,
    0x0, 0x0, 0x8, 0xff, 0xff, 0x50, 0x0, 0x0,
    0x19, 0xbe, 0xff, 0xff, 0xff, 0xff, 0xdb, 0x70,
    0x5f, 0xff, 0xff, 0xff, 0xff, 0xff, 0xff, 0xf1,
    0x9, 0xff, 0xff, 0xff, 0xff, 0xff, 0xff, 0x50,
    0x0, 0x8f, 0xff, 0xff, 0xff, 0xff, 0xf5, 0x0,
    0x0, 0x9, 0xff, 0xff, 0xff, 0xff, 0x50, 0x0,
    0x0, 0x6, 0xff, 0xff, 0xff, 0xff, 0x20, 0x0,
    0x0, 0x9, 0xff, 0xff, 0xff, 0xff, 0x50, 0x0,
    0x0, 0xc, 0xff, 0xfe, 0xff, 0xff, 0x80, 0x0,
    0x0, 0xe, 0xff, 0x70, 0x2a, 0xff, 0xa0, 0x0,
    0x0, 0x8, 0x81, 0x0, 0x0, 0x29, 0x50, 0x0,

    /* U+F007 "" */
    0x0, 0x0, 0x1, 0x10, 0x0, 0x0, 0x0, 0x0,
    0x1b, 0xff, 0xd3, 0x0, 0x0, 0x0, 0xc, 0xff,
    0xff, 0xf1, 0x0, 0x0, 0x4, 0xff, 0xff, 0xff,
    0x70, 0x0, 0x0, 0x5f, 0xff, 0xff, 0xf9, 0x0,
    0x0, 0x2, 0xff, 0xff, 0xff, 0x60, 0x0, 0x0,
    0xa, 0xff, 0xff, 0xd0, 0x0, 0x0, 0x0, 0x7,
    0xcd, 0x91, 0x0, 0x0, 0x0, 0x25, 0x40, 0x2,
    0x64, 0x0, 0x0, 0xaf, 0xff, 0xff, 0xff, 0xfc,
    0x10, 0x8f, 0xff, 0xff, 0xff, 0xff, 0xfc, 0xe,
    0xff, 0xff, 0xff, 0xff, 0xff, 0xf2, 0xff, 0xff,
    0xff, 0xff, 0xff, 0xff, 0x3f, 0xff, 0xff, 0xff,
    0xff, 0xff, 0xf3, 0x6b, 0xbb, 0xbb, 0xbb, 0xbb,
    0xb8, 0x0,

    /* U+F008 "" */
    0x50, 0x18, 0x88, 0x88, 0x88, 0x84, 0x5, 0xfa,
    0xbf, 0xdd, 0xdd, 0xdd, 0xfd, 0xaf, 0xe4, 0x7f,
    0x10, 0x0, 0x0, 0xca, 0x4e, 0xe0, 0x4f, 0x10,
    0x0, 0x0, 0xc8, 0xe, 0xfe, 0xef, 0x10, 0x0,
    0x0, 0xcf, 0xef, 0xe0, 0x3f, 0xee, 0xee, 0xee,
    0xf8, 0xe, 0xf6, 0x8f, 0x76, 0x66, 0x66, 0xeb,
    0x6f, 0xf8, 0xaf, 0x10, 0x0, 0x0, 0xcc, 0x8f,
    0xe0, 0x3f, 0x10, 0x0, 0x0, 0xc8, 0xe, 0xfc,
    0xdf, 0x65, 0x55, 0x55, 0xee, 0xcf, 0xc2, 0x5f,
    0xff, 0xff, 0xff, 0xf9, 0x2c,

    /* U+F009 "" */
    0x34, 0x44, 0x44, 0x11, 0x44, 0x44, 0x43, 0xff,
    0xff, 0xff, 0x88, 0xff, 0xff, 0xff, 0xff, 0xff,
    0xff, 0x99, 0xff, 0xff, 0xff, 0xff, 0xff, 0xff,
    0x99, 0xff, 0xff, 0xff, 0xff, 0xff, 0xff, 0x99,
    0xff, 0xff, 0xff, 0xff, 0xff, 0xff, 0x88, 0xff,
    0xff, 0xff, 0x46, 0x66, 0x66, 0x11, 0x66, 0x66,
    0x64, 0x9b, 0xbb, 0xbb, 0x44, 0xbb, 0xbb, 0xb9,
    0xff, 0xff, 0xff, 0x99, 0xff, 0xff, 0xff, 0xff,
    0xff, 0xff, 0x99, 0xff, 0xff, 0xff, 0xff, 0xff,
    0xff, 0x99, 0xff, 0xff, 0xff, 0xff, 0xff, 0xff,
    0x99, 0xff, 0xff, 0xff, 0xdf, 0xff, 0xff, 0x66,
    0xff, 0xff, 0xfd,

    /* U+F00A "" */
    0x57, 0x75, 0x5, 0x77, 0x50, 0x67, 0x75, 0xff,
    0xff, 0x1f, 0xff, 0xf1, 0xff, 0xff, 0xff, 0xff,
    0x2f, 0xff, 0xf2, 0xff, 0xff, 0xef, 0xff, 0xe,
    0xff, 0xf0, 0xff, 0xfe, 0x1, 0x10, 0x0, 0x11,
    0x0, 0x1, 0x10, 0xef, 0xfe, 0xe, 0xff, 0xe0,
    0xff, 0xfe, 0xff, 0xff, 0x2f, 0xff, 0xf2, 0xff,
    0xff, 0xff, 0xff, 0x1f, 0xff, 0xf1, 0xff, 0xff,
    0x68, 0x87, 0x7, 0x88, 0x70, 0x78, 0x86, 0x68,
    0x87, 0x7, 0x88, 0x70, 0x78, 0x86, 0xff, 0xff,
    0x1f, 0xff, 0xf1, 0xff, 0xff, 0xff, 0xff, 0x2f,
    0xff, 0xf2, 0xff, 0xff, 0xdf, 0xfd, 0xd, 0xff,
    0xd0, 0xef, 0xfd,

    /* U+F00B "" */
    0x57, 0x75, 0x5, 0x77, 0x77, 0x77, 0x75, 0xff,
    0xff, 0x1f, 0xff, 0xff, 0xff, 0xff, 0xff, 0xff,
    0x2f, 0xff, 0xff, 0xff, 0xff, 0xef, 0xff, 0xe,
    0xff, 0xff, 0xff, 0xfe, 0x1, 0x10, 0x0, 0x11,
    0x11, 0x11, 0x10, 0xef, 0xfe, 0xe, 0xff, 0xff,
    0xff, 0xfe, 0xff, 0xff, 0x2f, 0xff, 0xff, 0xff,
    0xff, 0xff, 0xff, 0x1f, 0xff, 0xff, 0xff, 0xff,
    0x68, 0x87, 0x7, 0x88, 0x88, 0x88, 0x86, 0x68,
    0x87, 0x7, 0x88, 0x88, 0x88, 0x86, 0xff, 0xff,
    0x1f, 0xff, 0xff, 0xff, 0xff, 0xff, 0xff, 0x2f,
    0xff, 0xff, 0xff, 0xff, 0xdf, 0xfd, 0xd, 0xff,
    0xff, 0xff, 0xfd,

    /* U+F00C "" */
    0x0, 0x0, 0x0, 0x0, 0x0, 0x1, 0x50, 0x0,
    0x0, 0x0, 0x0, 0x0, 0x1d, 0xf8, 0x0, 0x0,
    0x0, 0x0, 0x1, 0xdf, 0xfd, 0x0, 0x0, 0x0,
    0x0, 0x1d, 0xff, 0xe2, 0x2d, 0x60, 0x0, 0x1,
    0xdf, 0xfe, 0x20, 0xdf, 0xf6, 0x0, 0x1d, 0xff,
    0xe2, 0x0, 0x8f, 0xff, 0x61, 0xdf, 0xfe, 0x20,
    0x0, 0x8, 0xff, 0xfe, 0xff, 0xe2, 0x0, 0x0,
    0x0, 0x8f, 0xff, 0xfe, 0x20, 0x0, 0x0, 0x0,
    0x8, 0xff, 0xe2, 0x0, 0x0, 0x0, 0x0, 0x0,
    0x7d, 0x20, 0x0, 0x0, 0x0,

    /* U+F00D "" */
    0x0, 0x0, 0x0, 0x0, 0x0, 0x7f, 0x60, 0x0,
    0xb, 0xe2, 0xef, 0xf6, 0x0, 0xbf, 0xf8, 0x4f,
    0xff, 0x6b, 0xff, 0xd1, 0x4, 0xff, 0xff, 0xfd,
    0x10, 0x0, 0x5f, 0xff, 0xe1, 0x0, 0x0, 0xbf,
    0xff, 0xf6, 0x0, 0xb, 0xff, 0xdf, 0xff, 0x60,
    0xbf, 0xfd, 0x14, 0xff, 0xf5, 0xcf, 0xd1, 0x0,
    0x4f, 0xf6, 0x17, 0x10, 0x0, 0x3, 0x60,

    /* U+F00E "" */
    0x0, 0x0, 0x1, 0x0, 0x0, 0x0, 0x0, 0x0,
    0x3b, 0xff, 0xfc, 0x50, 0x0, 0x0, 0x5, 0xff,
    0xfd, 0xff, 0xf8, 0x0, 0x0, 0x2f, 0xf8, 0x2,
    0x16, 0xff, 0x50, 0x0, 0xaf, 0x90, 0x1f, 0x70,
    0x5f, 0xd0, 0x0, 0xef, 0x14, 0x6f, 0xa5, 0x1e,
    0xf2, 0x0, 0xff, 0xe, 0xff, 0xff, 0x4c, 0xf3,
    0x0, 0xef, 0x12, 0x4f, 0x93, 0xe, 0xf1, 0x0,
    0x9f, 0x90, 0x1f, 0x70, 0x5f, 0xd0, 0x0, 0x2f,
    0xf8, 0x0, 0x6, 0xff, 0x50, 0x0, 0x5, 0xff,
    0xfd, 0xff, 0xff, 0xf5, 0x0, 0x0, 0x2b, 0xff,
    0xfc, 0x4d, 0xff, 0x50, 0x0, 0x0, 0x1, 0x0,
    0x2, 0xef, 0xf5, 0x0, 0x0, 0x0, 0x0, 0x0,
    0x2e, 0xfb, 0x0, 0x0, 0x0, 0x0, 0x0, 0x2,
    0xa1,

    /* U+F010 "" */
    0x0, 0x0, 0x1, 0x0, 0x0, 0x0, 0x0, 0x0,
    0x3b, 0xff, 0xfc, 0x50, 0x0, 0x0, 0x5, 0xff,
    0xfd, 0xff, 0xf8, 0x0, 0x0, 0x2f, 0xf8, 0x0,
    0x6, 0xff, 0x50, 0x0, 0xaf, 0x90, 0x0, 0x0,
    0x5f, 0xd0, 0x0, 0xef, 0x16, 0x77, 0x77, 0x2e,
    0xf2, 0x0, 0xff, 0xe, 0xff, 0xff, 0x4c, 0xf3,
    0x0, 0xef, 0x10, 0x0, 0x0, 0xe, 0xf1, 0x0,
    0x9f, 0x90, 0x0, 0x0, 0x5f, 0xd0, 0x0, 0x2f,
    0xf8, 0x0, 0x6, 0xff, 0x50, 0x0, 0x5, 0xff,
    0xfd, 0xff, 0xff, 0xf5, 0x0, 0x0, 0x2b, 0xff,
    0xfc, 0x4d, 0xff, 0x50, 0x0, 0x0, 0x1, 0x0,
    0x2, 0xef, 0xf5, 0x0, 0x0, 0x0, 0x0, 0x0,
    0x2e, 0xfb, 0x0, 0x0, 0x0, 0x0, 0x0, 0x2,
    0xa1,

    /* U+F011 "" */
    0x0, 0x0, 0x0, 0x11, 0x0, 0x0, 0x0, 0x0,
    0x0, 0x0, 0xff, 0x0, 0x0, 0x0, 0x0, 0x6f,
    0x21, 0xff, 0x12, 0xf7, 0x0, 0x6, 0xff, 0x61,
    0xff, 0x16, 0xff, 0x60, 0x1f, 0xf9, 0x1, 0xff,
    0x10, 0x9f, 0xf1, 0x6f, 0xe0, 0x1, 0xff, 0x10,
    0xe, 0xf6, 0xaf, 0x80, 0x1, 0xff, 0x10, 0x8,
    0xfa, 0xcf, 0x60, 0x1, 0xff, 0x10, 0x6, 0xfc,
    0xaf, 0x80, 0x0, 0xaa, 0x0, 0x8, 0xfb, 0x7f,
    0xd0, 0x0, 0x0, 0x0, 0xd, 0xf7, 0x1f, 0xf8,
    0x0, 0x0, 0x0, 0x8f, 0xf1, 0x7, 0xff, 0x91,
    0x0, 0x2a, 0xff, 0x70, 0x0, 0x9f, 0xff, 0xee,
    0xff, 0xf9, 0x0, 0x0, 0x5, 0xcf, 0xff, 0xfd,
    0x50, 0x0, 0x0, 0x0, 0x2, 0x44, 0x20, 0x0,
    0x0,

    /* U+F012 "" */
    0x0, 0x0, 0x0, 0x0, 0x0, 0x0, 0x0, 0x0,
    0x0, 0x0, 0x0, 0x0, 0x0, 0x0, 0x0, 0x3,
    0xfe, 0x0, 0x0, 0x0, 0x0, 0x0, 0x0, 0x0,
    0x4f, 0xe0, 0x0, 0x0, 0x0, 0x0, 0x0, 0x56,
    0x14, 0xfe, 0x0, 0x0, 0x0, 0x0, 0x0, 0xe,
    0xf4, 0x4f, 0xe0, 0x0, 0x0, 0x0, 0x0, 0x0,
    0xef, 0x44, 0xfe, 0x0, 0x0, 0x0, 0x2, 0xca,
    0xe, 0xf4, 0x4f, 0xe0, 0x0, 0x0, 0x0, 0x4f,
    0xe0, 0xef, 0x44, 0xfe, 0x0, 0x0, 0x12, 0x4,
    0xfe, 0xe, 0xf4, 0x4f, 0xe0, 0x0, 0xe, 0xf4,
    0x4f, 0xe0, 0xef, 0x44, 0xfe, 0x0, 0x0, 0xef,
    0x44, 0xfe, 0xe, 0xf4, 0x4f, 0xe1, 0x87, 0xe,
    0xf4, 0x4f, 0xe0, 0xef, 0x44, 0xfe, 0x4f, 0xe0,
    0xef, 0x44, 0xfe, 0xe, 0xf4, 0x4f, 0xe4, 0xfe,
    0xe, 0xf4, 0x4f, 0xe0, 0xef, 0x44, 0xfe, 0x3f,
    0xd0, 0xdf, 0x33, 0xfd, 0xd, 0xf3, 0x3f, 0xd0,

    /* U+F013 "" */
    0x0, 0x0, 0x0, 0x0, 0x0, 0x0, 0x0, 0x0,
    0x0, 0xa, 0xff, 0xa0, 0x0, 0x0, 0x0, 0x0,
    0xc, 0xff, 0xc0, 0x0, 0x0, 0x3, 0xd6, 0xdf,
    0xff, 0xfd, 0x6d, 0x30, 0xe, 0xff, 0xff, 0xff,
    0xff, 0xff, 0xe0, 0x5f, 0xff, 0xff, 0xaa, 0xff,
    0xff, 0xf5, 0x1a, 0xff, 0xf4, 0x0, 0x4f, 0xff,
    0xa1, 0x3, 0xff, 0xd0, 0x0, 0xd, 0xff, 0x30,
    0x4, 0xff, 0xf0, 0x0, 0xf, 0xff, 0x40, 0x4f,
    0xff, 0xfb, 0x22, 0xbf, 0xff, 0xf4, 0x2f, 0xff,
    0xff, 0xff, 0xff, 0xff, 0xf2, 0x9, 0xfe, 0xff,
    0xff, 0xff, 0xef, 0x90, 0x0, 0x50, 0x5e, 0xff,
    0xe5, 0x5, 0x0, 0x0, 0x0, 0xc, 0xff, 0xc0,
    0x0, 0x0, 0x0, 0x0, 0x4, 0x77, 0x40, 0x0,
    0x0,

    /* U+F015 "" */
    0x0, 0x0, 0x0, 0x3, 0x10, 0x3, 0x41, 0x0,
    0x0, 0x0, 0x0, 0x9f, 0xf5, 0xd, 0xf5, 0x0,
    0x0, 0x0, 0x1b, 0xfd, 0xff, 0x8d, 0xf5, 0x0,
    0x0, 0x2, 0xdf, 0xb1, 0x2d, 0xff, 0xf5, 0x0,
    0x0, 0x4f, 0xf8, 0x3e, 0xc2, 0xbf, 0xf5, 0x0,
    0x7, 0xff, 0x55, 0xff, 0xfe, 0x39, 0xfe, 0x40,
    0x9f, 0xe3, 0x8f, 0xff, 0xff, 0xf5, 0x6f, 0xf6,
    0xac, 0x2a, 0xff, 0xff, 0xff, 0xff, 0x73, 0xe6,
    0x0, 0x5f, 0xff, 0xff, 0xff, 0xff, 0xf1, 0x0,
    0x0, 0x6f, 0xff, 0xd7, 0x7f, 0xff, 0xf2, 0x0,
    0x0, 0x6f, 0xff, 0x90, 0xd, 0xff, 0xf2, 0x0,
    0x0, 0x6f, 0xff, 0x90, 0xd, 0xff, 0xf2, 0x0,
    0x0, 0x4f, 0xff, 0x70, 0xb, 0xff, 0xe1, 0x0,

    /* U+F017 "" */
    0x0, 0x0, 0x0, 0x0, 0x0, 0x0, 0x0, 0x0,
    0x1, 0x8d, 0xff, 0xd8, 0x10, 0x0, 0x0, 0x4f,
    0xff, 0xff, 0xff, 0xf4, 0x0, 0x4, 0xff, 0xff,
    0xaa, 0xff, 0xff, 0x40, 0xe, 0xff, 0xff, 0x0,
    0xff, 0xff, 0xe0, 0x6f, 0xff, 0xff, 0x0, 0xff,
    0xff, 0xf6, 0xaf, 0xff, 0xff, 0x0, 0xff, 0xff,
    0xfa, 0xcf, 0xff, 0xff, 0x0, 0xff, 0xff, 0xfc,
    0xbf, 0xff, 0xff, 0x10, 0x1c, 0xff, 0xfb, 0x8f,
    0xff, 0xff, 0xe3, 0x4, 0xff, 0xf8, 0x3f, 0xff,
    0xff, 0xff, 0x9e, 0xff, 0xf3, 0xa, 0xff, 0xff,
    0xff, 0xff, 0xff, 0xa0, 0x0, 0xcf, 0xff, 0xff,
    0xff, 0xfc, 0x0, 0x0, 0x8, 0xff, 0xff, 0xff,
    0x80, 0x0, 0x0, 0x0, 0x15, 0x77, 0x51, 0x0,
    0x0,

    /* U+F018 "" */
    0x0, 0x0, 0xa, 0xbb, 0x35, 0xbb, 0x70, 0x0,
    0x0, 0x0, 0x6, 0xff, 0xfe, 0xef, 0xff, 0x20,
    0x0, 0x0, 0x0, 0xdf, 0xff, 0x26, 0xff, 0xf9,
    0x0, 0x0, 0x0, 0x4f, 0xff, 0xf0, 0x4f, 0xff,
    0xf1, 0x0, 0x0, 0xb, 0xff, 0xff, 0xee, 0xff,
    0xff, 0x70, 0x0, 0x2, 0xff, 0xff, 0xd0, 0xf,
    0xff, 0xfe, 0x0, 0x0, 0x9f, 0xff, 0xfb, 0x0,
    0xff, 0xff, 0xf5, 0x0, 0x1f, 0xff, 0xff, 0xfe,
    0xef, 0xff, 0xff, 0xc0, 0x7, 0xff, 0xff, 0xf8,
    0x0, 0xbf, 0xff, 0xff, 0x30, 0xef, 0xff, 0xff,
    0x50, 0x9, 0xff, 0xff, 0xf9, 0x9, 0xcc, 0xcc,
    0xc3, 0x0, 0x6c, 0xcc, 0xcc, 0x60,

    /* U+F019 "" */
    0x0, 0x0, 0x0, 0x33, 0x0, 0x0, 0x0, 0x0,
    0x0, 0xb, 0xff, 0xb0, 0x0, 0x0, 0x0, 0x0,
    0xc, 0xff, 0xc0, 0x0, 0x0, 0x0, 0x0, 0xc,
    0xff, 0xc0, 0x0, 0x0, 0x0, 0x0, 0xc, 0xff,
    0xc0, 0x0, 0x0, 0x0, 0x0, 0xc, 0xff, 0xc0,
    0x0, 0x0, 0x0, 0x8f, 0xff, 0xff, 0xff, 0xf8,
    0x0, 0x0, 0x2e, 0xff, 0xff, 0xff, 0xe2, 0x0,
    0x0, 0x2, 0xef, 0xff, 0xfe, 0x20, 0x0, 0x0,
    0x0, 0x2d, 0xff, 0xe2, 0x0, 0x0, 0x79, 0x99,
    0x82, 0xde, 0x28, 0x99, 0x97, 0xff, 0xff, 0xfb,
    0x22, 0xbf, 0xff, 0xff, 0xff, 0xff, 0xff, 0xff,
    0xff, 0xff, 0xff, 0xff, 0xff, 0xff, 0xff, 0xfa,
    0xb3, 0xcf, 0xac, 0xcc, 0xcc, 0xcc, 0xcc, 0xcc,
    0xca,

    /* U+F01C "" */
    0x0, 0x6, 0xbb, 0xbb, 0xbb, 0xba, 0x30, 0x0,
    0x0, 0x4f, 0xff, 0xff, 0xff, 0xff, 0xe1, 0x0,
    0x0, 0xef, 0x30, 0x0, 0x0, 0x6, 0xfb, 0x0,
    0x9, 0xf8, 0x0, 0x0, 0x0, 0x0, 0xcf, 0x50,
    0x4f, 0xd0, 0x0, 0x0, 0x0, 0x0, 0x2f, 0xe1,
    0xdf, 0x84, 0x42, 0x0, 0x0, 0x34, 0x4b, 0xf9,
    0xff, 0xff, 0xfd, 0x0, 0x1, 0xff, 0xff, 0xfb,
    0xff, 0xff, 0xff, 0x98, 0x8b, 0xff, 0xff, 0xfc,
    0xff, 0xff, 0xff, 0xff, 0xff, 0xff, 0xff, 0xfc,
    0xff, 0xff, 0xff, 0xff, 0xff, 0xff, 0xff, 0xfb,
    0x9f, 0xff, 0xff, 0xff, 0xff, 0xff, 0xff, 0xf6,

    /* U+F01E "" */
    0x0, 0x0, 0x0, 0x0, 0x0, 0x0, 0x33, 0x0,
    0x1, 0x8d, 0xff, 0xc6, 0x0, 0xef, 0x0, 0x4e,
    0xff, 0xff, 0xff, 0xe4, 0xdf, 0x3, 0xff, 0xa3,
    0x0, 0x4c, 0xff, 0xff, 0xd, 0xf8, 0x0, 0x0,
    0x0, 0x8f, 0xff, 0x5f, 0xc0, 0x0, 0x1, 0xff,
    0xff, 0xff, 0xaf, 0x60, 0x0, 0x1, 0xde, 0xee,
    0xed, 0xbf, 0x30, 0x0, 0x0, 0x0, 0x0, 0x0,
    0xbf, 0x30, 0x0, 0x0, 0x0, 0x0, 0x0, 0x8f,
    0x70, 0x0, 0x0, 0x0, 0x0, 0x0, 0x3f, 0xe0,
    0x0, 0x0, 0x0, 0x0, 0x0, 0xb, 0xfb, 0x0,
    0x0, 0x1, 0x60, 0x0, 0x1, 0xef, 0xe7, 0x44,
    0x8e, 0xf7, 0x0, 0x0, 0x1b, 0xff, 0xff, 0xff,
    0xb1, 0x0, 0x0, 0x0, 0x38, 0xab, 0x83, 0x0,
    0x0,

    /* U+F021 "" */
    0x0, 0x0, 0x0, 0x0, 0x0, 0x0, 0x33, 0x0,
    0x1, 0x8d, 0xff, 0xc6, 0x0, 0xef, 0x0, 0x4e,
    0xff, 0xff, 0xff, 0xe4, 0xdf, 0x4, 0xff, 0xb3,
    0x0, 0x4c, 0xff, 0xff, 0xe, 0xf9, 0x0, 0x0,
    0x0, 0x8f, 0xff, 0x6f, 0xc0, 0x0, 0x1, 0xff,
    0xff, 0xff, 0x8e, 0x50, 0x0, 0x1, 0xde, 0xee,
    0xed, 0x0, 0x0, 0x0, 0x0, 0x0, 0x0, 0x0,
    0x22, 0x22, 0x22, 0x0, 0x0, 0x0, 0x21, 0xff,
    0xff, 0xff, 0x10, 0x0, 0x8, 0xf8, 0xff, 0xfb,
    0xbc, 0x10, 0x0, 0x1e, 0xf4, 0xff, 0xfc, 0x10,
    0x0, 0x1, 0xdf, 0xc0, 0xfe, 0xef, 0xe8, 0x44,
    0x8e, 0xfe, 0x10, 0xfe, 0x1a, 0xff, 0xff, 0xff,
    0xc1, 0x0, 0xfd, 0x0, 0x28, 0xbb, 0x94, 0x0,
    0x0,

    /* U+F022 "" */
    0x15, 0x66, 0x66, 0x66, 0x66, 0x66, 0x51, 0xdf,
    0xff, 0xff, 0xff, 0xff, 0xff, 0xfd, 0xff, 0xff,
    0xff, 0xff, 0xff, 0xff, 0xff, 0xff, 0xa1, 0xd6,
    0x55, 0x55, 0x5c, 0xff, 0xff, 0x80, 0xb2, 0x11,
    0x11, 0x1b, 0xff, 0xff, 0xf9, 0xff, 0xff, 0xff,
    0xff, 0xff, 0xff, 0x70, 0xb0, 0x0, 0x0, 0xa,
    0xff, 0xff, 0x90, 0xc5, 0x44, 0x44, 0x4c, 0xff,
    0xff, 0xe8, 0xfd, 0xdd, 0xdd, 0xdf, 0xff, 0xff,
    0x70, 0xa0, 0x0, 0x0, 0xa, 0xff, 0xff, 0xd8,
    0xfc, 0xcc, 0xcc, 0xcf, 0xff, 0xff, 0xff, 0xff,
    0xff, 0xff, 0xff, 0xff, 0x9f, 0xff, 0xff, 0xff,
    0xff, 0xff, 0xf9,

    /* U+F023 "" */
    0x0, 0x0, 0x2, 0x30, 0x0, 0x0, 0x0, 0x0,
    0x4e, 0xff, 0xf7, 0x0, 0x0, 0x0, 0x3f, 0xff,
    0xff, 0xf7, 0x0, 0x0, 0xc, 0xfc, 0x10, 0x9f,
    0xf0, 0x0, 0x0, 0xff, 0x30, 0x0, 0xff, 0x30,
    0x0, 0xf, 0xf2, 0x0, 0xe, 0xf4, 0x0, 0x1,
    0xff, 0x30, 0x0, 0xef, 0x50, 0xa, 0xff, 0xff,
    0xff, 0xff, 0xff, 0xd0, 0xff, 0xff, 0xff, 0xff,
    0xff, 0xff, 0x3f, 0xff, 0xff, 0xff, 0xff, 0xff,
    0xf4, 0xff, 0xff, 0xff, 0xff, 0xff, 0xff, 0x4f,
    0xff, 0xff, 0xff, 0xff, 0xff, 0xf4, 0xff, 0xff,
    0xff, 0xff, 0xff, 0xff, 0x4f, 0xff, 0xff, 0xff,
    0xff, 0xff, 0xf3, 0x7d, 0xdd, 0xdd, 0xdd, 0xdd,
    0xda, 0x0,

    /* U+F024 "" */
    0x1, 0x0, 0x0, 0x0, 0x0, 0x0, 0x0, 0x6,
    0xfe, 0x10, 0x0, 0x0, 0x0, 0x0, 0x0, 0xaf,
    0xf6, 0x55, 0x20, 0x0, 0x0, 0x33, 0x4, 0xff,
    0xff, 0xff, 0xe9, 0x79, 0xdf, 0xf0, 0x1f, 0xff,
    0xff, 0xff, 0xff, 0xff, 0xff, 0x1, 0xff, 0xff,
    0xff, 0xff, 0xff, 0xff, 0xf0, 0x1f, 0xff, 0xff,
    0xff, 0xff, 0xff, 0xff, 0x1, 0xff, 0xff, 0xff,
    0xff, 0xff, 0xff, 0xf0, 0x1f, 0xff, 0xff, 0xff,
    0xff, 0xff, 0xff, 0x1, 0xff, 0xff, 0xff, 0xff,
    0xff, 0xff, 0xf0, 0x1f, 0xff, 0xff, 0xff, 0xff,
    0xff, 0xfd, 0x1, 0xfd, 0x52, 0x1, 0x5a, 0xde,
    0xc7, 0x0, 0x1f, 0xa0, 0x0, 0x0, 0x0, 0x0,
    0x0, 0x1, 0xfa, 0x0, 0x0, 0x0, 0x0, 0x0,
    0x0, 0xc, 0x70, 0x0, 0x0, 0x0, 0x0, 0x0,
    0x0,

    /* U+F025 "" */
    0x0, 0x0, 0x16, 0x88, 0x61, 0x0, 0x0, 0x0,
    0x9, 0xff, 0xff, 0xff, 0x90, 0x0, 0x1, 0xdf,
    0xd6, 0x33, 0x6d, 0xfd, 0x10, 0xb, 0xf9, 0x0,
    0x0, 0x0, 0x9f, 0xb0, 0x5f, 0xb0, 0x0, 0x0,
    0x0, 0xb, 0xf5, 0xbf, 0x20, 0x0, 0x0, 0x0,
    0x2, 0xfa, 0xee, 0x2, 0x30, 0x0, 0x3, 0x20,
    0xee, 0xfd, 0xdf, 0xf3, 0x0, 0x3f, 0xfd, 0xdf,
    0xff, 0xff, 0xf4, 0x0, 0x4f, 0xff, 0xff, 0xaf,
    0xff, 0xf4, 0x0, 0x4f, 0xff, 0xfa, 0xf, 0xff,
    0xf4, 0x0, 0x4f, 0xff, 0xf0, 0x8, 0xff, 0xf4,
    0x0, 0x4f, 0xff, 0x80, 0x0, 0x7c, 0xd2, 0x0,
    0x2d, 0xc7, 0x0,

    /* U+F026 "" */
    0x0, 0x0, 0x2, 0x70, 0x0, 0x2, 0xef, 0x0,
    0x2, 0xef, 0xfd, 0xff, 0xff, 0xff, 0xff, 0xff,
    0xff, 0xff, 0xff, 0xff, 0xff, 0xff, 0xff, 0xff,
    0xff, 0xff, 0xff, 0xff, 0x34, 0x47, 0xff, 0xf0,
    0x0, 0x5, 0xff, 0x0, 0x0, 0x5, 0xc0, 0x0,
    0x0, 0x0,

    /* U+F027 "" */
    0x0, 0x0, 0x2, 0x70, 0x0, 0x0, 0x0, 0x2,
    0xef, 0x0, 0x0, 0x0, 0x2, 0xef, 0xf0, 0x0,
    0xd, 0xff, 0xff, 0xff, 0x2, 0x20, 0xff, 0xff,
    0xff, 0xf0, 0x8e, 0x1f, 0xff, 0xff, 0xff, 0x0,
    0xe7, 0xff, 0xff, 0xff, 0xf0, 0x3f, 0x5f, 0xff,
    0xff, 0xff, 0x8, 0x90, 0x34, 0x47, 0xff, 0xf0,
    0x0, 0x0, 0x0, 0x5, 0xff, 0x0, 0x0, 0x0,
    0x0, 0x5, 0xc0, 0x0, 0x0, 0x0, 0x0, 0x0,
    0x0, 0x0,

    /* U+F028 "" */
    0x0, 0x0, 0x0, 0x0, 0x0, 0x7, 0x70, 0x0,
    0x0, 0x0, 0x2, 0x70, 0x0, 0x5, 0xfa, 0x0,
    0x0, 0x0, 0x2e, 0xf0, 0x0, 0x81, 0x4f, 0x60,
    0x0, 0x2, 0xef, 0xf0, 0x1, 0xdd, 0x7, 0xf0,
    0xdf, 0xff, 0xff, 0xf0, 0x32, 0x1e, 0x80, 0xf6,
    0xff, 0xff, 0xff, 0xf0, 0x8e, 0x27, 0xe0, 0xb9,
    0xff, 0xff, 0xff, 0xf0, 0xe, 0x73, 0xf1, 0x9b,
    0xff, 0xff, 0xff, 0xf0, 0x3f, 0x54, 0xf0, 0x9a,
    0xff, 0xff, 0xff, 0xf0, 0x89, 0xa, 0xc0, 0xd8,
    0x34, 0x47, 0xff, 0xf0, 0x0, 0x7f, 0x43, 0xf3,
    0x0, 0x0, 0x5f, 0xf0, 0x2, 0xf6, 0xc, 0xb0,
    0x0, 0x0, 0x5, 0xc0, 0x0, 0x0, 0xbf, 0x10,
    0x0, 0x0, 0x0, 0x0, 0x0, 0x9, 0xe3, 0x0,
    0x0, 0x0, 0x0, 0x0, 0x0, 0x2, 0x10, 0x0,

    /* U+F029 "" */
    0x99, 0x99, 0x90, 0x9, 0x99, 0x99, 0xf, 0xff,
    0xff, 0x10, 0xff, 0xff, 0xf1, 0xfc, 0x2b, 0xf1,
    0xf, 0xc2, 0xbf, 0x1f, 0xc0, 0xaf, 0x10, 0xfc,
    0xa, 0xf1, 0xff, 0xce, 0xf1, 0xf, 0xfc, 0xef,
    0x1f, 0xff, 0xff, 0x10, 0xff, 0xff, 0xf1, 0x0,
    0x0, 0x0, 0x0, 0x0, 0x0, 0x4, 0x44, 0x44,
    0x0, 0x44, 0x20, 0x30, 0xff, 0xff, 0xf1, 0xf,
    0xfc, 0x6e, 0x1f, 0xd7, 0xdf, 0x10, 0xff, 0xff,
    0xf1, 0xfc, 0xa, 0xf1, 0xf, 0xd9, 0xff, 0x1f,
    0xfc, 0xef, 0x10, 0xfc, 0x13, 0x30, 0xff, 0xff,
    0xf1, 0xf, 0xb5, 0x4b, 0x10,

    /* U+F02A "" */
    0x51, 0x22, 0x14, 0x24, 0x34, 0x44, 0x55, 0xb3,
    0x44, 0x38, 0x48, 0x78, 0x98, 0xab, 0xb3, 0x44,
    0x38, 0x48, 0x78, 0x98, 0xab, 0xb3, 0x44, 0x38,
    0x48, 0x78, 0x98, 0xab, 0xb3, 0x44, 0x38, 0x48,
    0x78, 0x98, 0xab, 0xb3, 0x44, 0x38, 0x48, 0x78,
    0x98, 0xab, 0xb3, 0x44, 0x38, 0x48, 0x78, 0x98,
    0xab, 0xb3, 0x44, 0x38, 0x48, 0x78, 0x98, 0xab,
    0xb3, 0x44, 0x38, 0x48, 0x78, 0x98, 0xab, 0xb3,
    0x44, 0x38, 0x48, 0x78, 0x98, 0xab, 0xb3, 0x44,
    0x38, 0x48, 0x78, 0x98, 0xab,

    /* U+F02B "" */
    0x0, 0x0, 0x0, 0x0, 0x0, 0x0, 0x0, 0xaf,
    0xff, 0xff, 0xfd, 0x10, 0x0, 0x0, 0xff, 0xdd,
    0xff, 0xff, 0xd1, 0x0, 0x0, 0xfe, 0x0, 0xcf,
    0xff, 0xfd, 0x10, 0x0, 0xfd, 0x0, 0xcf, 0xff,
    0xff, 0xd1, 0x0, 0xff, 0xdc, 0xff, 0xff, 0xff,
    0xfd, 0x10, 0xff, 0xff, 0xff, 0xff, 0xff, 0xff,
    0xd1, 0xff, 0xff, 0xff, 0xff, 0xff, 0xff, 0xfd,
    0xcf, 0xff, 0xff, 0xff, 0xff, 0xff, 0xfd, 0x1c,
    0xff, 0xff, 0xff, 0xff, 0xff, 0xe2, 0x1, 0xcf,
    0xff, 0xff, 0xff, 0xfe, 0x30, 0x0, 0x1c, 0xff,
    0xff, 0xff, 0xe3, 0x0, 0x0, 0x1, 0xcf, 0xff,
    0xfe, 0x30, 0x0, 0x0, 0x0, 0x1d, 0xff, 0xe3,
    0x0, 0x0, 0x0, 0x0, 0x1, 0xbd, 0x30, 0x0,
    0x0,

    /* U+F02C "" */
    0x0, 0x0, 0x0, 0x0, 0x0, 0x0, 0x0, 0x0,
    0x0, 0xaf, 0xff, 0xff, 0xfd, 0x16, 0xf7, 0x0,
    0x0, 0x0, 0xff, 0xdd, 0xff, 0xff, 0xd1, 0x6f,
    0x80, 0x0, 0x0, 0xfe, 0x0, 0xcf, 0xff, 0xfd,
    0x16, 0xf8, 0x0, 0x0, 0xfd, 0x0, 0xcf, 0xff,
    0xff, 0xd1, 0x6f, 0x80, 0x0, 0xff, 0xdc, 0xff,
    0xff, 0xff, 0xfd, 0x16, 0xf8, 0x0, 0xff, 0xff,
    0xff, 0xff, 0xff, 0xff, 0xd1, 0x7f, 0x80, 0xff,
    0xff, 0xff, 0xff, 0xff, 0xff, 0xfd, 0xf, 0xf5,
    0xcf, 0xff, 0xff, 0xff, 0xff, 0xff, 0xfd, 0xe,
    0xf5, 0x1c, 0xff, 0xff, 0xff, 0xff, 0xff, 0xe2,
    0x5f, 0x90, 0x1, 0xcf, 0xff, 0xff, 0xff, 0xfe,
    0x34, 0xf9, 0x0, 0x0, 0x1c, 0xff, 0xff, 0xff,
    0xe3, 0x4f, 0x90, 0x0, 0x0, 0x1, 0xcf, 0xff,
    0xfe, 0x34, 0xf9, 0x0, 0x0, 0x0, 0x0, 0x1d,
    0xff, 0xe3, 0x4f, 0x90, 0x0, 0x0, 0x0, 0x0,
    0x1, 0xbd, 0x31, 0xd9, 0x0, 0x0, 0x0,

    /* U+F02D "" */
    0x2, 0x67, 0x77, 0x77, 0x77, 0x76, 0x5, 0xff,
    0xff, 0xff, 0xff, 0xff, 0xf3, 0xdf, 0xff, 0xff,
    0xff, 0xff, 0xff, 0x3f, 0xff, 0xff, 0xff, 0xff,
    0xff, 0xf3, 0xff, 0xf8, 0x11, 0x11, 0x17, 0xff,
    0x3f, 0xff, 0xff, 0xff, 0xff, 0xff, 0xf3, 0xff,
    0xf9, 0x22, 0x22, 0x27, 0xff, 0x3f, 0xff, 0xff,
    0xff, 0xff, 0xff, 0xf3, 0xff, 0xff, 0xff, 0xff,
    0xff, 0xff, 0x3f, 0xff, 0xff, 0xff, 0xff, 0xff,
    0xf3, 0xff, 0xff, 0xff, 0xff, 0xff, 0xff, 0x2f,
    0xf4, 0x44, 0x44, 0x44, 0x4b, 0xf0, 0xee, 0x10,
    0x0, 0x0, 0x0, 0x9f, 0x8, 0xff, 0xff, 0xff,
    0xff, 0xff, 0xf2, 0x7, 0xbc, 0xcc, 0xcc, 0xcc,
    0xcb, 0x10,

    /* U+F02E "" */
    0x3, 0x44, 0x44, 0x44, 0x42, 0xd, 0xff, 0xff,
    0xff, 0xff, 0xf4, 0xff, 0xff, 0xff, 0xff, 0xff,
    0x7f, 0xff, 0xff, 0xff, 0xff, 0xf8, 0xff, 0xff,
    0xff, 0xff, 0xff, 0x8f, 0xff, 0xff, 0xff, 0xff,
    0xf8, 0xff, 0xff, 0xff, 0xff, 0xff, 0x8f, 0xff,
    0xff, 0xff, 0xff, 0xf8, 0xff, 0xff, 0xff, 0xff,
    0xff, 0x8f, 0xff, 0xff, 0xff, 0xff, 0xf8, 0xff,
    0xff, 0xff, 0xff, 0xff, 0x8f, 0xff, 0xff, 0xdf,
    0xff, 0xf8, 0xff, 0xfb, 0x20, 0x6e, 0xff, 0x8f,
    0xd4, 0x0, 0x0, 0x19, 0xf8, 0x70, 0x0, 0x0,
    0x0, 0x2, 0x40,

    /* U+F02F "" */
    0x0, 0x0, 0x0, 0x0, 0x0, 0x0, 0x0, 0x0,
    0xe, 0xff, 0xff, 0xff, 0xff, 0x70, 0x0, 0x1,
    0xfe, 0xbb, 0xbb, 0xbf, 0xff, 0x60, 0x0, 0x1f,
    0xa0, 0x0, 0x0, 0xdf, 0xfa, 0x0, 0x1, 0xfa,
    0x0, 0x0, 0x5, 0x8f, 0xa0, 0x0, 0x1f, 0xa0,
    0x0, 0x0, 0x1, 0xfa, 0x0, 0x4e, 0xfb, 0x22,
    0x22, 0x22, 0x3f, 0xfb, 0xc, 0xff, 0xff, 0xff,
    0xff, 0xff, 0xeb, 0xf5, 0xdf, 0xff, 0xff, 0xff,
    0xff, 0xfb, 0x6f, 0x6d, 0xff, 0xff, 0xff, 0xff,
    0xff, 0xff, 0xf6, 0xdf, 0xfc, 0x66, 0x66, 0x66,
    0x7f, 0xff, 0x62, 0x4f, 0xa0, 0x0, 0x0, 0x1,
    0xfb, 0x30, 0x1, 0xfa, 0x0, 0x0, 0x0, 0x1f,
    0xa0, 0x0, 0x1f, 0xff, 0xff, 0xff, 0xff, 0xfa,
    0x0, 0x0, 0x9c, 0xcc, 0xcc, 0xcc, 0xcb, 0x40,
    0x0,

    /* U+F030 "" */
    0x0, 0x0, 0x49, 0x99, 0x93, 0x0, 0x0, 0x0,
    0x0, 0xff, 0xff, 0xfe, 0x0, 0x0, 0x49, 0x9a,
    0xff, 0xff, 0xff, 0xa9, 0x93, 0xef, 0xff, 0xff,
    0xff, 0xff, 0xff, 0xfe, 0xff, 0xff, 0xf8, 0x33,
    0x8f, 0xff, 0xff, 0xff, 0xff, 0x65, 0xdd, 0x56,
    0xff, 0xff, 0xff, 0xfe, 0x2f, 0xff, 0xf2, 0xef,
    0xff, 0xff, 0xfc, 0x5f, 0xff, 0xf5, 0xcf, 0xff,
    0xff, 0xfe, 0x2f, 0xff, 0xf2, 0xef, 0xff, 0xff,
    0xff, 0x66, 0xff, 0x66, 0xff, 0xff, 0xff, 0xff,
    0xf7, 0x22, 0x7f, 0xff, 0xff, 0xff, 0xff, 0xff,
    0xff, 0xff, 0xff, 0xff, 0x8e, 0xee, 0xee, 0xee,
    0xee, 0xee, 0xe8,

    /* U+F031 "" */
    0x0, 0x0, 0x7, 0x82, 0x0, 0x0, 0x0, 0x0,
    0x7, 0xff, 0xc0, 0x0, 0x0, 0x0, 0x0, 0xdf,
    0xff, 0x10, 0x0, 0x0, 0x0, 0x3f, 0xfe, 0xf7,
    0x0, 0x0, 0x0, 0x8, 0xfc, 0x8f, 0xd0, 0x0,
    0x0, 0x0, 0xef, 0x62, 0xff, 0x20, 0x0, 0x0,
    0x4f, 0xf1, 0xc, 0xf8, 0x0, 0x0, 0x9, 0xff,
    0xff, 0xff, 0xd0, 0x0, 0x0, 0xff, 0xff, 0xff,
    0xff, 0x30, 0x0, 0x5f, 0xe3, 0x33, 0x3b, 0xf9,
    0x0, 0xb, 0xf9, 0x0, 0x0, 0x6f, 0xe0, 0xb,
    0xff, 0xe3, 0x0, 0x1d, 0xff, 0xd2, 0xef, 0xff,
    0x40, 0x1, 0xef, 0xff, 0x30,

    /* U+F032 "" */
    0x13, 0x33, 0x33, 0x30, 0x0, 0x7, 0xff, 0xff,
    0xff, 0xf7, 0x0, 0x6f, 0xff, 0xff, 0xff, 0xf5,
    0x0, 0x3f, 0xf0, 0x0, 0xaf, 0xc0, 0x3, 0xff,
    0x0, 0x5, 0xfd, 0x0, 0x3f, 0xf5, 0x56, 0xdf,
    0x90, 0x3, 0xff, 0xff, 0xff, 0xf5, 0x0, 0x3f,
    0xfd, 0xde, 0xff, 0xf1, 0x3, 0xff, 0x0, 0x6,
    0xff, 0x60, 0x3f, 0xf0, 0x0, 0x2f, 0xf7, 0x16,
    0xff, 0x33, 0x4b, 0xff, 0x37, 0xff, 0xff, 0xff,
    0xff, 0xa0, 0x6f, 0xff, 0xff, 0xfc, 0x60, 0x0,

    /* U+F033 "" */
    0x0, 0x29, 0x99, 0x99, 0x60, 0x5, 0xff, 0xff,
    0xfb, 0x0, 0x2, 0xcf, 0x92, 0x10, 0x0, 0xf,
    0xf4, 0x0, 0x0, 0x3, 0xff, 0x0, 0x0, 0x0,
    0x7f, 0xc0, 0x0, 0x0, 0xb, 0xf8, 0x0, 0x0,
    0x0, 0xff, 0x40, 0x0, 0x0, 0x3f, 0xf1, 0x0,
    0x0, 0x6, 0xfd, 0x0, 0x0, 0x0, 0xaf, 0x90,
    0x0, 0xb, 0xcf, 0xfe, 0xc1, 0x0, 0xef, 0xff,
    0xfe, 0x10, 0x0,

    /* U+F034 "" */
    0x33, 0x33, 0x33, 0x33, 0x20, 0x0, 0x1, 0x0,
    0xff, 0xff, 0xff, 0xff, 0xb0, 0x0, 0xbe, 0x20,
    0xff, 0xff, 0xff, 0xff, 0xc0, 0xb, 0xff, 0xe2,
    0xfb, 0xe, 0xf4, 0xf, 0xb0, 0x5d, 0xff, 0xd8,
    0x32, 0xe, 0xf4, 0x3, 0x20, 0x0, 0xcf, 0x0,
    0x0, 0xe, 0xf4, 0x0, 0x0, 0x0, 0xcf, 0x0,
    0x0, 0xe, 0xf4, 0x0, 0x0, 0x0, 0xcf, 0x0,
    0x0, 0xe, 0xf4, 0x0, 0x0, 0x0, 0xcf, 0x0,
    0x0, 0xe, 0xf4, 0x0, 0x0, 0x0, 0xcf, 0x0,
    0x0, 0xe, 0xf4, 0x0, 0x0, 0x1, 0xcf, 0x10,
    0x0, 0xe, 0xf4, 0x0, 0x0, 0x5f, 0xff, 0xf9,
    0x4, 0xcf, 0xfd, 0x90, 0x0, 0x7, 0xff, 0xb0,
    0x6, 0xff, 0xff, 0xb0, 0x0, 0x0, 0x7a, 0x0,

    /* U+F035 "" */
    0x33, 0x33, 0x33, 0x33, 0x33, 0x33, 0xf, 0xff,
    0xff, 0xff, 0xff, 0xff, 0xf1, 0xff, 0xff, 0xff,
    0xff, 0xff, 0xff, 0x1c, 0x90, 0x0, 0xff, 0x30,
    0x8, 0xc0, 0x0, 0x0, 0xf, 0xf3, 0x0, 0x0,
    0x0, 0x0, 0x0, 0xff, 0x40, 0x0, 0x0, 0x0,
    0x0, 0xff, 0xff, 0x40, 0x0, 0x0, 0x4, 0xa,
    0xbb, 0xb2, 0x40, 0x0, 0x7, 0xf1, 0x0, 0x0,
    0xe, 0x90, 0x7, 0xff, 0xbb, 0xbb, 0xbb, 0xff,
    0x90, 0xcf, 0xff, 0xff, 0xff, 0xff, 0xfd, 0x0,
    0xcf, 0x10, 0x0, 0x0, 0xed, 0x10, 0x0, 0xa0,
    0x0, 0x0, 0x9, 0x10, 0x0,

    /* U+F036 "" */
    0x89, 0x99, 0x99, 0x97, 0x0, 0x0, 0xf, 0xff,
    0xff, 0xff, 0xd0, 0x0, 0x0, 0x22, 0x22, 0x22,
    0x21, 0x0, 0x0, 0x0, 0x0, 0x0, 0x0, 0x0,
    0x0, 0x0, 0xbc, 0xcc, 0xcc, 0xcc, 0xcc, 0xcc,
    0x2e, 0xff, 0xff, 0xff, 0xff, 0xff, 0xf3, 0x0,
    0x0, 0x0, 0x0, 0x0, 0x0, 0x8, 0x99, 0x99,
    0x99, 0x70, 0x0, 0x0, 0xff, 0xff, 0xff, 0xfd,
    0x0, 0x0, 0x2, 0x22, 0x22, 0x22, 0x10, 0x0,
    0x0, 0x0, 0x0, 0x0, 0x0, 0x0, 0x0, 0xb,
    0xcc, 0xcc, 0xcc, 0xcc, 0xcc, 0xc2, 0xef, 0xff,
    0xff, 0xff, 0xff, 0xff, 0x30,

    /* U+F037 "" */
    0x0, 0x39, 0x99, 0x99, 0x95, 0x0, 0x0, 0x5,
    0xff, 0xff, 0xff, 0x90, 0x0, 0x0, 0x2, 0x22,
    0x22, 0x21, 0x0, 0x0, 0x0, 0x0, 0x0, 0x0,
    0x0, 0x0, 0xbc, 0xcc, 0xcc, 0xcc, 0xcc, 0xcc,
    0x2e, 0xff, 0xff, 0xff, 0xff, 0xff, 0xf3, 0x0,
    0x0, 0x0, 0x0, 0x0, 0x0, 0x0, 0x3, 0x99,
    0x99, 0x99, 0x50, 0x0, 0x0, 0x5f, 0xff, 0xff,
    0xf9, 0x0, 0x0, 0x0, 0x22, 0x22, 0x22, 0x10,
    0x0, 0x0, 0x0, 0x0, 0x0, 0x0, 0x0, 0xb,
    0xcc, 0xcc, 0xcc, 0xcc, 0xcc, 0xc2, 0xef, 0xff,
    0xff, 0xff, 0xff, 0xff, 0x30,

    /* U+F038 "" */
    0x0, 0x0, 0x59, 0x99, 0x99, 0x99, 0x10, 0x0,
    0x9, 0xff, 0xff, 0xff, 0xf3, 0x0, 0x0, 0x12,
    0x22, 0x22, 0x22, 0x0, 0x0, 0x0, 0x0, 0x0,
    0x0, 0x0, 0xbc, 0xcc, 0xcc, 0xcc, 0xcc, 0xcc,
    0x2e, 0xff, 0xff, 0xff, 0xff, 0xff, 0xf3, 0x0,
    0x0, 0x0, 0x0, 0x0, 0x0, 0x0, 0x0, 0x5,
    0x99, 0x99, 0x99, 0x91, 0x0, 0x0, 0x9f, 0xff,
    0xff, 0xff, 0x30, 0x0, 0x1, 0x22, 0x22, 0x22,
    0x20, 0x0, 0x0, 0x0, 0x0, 0x0, 0x0, 0xb,
    0xcc, 0xcc, 0xcc, 0xcc, 0xcc, 0xc2, 0xef, 0xff,
    0xff, 0xff, 0xff, 0xff, 0x30,

    /* U+F039 "" */
    0x89, 0x99, 0x99, 0x99, 0x99, 0x99, 0x1f, 0xff,
    0xff, 0xff, 0xff, 0xff, 0xf3, 0x12, 0x22, 0x22,
    0x22, 0x22, 0x22, 0x0, 0x0, 0x0, 0x0, 0x0,
    0x0, 0x0, 0xbc, 0xcc, 0xcc, 0xcc, 0xcc, 0xcc,
    0x2e, 0xff, 0xff, 0xff, 0xff, 0xff, 0xf3, 0x0,
    0x0, 0x0, 0x0, 0x0, 0x0, 0x8, 0x99, 0x99,
    0x99, 0x99, 0x99, 0x91, 0xff, 0xff, 0xff, 0xff,
    0xff, 0xff, 0x31, 0x22, 0x22, 0x22, 0x22, 0x22,
    0x20, 0x0, 0x0, 0x0, 0x0, 0x0, 0x0, 0xb,
    0xcc, 0xcc, 0xcc, 0xcc, 0xcc, 0xc2, 0xef, 0xff,
    0xff, 0xff, 0xff, 0xff, 0x30,

    /* U+F03A "" */
    0x12, 0x0, 0x0, 0x0, 0x0, 0x0, 0x0, 0xff,
    0x90, 0x6b, 0xbb, 0xbb, 0xbb, 0xba, 0xff, 0xa0,
    0x9f, 0xff, 0xff, 0xff, 0xff, 0x67, 0x30, 0x0,
    0x0, 0x0, 0x0, 0x0, 0x0, 0x0, 0x0, 0x0,
    0x0, 0x0, 0x0, 0x67, 0x30, 0x0, 0x0, 0x0,
    0x0, 0x0, 0xff, 0xa0, 0x9f, 0xff, 0xff, 0xff,
    0xff, 0xff, 0x90, 0x6b, 0xbb, 0xbb, 0xbb, 0xba,
    0x12, 0x0, 0x0, 0x0, 0x0, 0x0, 0x0, 0x23,
    0x10, 0x0, 0x0, 0x0, 0x0, 0x0, 0xff, 0x90,
    0x6c, 0xcc, 0xcc, 0xcc, 0xcb, 0xff, 0xa0, 0x9f,
    0xff, 0xff, 0xff, 0xff, 0x67, 0x30, 0x0, 0x0,
    0x0, 0x0, 0x0,

    /* U+F03B "" */
    0x89, 0x99, 0x99, 0x99, 0x99, 0x99, 0xf, 0xff,
    0xff, 0xff, 0xff, 0xff, 0xf1, 0x12, 0x22, 0x22,
    0x22, 0x22, 0x22, 0x0, 0x1, 0x10, 0x0, 0x0,
    0x0, 0x0, 0x1, 0xd7, 0xb, 0xcc, 0xcc, 0xcc,
    0x1, 0xdf, 0x80, 0xdf, 0xff, 0xff, 0xe0, 0xcf,
    0xf8, 0x0, 0x0, 0x0, 0x0, 0x6, 0xff, 0x80,
    0x89, 0x99, 0x99, 0x90, 0x6, 0xf8, 0xe, 0xff,
    0xff, 0xff, 0x10, 0x6, 0x50, 0x12, 0x22, 0x22,
    0x20, 0x0, 0x0, 0x0, 0x0, 0x0, 0x0, 0xb,
    0xcc, 0xcc, 0xcc, 0xcc, 0xcc, 0xc0, 0xef, 0xff,
    0xff, 0xff, 0xff, 0xfe, 0x0,

    /* U+F03C "" */
    0x89, 0x99, 0x99, 0x99, 0x99, 0x99, 0xf, 0xff,
    0xff, 0xff, 0xff, 0xff, 0xf1, 0x12, 0x22, 0x22,
    0x22, 0x22, 0x22, 0x2, 0x0, 0x0, 0x0, 0x0,
    0x0, 0x0, 0xf6, 0x0, 0xb, 0xcc, 0xcc, 0xcc,
    0xf, 0xf6, 0x0, 0xdf, 0xff, 0xff, 0xe0, 0xff,
    0xf4, 0x0, 0x0, 0x0, 0x0, 0xf, 0xfd, 0x10,
    0x89, 0x99, 0x99, 0x90, 0xfd, 0x10, 0xe, 0xff,
    0xff, 0xff, 0x1a, 0x10, 0x0, 0x12, 0x22, 0x22,
    0x20, 0x0, 0x0, 0x0, 0x0, 0x0, 0x0, 0xb,
    0xcc, 0xcc, 0xcc, 0xcc, 0xcc, 0xc0, 0xef, 0xff,
    0xff, 0xff, 0xff, 0xfe, 0x0,

    /* U+F03D "" */
    0x37, 0x88, 0x88, 0x88, 0x86, 0x0, 0x0, 0x0,
    0xef, 0xff, 0xff, 0xff, 0xff, 0x60, 0x0, 0x74,
    0xff, 0xff, 0xff, 0xff, 0xff, 0x80, 0x3d, 0xfb,
    0xff, 0xff, 0xff, 0xff, 0xff, 0x86, 0xff, 0xfc,
    0xff, 0xff, 0xff, 0xff, 0xff, 0x8a, 0xff, 0xfc,
    0xff, 0xff, 0xff, 0xff, 0xff, 0x8a, 0xff, 0xfc,
    0xff, 0xff, 0xff, 0xff, 0xff, 0x8a, 0xff, 0xfc,
    0xff, 0xff, 0xff, 0xff, 0xff, 0x89, 0xff, 0xfc,
    0xff, 0xff, 0xff, 0xff, 0xff, 0x81, 0xaf, 0xfc,
    0xff, 0xff, 0xff, 0xff, 0xff, 0x70, 0x5, 0xea,
    0xaf, 0xff, 0xff, 0xff, 0xfe, 0x30, 0x0, 0x0,

    /* U+F03E "" */
    0x37, 0x88, 0x88, 0x88, 0x88, 0x88, 0x73, 0xef,
    0xff, 0xff, 0xff, 0xff, 0xff, 0xfe, 0xfe, 0x32,
    0xdf, 0xff, 0xff, 0xff, 0xff, 0xf9, 0x0, 0x7f,
    0xff, 0xfd, 0xff, 0xff, 0xfd, 0x10, 0xcf, 0xff,
    0xa0, 0x7f, 0xff, 0xff, 0xff, 0xff, 0xfa, 0x0,
    0x7, 0xff, 0xff, 0xf3, 0x5f, 0xa0, 0x0, 0x0,
    0xcf, 0xff, 0x30, 0x3, 0x0, 0x0, 0x0, 0xcf,
    0xfc, 0x0, 0x0, 0x0, 0x0, 0x0, 0xcf, 0xff,
    0xcc, 0xcc, 0xcc, 0xcc, 0xcc, 0xff, 0xaf, 0xff,
    0xff, 0xff, 0xff, 0xff, 0xf9,

    /* U+F041 "" */
    0x0, 0x0, 0x11, 0x0, 0x0, 0x0, 0x5, 0xdf,
    0xff, 0xa1, 0x0, 0x8, 0xff, 0xff, 0xff, 0xe2,
    0x4, 0xff, 0xff, 0xff, 0xff, 0xc0, 0xbf, 0xff,
    0xff, 0xff, 0xff, 0x3f, 0xff, 0xff, 0xff, 0xff,
    0xf7, 0xff, 0xff, 0xff, 0xff, 0xff, 0x7c, 0xff,
    0xff, 0xff, 0xff, 0xf4, 0x6f, 0xff, 0xff, 0xff,
    0xfd, 0x0, 0xcf, 0xff, 0xff, 0xff, 0x40, 0x2,
    0xff, 0xff, 0xff, 0xa0, 0x0, 0x7, 0xff, 0xff,
    0xd0, 0x0, 0x0, 0xb, 0xff, 0xf3, 0x0, 0x0,
    0x0, 0x1f, 0xf8, 0x0, 0x0, 0x0, 0x0, 0x5b,
    0x0, 0x0, 0x0,

    /* U+F042 "" */
    0x0, 0x0, 0x0, 0x0, 0x0, 0x0, 0x0, 0x0,
    0x1, 0x8d, 0xff, 0xd8, 0x10, 0x0, 0x0, 0x4f,
    0xff, 0xfc, 0xff, 0xf4, 0x0, 0x4, 0xff, 0xff,
    0xf0, 0x6, 0xff, 0x40, 0xe, 0xff, 0xff, 0xf0,
    0x0, 0x3f, 0xe0, 0x6f, 0xff, 0xff, 0xf0, 0x0,
    0x8, 0xf6, 0xaf, 0xff, 0xff, 0xf0, 0x0, 0x2,
    0xfa, 0xcf, 0xff, 0xff, 0xf0, 0x0, 0x0, 0xfb,
    0xbf, 0xff, 0xff, 0xf0, 0x0, 0x0, 0xfb, 0x8f,
    0xff, 0xff, 0xf0, 0x0, 0x4, 0xf8, 0x3f, 0xff,
    0xff, 0xf0, 0x0, 0xc, 0xf3, 0xa, 0xff, 0xff,
    0xf0, 0x0, 0x9f, 0xa0, 0x0, 0xdf, 0xff, 0xf2,
    0x6d, 0xfd, 0x0, 0x0, 0x9, 0xff, 0xff, 0xff,
    0x90, 0x0, 0x0, 0x0, 0x26, 0x99, 0x62, 0x0,
    0x0,

    /* U+F043 "" */
    0x0, 0x0, 0x20, 0x0, 0x0, 0x0, 0x1, 0xfa,
    0x0, 0x0, 0x0, 0x6, 0xff, 0x10, 0x0, 0x0,
    0xd, 0xff, 0x70, 0x0, 0x0, 0x6f, 0xff, 0xf1,
    0x0, 0x1, 0xef, 0xff, 0xfa, 0x0, 0xb, 0xff,
    0xff, 0xff, 0x60, 0x5f, 0xff, 0xff, 0xff, 0xe0,
    0xcf, 0xff, 0xff, 0xff, 0xf6, 0xfe, 0xbf, 0xff,
    0xff, 0xf9, 0xfd, 0x4f, 0xff, 0xff, 0xf9, 0xbf,
    0x49, 0xff, 0xff, 0xf5, 0x3f, 0xe5, 0x2e, 0xff,
    0xd0, 0x6, 0xff, 0xff, 0xfd, 0x20, 0x0, 0x28,
    0xba, 0x60, 0x0,

    /* U+F044 "" */
    0x0, 0x0, 0x0, 0x0, 0x0, 0x0, 0x16, 0x0,
    0x0, 0x0, 0x0, 0x0, 0x0, 0x2, 0xef, 0xb0,
    0x5b, 0xbb, 0xbb, 0xbb, 0xb3, 0x2, 0xef, 0xf9,
    0xff, 0xff, 0xff, 0xff, 0xa1, 0xc7, 0x2e, 0xf8,
    0xfc, 0x0, 0x0, 0x0, 0x1c, 0xff, 0x82, 0x80,
    0xfc, 0x0, 0x0, 0x0, 0xcf, 0xff, 0xf5, 0x0,
    0xfc, 0x0, 0x0, 0xc, 0xff, 0xff, 0xc0, 0x0,
    0xfc, 0x0, 0x0, 0xcf, 0xff, 0xfc, 0x0, 0x0,
    0xfc, 0x0, 0xc, 0xff, 0xff, 0xc2, 0x0, 0x0,
    0xfc, 0x0, 0x6f, 0xff, 0xfc, 0x3e, 0x10, 0x0,
    0xfc, 0x0, 0x8f, 0xff, 0xc0, 0xaf, 0x10, 0x0,
    0xfc, 0x0, 0x9f, 0xfb, 0x0, 0xaf, 0x10, 0x0,
    0xfc, 0x0, 0x1, 0x0, 0x0, 0xaf, 0x10, 0x0,
    0xff, 0xff, 0xff, 0xff, 0xff, 0xff, 0x0, 0x0,
    0x6b, 0xcc, 0xcc, 0xcc, 0xcc, 0xb7, 0x0, 0x0,

    /* U+F048 "" */
    0x4, 0x30, 0x0, 0x0, 0x31, 0x1f, 0xe0, 0x0,
    0x6, 0xf9, 0x1f, 0xe0, 0x0, 0x7f, 0xfa, 0x1f,
    0xe0, 0x9, 0xff, 0xfa, 0x1f, 0xe0, 0xaf, 0xff,
    0xfa, 0x1f, 0xeb, 0xff, 0xff, 0xfa, 0x1f, 0xff,
    0xff, 0xff, 0xfa, 0x1f, 0xff, 0xff, 0xff, 0xfa,
    0x1f, 0xe6, 0xff, 0xff, 0xfa, 0x1f, 0xe0, 0x5f,
    0xff, 0xfa, 0x1f, 0xe0, 0x4, 0xff, 0xfa, 0x1f,
    0xe0, 0x0, 0x3e, 0xfa, 0xf, 0xd0, 0x0, 0x2,
    0xd7, 0x0, 0x0, 0x0, 0x0, 0x0,

    /* U+F049 "" */
    0x75, 0x0, 0x0, 0x44, 0x0, 0x0, 0x35, 0xfc,
    0x0, 0x7, 0xfd, 0x0, 0x5, 0xff, 0xfc, 0x0,
    0x8f, 0xfe, 0x0, 0x6f, 0xff, 0xfc, 0x9, 0xff,
    0xfe, 0x8, 0xff, 0xff, 0xfc, 0xbf, 0xff, 0xfe,
    0x9f, 0xff, 0xff, 0xff, 0xff, 0xff, 0xff, 0xff,
    0xff, 0xff, 0xfe, 0xff, 0xff, 0xff, 0xff, 0xff,
    0xff, 0xfc, 0x4f, 0xff, 0xfe, 0x2e, 0xff, 0xff,
    0xfc, 0x3, 0xef, 0xfe, 0x1, 0xdf, 0xff, 0xfc,
    0x0, 0x2d, 0xfe, 0x0, 0x1c, 0xff, 0xfb, 0x0,
    0x1, 0xca, 0x0, 0x0, 0xbc, 0x0, 0x0, 0x0,
    0x0, 0x0, 0x0, 0x0,

    /* U+F04A "" */
    0x0, 0x0, 0x3, 0x50, 0x0, 0x0, 0x35, 0x0,
    0x0, 0x6f, 0xf0, 0x0, 0x6, 0xff, 0x0, 0x9,
    0xff, 0xf0, 0x0, 0x9f, 0xff, 0x1, 0xbf, 0xff,
    0xf0, 0x1b, 0xff, 0xff, 0x2d, 0xff, 0xff, 0xf2,
    0xdf, 0xff, 0xff, 0xef, 0xff, 0xff, 0xfe, 0xff,
    0xff, 0xff, 0x8f, 0xff, 0xff, 0xf8, 0xff, 0xff,
    0xff, 0x6, 0xff, 0xff, 0xf0, 0x6f, 0xff, 0xff,
    0x0, 0x4e, 0xff, 0xf0, 0x4, 0xef, 0xff, 0x0,
    0x2, 0xdf, 0xf0, 0x0, 0x2d, 0xff, 0x0, 0x0,
    0x1b, 0xc0, 0x0, 0x1, 0xbc, 0x0, 0x0, 0x0,
    0x0, 0x0, 0x0, 0x0,

    /* U+F04B "" */
    0x2, 0x0, 0x0, 0x0, 0x0, 0x0, 0xc, 0xfb,
    0x20, 0x0, 0x0, 0x0, 0x0, 0xff, 0xff, 0x90,
    0x0, 0x0, 0x0, 0xf, 0xff, 0xff, 0xe6, 0x0,
    0x0, 0x0, 0xff, 0xff, 0xff, 0xfc, 0x30, 0x0,
    0xf, 0xff, 0xff, 0xff, 0xff, 0x91, 0x0, 0xff,
    0xff, 0xff, 0xff, 0xff, 0xe6, 0xf, 0xff, 0xff,
    0xff, 0xff, 0xff, 0xf2, 0xff, 0xff, 0xff, 0xff,
    0xff, 0xfd, 0xf, 0xff, 0xff, 0xff, 0xff, 0xf8,
    0x0, 0xff, 0xff, 0xff, 0xff, 0xb2, 0x0, 0xf,
    0xff, 0xff, 0xfd, 0x40, 0x0, 0x0, 0xff, 0xff,
    0xf7, 0x0, 0x0, 0x0, 0xf, 0xff, 0xa1, 0x0,
    0x0, 0x0, 0x0, 0x6a, 0x40, 0x0, 0x0, 0x0,
    0x0, 0x0,

    /* U+F04C "" */
    0x14, 0x44, 0x20, 0x1, 0x44, 0x42, 0xd, 0xff,
    0xff, 0x10, 0xdf, 0xff, 0xf1, 0xff, 0xff, 0xf3,
    0xf, 0xff, 0xff, 0x3f, 0xff, 0xff, 0x40, 0xff,
    0xff, 0xf4, 0xff, 0xff, 0xf4, 0xf, 0xff, 0xff,
    0x4f, 0xff, 0xff, 0x40, 0xff, 0xff, 0xf4, 0xff,
    0xff, 0xf4, 0xf, 0xff, 0xff, 0x4f, 0xff, 0xff,
    0x40, 0xff, 0xff, 0xf4, 0xff, 0xff, 0xf4, 0xf,
    0xff, 0xff, 0x4f, 0xff, 0xff, 0x40, 0xff, 0xff,
    0xf4, 0xff, 0xff, 0xf4, 0xf, 0xff, 0xff, 0x4f,
    0xff, 0xff, 0x30, 0xff, 0xff, 0xf3, 0x9f, 0xff,
    0xc0, 0x9, 0xff, 0xfc, 0x0,

    /* U+F04D "" */
    0x14, 0x44, 0x44, 0x44, 0x44, 0x42, 0xd, 0xff,
    0xff, 0xff, 0xff, 0xff, 0xf1, 0xff, 0xff, 0xff,
    0xff, 0xff, 0xff, 0x3f, 0xff, 0xff, 0xff, 0xff,
    0xff, 0xf4, 0xff, 0xff, 0xff, 0xff, 0xff, 0xff,
    0x4f, 0xff, 0xff, 0xff, 0xff, 0xff, 0xf4, 0xff,
    0xff, 0xff, 0xff, 0xff, 0xff, 0x4f, 0xff, 0xff,
    0xff, 0xff, 0xff, 0xf4, 0xff, 0xff, 0xff, 0xff,
    0xff, 0xff, 0x4f, 0xff, 0xff, 0xff, 0xff, 0xff,
    0xf4, 0xff, 0xff, 0xff, 0xff, 0xff, 0xff, 0x4f,
    0xff, 0xff, 0xff, 0xff, 0xff, 0xf3, 0x9f, 0xff,
    0xff, 0xff, 0xff, 0xfc, 0x0,

    /* U+F04E "" */
    0x53, 0x0, 0x0, 0x5, 0x30, 0x0, 0x0, 0xff,
    0x60, 0x0, 0xf, 0xf6, 0x0, 0x0, 0xff, 0xf9,
    0x0, 0xf, 0xff, 0x90, 0x0, 0xff, 0xff, 0xb1,
    0xf, 0xff, 0xfb, 0x10, 0xff, 0xff, 0xfd, 0x2f,
    0xff, 0xff, 0xd2, 0xff, 0xff, 0xff, 0xef, 0xff,
    0xff, 0xfe, 0xff, 0xff, 0xff, 0x8f, 0xff, 0xff,
    0xf8, 0xff, 0xff, 0xf6, 0xf, 0xff, 0xff, 0x60,
    0xff, 0xfe, 0x40, 0xf, 0xff, 0xe4, 0x0, 0xff,
    0xd2, 0x0, 0xf, 0xfd, 0x20, 0x0, 0xdb, 0x10,
    0x0, 0xd, 0xb1, 0x0, 0x0, 0x0, 0x0, 0x0,
    0x0, 0x0, 0x0, 0x0,

    /* U+F050 "" */
    0x53, 0x0, 0x0, 0x44, 0x0, 0x0, 0x57, 0xff,
    0x50, 0x0, 0xdf, 0x70, 0x0, 0xcf, 0xff, 0xf6,
    0x0, 0xef, 0xf8, 0x0, 0xcf, 0xff, 0xff, 0x80,
    0xef, 0xff, 0xa0, 0xcf, 0xff, 0xff, 0xf9, 0xef,
    0xff, 0xfb, 0xcf, 0xff, 0xff, 0xff, 0xff, 0xff,
    0xff, 0xff, 0xff, 0xff, 0xfe, 0xff, 0xff, 0xff,
    0xef, 0xff, 0xff, 0xe2, 0xef, 0xff, 0xe3, 0xcf,
    0xff, 0xfd, 0x10, 0xef, 0xfe, 0x20, 0xcf, 0xff,
    0xc1, 0x0, 0xef, 0xd2, 0x0, 0xcf, 0xdb, 0x0,
    0x0, 0xbc, 0x10, 0x0, 0xbf, 0x0, 0x0, 0x0,
    0x0, 0x0, 0x0, 0x0,

    /* U+F051 "" */
    0x2, 0x10, 0x0, 0x0, 0x42, 0xf, 0xe2, 0x0,
    0x3, 0xfb, 0xf, 0xfe, 0x30, 0x4, 0xfb, 0xf,
    0xff, 0xf4, 0x4, 0xfb, 0xf, 0xff, 0xff, 0x54,
    0xfb, 0xf, 0xff, 0xff, 0xfa, 0xfb, 0xf, 0xff,
    0xff, 0xff, 0xfb, 0xf, 0xff, 0xff, 0xff, 0xfb,
    0xf, 0xff, 0xff, 0xd6, 0xfb, 0xf, 0xff, 0xfd,
    0x14, 0xfb, 0xf, 0xff, 0xc1, 0x4, 0xfb, 0xf,
    0xfb, 0x0, 0x4, 0xfb, 0xc, 0xa0, 0x0, 0x3,
    0xfa, 0x0, 0x0, 0x0, 0x0, 0x0,

    /* U+F052 "" */
    0x0, 0x0, 0x0, 0x12, 0x0, 0x0, 0x0, 0x0,
    0x0, 0x3, 0xff, 0x60, 0x0, 0x0, 0x0, 0x0,
    0x2e, 0xff, 0xf5, 0x0, 0x0, 0x0, 0x1, 0xef,
    0xff, 0xff, 0x40, 0x0, 0x0, 0x1d, 0xff, 0xff,
    0xff, 0xf3, 0x0, 0x0, 0xcf, 0xff, 0xff, 0xff,
    0xfe, 0x20, 0xa, 0xff, 0xff, 0xff, 0xff, 0xff,
    0xe0, 0xe, 0xff, 0xff, 0xff, 0xff, 0xff, 0xf2,
    0x3, 0x99, 0x99, 0x99, 0x99, 0x99, 0x50, 0x5,
    0x88, 0x88, 0x88, 0x88, 0x88, 0x70, 0xf, 0xff,
    0xff, 0xff, 0xff, 0xff, 0xf3, 0xf, 0xff, 0xff,
    0xff, 0xff, 0xff, 0xf4, 0xb, 0xff, 0xff, 0xff,
    0xff, 0xff, 0xd1,

    /* U+F053 "" */
    0x0, 0x0, 0x0, 0x0, 0x0, 0x0, 0x0, 0x3f,
    0x90, 0x0, 0x0, 0x3f, 0xfc, 0x0, 0x0, 0x3f,
    0xfd, 0x10, 0x0, 0x3f, 0xfd, 0x10, 0x0, 0x3f,
    0xfd, 0x10, 0x0, 0x1f, 0xfd, 0x10, 0x0, 0x0,
    0xcf, 0xf4, 0x0, 0x0, 0x0, 0xcf, 0xf4, 0x0,
    0x0, 0x0, 0xcf, 0xf4, 0x0, 0x0, 0x0, 0xcf,
    0xf4, 0x0, 0x0, 0x0, 0xcf, 0xe0, 0x0, 0x0,
    0x0, 0xa4, 0x0,

    /* U+F054 "" */
    0x0, 0x0, 0x0, 0x0, 0x0, 0xcd, 0x10, 0x0,
    0x0, 0x1f, 0xfd, 0x10, 0x0, 0x0, 0x3f, 0xfd,
    0x10, 0x0, 0x0, 0x3f, 0xfd, 0x10, 0x0, 0x0,
    0x3f, 0xfd, 0x10, 0x0, 0x0, 0x3f, 0xfd, 0x0,
    0x0, 0x7, 0xff, 0x90, 0x0, 0x7, 0xff, 0x90,
    0x0, 0x7, 0xff, 0x90, 0x0, 0x7, 0xff, 0x90,
    0x0, 0x2, 0xff, 0x90, 0x0, 0x0, 0x7, 0x80,
    0x0, 0x0, 0x0,

    /* U+F055 "" */
    0x0, 0x0, 0x0, 0x0, 0x0, 0x0, 0x0, 0x0,
    0x1, 0x8d, 0xff, 0xd8, 0x10, 0x0, 0x0, 0x4f,
    0xff, 0xff, 0xff, 0xe4, 0x0, 0x3, 0xff, 0xff,
    0xdd, 0xff, 0xff, 0x30, 0xe, 0xff, 0xfe, 0x0,
    0xef, 0xff, 0xe0, 0x5f, 0xff, 0xfe, 0x0, 0xef,
    0xff, 0xf5, 0xaf, 0xfb, 0xa9, 0x0, 0x9a, 0xbf,
    0xfa, 0xbf, 0xf1, 0x0, 0x0, 0x0, 0x1f, 0xfb,
    0xbf, 0xf1, 0x0, 0x0, 0x0, 0x1f, 0xfb, 0x9f,
    0xff, 0xfd, 0x0, 0xdf, 0xff, 0xf9, 0x4f, 0xff,
    0xfe, 0x0, 0xef, 0xff, 0xf4, 0xb, 0xff, 0xfe,
    0x11, 0xef, 0xff, 0xb0, 0x1, 0xef, 0xff, 0xff,
    0xff, 0xfe, 0x10, 0x0, 0x1b, 0xff, 0xff, 0xff,
    0xb1, 0x0, 0x0, 0x0, 0x49, 0xbb, 0x94, 0x0,
    0x0,

    /* U+F056 "" */
    0x0, 0x0, 0x0, 0x0, 0x0, 0x0, 0x0, 0x0,
    0x1, 0x8d, 0xff, 0xd8, 0x10, 0x0, 0x0, 0x4f,
    0xff, 0xff, 0xff, 0xf4, 0x0, 0x4, 0xff, 0xff,
    0xff, 0xff, 0xff, 0x40, 0xe, 0xff, 0xff, 0xff,
    0xff, 0xff, 0xe0, 0x6f, 0xff, 0xff, 0xff, 0xff,
    0xff, 0xf5, 0xaf, 0xfb, 0xaa, 0xaa, 0xaa, 0xbf,
    0xfa, 0xcf, 0xf1, 0x0, 0x0, 0x0, 0x1f, 0xfb,
    0xbf, 0xf2, 0x0, 0x0, 0x0, 0x2f, 0xfb, 0x8f,
    0xff, 0xff, 0xff, 0xff, 0xff, 0xf8, 0x3f, 0xff,
    0xff, 0xff, 0xff, 0xff, 0xf3, 0xb, 0xff, 0xff,
    0xff, 0xff, 0xff, 0xb0, 0x1, 0xdf, 0xff, 0xff,
    0xff, 0xfd, 0x10, 0x0, 0xa, 0xff, 0xff, 0xff,
    0xa0, 0x0, 0x0, 0x0, 0x27, 0x99, 0x72, 0x0,
    0x0,

    /* U+F057 "" */
    0x0, 0x0, 0x0, 0x0, 0x0, 0x0, 0x0, 0x0,
    0x1, 0x8d, 0xff, 0xd8, 0x10, 0x0, 0x0, 0x4f,
    0xff, 0xff, 0xff, 0xf4, 0x0, 0x4, 0xff, 0xff,
    0xff, 0xff, 0xff, 0x40, 0xe, 0xff, 0xaa, 0xff,
    0xaa, 0xff, 0xe0, 0x6f, 0xfc, 0x0, 0xba, 0x0,
    0xbf, 0xf6, 0xaf, 0xff, 0x30, 0x0, 0x3, 0xff,
    0xfa, 0xcf, 0xff, 0xf3, 0x0, 0x3f, 0xff, 0xfc,
    0xbf, 0xff, 0xb0, 0x0, 0xa, 0xff, 0xfb, 0x8f,
    0xfc, 0x0, 0x44, 0x0, 0xcf, 0xf8, 0x3f, 0xff,
    0x33, 0xff, 0x33, 0xff, 0xf3, 0xa, 0xff, 0xff,
    0xff, 0xff, 0xff, 0xa0, 0x0, 0xcf, 0xff, 0xff,
    0xff, 0xfc, 0x0, 0x0, 0x8, 0xff, 0xff, 0xff,
    0x80, 0x0, 0x0, 0x0, 0x15, 0x77, 0x51, 0x0,
    0x0,

    /* U+F058 "" */
    0x0, 0x0, 0x0, 0x0, 0x0, 0x0, 0x0, 0x0,
    0x1, 0x8d, 0xff, 0xd8, 0x10, 0x0, 0x0, 0x4f,
    0xff, 0xff, 0xff, 0xf4, 0x0, 0x4, 0xff, 0xff,
    0xff, 0xff, 0xff, 0x40, 0xe, 0xff, 0xff, 0xff,
    0xff, 0xff, 0xe0, 0x6f, 0xff, 0xff, 0xff, 0xf9,
    0x1e, 0xf6, 0xaf, 0xff, 0xff, 0xff, 0x90, 0x1e,
    0xfa, 0xcf, 0xf4, 0xbf, 0xf9, 0x1, 0xdf, 0xfc,
    0xbf, 0xd0, 0xb, 0x90, 0x1d, 0xff, 0xfb, 0x8f,
    0xfb, 0x0, 0x1, 0xdf, 0xff, 0xf8, 0x3f, 0xff,
    0xb0, 0x1d, 0xff, 0xff, 0xf3, 0xa, 0xff, 0xfc,
    0xdf, 0xff, 0xff, 0xa0, 0x0, 0xcf, 0xff, 0xff,
    0xff, 0xfc, 0x0, 0x0, 0x8, 0xff, 0xff, 0xff,
    0x80, 0x0, 0x0, 0x0, 0x15, 0x77, 0x51, 0x0,
    0x0,

    /* U+F059 "" */
    0x0, 0x0, 0x0, 0x0, 0x0, 0x0, 0x0, 0x0,
    0x1, 0x8d, 0xff, 0xd8, 0x10, 0x0, 0x0, 0x4f,
    0xff, 0xff, 0xff, 0xe4, 0x0, 0x3, 0xff, 0xf9,
    0x44, 0x8f, 0xff, 0x30, 0xe, 0xff, 0x60, 0x0,
    0x4, 0xff, 0xe0, 0x5f, 0xff, 0x42, 0xcd, 0x10,
    0xcf, 0xf5, 0xaf, 0xff, 0xfe, 0xfd, 0x10, 0xbf,
    0xfa, 0xbf, 0xff, 0xff, 0x80, 0x4, 0xff, 0xfb,
    0xbf, 0xff, 0xff, 0x0, 0x8f, 0xff, 0xfb, 0x9f,
    0xff, 0xff, 0xbb, 0xff, 0xff, 0xf9, 0x4f, 0xff,
    0xff, 0x22, 0xff, 0xff, 0xf4, 0xb, 0xff, 0xfc,
    0x0, 0xcf, 0xff, 0xb0, 0x1, 0xef, 0xff, 0x77,
    0xff, 0xfe, 0x10, 0x0, 0x1b, 0xff, 0xff, 0xff,
    0xb1, 0x0, 0x0, 0x0, 0x49, 0xbb, 0x94, 0x0,
    0x0,

    /* U+F05A "" */
    0x0, 0x0, 0x0, 0x0, 0x0, 0x0, 0x0, 0x0,
    0x1, 0x8d, 0xff, 0xd9, 0x10, 0x0, 0x0, 0x5f,
    0xff, 0xff, 0xff, 0xf5, 0x0, 0x4, 0xff, 0xff,
    0xff, 0xff, 0xff, 0x50, 0xe, 0xff, 0xff, 0x22,
    0xff, 0xff, 0xe1, 0x6f, 0xff, 0xff, 0x0, 0xef,
    0xff, 0xf7, 0xaf, 0xff, 0xff, 0xcc, 0xff, 0xff,
    0xfb, 0xcf, 0xff, 0xf7, 0x1, 0xff, 0xff, 0xfc,
    0xbf, 0xff, 0xfe, 0x11, 0xff, 0xff, 0xfb, 0x8f,
    0xff, 0xff, 0x11, 0xff, 0xff, 0xf8, 0x2f, 0xff,
    0xf7, 0x0, 0x7f, 0xff, 0xf2, 0x8, 0xff, 0xff,
    0xff, 0xff, 0xff, 0x80, 0x0, 0x9f, 0xff, 0xff,
    0xff, 0xfa, 0x0, 0x0, 0x5, 0xdf, 0xff, 0xfd,
    0x50, 0x0, 0x0, 0x0, 0x2, 0x44, 0x20, 0x0,
    0x0,

    /* U+F05B "" */
    0x0, 0x0, 0x0, 0x33, 0x0, 0x0, 0x0, 0x0,
    0x0, 0x0, 0xee, 0x0, 0x0, 0x0, 0x0, 0x1,
    0x9f, 0xff, 0xf9, 0x10, 0x0, 0x0, 0x2e, 0xfe,
    0xff, 0xef, 0xe2, 0x0, 0x0, 0xdf, 0x70, 0xdd,
    0x7, 0xfd, 0x0, 0x7, 0xf8, 0x0, 0x11, 0x0,
    0x8f, 0x70, 0x1c, 0xf3, 0x0, 0x0, 0x0, 0x3f,
    0xc1, 0xff, 0xff, 0x50, 0xbc, 0x5, 0xff, 0xff,
    0x9e, 0xfa, 0x30, 0x55, 0x3, 0xaf, 0xe9, 0xa,
    0xf3, 0x0, 0x0, 0x0, 0x3f, 0xa0, 0x3, 0xfc,
    0x0, 0x55, 0x0, 0xcf, 0x30, 0x0, 0x9f, 0xc3,
    0xee, 0x3c, 0xf9, 0x0, 0x0, 0x9, 0xff, 0xff,
    0xff, 0x90, 0x0, 0x0, 0x0, 0x4a, 0xff, 0xa3,
    0x0, 0x0, 0x0, 0x0, 0x0, 0xcc, 0x0, 0x0,
    0x0,

    /* U+F05E "" */
    0x0, 0x0, 0x0, 0x0, 0x0, 0x0, 0x0, 0x0,
    0x1, 0x8d, 0xff, 0xd8, 0x10, 0x0, 0x0, 0x4f,
    0xfe, 0xcc, 0xff, 0xf4, 0x0, 0x4, 0xff, 0x70,
    0x0, 0x6, 0xff, 0x40, 0xe, 0xff, 0xd1, 0x0,
    0x0, 0x3f, 0xe0, 0x6f, 0x77, 0xfd, 0x10, 0x0,
    0x8, 0xf6, 0xaf, 0x10, 0x7f, 0xd1, 0x0, 0x2,
    0xfa, 0xcf, 0x0, 0x7, 0xfd, 0x10, 0x0, 0xfc,
    0xbf, 0x0, 0x0, 0x7f, 0xd1, 0x0, 0xfb, 0x8f,
    0x40, 0x0, 0x7, 0xfd, 0x14, 0xf8, 0x3f, 0xc0,
    0x0, 0x0, 0x7f, 0xdc, 0xf3, 0xa, 0xfa, 0x0,
    0x0, 0x7, 0xff, 0xa0, 0x0, 0xcf, 0xe7, 0x43,
    0x7d, 0xfc, 0x0, 0x0, 0x8, 0xff, 0xff, 0xff,
    0x80, 0x0, 0x0, 0x0, 0x15, 0x77, 0x51, 0x0,
    0x0,

    /* U+F060 "" */
    0x0, 0x0, 0x0, 0x0, 0x0, 0x0, 0x0, 0x0,
    0x1, 0xdc, 0x0, 0x0, 0x0, 0x0, 0x1, 0xdf,
    0xf1, 0x0, 0x0, 0x0, 0x1, 0xdf, 0xe3, 0x0,
    0x0, 0x0, 0x1, 0xdf, 0xe2, 0x0, 0x0, 0x0,
    0x1, 0xdf, 0xf6, 0x33, 0x33, 0x33, 0x30, 0xcf,
    0xff, 0xff, 0xff, 0xff, 0xff, 0x39, 0xff, 0xff,
    0xff, 0xff, 0xff, 0xe2, 0xa, 0xff, 0x50, 0x0,
    0x0, 0x0, 0x0, 0xa, 0xff, 0x60, 0x0, 0x0,
    0x0, 0x0, 0x9, 0xff, 0x60, 0x0, 0x0, 0x0,
    0x0, 0x9, 0xff, 0x20, 0x0, 0x0, 0x0, 0x0,
    0x8, 0x80, 0x0, 0x0, 0x0,

    /* U+F061 "" */
    0x0, 0x0, 0x0, 0x0, 0x0, 0x0, 0x0, 0x0,
    0x0, 0x9e, 0x30, 0x0, 0x0, 0x0, 0x0, 0xc,
    0xff, 0x30, 0x0, 0x0, 0x0, 0x0, 0x1c, 0xff,
    0x30, 0x0, 0x0, 0x0, 0x0, 0xc, 0xff, 0x30,
    0x2, 0x33, 0x33, 0x33, 0x4e, 0xff, 0x30, 0xff,
    0xff, 0xff, 0xff, 0xff, 0xff, 0x1d, 0xff, 0xff,
    0xff, 0xff, 0xff, 0xd0, 0x0, 0x0, 0x0, 0x2,
    0xef, 0xc1, 0x0, 0x0, 0x0, 0x3, 0xef, 0xc1,
    0x0, 0x0, 0x0, 0x3, 0xff, 0xc1, 0x0, 0x0,
    0x0, 0x0, 0xef, 0xc1, 0x0, 0x0, 0x0, 0x0,
    0x5, 0xa1, 0x0, 0x0, 0x0,

    /* U+F062 "" */
    0x0, 0x0, 0x1, 0x30, 0x0, 0x0, 0x0, 0x0,
    0x2, 0xef, 0x40, 0x0, 0x0, 0x0, 0x2, 0xef,
    0xff, 0x40, 0x0, 0x0, 0x2, 0xef, 0xff, 0xff,
    0x40, 0x0, 0x2, 0xef, 0xdf, 0xfd, 0xff, 0x40,
    0x2, 0xef, 0xd1, 0xff, 0x3a, 0xff, 0x40, 0xbf,
    0xe1, 0xf, 0xf3, 0xb, 0xff, 0x3, 0xb2, 0x0,
    0xff, 0x30, 0xa, 0x60, 0x0, 0x0, 0xf, 0xf3,
    0x0, 0x0, 0x0, 0x0, 0x0, 0xff, 0x30, 0x0,
    0x0, 0x0, 0x0, 0xf, 0xf3, 0x0, 0x0, 0x0,
    0x0, 0x0, 0xff, 0x30, 0x0, 0x0, 0x0, 0x0,
    0xb, 0xd1, 0x0, 0x0, 0x0,

    /* U+F063 "" */
    0x0, 0x0, 0x4, 0x50, 0x0, 0x0, 0x0, 0x0,
    0x0, 0xff, 0x30, 0x0, 0x0, 0x0, 0x0, 0xf,
    0xf3, 0x0, 0x0, 0x0, 0x0, 0x0, 0xff, 0x30,
    0x0, 0x0, 0x0, 0x0, 0xf, 0xf3, 0x0, 0x0,
    0x0, 0x40, 0x0, 0xff, 0x30, 0x3, 0x10, 0x9f,
    0x80, 0xf, 0xf3, 0x4, 0xfd, 0x7, 0xff, 0x70,
    0xff, 0x34, 0xff, 0xb0, 0x8, 0xff, 0x6f, 0xf7,
    0xff, 0xb0, 0x0, 0x8, 0xff, 0xff, 0xff, 0xb0,
    0x0, 0x0, 0x8, 0xff, 0xff, 0xb0, 0x0, 0x0,
    0x0, 0x8, 0xff, 0xb0, 0x0, 0x0, 0x0, 0x0,
    0x7, 0xa0, 0x0, 0x0, 0x0,

    /* U+F064 "" */
    0x0, 0x0, 0x0, 0x0, 0x50, 0x0, 0x0, 0x0,
    0x0, 0x0, 0x1, 0xfc, 0x10, 0x0, 0x0, 0x0,
    0x0, 0x2, 0xff, 0xe2, 0x0, 0x0, 0x1, 0x47,
    0x8a, 0xff, 0xff, 0x40, 0x2, 0xbf, 0xff, 0xff,
    0xff, 0xff, 0xf6, 0x1e, 0xff, 0xff, 0xff, 0xff,
    0xff, 0xfd, 0x9f, 0xff, 0xff, 0xff, 0xff, 0xff,
    0xd2, 0xef, 0xff, 0xa5, 0x33, 0xff, 0xfc, 0x10,
    0xff, 0xf3, 0x0, 0x2, 0xff, 0xa0, 0x0, 0xdf,
    0xc0, 0x0, 0x1, 0xf8, 0x0, 0x0, 0x7f, 0xb0,
    0x0, 0x0, 0x10, 0x0, 0x0, 0xd, 0xd0, 0x0,
    0x0, 0x0, 0x0, 0x0, 0x1, 0xa0, 0x0, 0x0,
    0x0, 0x0, 0x0,

    /* U+F065 "" */
    0x79, 0x99, 0x30, 0x2, 0x99, 0x98, 0xf, 0xff,
    0xf5, 0x0, 0x4f, 0xff, 0xf1, 0xfc, 0x22, 0x0,
    0x0, 0x22, 0xbf, 0x1f, 0xc0, 0x0, 0x0, 0x0,
    0xa, 0xf1, 0xc8, 0x0, 0x0, 0x0, 0x0, 0x7c,
    0x0, 0x0, 0x0, 0x0, 0x0, 0x0, 0x0, 0x0,
    0x0, 0x0, 0x0, 0x0, 0x0, 0x0, 0x0, 0x0,
    0x0, 0x0, 0x0, 0x0, 0x64, 0x0, 0x0, 0x0,
    0x0, 0x46, 0xf, 0xc0, 0x0, 0x0, 0x0, 0xa,
    0xf1, 0xfc, 0x0, 0x0, 0x0, 0x0, 0xaf, 0x1f,
    0xfc, 0xc4, 0x0, 0x3c, 0xce, 0xf1, 0xdf, 0xff,
    0x50, 0x4, 0xff, 0xfd, 0x0,

    /* U+F066 "" */
    0x0, 0x5, 0x30, 0x0, 0x54, 0x0, 0x0, 0x2,
    0xf9, 0x0, 0xe, 0xd0, 0x0, 0x0, 0x2f, 0x90,
    0x0, 0xed, 0x0, 0x8, 0xcc, 0xf9, 0x0, 0xe,
    0xfc, 0xc5, 0xcf, 0xff, 0x70, 0x0, 0xcf, 0xff,
    0x60, 0x0, 0x0, 0x0, 0x0, 0x0, 0x0, 0x0,
    0x0, 0x0, 0x0, 0x0, 0x0, 0x0, 0x0, 0x0,
    0x0, 0x0, 0x0, 0x0, 0x8b, 0xbb, 0x40, 0x0,
    0x8b, 0xbb, 0x4c, 0xff, 0xf9, 0x0, 0xe, 0xff,
    0xf7, 0x0, 0x3f, 0x90, 0x0, 0xed, 0x0, 0x0,
    0x2, 0xf9, 0x0, 0xe, 0xd0, 0x0, 0x0, 0x1a,
    0x50, 0x0, 0x98, 0x0, 0x0,

    /* U+F067 "" */
    0x0, 0x0, 0x4, 0x50, 0x0, 0x0, 0x0, 0x0,
    0x2, 0xff, 0x60, 0x0, 0x0, 0x0, 0x0, 0x3f,
    0xf7, 0x0, 0x0, 0x0, 0x0, 0x3, 0xff, 0x70,
    0x0, 0x0, 0x0, 0x0, 0x3f, 0xf7, 0x0, 0x0,
    0x6, 0x99, 0x9a, 0xff, 0xc9, 0x99, 0x80, 0xff,
    0xff, 0xff, 0xff, 0xff, 0xff, 0x3d, 0xff, 0xff,
    0xff, 0xff, 0xff, 0xf2, 0x1, 0x11, 0x3f, 0xf7,
    0x11, 0x10, 0x0, 0x0, 0x3, 0xff, 0x70, 0x0,
    0x0, 0x0, 0x0, 0x3f, 0xf7, 0x0, 0x0, 0x0,
    0x0, 0x3, 0xff, 0x70, 0x0, 0x0, 0x0, 0x0,
    0xc, 0xd3, 0x0, 0x0, 0x0,

    /* U+F068 "" */
    0x69, 0x99, 0x99, 0x99, 0x99, 0x98, 0xf, 0xff,
    0xff, 0xff, 0xff, 0xff, 0xf3, 0xdf, 0xff, 0xff,
    0xff, 0xff, 0xff, 0x20, 0x0, 0x0, 0x0, 0x0,
    0x0, 0x0,

    /* U+F069 "" */
    0x0, 0x0, 0x0, 0x0, 0x0, 0x0, 0x0, 0x0,
    0x0, 0x1, 0xff, 0x10, 0x0, 0x0, 0x0, 0x0,
    0x2, 0xff, 0x20, 0x0, 0x0, 0x2, 0x10, 0x2,
    0xff, 0x20, 0x1, 0x20, 0x1f, 0xe6, 0x1, 0xff,
    0x10, 0x6e, 0xf1, 0x3f, 0xff, 0xc4, 0xff, 0x4c,
    0xff, 0xf3, 0x2, 0xaf, 0xff, 0xff, 0xff, 0xfa,
    0x20, 0x0, 0x3, 0xcf, 0xff, 0xfc, 0x30, 0x0,
    0x0, 0x5, 0xdf, 0xff, 0xfd, 0x50, 0x0, 0x3,
    0xcf, 0xff, 0xff, 0xff, 0xfc, 0x30, 0x4f, 0xff,
    0xb3, 0xff, 0x3b, 0xff, 0xf4, 0x1f, 0xd4, 0x2,
    0xff, 0x10, 0x4d, 0xf1, 0x1, 0x0, 0x2, 0xff,
    0x20, 0x0, 0x10, 0x0, 0x0, 0x2, 0xff, 0x20,
    0x0, 0x0, 0x0, 0x0, 0x1, 0xee, 0x10, 0x0,
    0x0,

    /* U+F06A "" */
    0x0, 0x0, 0x0, 0x0, 0x0, 0x0, 0x0, 0x0,
    0x1, 0x8d, 0xff, 0xd8, 0x10, 0x0, 0x0, 0x4f,
    0xff, 0xff, 0xff, 0xe4, 0x0, 0x3, 0xff, 0xff,
    0xff, 0xff, 0xff, 0x30, 0xd, 0xff, 0xfe, 0x44,
    0xef, 0xff, 0xd0, 0x5f, 0xff, 0xfd, 0x0, 0xdf,
    0xff, 0xf5, 0x9f, 0xff, 0xfe, 0x0, 0xef, 0xff,
    0xf9, 0xbf, 0xff, 0xff, 0x0, 0xff, 0xff, 0xfb,
    0xbf, 0xff, 0xff, 0x88, 0xff, 0xff, 0xfb, 0x9f,
    0xff, 0xff, 0x33, 0xff, 0xff, 0xf8, 0x3f, 0xff,
    0xfc, 0x0, 0xcf, 0xff, 0xf3, 0xb, 0xff, 0xff,
    0x55, 0xff, 0xff, 0xb0, 0x1, 0xef, 0xff, 0xff,
    0xff, 0xfd, 0x10, 0x0, 0x1b, 0xff, 0xff, 0xff,
    0xb1, 0x0, 0x0, 0x0, 0x49, 0xbb, 0x94, 0x0,
    0x0,

    /* U+F06B "" */
    0x0, 0x3, 0x51, 0x0, 0x5, 0x30, 0x0, 0x0,
    0x8f, 0xfe, 0x32, 0xef, 0xf9, 0x0, 0x1, 0xf5,
    0xa, 0xee, 0xb0, 0x4f, 0x20, 0x1, 0xf4, 0x0,
    0xde, 0x10, 0x3f, 0x20, 0xad, 0xff, 0xdd, 0xee,
    0xdd, 0xff, 0xda, 0xff, 0xff, 0xff, 0xff, 0xff,
    0xff, 0xff, 0xff, 0xff, 0xff, 0xff, 0xff, 0xff,
    0xff, 0xab, 0xbb, 0xbb, 0xbb, 0xbb, 0xbb, 0xba,
    0x6, 0x66, 0x66, 0x0, 0x66, 0x66, 0x60, 0x2f,
    0xff, 0xff, 0x22, 0xff, 0xff, 0xf2, 0x2f, 0xff,
    0xff, 0x22, 0xff, 0xff, 0xf2, 0x2f, 0xff, 0xff,
    0x22, 0xff, 0xff, 0xf2, 0xd, 0xff, 0xff, 0x11,
    0xff, 0xff, 0xd0,

    /* U+F06C "" */
    0x0, 0x0, 0x0, 0x0, 0x0, 0x0, 0x0, 0x0,
    0x0, 0x0, 0x0, 0x0, 0x0, 0x0, 0x0, 0x3,
    0xf1, 0x0, 0x0, 0x0, 0x0, 0x0, 0x0, 0x4,
    0xef, 0x60, 0x0, 0x0, 0x0, 0x58, 0x88, 0x9c,
    0xff, 0xf9, 0x0, 0x0, 0x4, 0xef, 0xff, 0xff,
    0xff, 0xff, 0xb0, 0x0, 0x4, 0xff, 0xff, 0xff,
    0xff, 0xff, 0xfb, 0x0, 0x0, 0xdf, 0xff, 0xff,
    0xff, 0xff, 0xff, 0xa0, 0x0, 0x3f, 0xfc, 0x74,
    0x12, 0x4f, 0xff, 0xf7, 0x0, 0x5, 0xc3, 0x49,
    0xdf, 0xff, 0xff, 0xff, 0x20, 0x0, 0x3, 0xdf,
    0xff, 0xff, 0xff, 0xff, 0xb0, 0x0, 0x6, 0xff,
    0xff, 0xff, 0xff, 0xff, 0xf2, 0x0, 0x8, 0xff,
    0xff, 0xff, 0xff, 0xff, 0xf5, 0x0, 0x4, 0xfd,
    0x2a, 0xff, 0xff, 0xff, 0xe5, 0x0, 0x0, 0xdf,
    0x20, 0x5, 0xbe, 0xeb, 0x71, 0x0, 0x0, 0xa,
    0x70, 0x0, 0x0, 0x0, 0x0, 0x0, 0x0, 0x0,

    /* U+F06D "" */
    0x0, 0x0, 0x0, 0x0, 0x0, 0x0, 0x0, 0x8,
    0xe0, 0x0, 0x0, 0x0, 0x1, 0xff, 0x20, 0x0,
    0x0, 0x0, 0x6f, 0xfc, 0x0, 0x0, 0x0, 0x7,
    0xff, 0xfb, 0x0, 0x0, 0x11, 0x1f, 0xff, 0xfc,
    0x0, 0x1e, 0x90, 0x5f, 0xff, 0xf9, 0x8, 0xfa,
    0x0, 0x6f, 0xff, 0xf1, 0xdf, 0xa0, 0x0, 0xef,
    0xff, 0x5f, 0xfd, 0x0, 0x1f, 0xff, 0xf7, 0xef,
    0xfc, 0x9e, 0xff, 0xff, 0x6a, 0xff, 0xff, 0xff,
    0xff, 0xf2, 0x2f, 0xff, 0xff, 0xff, 0xf9, 0x0,
    0x4f, 0xff, 0xff, 0xfa, 0x0, 0x0, 0x18, 0xcd,
    0xb5, 0x0, 0x0,

    /* U+F06E "" */
    0x0, 0x0, 0x1, 0x56, 0x64, 0x0, 0x0, 0x0,
    0x0, 0x3, 0xbf, 0xfe, 0xef, 0xf9, 0x10, 0x0,
    0x0, 0x7f, 0xfa, 0x10, 0x3, 0xdf, 0xe4, 0x0,
    0x8, 0xff, 0xa0, 0x9, 0xb4, 0x1e, 0xff, 0x50,
    0x4f, 0xff, 0x20, 0xb, 0xff, 0x26, 0xff, 0xe1,
    0xef, 0xff, 0x9, 0xcf, 0xff, 0x63, 0xff, 0xfa,
    0xbf, 0xff, 0x9, 0xff, 0xff, 0x54, 0xff, 0xf6,
    0x1e, 0xff, 0x51, 0xdf, 0xfb, 0x9, 0xff, 0xb0,
    0x3, 0xef, 0xe2, 0x4, 0x30, 0x5f, 0xfc, 0x10,
    0x0, 0x2c, 0xff, 0x95, 0x6a, 0xff, 0x90, 0x0,
    0x0, 0x0, 0x49, 0xdf, 0xfd, 0x92, 0x0, 0x0,

    /* U+F070 "" */
    0x0, 0x0, 0x0, 0x0, 0x0, 0x0, 0x0, 0x0,
    0x0, 0xcd, 0x20, 0x0, 0x0, 0x0, 0x0, 0x0,
    0x0, 0x0, 0x8f, 0xf5, 0x0, 0x14, 0x66, 0x40,
    0x0, 0x0, 0x0, 0x4, 0xef, 0xac, 0xff, 0xef,
    0xff, 0x91, 0x0, 0x0, 0x0, 0x1c, 0xff, 0xa1,
    0x0, 0x4d, 0xfe, 0x30, 0x0, 0x0, 0x0, 0x9f,
    0xf5, 0xab, 0x31, 0xef, 0xf4, 0x0, 0x7, 0xb1,
    0x5, 0xff, 0xff, 0xe1, 0x7f, 0xfe, 0x10, 0xf,
    0xfe, 0x30, 0x2d, 0xff, 0xf5, 0x4f, 0xff, 0x90,
    0xc, 0xff, 0xe0, 0x0, 0xaf, 0xf6, 0x5f, 0xff,
    0x60, 0x2, 0xff, 0xf4, 0x0, 0x6, 0xff, 0xef,
    0xfb, 0x0, 0x0, 0x4f, 0xfd, 0x10, 0x0, 0x3e,
    0xff, 0xc0, 0x0, 0x0, 0x2, 0xdf, 0xe8, 0x54,
    0x1, 0xbf, 0xe3, 0x0, 0x0, 0x0, 0x5, 0xae,
    0xff, 0x60, 0x7, 0xff, 0x60, 0x0, 0x0, 0x0,
    0x0, 0x0, 0x0, 0x0, 0x4e, 0xf6, 0x0, 0x0,
    0x0, 0x0, 0x0, 0x0, 0x0, 0x1, 0xa1,

    /* U+F071 "" */
    0x0, 0x0, 0x0, 0x0, 0x0, 0x0, 0x0, 0x0,
    0x0, 0x0, 0x0, 0x0, 0x3e, 0xd0, 0x0, 0x0,
    0x0, 0x0, 0x0, 0x0, 0xc, 0xff, 0x80, 0x0,
    0x0, 0x0, 0x0, 0x0, 0x6, 0xff, 0xff, 0x20,
    0x0, 0x0, 0x0, 0x0, 0x0, 0xef, 0xff, 0xfb,
    0x0, 0x0, 0x0, 0x0, 0x0, 0x8f, 0xfc, 0xcf,
    0xf4, 0x0, 0x0, 0x0, 0x0, 0x2f, 0xfb, 0x0,
    0xff, 0xd0, 0x0, 0x0, 0x0, 0xb, 0xff, 0xc0,
    0xf, 0xff, 0x70, 0x0, 0x0, 0x4, 0xff, 0xfd,
    0x1, 0xff, 0xff, 0x10, 0x0, 0x0, 0xdf, 0xff,
    0xe0, 0x2f, 0xff, 0xfa, 0x0, 0x0, 0x7f, 0xff,
    0xff, 0x9b, 0xff, 0xff, 0xf3, 0x0, 0x1f, 0xff,
    0xff, 0xb0, 0xe, 0xff, 0xff, 0xc0, 0xa, 0xff,
    0xff, 0xfe, 0x24, 0xff, 0xff, 0xff, 0x60, 0xff,
    0xff, 0xff, 0xff, 0xff, 0xff, 0xff, 0xfa, 0x6,
    0xcc, 0xcc, 0xcc, 0xcc, 0xcc, 0xcc, 0xcb, 0x30,

    /* U+F072 "" */
    0x0, 0x0, 0x1, 0x43, 0x0, 0x0, 0x0, 0x0,
    0x0, 0x0, 0x0, 0x6f, 0xf7, 0x0, 0x0, 0x0,
    0x0, 0x0, 0x0, 0x1, 0xff, 0xf1, 0x0, 0x0,
    0x0, 0x0, 0x0, 0x0, 0xc, 0xff, 0xa0, 0x0,
    0x0, 0x0, 0xd, 0xe2, 0x0, 0x8f, 0xff, 0x30,
    0x0, 0x0, 0x0, 0xbf, 0xc3, 0x36, 0xff, 0xfd,
    0x33, 0x32, 0x0, 0x7, 0xff, 0xff, 0xff, 0xff,
    0xff, 0xff, 0xfd, 0x20, 0x3f, 0xff, 0xff, 0xff,
    0xff, 0xff, 0xff, 0xfa, 0x6, 0xff, 0xff, 0xff,
    0xff, 0xff, 0xff, 0xfe, 0x30, 0xbf, 0xd4, 0x47,
    0xff, 0xfd, 0x44, 0x43, 0x0, 0xe, 0xf3, 0x0,
    0x7f, 0xff, 0x50, 0x0, 0x0, 0x0, 0x0, 0x0,
    0xb, 0xff, 0xc0, 0x0, 0x0, 0x0, 0x0, 0x0,
    0x0, 0xff, 0xf4, 0x0, 0x0, 0x0, 0x0, 0x0,
    0x0, 0x4f, 0xfb, 0x0, 0x0, 0x0, 0x0, 0x0,
    0x0, 0x4, 0xcb, 0x20, 0x0, 0x0, 0x0, 0x0,

    /* U+F073 "" */
    0x0, 0x13, 0x0, 0x0, 0x31, 0x0, 0x0, 0x7,
    0xf3, 0x0, 0x1f, 0x80, 0x0, 0x37, 0xbf, 0x98,
    0x89, 0xfc, 0x73, 0xe, 0xff, 0xff, 0xff, 0xff,
    0xff, 0xf0, 0xff, 0xff, 0xff, 0xff, 0xff, 0xff,
    0x12, 0x22, 0x22, 0x22, 0x22, 0x22, 0x20, 0xff,
    0xff, 0xff, 0xff, 0xff, 0xff, 0x1f, 0xfc, 0xff,
    0xcc, 0xff, 0xcf, 0xf1, 0xfc, 0xa, 0xf1, 0xf,
    0xc0, 0xaf, 0x1f, 0xfb, 0xef, 0xcb, 0xff, 0xbe,
    0xf1, 0xff, 0xff, 0xff, 0xff, 0xff, 0xff, 0x1f,
    0xc0, 0xbf, 0x21, 0xfc, 0xb, 0xf1, 0xfc, 0xb,
    0xf1, 0xf, 0xc0, 0xbf, 0x1f, 0xff, 0xff, 0xff,
    0xff, 0xff, 0xf0, 0x6b, 0xcc, 0xcc, 0xcc, 0xcc,
    0xb7, 0x0,

    /* U+F074 "" */
    0x0, 0x0, 0x0, 0x0, 0x0, 0x36, 0x0, 0x0,
    0x0, 0x0, 0x0, 0x0, 0x7f, 0x80, 0xdd, 0xdb,
    0x0, 0x0, 0x8d, 0xef, 0xf8, 0xff, 0xff, 0xb0,
    0x7, 0xff, 0xff, 0xfd, 0x55, 0x6f, 0xf4, 0x6f,
    0xf8, 0xaf, 0xe2, 0x0, 0x5, 0x74, 0xff, 0x90,
    0x7e, 0x20, 0x0, 0x0, 0x3f, 0xfa, 0x0, 0x0,
    0x0, 0x0, 0x2, 0xef, 0xc2, 0x50, 0x4a, 0x0,
    0x1, 0x2e, 0xfd, 0x1d, 0xf4, 0x8f, 0xb0, 0xff,
    0xff, 0xe1, 0xb, 0xff, 0xff, 0xfb, 0xff, 0xfe,
    0x20, 0x0, 0xcf, 0xff, 0xfb, 0x12, 0x21, 0x0,
    0x0, 0x2, 0x9f, 0xc0, 0x0, 0x0, 0x0, 0x0,
    0x0, 0x5b, 0x0,

    /* U+F075 "" */
    0x0, 0x0, 0x0, 0x35, 0x53, 0x0, 0x0, 0x0,
    0x0, 0x19, 0xff, 0xff, 0xff, 0x91, 0x0, 0x0,
    0x3e, 0xff, 0xff, 0xff, 0xff, 0xe3, 0x0, 0x1f,
    0xff, 0xff, 0xff, 0xff, 0xff, 0xf1, 0x9, 0xff,
    0xff, 0xff, 0xff, 0xff, 0xff, 0x90, 0xef, 0xff,
    0xff, 0xff, 0xff, 0xff, 0xfe, 0xf, 0xff, 0xff,
    0xff, 0xff, 0xff, 0xff, 0xf0, 0xdf, 0xff, 0xff,
    0xff, 0xff, 0xff, 0xfd, 0x7, 0xff, 0xff, 0xff,
    0xff, 0xff, 0xff, 0x70, 0xc, 0xff, 0xff, 0xff,
    0xff, 0xff, 0xb0, 0x0, 0xbf, 0xff, 0xff, 0xff,
    0xff, 0xa0, 0x0, 0x3f, 0xfd, 0x9d, 0xff, 0xd9,
    0x30, 0x0, 0xa, 0xb6, 0x0, 0x0, 0x0, 0x0,
    0x0, 0x0,

    /* U+F076 "" */
    0x58, 0x88, 0x30, 0x0, 0x3, 0x88, 0x85, 0xff,
    0xff, 0xc0, 0x0, 0xc, 0xff, 0xff, 0xff, 0xff,
    0xd0, 0x0, 0xd, 0xff, 0xff, 0xef, 0xff, 0xb0,
    0x0, 0xb, 0xff, 0xfe, 0x23, 0x33, 0x20, 0x0,
    0x2, 0x33, 0x32, 0xff, 0xff, 0xc0, 0x0, 0xc,
    0xff, 0xff, 0xff, 0xff, 0xd0, 0x0, 0xd, 0xff,
    0xff, 0xef, 0xff, 0xf0, 0x0, 0xf, 0xff, 0xfe,
    0xaf, 0xff, 0xfa, 0x0, 0xaf, 0xff, 0xfa, 0x3f,
    0xff, 0xff, 0xff, 0xff, 0xff, 0xf3, 0x8, 0xff,
    0xff, 0xff, 0xff, 0xff, 0x80, 0x0, 0x9f, 0xff,
    0xff, 0xff, 0xf9, 0x0, 0x0, 0x4, 0xbf, 0xff,
    0xfb, 0x40, 0x0, 0x0, 0x0, 0x0, 0x22, 0x0,
    0x0, 0x0,

    /* U+F077 "" */
    0x0, 0x0, 0x7, 0xa0, 0x0, 0x0, 0x0, 0x0,
    0x8, 0xff, 0xb0, 0x0, 0x0, 0x0, 0x8, 0xff,
    0xff, 0xb0, 0x0, 0x0, 0x8, 0xff, 0x95, 0xff,
    0xb0, 0x0, 0x8, 0xff, 0x90, 0x5, 0xff, 0xb0,
    0x7, 0xff, 0x90, 0x0, 0x5, 0xff, 0xb0, 0x9f,
    0x90, 0x0, 0x0, 0x5, 0xfd, 0x0, 0x40, 0x0,
    0x0, 0x0, 0x3, 0x10,

    /* U+F078 "" */
    0x4c, 0x20, 0x0, 0x0, 0x0, 0xb6, 0xb, 0xfe,
    0x20, 0x0, 0x0, 0xcf, 0xf0, 0x2e, 0xfe, 0x20,
    0x0, 0xcf, 0xf4, 0x0, 0x2e, 0xfe, 0x20, 0xcf,
    0xf4, 0x0, 0x0, 0x2e, 0xfe, 0xcf, 0xf4, 0x0,
    0x0, 0x0, 0x2e, 0xff, 0xf4, 0x0, 0x0, 0x0,
    0x0, 0x2e, 0xf4, 0x0, 0x0, 0x0, 0x0, 0x0,
    0x13, 0x0, 0x0, 0x0,

    /* U+F079 "" */
    0x0, 0x8, 0x30, 0x0, 0x0, 0x0, 0x0, 0x0,
    0x0, 0x0, 0xbf, 0xf3, 0x8, 0xbb, 0xbb, 0xbb,
    0x90, 0x0, 0xb, 0xff, 0xff, 0x39, 0xff, 0xff,
    0xff, 0xf1, 0x0, 0x8f, 0xcf, 0xcf, 0xf0, 0x0,
    0x0, 0xa, 0xf1, 0x0, 0x38, 0x2f, 0x94, 0x80,
    0x0, 0x0, 0xa, 0xf1, 0x0, 0x0, 0x2f, 0x90,
    0x0, 0x0, 0x0, 0xa, 0xf1, 0x0, 0x0, 0x2f,
    0x90, 0x0, 0x0, 0x3, 0xa, 0xf1, 0x30, 0x0,
    0x2f, 0x90, 0x0, 0x0, 0x1f, 0xcb, 0xf8, 0xf8,
    0x0, 0x2f, 0xeb, 0xbb, 0xbb, 0x39, 0xff, 0xff,
    0xe2, 0x0, 0x1f, 0xff, 0xff, 0xff, 0xb0, 0x9f,
    0xfd, 0x20, 0x0, 0x0, 0x0, 0x0, 0x0, 0x0,
    0x8, 0xd1, 0x0,

    /* U+F07A "" */
    0x0, 0x0, 0x0, 0x0, 0x0, 0x0, 0x0, 0x0,
    0xef, 0xff, 0x10, 0x0, 0x0, 0x0, 0x0, 0x0,
    0x9b, 0xdf, 0x74, 0x44, 0x44, 0x44, 0x44, 0x41,
    0x0, 0x4f, 0xff, 0xff, 0xff, 0xff, 0xff, 0xfa,
    0x0, 0xf, 0xff, 0xff, 0xff, 0xff, 0xff, 0xf7,
    0x0, 0xd, 0xff, 0xff, 0xff, 0xff, 0xff, 0xf3,
    0x0, 0xa, 0xff, 0xff, 0xff, 0xff, 0xff, 0xf0,
    0x0, 0x6, 0xff, 0xff, 0xff, 0xff, 0xff, 0xc0,
    0x0, 0x3, 0xff, 0xff, 0xff, 0xff, 0xff, 0x80,
    0x0, 0x0, 0xfe, 0x77, 0x77, 0x77, 0x77, 0x10,
    0x0, 0x0, 0xcf, 0xbb, 0xbb, 0xbb, 0xb9, 0x0,
    0x0, 0x0, 0x9f, 0xff, 0xff, 0xff, 0xff, 0x0,
    0x0, 0x1, 0xff, 0x90, 0x0, 0x2, 0xff, 0x80,
    0x0, 0x3, 0xff, 0xb0, 0x0, 0x3, 0xff, 0xa0,
    0x0, 0x0, 0x69, 0x20, 0x0, 0x0, 0x69, 0x10,

    /* U+F07B "" */
    0x37, 0x88, 0x87, 0x0, 0x0, 0x0, 0x0, 0xef,
    0xff, 0xff, 0xa0, 0x0, 0x0, 0x0, 0xff, 0xff,
    0xff, 0xfd, 0xcc, 0xcc, 0xb6, 0xff, 0xff, 0xff,
    0xff, 0xff, 0xff, 0xff, 0xff, 0xff, 0xff, 0xff,
    0xff, 0xff, 0xff, 0xff, 0xff, 0xff, 0xff, 0xff,
    0xff, 0xff, 0xff, 0xff, 0xff, 0xff, 0xff, 0xff,
    0xff, 0xff, 0xff, 0xff, 0xff, 0xff, 0xff, 0xff,
    0xff, 0xff, 0xff, 0xff, 0xff, 0xff, 0xff, 0xff,
    0xff, 0xff, 0xff, 0xff, 0xff, 0xff, 0xaf, 0xff,
    0xff, 0xff, 0xff, 0xff, 0xf9,

    /* U+F07C "" */
    0x37, 0x88, 0x87, 0x0, 0x0, 0x0, 0x0, 0x0,
    0xef, 0xff, 0xff, 0xa0, 0x0, 0x0, 0x0, 0x0,
    0xff, 0xff, 0xff, 0xfd, 0xcc, 0xcb, 0x70, 0x0,
    0xff, 0xff, 0xff, 0xff, 0xff, 0xff, 0xf1, 0x0,
    0xff, 0xff, 0xee, 0xee, 0xee, 0xee, 0xe1, 0x0,
    0xff, 0x82, 0x34, 0x44, 0x44, 0x44, 0x44, 0x41,
    0xfb, 0x3f, 0xff, 0xff, 0xff, 0xff, 0xff, 0xfa,
    0xf2, 0xdf, 0xff, 0xff, 0xff, 0xff, 0xff, 0xf3,
    0x87, 0xff, 0xff, 0xff, 0xff, 0xff, 0xff, 0xa0,
    0x2f, 0xff, 0xff, 0xff, 0xff, 0xff, 0xff, 0x10,
    0x5f, 0xff, 0xff, 0xff, 0xff, 0xff, 0xe5, 0x0,

    /* U+F080 "" */
    0x86, 0x0, 0x0, 0x0, 0x0, 0x5, 0x80, 0xfc,
    0x0, 0x0, 0x98, 0x0, 0xa, 0xf1, 0xfc, 0x0,
    0x0, 0xed, 0x0, 0xa, 0xf1, 0xfc, 0x0, 0x0,
    0xed, 0x3f, 0x6a, 0xf1, 0xfc, 0x1, 0x20, 0xed,
    0x4f, 0x7a, 0xf1, 0xfc, 0xa, 0xf1, 0xed, 0x4f,
    0x7a, 0xf1, 0xfc, 0xa, 0xf1, 0xed, 0x4f, 0x7a,
    0xf1, 0xfc, 0x3, 0x60, 0x54, 0x16, 0x23, 0x60,
    0xfc, 0x0, 0x0, 0x0, 0x0, 0x0, 0x0, 0xff,
    0xcc, 0xcc, 0xcc, 0xcc, 0xcc, 0xcb, 0xcf, 0xff,
    0xff, 0xff, 0xff, 0xff, 0xff,

    /* U+F081 "" */
    0x38, 0x88, 0x88, 0x88, 0x88, 0x83, 0xe, 0xff,
    0xff, 0xff, 0xff, 0xff, 0xf0, 0xff, 0xff, 0xff,
    0xff, 0xff, 0xff, 0x1f, 0xfc, 0xff, 0xf9, 0x15,
    0x8f, 0xf1, 0xff, 0x26, 0xef, 0x0, 0x4, 0xff,
    0x1f, 0xf6, 0x0, 0x20, 0x0, 0x9f, 0xf1, 0xff,
    0x50, 0x0, 0x0, 0xc, 0xff, 0x1f, 0xfe, 0x10,
    0x0, 0x2, 0xff, 0xf1, 0xff, 0xf7, 0x0, 0x0,
    0xbf, 0xff, 0x1f, 0xf7, 0x20, 0x2, 0xbf, 0xff,
    0xf1, 0xff, 0xfc, 0xac, 0xff, 0xff, 0xff, 0x1f,
    0xff, 0xff, 0xff, 0xff, 0xff, 0xf1, 0x9f, 0xff,
    0xff, 0xff, 0xff, 0xfa, 0x0,

    /* U+F082 "" */
    0x2, 0x22, 0x22, 0x22, 0x22, 0x20, 0xc, 0xff,
    0xff, 0xff, 0xff, 0xff, 0xe0, 0xff, 0xff, 0xff,
    0xfd, 0xef, 0xff, 0x2f, 0xff, 0xff, 0xc1, 0x0,
    0xef, 0xf3, 0xff, 0xff, 0xf3, 0x2, 0x5f, 0xff,
    0x3f, 0xff, 0xff, 0x10, 0xdf, 0xff, 0xf3, 0xff,
    0xff, 0xf0, 0xd, 0xff, 0xff, 0x3f, 0xff, 0x50,
    0x0, 0x1, 0xff, 0xf3, 0xff, 0xf7, 0x30, 0x2,
    0x6f, 0xff, 0x3f, 0xff, 0xff, 0x10, 0xef, 0xff,
    0xf3, 0xff, 0xff, 0xf1, 0xe, 0xff, 0xff, 0x3f,
    0xff, 0xff, 0x10, 0xef, 0xff, 0xf2, 0x9f, 0xff,
    0xf0, 0xd, 0xff, 0xfb, 0x0,

    /* U+F083 "" */
    0x15, 0x66, 0x66, 0x66, 0x66, 0x66, 0x51, 0xd8,
    0x88, 0xdb, 0x88, 0x88, 0x88, 0x8d, 0xf7, 0x77,
    0x90, 0x0, 0x0, 0x0, 0xe, 0xe0, 0x0, 0x0,
    0x0, 0x0, 0x0, 0xe, 0xff, 0xff, 0xfe, 0xbb,
    0xef, 0xff, 0xff, 0xff, 0xff, 0xc3, 0x76, 0x2c,
    0xff, 0xff, 0xff, 0xff, 0x4b, 0x3b, 0xd2, 0xff,
    0xff, 0xff, 0xfc, 0x82, 0x9f, 0xf4, 0xdf, 0xff,
    0xff, 0xfc, 0x88, 0xff, 0xf4, 0xcf, 0xff, 0xff,
    0xff, 0x3f, 0xff, 0xd2, 0xff, 0xff, 0xff, 0xff,
    0xc3, 0x76, 0x2c, 0xff, 0xff, 0xff, 0xff, 0xfe,
    0xaa, 0xef, 0xff, 0xff, 0x9f, 0xff, 0xff, 0xff,
    0xff, 0xff, 0xf9,

    /* U+F084 "" */
    0x0, 0x0, 0x0, 0x0, 0x23, 0x10, 0x0, 0x0,
    0x0, 0x0, 0x6e, 0xff, 0xfa, 0x10, 0x0, 0x0,
    0x8, 0xff, 0xff, 0xff, 0xd0, 0x0, 0x0, 0x2f,
    0xff, 0xf7, 0x7, 0xf8, 0x0, 0x0, 0x7f, 0xff,
    0xf4, 0x4, 0xfe, 0x0, 0x0, 0x9f, 0xff, 0xff,
    0xbf, 0xff, 0x0, 0x0, 0x7f, 0xff, 0xff, 0xff,
    0xfd, 0x0, 0x1, 0xdf, 0xff, 0xff, 0xff, 0xf8,
    0x0, 0x1d, 0xff, 0xff, 0xff, 0xff, 0xc0, 0x1,
    0xdf, 0xff, 0xff, 0xff, 0xf9, 0x0, 0x1d, 0xff,
    0xff, 0xfc, 0x22, 0x0, 0x0, 0xdf, 0xff, 0xff,
    0x20, 0x0, 0x0, 0x0, 0xff, 0xff, 0xdb, 0x0,
    0x0, 0x0, 0x0, 0xff, 0xff, 0x50, 0x0, 0x0,
    0x0, 0x0, 0x68, 0x88, 0x10, 0x0, 0x0, 0x0,
    0x0,

    /* U+F085 "" */
    0x0, 0x0, 0x0, 0x0, 0x0, 0x0, 0x0, 0x10,
    0x10, 0x0, 0x0, 0x0, 0x26, 0x50, 0x0, 0x0,
    0x8f, 0xbf, 0x40, 0x0, 0x0, 0xb, 0xff, 0x60,
    0x0, 0x1b, 0xfb, 0xf7, 0x0, 0x5, 0x16, 0xef,
    0xfc, 0x23, 0x3a, 0xf8, 0xa, 0xf5, 0x6, 0xff,
    0xff, 0xff, 0xff, 0xfe, 0x5d, 0xd7, 0xea, 0x20,
    0xef, 0xff, 0xfd, 0xdf, 0xff, 0xf9, 0x9f, 0xff,
    0x40, 0x7, 0xff, 0xf5, 0x0, 0xaf, 0xfd, 0x31,
    0x50, 0x60, 0x0, 0xe, 0xff, 0x0, 0x2, 0xff,
    0x80, 0x0, 0x0, 0x0, 0x2, 0xef, 0xf2, 0x0,
    0x4f, 0xfa, 0x0, 0x0, 0x0, 0x0, 0xff, 0xff,
    0xe6, 0x6e, 0xff, 0xf9, 0x7d, 0x8e, 0x30, 0xa,
    0xff, 0xff, 0xff, 0xff, 0xff, 0x4a, 0xfe, 0xf5,
    0x0, 0x1c, 0x7c, 0xff, 0xff, 0x9a, 0x89, 0xf9,
    0xb, 0xf5, 0x0, 0x0, 0xc, 0xff, 0x60, 0x0,
    0x5e, 0xc4, 0xdc, 0x30, 0x0, 0x0, 0x7c, 0xc3,
    0x0, 0x0, 0x9f, 0xff, 0x40, 0x0, 0x0, 0x0,
    0x0, 0x0, 0x0, 0x3, 0x83, 0x91, 0x0,

    /* U+F086 "" */
    0x0, 0x0, 0x4, 0x55, 0x20, 0x0, 0x0, 0x0,
    0x0, 0x1, 0x9f, 0xff, 0xff, 0xc3, 0x0, 0x0,
    0x0, 0x1, 0xdf, 0xff, 0xff, 0xff, 0xf5, 0x0,
    0x0, 0x0, 0xaf, 0xff, 0xff, 0xff, 0xff, 0xf0,
    0x0, 0x0, 0xf, 0xff, 0xff, 0xff, 0xff, 0xff,
    0x44, 0x0, 0x0, 0xff, 0xff, 0xff, 0xff, 0xff,
    0xf4, 0xce, 0x30, 0xa, 0xff, 0xff, 0xff, 0xff,
    0xff, 0x2f, 0xff, 0x10, 0x2f, 0xff, 0xff, 0xff,
    0xff, 0x59, 0xff, 0xf8, 0x8, 0xfc, 0xff, 0xff,
    0xfc, 0x37, 0xff, 0xff, 0xb0, 0x42, 0x0, 0x35,
    0x52, 0x4c, 0xff, 0xff, 0xf9, 0x0, 0x0, 0x0,
    0xac, 0xff, 0xff, 0xff, 0xff, 0x20, 0x0, 0x0,
    0x2, 0xdf, 0xff, 0xff, 0xff, 0xe0, 0x0, 0x0,
    0x0, 0x0, 0x5a, 0xdd, 0xb6, 0x5b, 0x70,

    /* U+F089 "" */
    0x0, 0x0, 0x0, 0x1, 0x0, 0x0, 0x0, 0x1d,
    0x0, 0x0, 0x0, 0x8e, 0x0, 0x0, 0x1, 0xfe,
    0x0, 0x0, 0x8, 0xfe, 0x19, 0xbe, 0xff, 0xfe,
    0x5f, 0xff, 0xff, 0xfe, 0x9, 0xff, 0xff, 0xfe,
    0x0, 0x8f, 0xff, 0xfe, 0x0, 0x9, 0xff, 0xfe,
    0x0, 0x6, 0xff, 0xfe, 0x0, 0x9, 0xff, 0xfe,
    0x0, 0xc, 0xff, 0xfd, 0x0, 0xe, 0xff, 0x70,
    0x0, 0x8, 0x81, 0x0,

    /* U+F08C "" */
    0x69, 0x99, 0x99, 0x99, 0x99, 0x97, 0xf, 0xff,
    0xff, 0xff, 0xff, 0xff, 0xf1, 0xfe, 0x4a, 0xff,
    0xff, 0xff, 0xff, 0x1f, 0xd0, 0x6f, 0xff, 0xff,
    0xff, 0xf1, 0xff, 0xdf, 0xff, 0xff, 0xff, 0xff,
    0x1f, 0xe0, 0x3e, 0x6, 0x10, 0x6f, 0xf1, 0xfe,
    0x3, 0xe0, 0x1, 0x10, 0xdf, 0x1f, 0xe0, 0x3e,
    0x0, 0xec, 0xb, 0xf1, 0xfe, 0x3, 0xe0, 0x1f,
    0xe0, 0xaf, 0x1f, 0xe0, 0x3e, 0x1, 0xfe, 0xa,
    0xf1, 0xfe, 0x3, 0xe0, 0x1f, 0xe0, 0xaf, 0x1f,
    0xfc, 0xdf, 0xcd, 0xff, 0xce, 0xf1, 0xcf, 0xff,
    0xff, 0xff, 0xff, 0xfd, 0x0,

    /* U+F08D "" */
    0x0, 0x0, 0x0, 0x0, 0x0, 0x1, 0xff, 0xff,
    0xff, 0xff, 0x80, 0x1f, 0xff, 0xff, 0xff, 0xf9,
    0x0, 0x8b, 0xff, 0xff, 0xe9, 0x30, 0x0, 0x6f,
    0xff, 0xfe, 0x0, 0x0, 0x8, 0xff, 0xff, 0xf0,
    0x0, 0x0, 0xaf, 0xff, 0xff, 0x20, 0x0, 0xaf,
    0xff, 0xff, 0xfe, 0x40, 0x8f, 0xff, 0xff, 0xff,
    0xff, 0x1e, 0xff, 0xff, 0xff, 0xff, 0xf7, 0x79,
    0x99, 0xdf, 0xa9, 0x99, 0x20, 0x0, 0xa, 0xf2,
    0x0, 0x0, 0x0, 0x0, 0xaf, 0x20, 0x0, 0x0,
    0x0, 0x8, 0xf1, 0x0, 0x0, 0x0, 0x0, 0x28,
    0x0, 0x0, 0x0,

    /* U+F091 "" */
    0x0, 0x0, 0x0, 0x0, 0x0, 0x0, 0x0, 0x0,
    0x0, 0x7, 0xff, 0xff, 0xff, 0xff, 0x20, 0x0,
    0x9b, 0xbd, 0xff, 0xff, 0xff, 0xff, 0xcb, 0xb6,
    0xff, 0xff, 0xff, 0xff, 0xff, 0xff, 0xff, 0xfc,
    0xfc, 0x7, 0xff, 0xff, 0xff, 0xff, 0x31, 0xfb,
    0xcf, 0x44, 0xff, 0xff, 0xff, 0xff, 0x18, 0xf8,
    0x4f, 0xfc, 0xff, 0xff, 0xff, 0xff, 0xcf, 0xe1,
    0x4, 0xdf, 0xff, 0xff, 0xff, 0xff, 0xfb, 0x20,
    0x0, 0x4, 0x9f, 0xff, 0xff, 0xf7, 0x30, 0x0,
    0x0, 0x0, 0xa, 0xff, 0xff, 0x60, 0x0, 0x0,
    0x0, 0x0, 0x0, 0xbf, 0xf7, 0x0, 0x0, 0x0,
    0x0, 0x0, 0x0, 0x7f, 0xf2, 0x0, 0x0, 0x0,
    0x0, 0x0, 0x13, 0x9f, 0xf5, 0x30, 0x0, 0x0,
    0x0, 0x3, 0xff, 0xff, 0xff, 0xfd, 0x0, 0x0,
    0x0, 0x7, 0xff, 0xff, 0xff, 0xff, 0x30, 0x0,

    /* U+F092 "" */
    0x49, 0x99, 0x99, 0x99, 0x99, 0x94, 0xe, 0xff,
    0xff, 0xff, 0xff, 0xff, 0xf0, 0xff, 0xfe, 0x63,
    0x36, 0xef, 0xff, 0x1f, 0xfd, 0x10, 0x0, 0x1,
    0xcf, 0xf1, 0xff, 0x25, 0xb8, 0x9a, 0x81, 0xff,
    0x1f, 0xc0, 0x7f, 0xff, 0xfb, 0xb, 0xf1, 0xfa,
    0xa, 0xff, 0xff, 0xf0, 0x9f, 0x1f, 0xc0, 0x6f,
    0xff, 0xfb, 0xb, 0xf1, 0xff, 0x16, 0x2e, 0xf5,
    0x0, 0xff, 0x1f, 0xf9, 0x4c, 0xff, 0x40, 0x9f,
    0xf1, 0xff, 0xf9, 0xf, 0xf6, 0xaf, 0xff, 0x1f,
    0xff, 0xff, 0xff, 0xff, 0xff, 0xf0, 0x8d, 0xee,
    0xee, 0xee, 0xee, 0xd9, 0x0,

    /* U+F093 "" */
    0x0, 0x0, 0x0, 0x0, 0x0, 0x0, 0x0, 0x0,
    0x0, 0x1, 0xdd, 0x10, 0x0, 0x0, 0x0, 0x0,
    0x1d, 0xff, 0xd1, 0x0, 0x0, 0x0, 0x1, 0xdf,
    0xff, 0xfd, 0x10, 0x0, 0x0, 0x1d, 0xff, 0xff,
    0xff, 0xd1, 0x0, 0x0, 0x9f, 0xff, 0xff, 0xff,
    0xf9, 0x0, 0x0, 0x1, 0x1c, 0xff, 0xc1, 0x10,
    0x0, 0x0, 0x0, 0xc, 0xff, 0xc0, 0x0, 0x0,
    0x0, 0x0, 0xc, 0xff, 0xc0, 0x0, 0x0, 0x0,
    0x0, 0xc, 0xff, 0xc0, 0x0, 0x0, 0x79, 0x99,
    0x3b, 0xff, 0xb3, 0x99, 0x97, 0xff, 0xff, 0xb2,
    0x44, 0x2b, 0xff, 0xff, 0xff, 0xff, 0xfe, 0xdd,
    0xef, 0xff, 0xff, 0xff, 0xff, 0xff, 0xff, 0xfa,
    0xb3, 0xcf, 0xac, 0xcc, 0xcc, 0xcc, 0xcc, 0xcc,
    0xca,

    /* U+F094 "" */
    0x0, 0x0, 0x0, 0x0, 0x0, 0x0, 0x22, 0x0,
    0x0, 0x0, 0x2, 0x9d, 0xee, 0xee, 0xff, 0x70,
    0x0, 0x0, 0x7f, 0xd9, 0xff, 0xff, 0xff, 0xf0,
    0x0, 0x9, 0xf8, 0x29, 0xff, 0xff, 0xff, 0xd0,
    0x0, 0x6f, 0x65, 0xff, 0xff, 0xff, 0xff, 0xa0,
    0x1, 0xf9, 0x4f, 0xff, 0xff, 0xff, 0xff, 0xa0,
    0x6, 0xf1, 0xef, 0xff, 0xff, 0xff, 0xff, 0xb0,
    0x9, 0xd8, 0xff, 0xff, 0xff, 0xff, 0xff, 0xb0,
    0xa, 0xff, 0xff, 0xff, 0xff, 0xff, 0xff, 0x90,
    0xa, 0xff, 0xff, 0xff, 0xff, 0xff, 0xff, 0x40,
    0x9, 0xff, 0xff, 0xff, 0xff, 0xff, 0xfc, 0x0,
    0xa, 0xff, 0xff, 0xff, 0xff, 0xff, 0xe2, 0x0,
    0xe, 0xff, 0xff, 0xff, 0xff, 0xfe, 0x30, 0x0,
    0xb, 0xff, 0xff, 0xff, 0xff, 0xa1, 0x0, 0x0,
    0x1, 0x9a, 0x66, 0x77, 0x52, 0x0, 0x0, 0x0,

    /* U+F095 "" */
    0x0, 0x0, 0x0, 0x0, 0x0, 0x2, 0x0, 0x0,
    0x0, 0x0, 0x0, 0x0, 0x4, 0xff, 0xc7, 0x0,
    0x0, 0x0, 0x0, 0x0, 0xaf, 0xff, 0xf0, 0x0,
    0x0, 0x0, 0x0, 0x1f, 0xff, 0xfd, 0x0, 0x0,
    0x0, 0x0, 0x6, 0xff, 0xff, 0xc0, 0x0, 0x0,
    0x0, 0x0, 0x8, 0xff, 0xf7, 0x0, 0x0, 0x0,
    0x0, 0x0, 0xc, 0xff, 0x30, 0x0, 0x0, 0x0,
    0x0, 0x4, 0xff, 0xc0, 0x0, 0x0, 0x0, 0x0,
    0x1, 0xef, 0xf3, 0x0, 0x0, 0x4a, 0x30, 0x2,
    0xdf, 0xf8, 0x0, 0x5, 0xdf, 0xfe, 0x15, 0xef,
    0xfb, 0x0, 0x0, 0xef, 0xff, 0xff, 0xff, 0xfa,
    0x0, 0x0, 0xb, 0xff, 0xff, 0xff, 0xf7, 0x0,
    0x0, 0x0, 0x7f, 0xff, 0xff, 0xa2, 0x0, 0x0,
    0x0, 0x2, 0xba, 0x85, 0x0, 0x0, 0x0, 0x0,
    0x0,

    /* U+F098 "" */
    0x49, 0x99, 0x99, 0x99, 0x99, 0x94, 0xe, 0xff,
    0xff, 0xff, 0xff, 0xff, 0xf0, 0xff, 0xff, 0xff,
    0xfd, 0x37, 0xef, 0x1f, 0xff, 0xff, 0xff, 0x70,
    0xb, 0xf1, 0xff, 0xff, 0xff, 0xf2, 0x0, 0xdf,
    0x1f, 0xff, 0xff, 0xff, 0xd0, 0x1f, 0xf1, 0xff,
    0xff, 0xff, 0xfb, 0x6, 0xff, 0x1f, 0xff, 0xbc,
    0xfd, 0x11, 0xef, 0xf1, 0xfe, 0x20, 0x18, 0x10,
    0xbf, 0xff, 0x1f, 0xd0, 0x0, 0x0, 0xbf, 0xff,
    0xf1, 0xff, 0x10, 0x16, 0xef, 0xff, 0xff, 0x1f,
    0xfd, 0xef, 0xff, 0xff, 0xff, 0xf1, 0x9f, 0xff,
    0xff, 0xff, 0xff, 0xfa, 0x0,

    /* U+F099 "" */
    0x1, 0x0, 0x0, 0x1, 0xae, 0xc4, 0x43, 0x5d,
    0x10, 0x0, 0xb, 0xff, 0xff, 0xe5, 0x5f, 0xe6,
    0x0, 0x1f, 0xff, 0xff, 0xd2, 0x1e, 0xff, 0xea,
    0x9f, 0xff, 0xff, 0x80, 0x5d, 0xff, 0xff, 0xff,
    0xff, 0xff, 0x70, 0x1e, 0xff, 0xff, 0xff, 0xff,
    0xff, 0x30, 0x3, 0xdf, 0xff, 0xff, 0xff, 0xfd,
    0x0, 0x2, 0xff, 0xff, 0xff, 0xff, 0xf5, 0x0,
    0x0, 0x3c, 0xff, 0xff, 0xff, 0xa0, 0x0, 0x0,
    0x29, 0xff, 0xff, 0xfa, 0x0, 0x0, 0x4c, 0xff,
    0xff, 0xfc, 0x50, 0x0, 0x0, 0x0, 0x25, 0x64,
    0x20, 0x0, 0x0, 0x0,

    /* U+F09A "" */
    0x0, 0x0, 0x0, 0x0, 0x0, 0x0, 0x0, 0x0,
    0x2, 0x9d, 0xff, 0xd7, 0x0, 0x0, 0x0, 0x6f,
    0xff, 0xff, 0xff, 0xe3, 0x0, 0x5, 0xff, 0xff,
    0xfc, 0xac, 0xff, 0x20, 0x1f, 0xff, 0xff, 0x60,
    0x1, 0xff, 0xc0, 0x8f, 0xff, 0xfe, 0x0, 0x36,
    0xff, 0xf4, 0xcf, 0xff, 0xfc, 0x0, 0xff, 0xff,
    0xf8, 0xef, 0xff, 0xfc, 0x0, 0xff, 0xff, 0xfa,
    0xdf, 0xff, 0x10, 0x0, 0x3, 0xff, 0xfa, 0xbf,
    0xff, 0x20, 0x0, 0x16, 0xff, 0xf7, 0x6f, 0xff,
    0xfc, 0x0, 0xff, 0xff, 0xf2, 0xd, 0xff, 0xfc,
    0x0, 0xff, 0xff, 0xa0, 0x2, 0xef, 0xfc, 0x0,
    0xff, 0xfd, 0x0, 0x0, 0x2d, 0xfc, 0x0, 0xff,
    0xa1, 0x0, 0x0, 0x0, 0x47, 0x0, 0x83, 0x0,
    0x0,

    /* U+F09B "" */
    0x0, 0x0, 0x0, 0x0, 0x0, 0x0, 0x0, 0x0,
    0x3, 0xae, 0xfe, 0xc6, 0x0, 0x0, 0x0, 0x9f,
    0xff, 0xff, 0xff, 0xd2, 0x0, 0x9, 0xfe, 0xff,
    0xff, 0xff, 0xee, 0x10, 0x3f, 0xf0, 0x37, 0x56,
    0x70, 0x6f, 0xb0, 0xaf, 0xf0, 0x0, 0x0, 0x0,
    0x7f, 0xf2, 0xef, 0xa0, 0x0, 0x0, 0x0, 0xf,
    0xf6, 0xff, 0x80, 0x0, 0x0, 0x0, 0xd, 0xf8,
    0xef, 0xb0, 0x0, 0x0, 0x0, 0xf, 0xf7, 0xbf,
    0xf5, 0x0, 0x0, 0x0, 0xaf, 0xf4, 0x6f, 0x6e,
    0xe4, 0x0, 0x9f, 0xff, 0xe0, 0xd, 0xd3, 0x60,
    0x0, 0x8f, 0xff, 0x60, 0x2, 0xee, 0xc1, 0x0,
    0x7f, 0xf9, 0x0, 0x0, 0x1a, 0xf1, 0x0, 0x7e,
    0x60, 0x0, 0x0, 0x0, 0x10, 0x0, 0x0, 0x0,
    0x0,

    /* U+F09C "" */
    0x0, 0x0, 0x2, 0x30, 0x0, 0x0, 0x0, 0x0,
    0x4e, 0xff, 0xf7, 0x0, 0x0, 0x0, 0x3f, 0xff,
    0xff, 0xf7, 0x0, 0x0, 0xb, 0xfc, 0x10, 0x9f,
    0xf0, 0x0, 0x0, 0xff, 0x40, 0x0, 0xff, 0x30,
    0x0, 0xf, 0xf2, 0x0, 0xd, 0xf3, 0x0, 0x0,
    0xff, 0x20, 0x0, 0x1, 0x0, 0x0, 0x1f, 0xf3,
    0x0, 0x0, 0x0, 0x0, 0xaf, 0xff, 0xff, 0xff,
    0xff, 0xfd, 0xf, 0xff, 0xff, 0xff, 0xff, 0xff,
    0xf3, 0xff, 0xff, 0xff, 0xff, 0xff, 0xff, 0x4f,
    0xff, 0xff, 0xff, 0xff, 0xff, 0xf4, 0xff, 0xff,
    0xff, 0xff, 0xff, 0xff, 0x4f, 0xff, 0xff, 0xff,
    0xff, 0xff, 0xf3, 0x9f, 0xff, 0xff, 0xff, 0xff,
    0xfc, 0x0,

    /* U+F09D "" */
    0x39, 0x99, 0x99, 0x99, 0x99, 0x99, 0x99, 0x83,
    0xef, 0xff, 0xff, 0xff, 0xff, 0xff, 0xff, 0xfd,
    0xff, 0xff, 0xff, 0xff, 0xff, 0xff, 0xff, 0xfe,
    0x0, 0x0, 0x0, 0x0, 0x0, 0x0, 0x0, 0x0,
    0x0, 0x0, 0x0, 0x0, 0x0, 0x0, 0x0, 0x0,
    0x0, 0x0, 0x0, 0x0, 0x0, 0x0, 0x0, 0x0,
    0x0, 0x0, 0x0, 0x0, 0x0, 0x0, 0x0, 0x0,
    0xff, 0xff, 0xff, 0xff, 0xff, 0xff, 0xff, 0xfe,
    0xff, 0xff, 0xff, 0xff, 0xff, 0xff, 0xff, 0xfe,
    0xfe, 0x99, 0xf9, 0x99, 0x9b, 0xff, 0xff, 0xfe,
    0xfc, 0x0, 0xd0, 0x0, 0x3, 0xff, 0xff, 0xfe,
    0xff, 0xcc, 0xfd, 0xcc, 0xcd, 0xff, 0xff, 0xfe,
    0x9f, 0xff, 0xff, 0xff, 0xff, 0xff, 0xff, 0xf8,

    /* U+F09E "" */
    0x43, 0x10, 0x0, 0x0, 0x0, 0x0, 0xf, 0xff,
    0xd7, 0x10, 0x0, 0x0, 0x0, 0xcf, 0xff, 0xfe,
    0x70, 0x0, 0x0, 0x0, 0x2, 0x7d, 0xff, 0xb1,
    0x0, 0x0, 0x42, 0x0, 0x7, 0xff, 0xd0, 0x0,
    0xf, 0xfe, 0x81, 0x4, 0xff, 0xb0, 0x0, 0xdf,
    0xff, 0xe3, 0x4, 0xff, 0x60, 0x0, 0x6, 0xef,
    0xf3, 0x8, 0xfe, 0x0, 0x0, 0x1, 0xcf, 0xe1,
    0xe, 0xf6, 0x1, 0x75, 0x1, 0xef, 0x80, 0x8f,
    0xb0, 0xcf, 0xf4, 0x6, 0xfe, 0x3, 0xff, 0xe,
    0xff, 0x60, 0x1f, 0xf2, 0x1f, 0xf1, 0x5e, 0xb0,
    0x0, 0xcf, 0x30, 0xdf, 0x20,

    /* U+F0A0 "" */
    0x0, 0x2, 0x66, 0x66, 0x66, 0x66, 0x10, 0x0,
    0x0, 0x2f, 0xff, 0xff, 0xff, 0xff, 0xd0, 0x0,
    0x0, 0xcf, 0xff, 0xff, 0xff, 0xff, 0xf8, 0x0,
    0x7, 0xff, 0xff, 0xff, 0xff, 0xff, 0xff, 0x30,
    0x2e, 0xff, 0xff, 0xff, 0xff, 0xff, 0xff, 0xc0,
    0x0, 0x0, 0x0, 0x0, 0x0, 0x0, 0x0, 0x0,
    0xaf, 0xff, 0xff, 0xff, 0xff, 0xff, 0xff, 0xf6,
    0xff, 0xff, 0xff, 0xff, 0xff, 0xcf, 0xed, 0xfb,
    0xff, 0xff, 0xff, 0xff, 0xfb, 0xb, 0x51, 0xfc,
    0xff, 0xff, 0xff, 0xff, 0xff, 0xdf, 0xee, 0xfb,
    0xaf, 0xff, 0xff, 0xff, 0xff, 0xff, 0xff, 0xf6,

    /* U+F0A1 "" */
    0x0, 0x0, 0x0, 0x0, 0x0, 0x0, 0x1, 0x10,
    0x0, 0x0, 0x0, 0x0, 0x0, 0x0, 0x5f, 0xc0,
    0x0, 0x0, 0x0, 0x0, 0x0, 0x8, 0xff, 0xd0,
    0x0, 0x0, 0x0, 0x0, 0x4, 0xcf, 0xdf, 0xd0,
    0x3b, 0xcc, 0xcc, 0xcc, 0xef, 0xfa, 0xe, 0xd0,
    0xef, 0xff, 0xff, 0xff, 0xd9, 0x30, 0xe, 0xd0,
    0xff, 0xff, 0xff, 0xf0, 0x0, 0x0, 0xe, 0xf6,
    0xff, 0xff, 0xff, 0xf0, 0x0, 0x0, 0xe, 0xfa,
    0xff, 0xff, 0xff, 0xf5, 0x30, 0x0, 0xe, 0xf3,
    0xbf, 0xff, 0xff, 0xff, 0xff, 0x91, 0xe, 0xd0,
    0x5, 0x9f, 0xff, 0x76, 0x9e, 0xfe, 0x4e, 0xd0,
    0x0, 0x5f, 0xff, 0x20, 0x0, 0x6f, 0xff, 0xd0,
    0x0, 0x3f, 0xff, 0x60, 0x0, 0x3, 0xef, 0xd0,
    0x0, 0xe, 0xff, 0xd0, 0x0, 0x0, 0x1a, 0x80,
    0x0, 0x6, 0xbc, 0x80, 0x0, 0x0, 0x0, 0x0,

    /* U+F0A3 "" */
    0x0, 0x0, 0x0, 0x20, 0x2, 0x0, 0x0, 0x0,
    0x0, 0x0, 0x6, 0xf5, 0x5f, 0x60, 0x0, 0x0,
    0x0, 0x17, 0x3a, 0xff, 0xff, 0xa3, 0x71, 0x0,
    0x0, 0x3f, 0xff, 0xff, 0xff, 0xff, 0xf3, 0x0,
    0x0, 0xe, 0xff, 0xff, 0xff, 0xff, 0xe0, 0x0,
    0x8, 0xdf, 0xff, 0xff, 0xff, 0xff, 0xfd, 0x80,
    0xc, 0xff, 0xff, 0xff, 0xff, 0xff, 0xff, 0xc0,
    0x0, 0xdf, 0xff, 0xff, 0xff, 0xff, 0xfd, 0x0,
    0x5, 0xff, 0xff, 0xff, 0xff, 0xff, 0xff, 0x50,
    0xe, 0xff, 0xff, 0xff, 0xff, 0xff, 0xff, 0xe0,
    0x1, 0x5e, 0xff, 0xff, 0xff, 0xff, 0xe5, 0x10,
    0x0, 0x1f, 0xff, 0xff, 0xff, 0xff, 0xf1, 0x0,
    0x0, 0x3f, 0xcd, 0xff, 0xff, 0xdc, 0xf3, 0x0,
    0x0, 0x0, 0x8, 0xfc, 0xcf, 0x80, 0x0, 0x0,
    0x0, 0x0, 0x2, 0xa0, 0xa, 0x20, 0x0, 0x0,

    /* U+F0A4 "" */
    0x0, 0x0, 0x0, 0x5, 0x40, 0x0, 0x0, 0x0,
    0x0, 0x0, 0x4f, 0xf2, 0x0, 0x0, 0x0, 0x0,
    0x6, 0xff, 0xf1, 0x0, 0x0, 0x57, 0x33, 0xdf,
    0xff, 0xff, 0xff, 0xfa, 0xff, 0xcc, 0xff, 0xff,
    0xff, 0xff, 0xfe, 0xff, 0xcc, 0xff, 0xff, 0xff,
    0x86, 0x62, 0xff, 0xcc, 0xff, 0xff, 0xff, 0x50,
    0x0, 0xff, 0xcc, 0xff, 0xff, 0xff, 0x0, 0x0,
    0xe6, 0xcc, 0xff, 0xff, 0xfe, 0x0, 0x0, 0xec,
    0xba, 0xff, 0xff, 0xf7, 0x0, 0x0, 0x2, 0x0,
    0x3a, 0xef, 0xc2, 0x0, 0x0,

    /* U+F0A5 "" */
    0x0, 0x0, 0x4, 0x50, 0x0, 0x0, 0x0, 0x0,
    0x0, 0x1f, 0xf5, 0x0, 0x0, 0x0, 0x0, 0x0,
    0xe, 0xff, 0x80, 0x0, 0x0, 0xaf, 0xff, 0xff,
    0xff, 0xfe, 0x52, 0x65, 0xef, 0xff, 0xff, 0xff,
    0xff, 0xe9, 0xff, 0x26, 0x68, 0xff, 0xff, 0xff,
    0xfa, 0xff, 0x0, 0x4, 0xff, 0xff, 0xff, 0xfa,
    0xff, 0x0, 0x0, 0xff, 0xff, 0xff, 0xfa, 0xff,
    0x0, 0x0, 0xdf, 0xff, 0xff, 0xfa, 0x7e, 0x0,
    0x0, 0x6f, 0xff, 0xff, 0xc9, 0xce, 0x0, 0x0,
    0x1c, 0xfe, 0xa4, 0x0, 0x10,

    /* U+F0A6 "" */
    0x0, 0x2, 0x0, 0x0, 0x0, 0x0, 0x5, 0xfb,
    0x0, 0x0, 0x0, 0x0, 0x7f, 0xe0, 0x0, 0x0,
    0x0, 0x7, 0xfe, 0x0, 0x0, 0x0, 0x0, 0x7f,
    0xe8, 0x53, 0x0, 0x2, 0x58, 0xff, 0xff, 0xfc,
    0x90, 0xef, 0xff, 0xff, 0xff, 0xff, 0x5b, 0xff,
    0xff, 0xff, 0xff, 0xf7, 0x9, 0xff, 0xff, 0xff,
    0xff, 0x60, 0xd, 0xff, 0xff, 0xff, 0xf1, 0x0,
    0x4f, 0xff, 0xff, 0xfa, 0x0, 0x0, 0x7a, 0xbb,
    0xba, 0x30, 0x0, 0xb, 0xee, 0xee, 0xd6, 0x0,
    0x0, 0xff, 0xff, 0xe4, 0xa0, 0x0, 0x9, 0xcc,
    0xcc, 0xc5, 0x0,

    /* U+F0A7 "" */
    0x0, 0x0, 0x0, 0x0, 0x0, 0x0, 0x0, 0xdf,
    0xff, 0xfd, 0x80, 0x0, 0xe, 0xff, 0xfe, 0x79,
    0x0, 0x0, 0x59, 0x99, 0x99, 0x20, 0x0, 0x1e,
    0xff, 0xff, 0xf7, 0x0, 0x9, 0xff, 0xff, 0xff,
    0xd0, 0x3, 0xff, 0xff, 0xff, 0xff, 0x44, 0xef,
    0xff, 0xff, 0xff, 0xf7, 0xef, 0xff, 0xff, 0xff,
    0xff, 0x78, 0xdc, 0xff, 0xff, 0xff, 0xf2, 0x0,
    0x7f, 0xff, 0xdb, 0x51, 0x0, 0x7, 0xfe, 0x10,
    0x0, 0x0, 0x0, 0x7f, 0xe0, 0x0, 0x0, 0x0,
    0x7, 0xfd, 0x0, 0x0, 0x0, 0x0, 0x1a, 0x50,
    0x0, 0x0, 0x0,

    /* U+F0A8 "" */
    0x0, 0x0, 0x0, 0x0, 0x0, 0x0, 0x0, 0x0,
    0x1, 0x8d, 0xff, 0xd8, 0x10, 0x0, 0x0, 0x4f,
    0xff, 0xff, 0xff, 0xf4, 0x0, 0x4, 0xff, 0xff,
    0xbb, 0xff, 0xff, 0x40, 0xe, 0xff, 0xfb, 0x1,
    0xff, 0xff, 0xe0, 0x6f, 0xff, 0xb0, 0xc, 0xff,
    0xff, 0xf6, 0xaf, 0xfb, 0x0, 0xae, 0xee, 0xef,
    0xfa, 0xcf, 0xe0, 0x0, 0x0, 0x0, 0xa, 0xfc,
    0xbf, 0xf4, 0x0, 0x66, 0x66, 0x6e, 0xfb, 0x8f,
    0xff, 0x40, 0x5f, 0xff, 0xff, 0xf8, 0x3f, 0xff,
    0xf4, 0x5, 0xff, 0xff, 0xf3, 0x9, 0xff, 0xff,
    0x44, 0xff, 0xff, 0x90, 0x0, 0xbf, 0xff, 0xff,
    0xff, 0xfb, 0x0, 0x0, 0x8, 0xff, 0xff, 0xff,
    0x80, 0x0, 0x0, 0x0, 0x15, 0x77, 0x51, 0x0,
    0x0,

    /* U+F0A9 "" */
    0x0, 0x0, 0x0, 0x0, 0x0, 0x0, 0x0, 0x0,
    0x1, 0x8d, 0xff, 0xd8, 0x10, 0x0, 0x0, 0x4f,
    0xff, 0xff, 0xff, 0xf4, 0x0, 0x4, 0xff, 0xff,
    0xbb, 0xff, 0xff, 0x40, 0xe, 0xff, 0xff, 0x10,
    0xbf, 0xff, 0xe0, 0x6f, 0xff, 0xff, 0xc0, 0xb,
    0xff, 0xf6, 0xaf, 0xfe, 0xee, 0xea, 0x0, 0xbf,
    0xfa, 0xcf, 0xa0, 0x0, 0x0, 0x0, 0xe, 0xfc,
    0xbf, 0xe6, 0x66, 0x66, 0x0, 0x4f, 0xfb, 0x8f,
    0xff, 0xff, 0xf5, 0x4, 0xff, 0xf8, 0x3f, 0xff,
    0xff, 0x50, 0x4f, 0xff, 0xf3, 0x9, 0xff, 0xff,
    0x44, 0xff, 0xff, 0x90, 0x0, 0xbf, 0xff, 0xff,
    0xff, 0xfb, 0x0, 0x0, 0x8, 0xff, 0xff, 0xff,
    0x80, 0x0, 0x0, 0x0, 0x15, 0x77, 0x51, 0x0,
    0x0,

    /* U+F0AA "" */
    0x0, 0x0, 0x0, 0x0, 0x0, 0x0, 0x0, 0x0,
    0x1, 0x8d, 0xff, 0xd8, 0x10, 0x0, 0x0, 0x4f,
    0xff, 0xff, 0xff, 0xf4, 0x0, 0x4, 0xff, 0xff,
    0xcc, 0xff, 0xff, 0x40, 0xe, 0xff, 0xfb, 0x0,
    0xbf, 0xff, 0xe0, 0x6f, 0xff, 0xb0, 0x0, 0xb,
    0xff, 0xf6, 0xaf, 0xfb, 0x1, 0x0, 0x10, 0xbf,
    0xfa, 0xcf, 0xd0, 0xc, 0x22, 0xc0, 0xd, 0xfc,
    0xbf, 0xf6, 0xcf, 0x22, 0xfc, 0x6f, 0xfb, 0x8f,
    0xff, 0xff, 0x22, 0xff, 0xff, 0xf8, 0x3f, 0xff,
    0xff, 0x22, 0xff, 0xff, 0xf3, 0xa, 0xff, 0xff,
    0x22, 0xff, 0xff, 0xa0, 0x0, 0xcf, 0xff, 0xff,
    0xff, 0xfc, 0x0, 0x0, 0x8, 0xff, 0xff, 0xff,
    0x80, 0x0, 0x0, 0x0, 0x15, 0x77, 0x51, 0x0,
    0x0,

    /* U+F0AB "" */
    0x0, 0x0, 0x0, 0x0, 0x0, 0x0, 0x0, 0x0,
    0x1, 0x8d, 0xff, 0xd8, 0x10, 0x0, 0x0, 0x4f,
    0xff, 0xff, 0xff, 0xf4, 0x0, 0x4, 0xff, 0xff,
    0x99, 0xff, 0xff, 0x40, 0xe, 0xff, 0xff, 0x22,
    0xff, 0xff, 0xe0, 0x6f, 0xff, 0xff, 0x22, 0xff,
    0xff, 0xf6, 0xaf, 0xfe, 0xff, 0x22, 0xff, 0xef,
    0xfa, 0xcf, 0xd0, 0x5f, 0x22, 0xf5, 0xd, 0xfc,
    0xbf, 0xf4, 0x6, 0x11, 0x60, 0x4f, 0xfb, 0x8f,
    0xff, 0x40, 0x0, 0x4, 0xff, 0xf8, 0x3f, 0xff,
    0xf4, 0x0, 0x4f, 0xff, 0xf3, 0x9, 0xff, 0xff,
    0x55, 0xff, 0xff, 0x90, 0x0, 0xbf, 0xff, 0xff,
    0xff, 0xfb, 0x0, 0x0, 0x8, 0xff, 0xff, 0xff,
    0x80, 0x0, 0x0, 0x0, 0x15, 0x77, 0x51, 0x0,
    0x0,

    /* U+F0AC "" */
    0x0, 0x0, 0x0, 0x0, 0x0, 0x0, 0x0, 0x0,
    0x2, 0x53, 0xfa, 0x16, 0x0, 0x0, 0x0, 0x7f,
    0x2d, 0xff, 0x5a, 0xd2, 0x0, 0x7, 0xfd, 0x3f,
    0xff, 0xb5, 0xfd, 0x10, 0x2f, 0xf9, 0x7f, 0xff,
    0xf1, 0xff, 0xa0, 0x12, 0x21, 0x12, 0x22, 0x20,
    0x22, 0x20, 0xdf, 0xf5, 0xcf, 0xff, 0xf4, 0xdf,
    0xf5, 0xff, 0xf4, 0xdf, 0xff, 0xf5, 0xcf, 0xf7,
    0xdf, 0xf5, 0xcf, 0xff, 0xf5, 0xcf, 0xf6, 0x35,
    0x51, 0x35, 0x55, 0x51, 0x45, 0x51, 0x3d, 0xd7,
    0x7d, 0xdd, 0xd1, 0xdd, 0xa0, 0xa, 0xfc, 0x5f,
    0xff, 0xd3, 0xff, 0x30, 0x0, 0xbf, 0x2e, 0xff,
    0x78, 0xf5, 0x0, 0x0, 0x7, 0x67, 0xfe, 0x2a,
    0x20, 0x0, 0x0, 0x0, 0x0, 0x31, 0x0, 0x0,
    0x0,

    /* U+F0AD "" */
    0x0, 0x0, 0x0, 0x0, 0x1, 0x10, 0x0, 0x0,
    0x0, 0x0, 0x0, 0x3c, 0xff, 0x10, 0x0, 0x0,
    0x0, 0x0, 0x2f, 0xff, 0x30, 0x0, 0x0, 0x0,
    0x0, 0x9, 0xff, 0x40, 0x0, 0x30, 0x0, 0x0,
    0x0, 0xdf, 0xf4, 0x0, 0x7f, 0x0, 0x0, 0x0,
    0xc, 0xff, 0xb6, 0x8f, 0xe0, 0x0, 0x0, 0x3,
    0xef, 0xff, 0xff, 0xf9, 0x0, 0x0, 0x3, 0xef,
    0xff, 0xff, 0xfc, 0x0, 0x0, 0x3, 0xef, 0xff,
    0xca, 0xa6, 0x0, 0x0, 0x3, 0xef, 0xff, 0xc0,
    0x0, 0x0, 0x0, 0x3, 0xef, 0xff, 0xc0, 0x0,
    0x0, 0x0, 0x2, 0xef, 0xff, 0xc0, 0x0, 0x0,
    0x0, 0x0, 0xda, 0xef, 0xc0, 0x0, 0x0, 0x0,
    0x0, 0xe, 0x7c, 0xc0, 0x0, 0x0, 0x0, 0x0,
    0x0, 0x4c, 0xa0, 0x0, 0x0, 0x0, 0x0, 0x0,
    0x0,

    /* U+F0AE "" */
    0x0, 0x6, 0x0, 0x0, 0x0, 0x0, 0x0, 0x31,
    0x9f, 0x37, 0xbb, 0xbb, 0xbb, 0xba, 0xde, 0xf4,
    0xb, 0xff, 0xff, 0xff, 0xff, 0x2d, 0x40, 0x0,
    0x0, 0x0, 0x0, 0x0, 0x0, 0x0, 0x0, 0x0,
    0x0, 0x0, 0x0, 0x0, 0x2d, 0x30, 0x0, 0x0,
    0x0, 0x0, 0x95, 0xeb, 0xb, 0xff, 0xff, 0xff,
    0xff, 0x8f, 0xc0, 0x7, 0xbb, 0xbb, 0xbb, 0xba,
    0x6, 0x0, 0x0, 0x0, 0x0, 0x0, 0x0, 0x1,
    0x0, 0x0, 0x0, 0x0, 0x0, 0x0, 0x5f, 0xd0,
    0x8, 0xcc, 0xcc, 0xcc, 0xcb, 0x7f, 0xe0, 0xb,
    0xff, 0xff, 0xff, 0xff, 0x5, 0x20, 0x0, 0x0,
    0x0, 0x0, 0x0,

    /* U+F0B0 "" */
    0x3, 0x44, 0x44, 0x44, 0x44, 0x44, 0x44, 0x11,
    0xff, 0xff, 0xff, 0xff, 0xff, 0xff, 0xfb, 0x5,
    0xff, 0xff, 0xff, 0xff, 0xff, 0xfe, 0x20, 0x5,
    0xff, 0xff, 0xff, 0xff, 0xfe, 0x20, 0x0, 0x5,
    0xff, 0xff, 0xff, 0xfe, 0x20, 0x0, 0x0, 0x5,
    0xff, 0xff, 0xfe, 0x20, 0x0, 0x0, 0x0, 0x5,
    0xff, 0xfe, 0x20, 0x0, 0x0, 0x0, 0x0, 0xe,
    0xff, 0x90, 0x0, 0x0, 0x0, 0x0, 0x0, 0xef,
    0xf9, 0x0, 0x0, 0x0, 0x0, 0x0, 0xe, 0xff,
    0x90, 0x0, 0x0, 0x0, 0x0, 0x0, 0xef, 0xf9,
    0x0, 0x0, 0x0, 0x0, 0x0, 0xe, 0xff, 0x90,
    0x0, 0x0, 0x0, 0x0, 0x0, 0xef, 0xf9, 0x0,
    0x0, 0x0, 0x0, 0x0, 0x3, 0xdf, 0x90, 0x0,
    0x0, 0x0, 0x0, 0x0, 0x0, 0x95, 0x0, 0x0,
    0x0,

    /* U+F0B1 "" */
    0x0, 0x0, 0x79, 0x99, 0x97, 0x0, 0x0, 0x0,
    0x6, 0xff, 0xff, 0xff, 0x60, 0x0, 0x0, 0x8,
    0xf5, 0x22, 0x5f, 0x80, 0x0, 0x38, 0x8c, 0xfa,
    0x88, 0xaf, 0xc8, 0x83, 0xef, 0xff, 0xff, 0xff,
    0xff, 0xff, 0xfe, 0xff, 0xff, 0xff, 0xff, 0xff,
    0xff, 0xff, 0xff, 0xff, 0xff, 0xff, 0xff, 0xff,
    0xff, 0x44, 0x44, 0x41, 0x0, 0x14, 0x44, 0x44,
    0xff, 0xff, 0xf4, 0x0, 0x4f, 0xff, 0xff, 0xff,
    0xff, 0xfb, 0x88, 0xbf, 0xff, 0xff, 0xff, 0xff,
    0xff, 0xff, 0xff, 0xff, 0xff, 0xff, 0xff, 0xff,
    0xff, 0xff, 0xff, 0xff, 0x9f, 0xff, 0xff, 0xff,
    0xff, 0xff, 0xf8,

    /* U+F0B2 "" */
    0x0, 0x0, 0x0, 0x0, 0x0, 0x0, 0x0, 0x0,
    0x0, 0x1, 0xdd, 0x10, 0x0, 0x0, 0x0, 0x0,
    0x1d, 0xff, 0xd1, 0x0, 0x0, 0x0, 0x0, 0xbf,
    0xff, 0xfb, 0x0, 0x0, 0x0, 0x0, 0x25, 0xdd,
    0x52, 0x0, 0x0, 0x1, 0xc5, 0x0, 0xcc, 0x0,
    0x5c, 0x10, 0x1d, 0xf7, 0x0, 0xcc, 0x0, 0x7f,
    0xd1, 0xcf, 0xff, 0xee, 0xff, 0xee, 0xff, 0xfc,
    0x9f, 0xfc, 0xaa, 0xee, 0xaa, 0xcf, 0xf9, 0x9,
    0xf7, 0x0, 0xcc, 0x0, 0x7f, 0xa0, 0x0, 0x83,
    0x0, 0xcc, 0x0, 0x38, 0x0, 0x0, 0x0, 0x69,
    0xee, 0x96, 0x0, 0x0, 0x0, 0x0, 0x8f, 0xff,
    0xf9, 0x0, 0x0, 0x0, 0x0, 0xa, 0xff, 0x90,
    0x0, 0x0, 0x0, 0x0, 0x0, 0x99, 0x0, 0x0,
    0x0,

    /* U+F0C0 "" */
    0x0, 0x0, 0x0, 0x0, 0x31, 0x0, 0x0, 0x0,
    0x0, 0x0, 0x0, 0x0, 0x3e, 0xff, 0xa0, 0x0,
    0x0, 0x0, 0x1, 0x73, 0x0, 0xef, 0xff, 0xf7,
    0x0, 0x65, 0x0, 0xe, 0xff, 0x23, 0xff, 0xff,
    0xfb, 0xa, 0xff, 0x60, 0x1f, 0xff, 0x42, 0xff,
    0xff, 0xfa, 0xc, 0xff, 0x80, 0x7, 0xea, 0x0,
    0xbf, 0xff, 0xf3, 0x4, 0xed, 0x20, 0x1, 0x21,
    0x0, 0x8, 0xcb, 0x30, 0x0, 0x22, 0x0, 0x8f,
    0xff, 0x52, 0x52, 0x0, 0x54, 0x1c, 0xff, 0xe2,
    0xff, 0xf7, 0x7f, 0xff, 0xff, 0xff, 0xd2, 0xef,
    0xf7, 0xef, 0xe3, 0xff, 0xff, 0xff, 0xff, 0xfb,
    0x6f, 0xf7, 0x13, 0x27, 0xff, 0xff, 0xff, 0xff,
    0xff, 0x3, 0x30, 0x0, 0x7, 0xff, 0xff, 0xff,
    0xff, 0xff, 0x0, 0x0, 0x0, 0x2, 0xcd, 0xdd,
    0xdd, 0xdd, 0xd7, 0x0, 0x0,

    /* U+F0C1 "" */
    0x0, 0x0, 0x0, 0x0, 0x3, 0x20, 0x0, 0x0,
    0x0, 0x0, 0x7, 0xff, 0xfd, 0x40, 0x0, 0x0,
    0x0, 0x9f, 0xff, 0xff, 0xf3, 0x0, 0x0, 0x9,
    0xff, 0x80, 0x1c, 0xfb, 0x0, 0x0, 0x7f, 0xf7,
    0x0, 0x4, 0xff, 0x0, 0x0, 0xef, 0x83, 0x60,
    0x5, 0xff, 0x0, 0x41, 0xff, 0x2f, 0xf6, 0x1d,
    0xfb, 0x9, 0xf2, 0xff, 0x4a, 0xfe, 0x3f, 0xf2,
    0x6f, 0xf3, 0xbf, 0xe2, 0xff, 0x2e, 0x30, 0xdf,
    0xa0, 0x2e, 0xb3, 0xff, 0x10, 0x0, 0xff, 0x40,
    0x1, 0x1c, 0xfc, 0x0, 0x0, 0xef, 0x60, 0x1,
    0xcf, 0xf3, 0x0, 0x0, 0x9f, 0xf8, 0x6d, 0xff,
    0x40, 0x0, 0x0, 0xd, 0xff, 0xff, 0xf4, 0x0,
    0x0, 0x0, 0x0, 0x7c, 0xd9, 0x20, 0x0, 0x0,
    0x0,

    /* U+F0C2 "" */
    0x0, 0x0, 0x0, 0x33, 0x0, 0x0, 0x0, 0x0,
    0x0, 0x0, 0x0, 0x7f, 0xff, 0xf7, 0x0, 0x0,
    0x0, 0x0, 0x0, 0x8, 0xff, 0xff, 0xff, 0x86,
    0x73, 0x0, 0x0, 0x0, 0x1f, 0xff, 0xff, 0xff,
    0xff, 0xff, 0x40, 0x0, 0x0, 0x5f, 0xff, 0xff,
    0xff, 0xff, 0xff, 0xc0, 0x0, 0x1, 0xbf, 0xff,
    0xff, 0xff, 0xff, 0xff, 0xc0, 0x0, 0x2e, 0xff,
    0xff, 0xff, 0xff, 0xff, 0xff, 0xfa, 0x10, 0xaf,
    0xff, 0xff, 0xff, 0xff, 0xff, 0xff, 0xff, 0xd0,
    0xef, 0xff, 0xff, 0xff, 0xff, 0xff, 0xff, 0xff,
    0xf5, 0xff, 0xff, 0xff, 0xff, 0xff, 0xff, 0xff,
    0xff, 0xf7, 0xbf, 0xff, 0xff, 0xff, 0xff, 0xff,
    0xff, 0xff, 0xf5, 0x2f, 0xff, 0xff, 0xff, 0xff,
    0xff, 0xff, 0xff, 0xc0, 0x2, 0xae, 0xff, 0xff,
    0xff, 0xff, 0xff, 0xe9, 0x10,

    /* U+F0C3 "" */
    0x0, 0x0, 0x0, 0x0, 0x0, 0x0, 0x0, 0x0,
    0x2, 0xff, 0xff, 0xff, 0xa0, 0x0, 0x0, 0x1,
    0xcf, 0xdb, 0xff, 0x60, 0x0, 0x0, 0x0, 0x5f,
    0x60, 0xde, 0x0, 0x0, 0x0, 0x0, 0x5f, 0x60,
    0xde, 0x0, 0x0, 0x0, 0x0, 0x5f, 0x60, 0xde,
    0x0, 0x0, 0x0, 0x0, 0x5f, 0x60, 0xde, 0x0,
    0x0, 0x0, 0x0, 0xcf, 0x30, 0xaf, 0x40, 0x0,
    0x0, 0x6, 0xfa, 0x0, 0x2f, 0xe0, 0x0, 0x0,
    0x1e, 0xf6, 0x44, 0x4b, 0xf8, 0x0, 0x0, 0xaf,
    0xff, 0xff, 0xff, 0xff, 0x20, 0x4, 0xff, 0xff,
    0xff, 0xff, 0xff, 0xc0, 0xc, 0xff, 0xff, 0xff,
    0xff, 0xff, 0xf4, 0xc, 0xff, 0xff, 0xff, 0xff,
    0xff, 0xf4, 0x2, 0xcf, 0xff, 0xff, 0xff, 0xfe,
    0x90,

    /* U+F0C4 "" */
    0x4, 0x86, 0x0, 0x0, 0x0, 0x10, 0x6, 0xff,
    0xfa, 0x0, 0x2, 0xdf, 0xd1, 0xef, 0x3c, 0xf1,
    0x1, 0xdf, 0xfa, 0xe, 0xe0, 0xaf, 0x21, 0xdf,
    0xfa, 0x0, 0x9f, 0xef, 0xf6, 0xdf, 0xfa, 0x0,
    0x0, 0x8d, 0xff, 0xff, 0xfb, 0x0, 0x0, 0x0,
    0x6, 0xff, 0xfd, 0x0, 0x0, 0x0, 0x48, 0xef,
    0xff, 0xf6, 0x0, 0x0, 0x6f, 0xff, 0xfb, 0xff,
    0xf6, 0x0, 0xe, 0xf3, 0xcf, 0x23, 0xff, 0xf6,
    0x0, 0xee, 0xa, 0xf2, 0x4, 0xff, 0xf6, 0x9,
    0xfe, 0xfc, 0x0, 0x4, 0xff, 0xf1, 0x8, 0xda,
    0x10, 0x0, 0x2, 0x62, 0x0,

    /* U+F0C5 "" */
    0x0, 0x0, 0x0, 0x0, 0x0, 0x0, 0x0, 0x0,
    0x6f, 0xff, 0xf9, 0x86, 0x0, 0x0, 0x8, 0xff,
    0xff, 0x98, 0xf6, 0x8, 0xa6, 0x8f, 0xff, 0xf9,
    0x59, 0x90, 0xff, 0xa8, 0xff, 0xff, 0xfc, 0xcc,
    0xf, 0xfa, 0x8f, 0xff, 0xff, 0xff, 0xf1, 0xff,
    0xa8, 0xff, 0xff, 0xff, 0xff, 0x1f, 0xfa, 0x8f,
    0xff, 0xff, 0xff, 0xf1, 0xff, 0xa8, 0xff, 0xff,
    0xff, 0xff, 0x1f, 0xfa, 0x8f, 0xff, 0xff, 0xff,
    0xf1, 0xff, 0xa8, 0xff, 0xff, 0xff, 0xff, 0x1f,
    0xfa, 0x7f, 0xff, 0xff, 0xff, 0xf0, 0xff, 0xe3,
    0x12, 0x22, 0x22, 0x21, 0xf, 0xff, 0xff, 0xff,
    0xf9, 0x0, 0x0, 0xac, 0xcc, 0xcc, 0xcb, 0x50,
    0x0, 0x0,

    /* U+F0C6 "" */
    0x0, 0x0, 0x0, 0x0, 0x1, 0x0, 0x0, 0x0,
    0x0, 0x0, 0x9f, 0xfc, 0x10, 0x0, 0x0, 0x0,
    0xbf, 0xdb, 0xfc, 0x0, 0x0, 0x0, 0xbf, 0xb0,
    0xa, 0xf2, 0x0, 0x0, 0xbf, 0xba, 0x30, 0xaf,
    0x20, 0x0, 0xaf, 0xcc, 0xf8, 0x6f, 0xc0, 0x0,
    0xaf, 0xcc, 0xfa, 0x7f, 0xe1, 0x0, 0xaf, 0xcc,
    0xfa, 0x6f, 0xe9, 0x30, 0x6f, 0xbb, 0xfa, 0x6f,
    0xea, 0xfc, 0xd, 0xf3, 0xfc, 0x6f, 0xea, 0xfd,
    0x10, 0xfc, 0xf, 0xff, 0xe9, 0xfe, 0x20, 0xd,
    0xe0, 0x4c, 0xb9, 0xfe, 0x20, 0x0, 0x8f, 0xb2,
    0x18, 0xfe, 0x20, 0x0, 0x0, 0xcf, 0xff, 0xfe,
    0x20, 0x0, 0x0, 0x0, 0x6b, 0xb7, 0x10, 0x0,
    0x0, 0x0,

    /* U+F0C7 "" */
    0x49, 0x99, 0x99, 0x99, 0x95, 0x0, 0xe, 0xff,
    0xff, 0xff, 0xff, 0xf6, 0x0, 0xfd, 0x22, 0x22,
    0x22, 0x4f, 0xf6, 0xf, 0xc0, 0x0, 0x0, 0x1,
    0xff, 0xf3, 0xfc, 0x0, 0x0, 0x0, 0x1f, 0xff,
    0x6f, 0xc0, 0x0, 0x0, 0x2, 0xff, 0xf6, 0xff,
    0xff, 0xff, 0xff, 0xff, 0xff, 0x6f, 0xff, 0xff,
    0xdc, 0xff, 0xff, 0xf6, 0xff, 0xff, 0xb0, 0x5,
    0xff, 0xff, 0x6f, 0xff, 0xf6, 0x0, 0xf, 0xff,
    0xf6, 0xff, 0xff, 0xc0, 0x6, 0xff, 0xff, 0x6f,
    0xff, 0xff, 0xed, 0xff, 0xff, 0xf6, 0x9f, 0xff,
    0xff, 0xff, 0xff, 0xfd, 0x10,

    /* U+F0C8 "" */
    0x14, 0x44, 0x44, 0x44, 0x44, 0x42, 0xd, 0xff,
    0xff, 0xff, 0xff, 0xff, 0xf1, 0xff, 0xff, 0xff,
    0xff, 0xff, 0xff, 0x3f, 0xff, 0xff, 0xff, 0xff,
    0xff, 0xf4, 0xff, 0xff, 0xff, 0xff, 0xff, 0xff,
    0x4f, 0xff, 0xff, 0xff, 0xff, 0xff, 0xf4, 0xff,
    0xff, 0xff, 0xff, 0xff, 0xff, 0x4f, 0xff, 0xff,
    0xff, 0xff, 0xff, 0xf4, 0xff, 0xff, 0xff, 0xff,
    0xff, 0xff, 0x4f, 0xff, 0xff, 0xff, 0xff, 0xff,
    0xf4, 0xff, 0xff, 0xff, 0xff, 0xff, 0xff, 0x4f,
    0xff, 0xff, 0xff, 0xff, 0xff, 0xf3, 0x9f, 0xff,
    0xff, 0xff, 0xff, 0xfc, 0x0,

    /* U+F0C9 "" */
    0xcd, 0xdd, 0xdd, 0xdd, 0xdd, 0xdd, 0x2f, 0xff,
    0xff, 0xff, 0xff, 0xff, 0xf3, 0x12, 0x22, 0x22,
    0x22, 0x22, 0x22, 0x0, 0x0, 0x0, 0x0, 0x0,
    0x0, 0x0, 0x0, 0x0, 0x0, 0x0, 0x0, 0x0,
    0xf, 0xff, 0xff, 0xff, 0xff, 0xff, 0xf3, 0xde,
    0xee, 0xee, 0xee, 0xee, 0xee, 0x20, 0x0, 0x0,
    0x0, 0x0, 0x0, 0x0, 0x0, 0x0, 0x0, 0x0,
    0x0, 0x0, 0xd, 0xee, 0xee, 0xee, 0xee, 0xee,
    0xe2, 0xff, 0xff, 0xff, 0xff, 0xff, 0xff, 0x30,
    0x0, 0x0, 0x0, 0x0, 0x0, 0x0,

    /* U+F0CA "" */
    0x1, 0x0, 0x0, 0x0, 0x0, 0x0, 0x0, 0xbf,
    0x50, 0x6b, 0xbb, 0xbb, 0xbb, 0xba, 0xef, 0x80,
    0x9f, 0xff, 0xff, 0xff, 0xff, 0x36, 0x0, 0x0,
    0x0, 0x0, 0x0, 0x0, 0x0, 0x0, 0x0, 0x0,
    0x0, 0x0, 0x0, 0x26, 0x0, 0x0, 0x0, 0x0,
    0x0, 0x0, 0xef, 0x80, 0x9f, 0xff, 0xff, 0xff,
    0xff, 0xbf, 0x50, 0x6b, 0xbb, 0xbb, 0xbb, 0xba,
    0x1, 0x0, 0x0, 0x0, 0x0, 0x0, 0x0, 0x1,
    0x0, 0x0, 0x0, 0x0, 0x0, 0x0, 0xcf, 0x60,
    0x6c, 0xcc, 0xcc, 0xcc, 0xcb, 0xef, 0x80, 0x9f,
    0xff, 0xff, 0xff, 0xff, 0x26, 0x0, 0x0, 0x0,
    0x0, 0x0, 0x0,

    /* U+F0CB "" */
    0x0, 0x10, 0x0, 0x0, 0x0, 0x0, 0x0, 0x0,
    0x5b, 0x0, 0x24, 0x44, 0x44, 0x44, 0x43, 0x2,
    0xc0, 0x9, 0xff, 0xff, 0xff, 0xff, 0xf0, 0xaf,
    0x40, 0x2, 0x22, 0x22, 0x22, 0x21, 0x0, 0x0,
    0x0, 0x0, 0x0, 0x0, 0x0, 0x0, 0xbf, 0x30,
    0x0, 0x0, 0x0, 0x0, 0x0, 0x3, 0xd5, 0x9,
    0xff, 0xff, 0xff, 0xff, 0xf0, 0xdb, 0x10, 0x6b,
    0xbb, 0xbb, 0xbb, 0xba, 0x6, 0x62, 0x0, 0x0,
    0x0, 0x0, 0x0, 0x0, 0x9d, 0x30, 0x0, 0x0,
    0x0, 0x0, 0x0, 0x4, 0xe0, 0x8, 0xff, 0xff,
    0xff, 0xff, 0xe0, 0x3c, 0x60, 0x8f, 0xff, 0xff,
    0xff, 0xfe, 0xa, 0xc2, 0x0, 0x0, 0x0, 0x0,
    0x0, 0x0,

    /* U+F0CC "" */
    0x0, 0x0, 0x2, 0x33, 0x10, 0x0, 0x0, 0x0,
    0x2, 0xdf, 0xff, 0xfb, 0x10, 0x0, 0x0, 0xe,
    0xff, 0xff, 0xff, 0xd0, 0x0, 0x0, 0x4f, 0xf2,
    0x0, 0x3d, 0x60, 0x0, 0x0, 0x5f, 0xe0, 0x0,
    0x0, 0x0, 0x0, 0x0, 0x1f, 0xfd, 0x83, 0x0,
    0x0, 0x0, 0xff, 0xff, 0xff, 0xff, 0xff, 0xff,
    0xff, 0xab, 0xbb, 0xbb, 0xbb, 0xbb, 0xbb, 0xba,
    0x0, 0x0, 0x0, 0x0, 0x16, 0x61, 0x0, 0x0,
    0x0, 0x10, 0x0, 0xe, 0xf5, 0x0, 0x0, 0xb,
    0xf7, 0x33, 0x6f, 0xf3, 0x0, 0x0, 0x9, 0xff,
    0xff, 0xff, 0xb0, 0x0, 0x0, 0x0, 0x6d, 0xff,
    0xd8, 0x0, 0x0,

    /* U+F0CD "" */
    0x0, 0x0, 0x0, 0x0, 0x0, 0x0, 0x8, 0xff,
    0xff, 0x30, 0xff, 0xff, 0xc0, 0x5c, 0xff, 0xb2,
    0xa, 0xef, 0xd8, 0x0, 0x4f, 0xf0, 0x0, 0xb,
    0xf8, 0x0, 0x4, 0xff, 0x0, 0x0, 0xbf, 0x80,
    0x0, 0x4f, 0xf0, 0x0, 0xb, 0xf8, 0x0, 0x4,
    0xff, 0x0, 0x0, 0xbf, 0x70, 0x0, 0x3f, 0xf1,
    0x0, 0xc, 0xf7, 0x0, 0x0, 0xef, 0xa1, 0x7,
    0xff, 0x30, 0x0, 0x6, 0xff, 0xff, 0xff, 0x90,
    0x0, 0x0, 0x5, 0xef, 0xff, 0x80, 0x0, 0x0,
    0x0, 0x0, 0x33, 0x0, 0x0, 0x0, 0x0, 0x0,
    0x0, 0x0, 0x0, 0x0, 0xf, 0xff, 0xff, 0xff,
    0xff, 0xff, 0xf3, 0xbc, 0xcc, 0xcc, 0xcc, 0xcc,
    0xcb, 0x20,

    /* U+F0CE "" */
    0x27, 0x77, 0x77, 0x77, 0x77, 0x77, 0x71, 0xef,
    0xff, 0xff, 0xff, 0xff, 0xff, 0xfc, 0xff, 0xff,
    0xff, 0xff, 0xff, 0xff, 0xfe, 0xff, 0xff, 0xff,
    0xff, 0xff, 0xff, 0xfe, 0xfc, 0x0, 0x0, 0xed,
    0x0, 0x0, 0xde, 0xfc, 0x0, 0x0, 0xed, 0x0,
    0x0, 0xde, 0xfc, 0x0, 0x0, 0xed, 0x0, 0x0,
    0xde, 0xff, 0xff, 0xff, 0xff, 0xff, 0xff, 0xfe,
    0xfe, 0xbb, 0xbb, 0xff, 0xbb, 0xbb, 0xfe, 0xfc,
    0x0, 0x0, 0xed, 0x0, 0x0, 0xde, 0xfc, 0x0,
    0x0, 0xed, 0x0, 0x0, 0xde, 0xff, 0xcc, 0xcc,
    0xff, 0xcc, 0xcc, 0xfe, 0x9f, 0xff, 0xff, 0xff,
    0xff, 0xff, 0xf7,

    /* U+F0D0 "" */
    0x0, 0x0, 0x0, 0x0, 0x0, 0x10, 0x0, 0x3,
    0x80, 0x5, 0x90, 0x5, 0xfd, 0x10, 0x4d, 0xf8,
    0x17, 0xa1, 0x5f, 0xdf, 0xd1, 0x3c, 0xf6, 0x0,
    0x15, 0xfc, 0x14, 0xfc, 0x2, 0x70, 0x0, 0x5f,
    0xd1, 0x5, 0xfb, 0x0, 0x0, 0x5, 0xff, 0xe2,
    0x6f, 0xc0, 0x0, 0x0, 0x5f, 0xff, 0xfe, 0xfc,
    0x0, 0x0, 0x5, 0xff, 0xff, 0xff, 0xc0, 0x0,
    0x0, 0x5f, 0xff, 0xff, 0xfc, 0x1, 0x0, 0x5,
    0xff, 0xff, 0xff, 0xc0, 0xa, 0x40, 0x5f, 0xff,
    0xff, 0xfc, 0x1, 0xaf, 0xe6, 0xef, 0xff, 0xff,
    0xc0, 0x0, 0x4e, 0xb1, 0x6f, 0xff, 0xfc, 0x0,
    0x0, 0x6, 0x10, 0x6, 0xff, 0xc0, 0x0, 0x0,
    0x0, 0x0, 0x0, 0x59, 0x0, 0x0, 0x0, 0x0,
    0x0,

    /* U+F0D1 "" */
    0x0, 0x0, 0x0, 0x0, 0x0, 0x0, 0x0, 0x0,
    0x0, 0xaf, 0xff, 0xff, 0xff, 0xff, 0xe1, 0x0,
    0x0, 0x0, 0xff, 0xff, 0xff, 0xff, 0xff, 0xf5,
    0x0, 0x0, 0x0, 0xff, 0xff, 0xff, 0xff, 0xff,
    0xfa, 0x61, 0x0, 0x0, 0xff, 0xff, 0xff, 0xff,
    0xff, 0xff, 0xfe, 0x20, 0x0, 0xff, 0xff, 0xff,
    0xff, 0xff, 0xf6, 0xc, 0xe3, 0x0, 0xff, 0xff,
    0xff, 0xff, 0xff, 0xf6, 0x0, 0xbe, 0x30, 0xff,
    0xff, 0xff, 0xff, 0xff, 0xf7, 0x22, 0x2d, 0x90,
    0xff, 0xff, 0xff, 0xff, 0xff, 0xff, 0xff, 0xff,
    0xa0, 0xff, 0xff, 0xff, 0xff, 0xff, 0xff, 0xff,
    0xff, 0xa0, 0xff, 0xff, 0xdf, 0xff, 0xff, 0xff,
    0xfe, 0xff, 0xd4, 0xbf, 0xf4, 0x8, 0xff, 0xff,
    0xff, 0x10, 0xcf, 0xf7, 0x4, 0xf2, 0x6, 0xe2,
    0x22, 0x7e, 0x0, 0xab, 0x20, 0x0, 0xdc, 0x8e,
    0x90, 0x0, 0x2f, 0xa8, 0xf5, 0x0, 0x0, 0x1a,
    0xc8, 0x0, 0x0, 0x3, 0xbc, 0x60, 0x0,

    /* U+F0D2 "" */
    0x0, 0x0, 0x0, 0x0, 0x0, 0x0, 0x0, 0x0,
    0x2, 0x9e, 0xff, 0xc7, 0x0, 0x0, 0x0, 0x7f,
    0xff, 0xff, 0xff, 0xd2, 0x0, 0x7, 0xff, 0xfa,
    0x88, 0xcf, 0xfe, 0x10, 0x2f, 0xfc, 0x11, 0x43,
    0x5, 0xff, 0xa0, 0x9f, 0xf1, 0x5f, 0xff, 0xb0,
    0x7f, 0xf2, 0xdf, 0xa1, 0xf7, 0x4f, 0xf6, 0xf,
    0xf6, 0xff, 0x74, 0xf0, 0x1f, 0xf9, 0xe, 0xf8,
    0xff, 0x92, 0xf0, 0x5f, 0xf7, 0xf, 0xf8, 0xcf,
    0xf2, 0xc0, 0x8f, 0xf1, 0x5f, 0xf5, 0x7f, 0xfe,
    0xb0, 0x17, 0x20, 0xdf, 0xf1, 0x1e, 0xff, 0x71,
    0x93, 0x5d, 0xff, 0x80, 0x3, 0xff, 0x46, 0xff,
    0xff, 0xfb, 0x0, 0x0, 0x3c, 0x4b, 0xff, 0xff,
    0x90, 0x0, 0x0, 0x0, 0x19, 0xba, 0x72, 0x0,
    0x0,

    /* U+F0D3 "" */
    0x49, 0x99, 0x99, 0x99, 0x99, 0x94, 0xe, 0xff,
    0xff, 0xff, 0xff, 0xff, 0xf0, 0xff, 0xfe, 0x73,
    0x36, 0xdf, 0xff, 0x1f, 0xfd, 0x13, 0x89, 0x40,
    0xcf, 0xf1, 0xff, 0x34, 0xfd, 0xff, 0x62, 0xff,
    0x1f, 0xe0, 0xc8, 0xb, 0xfd, 0xd, 0xf1, 0xfd,
    0xe, 0x50, 0xdf, 0xe0, 0xcf, 0x1f, 0xf1, 0x96,
    0x1f, 0xfa, 0xe, 0xf1, 0xff, 0xb9, 0x32, 0xfe,
    0x24, 0xff, 0x1f, 0xff, 0xf0, 0x11, 0x1, 0xdf,
    0xf1, 0xff, 0xfc, 0xc, 0x99, 0xff, 0xff, 0x1f,
    0xff, 0xa1, 0xff, 0xff, 0xff, 0xf1, 0x9f, 0xf9,
    0x8f, 0xff, 0xff, 0xfa, 0x0,

    /* U+F0D4 "" */
    0x15, 0x66, 0x66, 0x66, 0x66, 0x52, 0xd, 0xff,
    0xff, 0xff, 0xff, 0xff, 0xe0, 0xff, 0xff, 0xff,
    0xff, 0xff, 0xff, 0x1f, 0xff, 0xff, 0xff, 0xff,
    0xff, 0xf1, 0xff, 0xd4, 0x14, 0xef, 0xff, 0xff,
    0x1f, 0xf2, 0x7e, 0xcf, 0xff, 0xdf, 0xf1, 0xfc,
    0xf, 0xc6, 0x6f, 0x73, 0xdf, 0x1f, 0xe0, 0xbf,
    0xc0, 0xfa, 0x5e, 0xf1, 0xff, 0x60, 0x30, 0x7f,
    0xff, 0xff, 0x1f, 0xff, 0xa7, 0xaf, 0xff, 0xff,
    0xf1, 0xff, 0xff, 0xff, 0xff, 0xff, 0xff, 0x1f,
    0xff, 0xff, 0xff, 0xff, 0xff, 0xf1, 0x9f, 0xff,
    0xff, 0xff, 0xff, 0xfa, 0x0,

    /* U+F0D5 "" */
    0x0, 0x5, 0xab, 0x93, 0x0, 0x0, 0x0, 0x0,
    0x0, 0x1, 0xcf, 0xff, 0xff, 0x70, 0x0, 0x0,
    0x0, 0x0, 0xc, 0xfd, 0x64, 0x8c, 0x10, 0x0,
    0x0, 0x0, 0x0, 0x5f, 0xe1, 0x0, 0x0, 0x0,
    0x0, 0x0, 0x84, 0x0, 0xaf, 0x70, 0x1, 0x22,
    0x22, 0x0, 0x0, 0xf7, 0x0, 0xbf, 0x40, 0xb,
    0xff, 0xff, 0x40, 0x8f, 0xff, 0xf0, 0xaf, 0x60,
    0x8, 0xcc, 0xff, 0x30, 0x5a, 0xfc, 0xa0, 0x7f,
    0xc0, 0x0, 0x1, 0xff, 0x0, 0x0, 0xf7, 0x0,
    0xe, 0xfa, 0x20, 0x2c, 0xfa, 0x0, 0x0, 0x31,
    0x0, 0x3, 0xef, 0xff, 0xff, 0xd1, 0x0, 0x0,
    0x0, 0x0, 0x0, 0x29, 0xef, 0xd8, 0x0, 0x0,
    0x0, 0x0, 0x0,

    /* U+F0D6 "" */
    0x35, 0x55, 0x55, 0x55, 0x55, 0x55, 0x55, 0x55,
    0x50, 0xff, 0xff, 0xff, 0xff, 0xff, 0xff, 0xff,
    0xff, 0xf5, 0xf5, 0x1f, 0xff, 0xff, 0xff, 0xff,
    0xff, 0x90, 0xe6, 0xfa, 0xdf, 0xff, 0xfb, 0x58,
    0xff, 0xff, 0xf9, 0xf6, 0xff, 0xff, 0xff, 0xe0,
    0x0, 0x8f, 0xff, 0xff, 0xf6, 0xff, 0xff, 0xff,
    0x90, 0x0, 0x3f, 0xff, 0xff, 0xf6, 0xff, 0xff,
    0xff, 0xa0, 0x0, 0x4f, 0xff, 0xff, 0xf6, 0xff,
    0xff, 0xff, 0xf2, 0x0, 0xbf, 0xff, 0xff, 0xf6,
    0xf5, 0x7f, 0xff, 0xff, 0xbd, 0xff, 0xff, 0xd1,
    0xe6, 0xf8, 0x5f, 0xff, 0xff, 0xff, 0xff, 0xff,
    0xa5, 0xf6, 0xcf, 0xff, 0xff, 0xff, 0xff, 0xff,
    0xff, 0xff, 0xf3,

    /* U+F0D7 "" */
    0x9f, 0xff, 0xff, 0xff, 0x51, 0xdf, 0xff, 0xff,
    0xa0, 0x1, 0xdf, 0xff, 0xb0, 0x0, 0x1, 0xdf,
    0xb0, 0x0, 0x0, 0x1, 0x70, 0x0, 0x0,

    /* U+F0D8 "" */
    0x0, 0x0, 0x0, 0x0, 0x0, 0x0, 0x6e, 0x30,
    0x0, 0x0, 0x6f, 0xfe, 0x30, 0x0, 0x6f, 0xff,
    0xfe, 0x30, 0x5f, 0xff, 0xff, 0xfe, 0x25, 0x99,
    0x99, 0x99, 0x92,

    /* U+F0D9 "" */
    0x0, 0x0, 0x30, 0x0, 0x8, 0xf1, 0x0, 0x8f,
    0xf1, 0x8, 0xff, 0xf1, 0x5f, 0xff, 0xf1, 0x1e,
    0xff, 0xf1, 0x2, 0xef, 0xf1, 0x0, 0x2e, 0xf1,
    0x0, 0x2, 0xb0,

    /* U+F0DA "" */
    0x30, 0x0, 0xf, 0x90, 0x0, 0xff, 0x90, 0xf,
    0xff, 0x90, 0xff, 0xff, 0x7f, 0xff, 0xe2, 0xff,
    0xe2, 0xf, 0xe2, 0x0, 0xb2, 0x0, 0x0,

    /* U+F0DB "" */
    0x27, 0x77, 0x77, 0x77, 0x77, 0x77, 0x71, 0xef,
    0xff, 0xff, 0xff, 0xff, 0xff, 0xfc, 0xff, 0xff,
    0xff, 0xff, 0xff, 0xff, 0xfe, 0xff, 0xff, 0xff,
    0xff, 0xff, 0xff, 0xfe, 0xfc, 0x0, 0x0, 0xed,
    0x0, 0x0, 0xde, 0xfc, 0x0, 0x0, 0xed, 0x0,
    0x0, 0xde, 0xfc, 0x0, 0x0, 0xed, 0x0, 0x0,
    0xde, 0xfc, 0x0, 0x0, 0xed, 0x0, 0x0, 0xde,
    0xfc, 0x0, 0x0, 0xed, 0x0, 0x0, 0xde, 0xfc,
    0x0, 0x0, 0xed, 0x0, 0x0, 0xde, 0xfc, 0x0,
    0x0, 0xed, 0x0, 0x0, 0xde, 0xff, 0xcc, 0xcc,
    0xff, 0xcc, 0xcc, 0xfe, 0x9f, 0xff, 0xff, 0xff,
    0xff, 0xff, 0xf7,

    /* U+F0DC "" */
    0x0, 0x2, 0x70, 0x0, 0x0, 0x2, 0xef, 0xb0,
    0x0, 0x2, 0xef, 0xff, 0xb0, 0x2, 0xef, 0xff,
    0xff, 0xb0, 0x6f, 0xff, 0xff, 0xfe, 0x20, 0x0,
    0x0, 0x0, 0x0, 0x28, 0x88, 0x88, 0x87, 0x5,
    0xff, 0xff, 0xff, 0xf2, 0x7, 0xff, 0xff, 0xf3,
    0x0, 0x7, 0xff, 0xf3, 0x0, 0x0, 0x7, 0xe3,
    0x0, 0x0, 0x0, 0x0, 0x0, 0x0,

    /* U+F0DD "" */
    0x28, 0x88, 0x88, 0x87, 0x5, 0xff, 0xff, 0xff,
    0xf2, 0x7, 0xff, 0xff, 0xf3, 0x0, 0x7, 0xff,
    0xf3, 0x0, 0x0, 0x7, 0xe3, 0x0, 0x0, 0x0,
    0x0, 0x0, 0x0,

    /* U+F0DE "" */
    0x0, 0x2, 0x70, 0x0, 0x0, 0x2, 0xef, 0xb0,
    0x0, 0x2, 0xef, 0xff, 0xb0, 0x2, 0xef, 0xff,
    0xff, 0xb0, 0x6f, 0xff, 0xff, 0xfe, 0x20,

    /* U+F0E0 "" */
    0x37, 0x88, 0x88, 0x88, 0x88, 0x88, 0x73, 0xef,
    0xff, 0xff, 0xff, 0xff, 0xff, 0xfe, 0xef, 0xff,
    0xff, 0xff, 0xff, 0xff, 0xfe, 0x1c, 0xff, 0xff,
    0xff, 0xff, 0xff, 0xc1, 0xd2, 0x8f, 0xff, 0xff,
    0xff, 0xf8, 0x2d, 0xff, 0x64, 0xef, 0xff, 0xfe,
    0x45, 0xff, 0xff, 0xfa, 0x2b, 0xff, 0xb2, 0xaf,
    0xff, 0xff, 0xff, 0xd3, 0x55, 0x3d, 0xff, 0xff,
    0xff, 0xff, 0xff, 0xbb, 0xff, 0xff, 0xff, 0xff,
    0xff, 0xff, 0xff, 0xff, 0xff, 0xff, 0xaf, 0xff,
    0xff, 0xff, 0xff, 0xff, 0xf9,

    /* U+F0E1 "" */
    0x0, 0x10, 0x0, 0x0, 0x0, 0x0, 0x0, 0xc,
    0xf7, 0x0, 0x0, 0x0, 0x0, 0x0, 0xf, 0xfc,
    0x0, 0x0, 0x0, 0x0, 0x0, 0x7, 0xb3, 0x0,
    0x0, 0x0, 0x0, 0x0, 0x2, 0x21, 0x2, 0x21,
    0x4, 0x51, 0x0, 0xe, 0xfa, 0xe, 0xfb, 0xef,
    0xff, 0x40, 0xe, 0xfa, 0xe, 0xff, 0xfe, 0xff,
    0xc0, 0xe, 0xfa, 0xe, 0xfe, 0x10, 0xbf, 0xf0,
    0xe, 0xfa, 0xe, 0xfa, 0x0, 0x7f, 0xf1, 0xe,
    0xfa, 0xe, 0xf9, 0x0, 0x7f, 0xf1, 0xe, 0xfa,
    0xe, 0xf9, 0x0, 0x7f, 0xf1, 0xe, 0xfa, 0xe,
    0xf9, 0x0, 0x7f, 0xf1, 0xe, 0xfa, 0xe, 0xf9,
    0x0, 0x7f, 0xf1,

    /* U+F0E2 "" */
    0x22, 0x0, 0x0, 0x0, 0x0, 0x0, 0x0, 0xff,
    0x1, 0x8d, 0xff, 0xd8, 0x10, 0x0, 0xff, 0x4e,
    0xff, 0xff, 0xff, 0xf4, 0x0, 0xff, 0xff, 0xb3,
    0x0, 0x3a, 0xff, 0x40, 0xff, 0xf9, 0x0, 0x0,
    0x0, 0x8f, 0xe0, 0xff, 0xff, 0xff, 0x10, 0x0,
    0xc, 0xf6, 0xee, 0xee, 0xee, 0x10, 0x0, 0x6,
    0xfa, 0x0, 0x0, 0x0, 0x0, 0x0, 0x3, 0xfc,
    0x0, 0x0, 0x0, 0x0, 0x0, 0x3, 0xfb, 0x0,
    0x0, 0x0, 0x0, 0x0, 0x7, 0xf9, 0x0, 0x0,
    0x0, 0x0, 0x0, 0xe, 0xf4, 0x0, 0x5, 0x0,
    0x0, 0x0, 0xbf, 0xb0, 0x0, 0x7f, 0xe7, 0x44,
    0x7e, 0xfe, 0x10, 0x0, 0x1b, 0xff, 0xff, 0xff,
    0xb1, 0x0, 0x0, 0x0, 0x49, 0xbb, 0x94, 0x0,
    0x0,

    /* U+F0E3 "" */
    0x0, 0x0, 0x0, 0x0, 0x10, 0x0, 0x0, 0x0,
    0x0, 0x0, 0x1d, 0xe1, 0x0, 0x0, 0x0, 0x0,
    0x1, 0xdf, 0xf3, 0x0, 0x0, 0x0, 0x0, 0x1d,
    0xff, 0xfc, 0x10, 0x0, 0x0, 0x0, 0xcf, 0xff,
    0xff, 0xc1, 0x0, 0x0, 0x0, 0x8e, 0xff, 0xff,
    0xfc, 0x72, 0x0, 0x0, 0x0, 0x5f, 0xff, 0xff,
    0xfe, 0x0, 0x0, 0x0, 0xaf, 0xff, 0xff, 0xf6,
    0x0, 0x2, 0x2a, 0xf3, 0x5f, 0xff, 0x70, 0x0,
    0x4f, 0xff, 0x30, 0x3f, 0xf7, 0x0, 0x4, 0xff,
    0xff, 0x0, 0x7, 0x60, 0x0, 0x4f, 0xff, 0xfb,
    0x0, 0x0, 0x0, 0x0, 0xef, 0xff, 0xb0, 0x0,
    0x0, 0x0, 0x0, 0x7f, 0xfb, 0x0, 0x0, 0x0,
    0x0, 0x0, 0x6, 0x90, 0x0, 0x0, 0x0, 0x0,
    0x0,

    /* U+F0E7 "" */
    0x0, 0x0, 0x0, 0x0, 0x0, 0x1, 0xff, 0xff,
    0xf0, 0x0, 0x4, 0xff, 0xff, 0xd0, 0x0, 0x6,
    0xff, 0xff, 0x80, 0x0, 0x8, 0xff, 0xff, 0x30,
    0x0, 0xa, 0xff, 0xff, 0xaa, 0xa6, 0xc, 0xff,
    0xff, 0xff, 0xf8, 0xe, 0xff, 0xff, 0xff, 0xe1,
    0xb, 0xdd, 0xdf, 0xff, 0x60, 0x0, 0x0, 0x4f,
    0xfd, 0x0, 0x0, 0x0, 0x7f, 0xf3, 0x0, 0x0,
    0x0, 0xbf, 0xa0, 0x0, 0x0, 0x0, 0xff, 0x10,
    0x0, 0x0, 0x3, 0xf8, 0x0, 0x0, 0x0, 0x3,
    0xc0, 0x0, 0x0,

    /* U+F0E8 "" */
    0x0, 0x0, 0x0, 0x14, 0x44, 0x30, 0x0, 0x0,
    0x0, 0x0, 0x0, 0x0, 0xdf, 0xff, 0xf4, 0x0,
    0x0, 0x0, 0x0, 0x0, 0x0, 0xef, 0xff, 0xf5,
    0x0, 0x0, 0x0, 0x0, 0x0, 0x0, 0xef, 0xff,
    0xf5, 0x0, 0x0, 0x0, 0x0, 0x0, 0x0, 0xcf,
    0xff, 0xf3, 0x0, 0x0, 0x0, 0x0, 0x0, 0x0,
    0x2, 0xf7, 0x10, 0x0, 0x0, 0x0, 0x0, 0x12,
    0x22, 0x22, 0xf7, 0x22, 0x22, 0x10, 0x0, 0x4,
    0xff, 0xff, 0xff, 0xff, 0xff, 0xff, 0xfc, 0x0,
    0x7, 0xd3, 0x33, 0x33, 0xf7, 0x33, 0x33, 0x8e,
    0x0, 0x3, 0x60, 0x0, 0x0, 0x72, 0x0, 0x0,
    0x37, 0x0, 0x46, 0x66, 0x0, 0x6, 0x66, 0x30,
    0x3, 0x66, 0x60, 0xff, 0xff, 0x50, 0x7f, 0xff,
    0xd0, 0xe, 0xff, 0xf6, 0xff, 0xff, 0x60, 0x7f,
    0xff, 0xe0, 0xe, 0xff, 0xf7, 0xff, 0xff, 0x60,
    0x7f, 0xff, 0xe0, 0xe, 0xff, 0xf7, 0xbf, 0xfe,
    0x30, 0x4e, 0xff, 0xa0, 0xa, 0xff, 0xe4,

    /* U+F0E9 "" */
    0x0, 0x0, 0x0, 0x0, 0x0, 0x0, 0x0, 0x0,
    0x0, 0x0, 0x0, 0x0, 0xe, 0xa0, 0x0, 0x0,
    0x0, 0x0, 0x0, 0x1, 0x7a, 0xff, 0xa5, 0x0,
    0x0, 0x0, 0x0, 0x8, 0xff, 0xff, 0xff, 0xfe,
    0x60, 0x0, 0x0, 0xc, 0xff, 0xff, 0xff, 0xff,
    0xff, 0x90, 0x0, 0xb, 0xff, 0xff, 0xff, 0xff,
    0xff, 0xff, 0x70, 0x4, 0xff, 0xff, 0xff, 0xff,
    0xff, 0xff, 0xff, 0x10, 0xbf, 0xcf, 0xff, 0xfe,
    0xff, 0xff, 0xfd, 0xf7, 0xa, 0x10, 0x3e, 0xf6,
    0x43, 0x9f, 0xc1, 0x3, 0x80, 0x0, 0x0, 0x48,
    0xf, 0xc0, 0xb1, 0x0, 0x0, 0x0, 0x0, 0x0,
    0x0, 0xfc, 0x0, 0x0, 0x0, 0x0, 0x0, 0x0,
    0x0, 0xf, 0xc0, 0x0, 0x0, 0x0, 0x0, 0x0,
    0x4, 0xc2, 0xfb, 0x0, 0x0, 0x0, 0x0, 0x0,
    0x0, 0x5f, 0xff, 0x70, 0x0, 0x0, 0x0, 0x0,
    0x0, 0x0, 0x6b, 0x70, 0x0, 0x0, 0x0, 0x0,

    /* U+F0EA "" */
    0x0, 0x0, 0x20, 0x0, 0x0, 0x0, 0x4, 0x55,
    0xef, 0xb5, 0x52, 0x0, 0x0, 0xff, 0xfd, 0x1f,
    0xff, 0xb0, 0x0, 0xf, 0xff, 0xff, 0xff, 0xfc,
    0x0, 0x0, 0xff, 0xff, 0x53, 0x33, 0x20, 0x0,
    0xf, 0xff, 0x97, 0xff, 0xfb, 0x57, 0x0, 0xff,
    0xf8, 0xaf, 0xff, 0xc6, 0xf8, 0xf, 0xff, 0x8a,
    0xff, 0xfc, 0x4a, 0xa1, 0xff, 0xf8, 0xaf, 0xff,
    0xe3, 0x22, 0xf, 0xff, 0x8a, 0xff, 0xff, 0xff,
    0xf4, 0xff, 0xf8, 0xaf, 0xff, 0xff, 0xff, 0x4f,
    0xff, 0x8a, 0xff, 0xff, 0xff, 0xf4, 0x35, 0x52,
    0xaf, 0xff, 0xff, 0xff, 0x40, 0x0, 0xa, 0xff,
    0xff, 0xff, 0xf4, 0x0, 0x0, 0x7f, 0xff, 0xff,
    0xfe, 0x20,

    /* U+F0EB "" */
    0x0, 0x0, 0x11, 0x0, 0x0, 0x0, 0x9f, 0xff,
    0xd4, 0x0, 0xc, 0xfe, 0xaf, 0xff, 0x60, 0x7f,
    0xb2, 0x7e, 0xff, 0xf2, 0xdf, 0x2e, 0xff, 0xff,
    0xf7, 0xfd, 0x6f, 0xff, 0xff, 0xf9, 0xef, 0xff,
    0xff, 0xff, 0xf8, 0x9f, 0xff, 0xff, 0xff, 0xf3,
    0x1e, 0xff, 0xff, 0xff, 0x90, 0x3, 0xff, 0xff,
    0xfd, 0x0, 0x0, 0xaf, 0xff, 0xf4, 0x0, 0x0,
    0x13, 0x33, 0x30, 0x0, 0x0, 0x5f, 0xff, 0xf0,
    0x0, 0x0, 0x3f, 0xff, 0xd0, 0x0, 0x0, 0x7,
    0xaa, 0x30, 0x0,

    /* U+F0F0 "" */
    0x0, 0x0, 0x1, 0x10, 0x0, 0x0, 0x0, 0x0,
    0x1b, 0xff, 0xc2, 0x0, 0x0, 0x0, 0xc, 0xff,
    0xff, 0xe0, 0x0, 0x0, 0x3, 0xff, 0xff, 0xff,
    0x60, 0x0, 0x0, 0x5f, 0xff, 0xff, 0xf7, 0x0,
    0x0, 0x2, 0xff, 0xff, 0xff, 0x40, 0x0, 0x0,
    0x9, 0xff, 0xff, 0xc0, 0x0, 0x0, 0x0, 0x7,
    0xcd, 0x80, 0x0, 0x0, 0x0, 0x0, 0x10, 0x0,
    0x1, 0x0, 0x0, 0x7f, 0x2f, 0xed, 0xd5, 0xf9,
    0x0, 0x6f, 0xf1, 0xff, 0xd3, 0x28, 0xf7, 0xd,
    0xf5, 0x35, 0xf4, 0xcf, 0x4d, 0xe0, 0xff, 0x1e,
    0x1f, 0x2f, 0xf7, 0xaf, 0xf, 0xf7, 0x7, 0xf5,
    0x7e, 0x3d, 0xf1, 0x8d, 0xee, 0xee, 0xee, 0xee,
    0xda, 0x0,

    /* U+F0F1 "" */
    0x1, 0x20, 0x0, 0x30, 0x0, 0x0, 0x0, 0xcf,
    0xf0, 0x4, 0xff, 0x80, 0x0, 0x0, 0xfe, 0x70,
    0x1, 0x8f, 0xc0, 0x0, 0x0, 0xfc, 0x0, 0x0,
    0xf, 0xc0, 0x0, 0x10, 0xfc, 0x0, 0x0, 0xf,
    0xc0, 0x2e, 0xf8, 0xfc, 0x0, 0x0, 0xf, 0xc0,
    0x7e, 0x8e, 0xed, 0x0, 0x0, 0x1f, 0xa0, 0x3f,
    0xfa, 0xbf, 0x40, 0x0, 0x8f, 0x60, 0xa, 0xf2,
    0x2f, 0xf9, 0x6b, 0xfd, 0x0, 0xa, 0xf2, 0x3,
    0xef, 0xff, 0xc1, 0x0, 0xa, 0xf2, 0x0, 0x9,
    0xf6, 0x0, 0x0, 0xb, 0xf1, 0x0, 0x4, 0xfa,
    0x0, 0x0, 0x1f, 0xe0, 0x0, 0x0, 0xcf, 0x92,
    0x4, 0xdf, 0x60, 0x0, 0x0, 0x1d, 0xff, 0xff,
    0xf9, 0x0, 0x0, 0x0, 0x0, 0x6a, 0xb9, 0x30,
    0x0,

    /* U+F0F2 "" */
    0x0, 0x0, 0x34, 0x44, 0x43, 0x0, 0x0, 0x0,
    0x0, 0x4f, 0xff, 0xff, 0xf8, 0x0, 0x0, 0x0,
    0x7, 0xfa, 0x77, 0x7f, 0xa0, 0x0, 0x5, 0xa6,
    0x7f, 0xca, 0xab, 0xfa, 0x4a, 0x60, 0xff, 0xa7,
    0xff, 0xff, 0xff, 0xa7, 0xff, 0x2f, 0xfa, 0x7f,
    0xff, 0xff, 0xfa, 0x7f, 0xf2, 0xff, 0xa7, 0xff,
    0xff, 0xff, 0xa7, 0xff, 0x2f, 0xfa, 0x7f, 0xff,
    0xff, 0xfa, 0x7f, 0xf2, 0xff, 0xa7, 0xff, 0xff,
    0xff, 0xa7, 0xff, 0x2f, 0xfa, 0x7f, 0xff, 0xff,
    0xfa, 0x7f, 0xf2, 0xff, 0xa7, 0xff, 0xff, 0xff,
    0xa7, 0xff, 0x2f, 0xfa, 0x7f, 0xff, 0xff, 0xfa,
    0x7f, 0xf2, 0x9f, 0x97, 0xff, 0xff, 0xff, 0xa6,
    0xfb, 0x0,

    /* U+F0F3 "" */
    0x0, 0x0, 0x1, 0x10, 0x0, 0x0, 0x0, 0x0,
    0x0, 0xaf, 0x0, 0x0, 0x0, 0x0, 0x1, 0x8f,
    0xfa, 0x30, 0x0, 0x0, 0x2, 0xef, 0xff, 0xff,
    0x50, 0x0, 0x0, 0xbf, 0xff, 0xff, 0xff, 0x10,
    0x0, 0x1f, 0xff, 0xff, 0xff, 0xf5, 0x0, 0x3,
    0xff, 0xff, 0xff, 0xff, 0x70, 0x0, 0x5f, 0xff,
    0xff, 0xff, 0xf9, 0x0, 0x8, 0xff, 0xff, 0xff,
    0xff, 0xc0, 0x0, 0xdf, 0xff, 0xff, 0xff, 0xff,
    0x20, 0x9f, 0xff, 0xff, 0xff, 0xff, 0xfd, 0xe,
    0xff, 0xff, 0xff, 0xff, 0xff, 0xf2, 0x2, 0x22,
    0x22, 0x22, 0x22, 0x21, 0x0, 0x0, 0x8, 0xff,
    0xc0, 0x0, 0x0, 0x0, 0x0, 0x9, 0xa2, 0x0,
    0x0, 0x0,

    /* U+F0F4 "" */
    0x0, 0x2, 0x99, 0x99, 0x99, 0x99, 0x99, 0x98,
    0x30, 0x0, 0x0, 0x6f, 0xff, 0xff, 0xff, 0xff,
    0xff, 0xff, 0x70, 0x0, 0x6, 0xff, 0xff, 0xff,
    0xff, 0xff, 0x34, 0xef, 0x20, 0x0, 0x6f, 0xff,
    0xff, 0xff, 0xff, 0xf1, 0x5, 0xf7, 0x0, 0x6,
    0xff, 0xff, 0xff, 0xff, 0xff, 0x10, 0x5f, 0x70,
    0x0, 0x6f, 0xff, 0xff, 0xff, 0xff, 0xf3, 0x4d,
    0xf2, 0x0, 0x6, 0xff, 0xff, 0xff, 0xff, 0xff,
    0xff, 0xf8, 0x0, 0x0, 0x6f, 0xff, 0xff, 0xff,
    0xff, 0xfa, 0x94, 0x0, 0x0, 0x2, 0xff, 0xff,
    0xff, 0xff, 0xfd, 0x0, 0x0, 0x0, 0x0, 0x5,
    0xef, 0xff, 0xff, 0xfc, 0x20, 0x0, 0x0, 0x0,
    0x0, 0x0, 0x0, 0x0, 0x0, 0x0, 0x0, 0x0,
    0x0, 0xcc, 0xcc, 0xcc, 0xcc, 0xcc, 0xcc, 0xcc,
    0xcc, 0x60, 0x9, 0xff, 0xff, 0xff, 0xff, 0xff,
    0xff, 0xff, 0xe3, 0x0,

    /* U+F0F8 "" */
    0x0, 0x0, 0x0, 0x0, 0x0, 0x0, 0x0, 0x0,
    0xf, 0xfe, 0xf3, 0x0, 0x0, 0x0, 0x1, 0xf7,
    0x5e, 0x50, 0x0, 0x0, 0x9a, 0xaf, 0x64, 0xdb,
    0xa9, 0x20, 0x1f, 0xff, 0xff, 0xff, 0xff, 0xf5,
    0x2, 0xff, 0xfe, 0xff, 0xee, 0xff, 0x60, 0x2f,
    0xf8, 0xc, 0xf0, 0x4f, 0xf6, 0x2, 0xff, 0xa4,
    0xdf, 0x47, 0xff, 0x60, 0x2f, 0xfd, 0xaf, 0xfa,
    0xcf, 0xf6, 0x2, 0xff, 0x80, 0xcf, 0x4, 0xff,
    0x60, 0x2f, 0xfc, 0x8e, 0xf8, 0xaf, 0xf6, 0x2,
    0xff, 0xff, 0x51, 0xff, 0xff, 0x60, 0x2f, 0xff,
    0xf4, 0xf, 0xff, 0xf6, 0x2, 0xff, 0xff, 0x40,
    0xff, 0xff, 0x60, 0xde, 0xee, 0xee, 0xee, 0xee,
    0xed, 0x30,

    /* U+F0F9 "" */
    0x0, 0x0, 0x0, 0x0, 0x0, 0x0, 0x0, 0x0,
    0x0, 0xaf, 0xff, 0xff, 0xff, 0xff, 0xc0, 0x0,
    0x0, 0x0, 0xff, 0xff, 0xff, 0xff, 0xff, 0xf2,
    0x0, 0x0, 0x0, 0xff, 0xff, 0xf9, 0xef, 0xff,
    0xf7, 0x61, 0x0, 0x0, 0xff, 0xff, 0xd0, 0xaf,
    0xff, 0xfe, 0xfd, 0x10, 0x0, 0xff, 0xf3, 0x10,
    0x12, 0xef, 0xf2, 0x1c, 0xe2, 0x0, 0xff, 0xf3,
    0x10, 0x12, 0xef, 0xf2, 0x0, 0xbe, 0x20, 0xff,
    0xff, 0xd0, 0xaf, 0xff, 0xf5, 0x44, 0x4d, 0x90,
    0xff, 0xff, 0xe6, 0xcf, 0xff, 0xff, 0xff, 0xff,
    0xa0, 0xff, 0xff, 0xff, 0xff, 0xff, 0xff, 0xff,
    0xff, 0xa0, 0xff, 0xff, 0xdf, 0xff, 0xff, 0xff,
    0xee, 0xff, 0xd4, 0xbf, 0xf4, 0x8, 0xff, 0xff,
    0xfd, 0x0, 0xcf, 0xf7, 0x4, 0xf2, 0x6, 0xe2,
    0x22, 0xab, 0x0, 0xab, 0x20, 0x0, 0xdc, 0x8e,
    0x90, 0x0, 0x4f, 0x99, 0xf5, 0x0, 0x0, 0x1a,
    0xc8, 0x0, 0x0, 0x5, 0xcc, 0x60, 0x0,

    /* U+F0FA "" */
    0x0, 0x0, 0x56, 0x66, 0x65, 0x0, 0x0, 0x0,
    0x8, 0xff, 0xff, 0xff, 0x80, 0x0, 0x0, 0xa,
    0xf6, 0x66, 0x6f, 0xa0, 0x0, 0x68, 0x5e, 0xfc,
    0xcc, 0xcf, 0xe5, 0x86, 0xfc, 0x7f, 0xff, 0xff,
    0xff, 0xf7, 0xcf, 0xfc, 0x7f, 0xff, 0x22, 0xff,
    0xf7, 0xcf, 0xfc, 0x7f, 0xdc, 0x11, 0xcd, 0xf7,
    0xcf, 0xfc, 0x7f, 0x30, 0x0, 0x3, 0xf7, 0xcf,
    0xfc, 0x7f, 0xa8, 0x11, 0x8a, 0xf7, 0xcf, 0xfc,
    0x7f, 0xff, 0x22, 0xff, 0xf7, 0xcf, 0xfc, 0x7f,
    0xff, 0xdd, 0xff, 0xf7, 0xcf, 0xfc, 0x7f, 0xff,
    0xff, 0xff, 0xf7, 0xcf, 0x8a, 0x6e, 0xee, 0xee,
    0xee, 0xe6, 0xa8,

    /* U+F0FB "" */
    0x0, 0x0, 0x46, 0x53, 0x0, 0x0, 0x0, 0x0,
    0x0, 0x0, 0x0, 0x6f, 0xa0, 0x0, 0x0, 0x0,
    0x0, 0x0, 0x0, 0x0, 0x6f, 0xf6, 0x0, 0x0,
    0x0, 0x0, 0x0, 0x88, 0x0, 0x6f, 0xff, 0x30,
    0x0, 0x0, 0x0, 0x0, 0xcf, 0x70, 0x6f, 0xff,
    0xe1, 0x0, 0x0, 0x0, 0x0, 0x9e, 0xf9, 0xbf,
    0xff, 0xff, 0xd8, 0x65, 0x30, 0x0, 0xef, 0xff,
    0xff, 0xff, 0xff, 0xff, 0xff, 0xff, 0xc2, 0x9e,
    0xfe, 0xef, 0xff, 0xff, 0xfe, 0xca, 0x85, 0x10,
    0xcf, 0xb0, 0x6f, 0xff, 0xf6, 0x20, 0x0, 0x0,
    0x0, 0xcd, 0x10, 0x6f, 0xff, 0x70, 0x0, 0x0,
    0x0, 0x0, 0x0, 0x0, 0x6f, 0xfb, 0x0, 0x0,
    0x0, 0x0, 0x0, 0x0, 0x0, 0x6f, 0xe1, 0x0,
    0x0, 0x0, 0x0, 0x0, 0x0, 0x0, 0x7d, 0x83,
    0x0, 0x0, 0x0, 0x0, 0x0,

    /* U+F0FC "" */
    0x57, 0x77, 0x77, 0x77, 0x30, 0x0, 0xf, 0xff,
    0xff, 0xff, 0xfb, 0x0, 0x0, 0xff, 0xff, 0xff,
    0xff, 0xeb, 0x91, 0xf, 0xfb, 0xaf, 0x6f, 0xff,
    0xff, 0xc0, 0xff, 0xa8, 0xf3, 0xef, 0xb0, 0xbf,
    0xf, 0xfa, 0x8f, 0x3e, 0xfb, 0xa, 0xf1, 0xff,
    0xa8, 0xf3, 0xef, 0xb0, 0xaf, 0x1f, 0xfa, 0x8f,
    0x3e, 0xfb, 0xa, 0xf1, 0xff, 0xa8, 0xf3, 0xef,
    0xb3, 0xef, 0xf, 0xfa, 0x8f, 0x3e, 0xff, 0xff,
    0x80, 0xff, 0xee, 0xfd, 0xff, 0xfc, 0x40, 0xf,
    0xff, 0xff, 0xff, 0xfb, 0x0, 0x0, 0xdf, 0xff,
    0xff, 0xff, 0x80, 0x0, 0x0,

    /* U+F0FD "" */
    0x49, 0x99, 0x99, 0x99, 0x99, 0x94, 0xe, 0xff,
    0xff, 0xff, 0xff, 0xff, 0xf0, 0xff, 0xff, 0xff,
    0xff, 0xff, 0xff, 0x1f, 0xfb, 0xa, 0xff, 0xf1,
    0x9f, 0xf1, 0xff, 0xa0, 0x9f, 0xfe, 0x8, 0xff,
    0x1f, 0xfa, 0x6, 0xaa, 0x90, 0x8f, 0xf1, 0xff,
    0xa0, 0x0, 0x0, 0x8, 0xff, 0x1f, 0xfa, 0x2,
    0x44, 0x40, 0x8f, 0xf1, 0xff, 0xa0, 0x9f, 0xfe,
    0x8, 0xff, 0x1f, 0xfa, 0x9, 0xff, 0xe0, 0x8f,
    0xf1, 0xff, 0xea, 0xef, 0xff, 0xbe, 0xff, 0x1f,
    0xff, 0xff, 0xff, 0xff, 0xff, 0xf1, 0x9f, 0xff,
    0xff, 0xff, 0xff, 0xfa, 0x0,

    /* U+F0FE "" */
    0x3, 0x33, 0x33, 0x33, 0x33, 0x31, 0xc, 0xff,
    0xff, 0xff, 0xff, 0xff, 0xf1, 0xff, 0xff, 0xff,
    0xff, 0xff, 0xff, 0x3f, 0xff, 0xff, 0x0, 0xcf,
    0xff, 0xf4, 0xff, 0xff, 0xf0, 0xc, 0xff, 0xff,
    0x4f, 0xfd, 0xcc, 0x0, 0x9c, 0xcf, 0xf4, 0xff,
    0x30, 0x0, 0x0, 0x0, 0xff, 0x4f, 0xf4, 0x11,
    0x0, 0x1, 0x1f, 0xf4, 0xff, 0xff, 0xf0, 0xc,
    0xff, 0xff, 0x4f, 0xff, 0xff, 0x0, 0xcf, 0xff,
    0xf4, 0xff, 0xff, 0xf4, 0x3d, 0xff, 0xff, 0x4f,
    0xff, 0xff, 0xff, 0xff, 0xff, 0xf3, 0x9f, 0xff,
    0xff, 0xff, 0xff, 0xfc, 0x0,

    /* U+F100 "" */
    0x0, 0x0, 0x46, 0x0, 0x2, 0x70, 0x0, 0x5,
    0xff, 0x30, 0x2e, 0xf7, 0x0, 0x5f, 0xfb, 0x2,
    0xef, 0xe1, 0x5, 0xff, 0xb0, 0x2e, 0xfe, 0x10,
    0x2f, 0xfc, 0x0, 0xef, 0xf1, 0x0, 0xc, 0xff,
    0x40, 0x9f, 0xf8, 0x0, 0x0, 0xcf, 0xf4, 0x9,
    0xff, 0x80, 0x0, 0xc, 0xff, 0x20, 0x9f, 0xf6,
    0x0, 0x0, 0xcd, 0x10, 0x9, 0xf3, 0x0, 0x0,
    0x0, 0x0, 0x0, 0x0,

    /* U+F101 "" */
    0x5, 0x40, 0x0, 0x37, 0x0, 0x0, 0x3f, 0xf5,
    0x0, 0xef, 0x90, 0x0, 0xb, 0xff, 0x50, 0x7f,
    0xf9, 0x0, 0x0, 0xbf, 0xf5, 0x8, 0xff, 0x90,
    0x0, 0xc, 0xff, 0x20, 0x9f, 0xf6, 0x0, 0x4f,
    0xfc, 0x1, 0xef, 0xe2, 0x4, 0xff, 0xc0, 0x1e,
    0xfe, 0x20, 0x2f, 0xfc, 0x0, 0xdf, 0xe2, 0x0,
    0x1d, 0xc0, 0x0, 0xae, 0x20, 0x0, 0x0, 0x0,
    0x0, 0x0, 0x0, 0x0,

    /* U+F102 "" */
    0x0, 0x2, 0x90, 0x0, 0x0, 0x2, 0xef, 0xc0,
    0x0, 0x2, 0xef, 0xff, 0xc0, 0x2, 0xef, 0xe6,
    0xff, 0xc0, 0xdf, 0xe1, 0x4, 0xff, 0x96, 0xd1,
    0x5, 0x4, 0xd3, 0x0, 0xc, 0xf9, 0x0, 0x0,
    0xc, 0xff, 0xf9, 0x0, 0xc, 0xff, 0xaf, 0xf9,
    0xc, 0xff, 0x40, 0x8f, 0xf8, 0xaf, 0x40, 0x0,
    0x8f, 0x60, 0x10, 0x0, 0x0, 0x10,

    /* U+F103 "" */
    0x38, 0x0, 0x0, 0x19, 0x1e, 0xfb, 0x0, 0x1e,
    0xfa, 0x5f, 0xfb, 0x2e, 0xfe, 0x20, 0x5f, 0xff,
    0xfe, 0x20, 0x0, 0x5f, 0xfe, 0x20, 0x1, 0x40,
    0x5d, 0x20, 0x50, 0xdf, 0x80, 0x0, 0xbf, 0x99,
    0xff, 0x80, 0xbf, 0xf5, 0x9, 0xff, 0xdf, 0xf5,
    0x0, 0x9, 0xff, 0xf5, 0x0, 0x0, 0x9, 0xf5,
    0x0, 0x0, 0x0, 0x1, 0x0, 0x0,

    /* U+F104 "" */
    0x0, 0x0, 0x46, 0x0, 0x0, 0x5f, 0xf3, 0x0,
    0x5f, 0xfb, 0x0, 0x5f, 0xfb, 0x0, 0x2f, 0xfc,
    0x0, 0x0, 0xcf, 0xf4, 0x0, 0x0, 0xcf, 0xf4,
    0x0, 0x0, 0xcf, 0xf2, 0x0, 0x0, 0xcd, 0x10,
    0x0, 0x0, 0x0,

    /* U+F105 "" */
    0x5, 0x40, 0x0, 0x3, 0xff, 0x50, 0x0, 0xb,
    0xff, 0x50, 0x0, 0xb, 0xff, 0x50, 0x0, 0xc,
    0xff, 0x20, 0x4, 0xff, 0xc0, 0x4, 0xff, 0xc0,
    0x2, 0xff, 0xc0, 0x0, 0x1d, 0xc0, 0x0, 0x0,
    0x0, 0x0, 0x0,

    /* U+F106 "" */
    0x0, 0x0, 0x0, 0x0, 0x0, 0x0, 0x7f, 0x40,
    0x0, 0x0, 0x7f, 0xff, 0x40, 0x0, 0x7f, 0xff,
    0xff, 0x40, 0x7f, 0xf9, 0x1c, 0xff, 0x3d, 0xf9,
    0x0, 0x1c, 0xf9, 0x26, 0x0, 0x0, 0x17, 0x0,

    /* U+F107 "" */
    0x0, 0x0, 0x0, 0x0, 0x8, 0xe3, 0x0, 0x6,
    0xf5, 0xdf, 0xe3, 0x6, 0xff, 0x91, 0xdf, 0xe8,
    0xff, 0xb0, 0x1, 0xdf, 0xff, 0xb0, 0x0, 0x1,
    0xdf, 0xb0, 0x0, 0x0, 0x1, 0x70, 0x0, 0x0,

    /* U+F108 "" */
    0x0, 0x0, 0x0, 0x0, 0x0, 0x0, 0x0, 0x0,
    0xaf, 0xff, 0xff, 0xff, 0xff, 0xff, 0xff, 0xf6,
    0xfe, 0xbb, 0xbb, 0xbb, 0xbb, 0xbb, 0xbb, 0xfb,
    0xfc, 0x0, 0x0, 0x0, 0x0, 0x0, 0x0, 0xfc,
    0xfc, 0x0, 0x0, 0x0, 0x0, 0x0, 0x0, 0xfc,
    0xfc, 0x0, 0x0, 0x0, 0x0, 0x0, 0x0, 0xfc,
    0xfc, 0x0, 0x0, 0x0, 0x0, 0x0, 0x0, 0xfc,
    0xfc, 0x0, 0x0, 0x0, 0x0, 0x0, 0x0, 0xfc,
    0xfc, 0x0, 0x0, 0x0, 0x0, 0x0, 0x0, 0xfc,
    0xfc, 0x0, 0x0, 0x0, 0x0, 0x0, 0x0, 0xfc,
    0xfe, 0xbb, 0xbb, 0xbb, 0xbb, 0xbb, 0xbb, 0xfb,
    0xaf, 0xff, 0xff, 0xff, 0xff, 0xff, 0xff, 0xf6,
    0x0, 0x0, 0x0, 0x9f, 0xf5, 0x0, 0x0, 0x0,
    0x0, 0x1, 0x55, 0xdf, 0xfb, 0x55, 0x0, 0x0,
    0x0, 0x5, 0xff, 0xff, 0xff, 0xfe, 0x10, 0x0,

    /* U+F109 "" */
    0x0, 0x0, 0x0, 0x0, 0x0, 0x0, 0x0, 0x0,
    0x0, 0x0, 0xcf, 0xff, 0xff, 0xff, 0xff, 0xff,
    0xfa, 0x0, 0x1, 0xfe, 0xbb, 0xbb, 0xbb, 0xbb,
    0xbb, 0xef, 0x0, 0x1, 0xfa, 0x0, 0x0, 0x0,
    0x0, 0x0, 0xbf, 0x0, 0x1, 0xfa, 0x0, 0x0,
    0x0, 0x0, 0x0, 0xbf, 0x0, 0x1, 0xfa, 0x0,
    0x0, 0x0, 0x0, 0x0, 0xbf, 0x0, 0x1, 0xfa,
    0x0, 0x0, 0x0, 0x0, 0x0, 0xbf, 0x0, 0x1,
    0xfa, 0x0, 0x0, 0x0, 0x0, 0x0, 0xbf, 0x0,
    0x1, 0xfa, 0x0, 0x0, 0x0, 0x0, 0x0, 0xbf,
    0x0, 0x1, 0xfe, 0xbb, 0xbb, 0xbb, 0xbb, 0xbb,
    0xef, 0x0, 0x1, 0xff, 0xff, 0xff, 0xff, 0xff,
    0xff, 0xff, 0x0, 0x0, 0x0, 0x0, 0x0, 0x0,
    0x0, 0x0, 0x0, 0x0, 0xae, 0xee, 0xee, 0xe5,
    0x0, 0x7e, 0xee, 0xee, 0xe9, 0xbf, 0xff, 0xff,
    0xff, 0xff, 0xff, 0xff, 0xff, 0xfa, 0x1a, 0xcc,
    0xcc, 0xcc, 0xcc, 0xcc, 0xcc, 0xcc, 0xa1,

    /* U+F10A "" */
    0x3, 0x44, 0x44, 0x44, 0x44, 0x31, 0xc, 0xff,
    0xff, 0xff, 0xff, 0xff, 0xf1, 0xff, 0xff, 0xff,
    0xff, 0xff, 0xff, 0x3f, 0xff, 0xff, 0xff, 0xff,
    0xff, 0xf4, 0xff, 0xff, 0xff, 0xff, 0xff, 0xff,
    0x4f, 0xff, 0xff, 0xff, 0xff, 0xff, 0xf4, 0xff,
    0xff, 0xff, 0xff, 0xff, 0xff, 0x4f, 0xff, 0xff,
    0xff, 0xff, 0xff, 0xf4, 0xff, 0xff, 0xff, 0xff,
    0xff, 0xff, 0x4f, 0xff, 0xff, 0xff, 0xff, 0xff,
    0xf4, 0xff, 0xff, 0xff, 0xff, 0xff, 0xff, 0x4f,
    0xff, 0xff, 0xff, 0xff, 0xff, 0xf4, 0xff, 0xff,
    0xf8, 0x5f, 0xff, 0xff, 0x4f, 0xff, 0xff, 0x73,
    0xff, 0xff, 0xf3, 0x8d, 0xee, 0xee, 0xee, 0xee,
    0xda, 0x0,

    /* U+F10B "" */
    0x3, 0x44, 0x44, 0x43, 0xc, 0xff, 0xff, 0xff,
    0xf6, 0xff, 0xff, 0xff, 0xff, 0x9f, 0xff, 0xff,
    0xff, 0xf9, 0xff, 0xff, 0xff, 0xff, 0x9f, 0xff,
    0xff, 0xff, 0xf9, 0xff, 0xff, 0xff, 0xff, 0x9f,
    0xff, 0xff, 0xff, 0xf9, 0xff, 0xff, 0xff, 0xff,
    0x9f, 0xff, 0xff, 0xff, 0xf9, 0xff, 0xff, 0xff,
    0xff, 0x9f, 0xff, 0xff, 0xff, 0xf9, 0xff, 0xfb,
    0x4f, 0xff, 0x9f, 0xff, 0xa2, 0xff, 0xf8, 0x8d,
    0xee, 0xee, 0xed, 0x30,

    /* U+F10D "" */
    0x0, 0x15, 0x70, 0x0, 0x0, 0x16, 0x60, 0x0,
    0x5f, 0xff, 0x30, 0x0, 0x6f, 0xff, 0x20, 0x3f,
    0xff, 0xf3, 0x0, 0x5f, 0xff, 0xf1, 0xb, 0xff,
    0x71, 0x0, 0xd, 0xff, 0x61, 0x0, 0xff, 0xb0,
    0x0, 0x0, 0xff, 0xa0, 0x0, 0xf, 0xfa, 0x0,
    0x0, 0x1f, 0xf8, 0x0, 0x0, 0xff, 0xb2, 0x20,
    0x1, 0xff, 0x92, 0x20, 0xf, 0xff, 0xff, 0xd0,
    0x1f, 0xff, 0xff, 0xc0, 0xff, 0xff, 0xff, 0x11,
    0xff, 0xff, 0xff, 0xf, 0xff, 0xff, 0xf2, 0x1f,
    0xff, 0xff, 0xf0, 0xff, 0xff, 0xff, 0x21, 0xff,
    0xff, 0xff, 0xf, 0xff, 0xff, 0xf1, 0x1f, 0xff,
    0xff, 0xf0, 0x9f, 0xff, 0xfa, 0x0, 0xaf, 0xff,
    0xf9, 0x0,

    /* U+F10E "" */
    0x0, 0x22, 0x22, 0x0, 0x0, 0x22, 0x22, 0x0,
    0xcf, 0xff, 0xfd, 0x0, 0xef, 0xff, 0xfb, 0xf,
    0xff, 0xff, 0xf1, 0x2f, 0xff, 0xff, 0xf0, 0xff,
    0xff, 0xff, 0x12, 0xff, 0xff, 0xff, 0xf, 0xff,
    0xff, 0xf1, 0x2f, 0xff, 0xff, 0xf0, 0xff, 0xff,
    0xff, 0x12, 0xff, 0xff, 0xff, 0xa, 0xff, 0xff,
    0xf1, 0xb, 0xff, 0xff, 0xf0, 0x0, 0x8, 0xff,
    0x10, 0x0, 0xa, 0xff, 0x0, 0x0, 0x9f, 0xf1,
    0x0, 0x0, 0xbf, 0xf0, 0x0, 0xd, 0xff, 0x0,
    0x0, 0x1e, 0xfd, 0x0, 0xbe, 0xff, 0x90, 0x2,
    0xbf, 0xff, 0x70, 0x2f, 0xff, 0xc0, 0x0, 0x4f,
    0xff, 0xb0, 0x1, 0xdc, 0x70, 0x0, 0x2, 0xdc,
    0x60, 0x0,

    /* U+F110 "" */
    0x0, 0x0, 0x0, 0x12, 0x0, 0x0, 0x0, 0x0,
    0x0, 0x0, 0x1f, 0xf3, 0x0, 0x0, 0x0, 0x0,
    0x66, 0x2, 0xff, 0x40, 0x0, 0x0, 0x0, 0x4f,
    0xf4, 0x3, 0x40, 0x0, 0x0, 0x0, 0x1, 0xee,
    0x10, 0x0, 0x0, 0x0, 0x0, 0x0, 0x0, 0x0,
    0x0, 0x0, 0x0, 0x0, 0x0, 0x37, 0x10, 0x0,
    0x0, 0x0, 0x0, 0x74, 0xe, 0xf8, 0x0, 0x0,
    0x0, 0x0, 0x7f, 0xf0, 0xbf, 0x50, 0x0, 0x0,
    0x0, 0x4, 0xfb, 0x0, 0x0, 0x0, 0x0, 0x0,
    0x0, 0x0, 0x0, 0x0, 0x66, 0x0, 0x0, 0x0,
    0x56, 0x0, 0x0, 0x3f, 0xf3, 0x0, 0x0, 0x2f,
    0xf4, 0x0, 0x1, 0xee, 0x10, 0xab, 0x10, 0xee,
    0x20, 0x0, 0x0, 0x0, 0x2f, 0xf5, 0x0, 0x0,
    0x0, 0x0, 0x0, 0x0, 0x8a, 0x0, 0x0, 0x0,
    0x0,

    /* U+F111 "" */
    0x0, 0x0, 0x0, 0x0, 0x0, 0x0, 0x0, 0x0,
    0x1, 0x8d, 0xff, 0xd8, 0x10, 0x0, 0x0, 0x4f,
    0xff, 0xff, 0xff, 0xf4, 0x0, 0x4, 0xff, 0xff,
    0xff, 0xff, 0xff, 0x40, 0xe, 0xff, 0xff, 0xff,
    0xff, 0xff, 0xe0, 0x6f, 0xff, 0xff, 0xff, 0xff,
    0xff, 0xf6, 0xaf, 0xff, 0xff, 0xff, 0xff, 0xff,
    0xfa, 0xcf, 0xff, 0xff, 0xff, 0xff, 0xff, 0xfc,
    0xbf, 0xff, 0xff, 0xff, 0xff, 0xff, 0xfb, 0x8f,
    0xff, 0xff, 0xff, 0xff, 0xff, 0xf8, 0x3f, 0xff,
    0xff, 0xff, 0xff, 0xff, 0xf3, 0xa, 0xff, 0xff,
    0xff, 0xff, 0xff, 0xa0, 0x0, 0xcf, 0xff, 0xff,
    0xff, 0xfc, 0x0, 0x0, 0x8, 0xff, 0xff, 0xff,
    0x80, 0x0, 0x0, 0x0, 0x15, 0x77, 0x51, 0x0,
    0x0,

    /* U+F113 "" */
    0x7, 0x72, 0x0, 0x0, 0x1, 0x68, 0x0, 0xf,
    0xff, 0xbc, 0xdc, 0xbe, 0xff, 0x30, 0xf, 0xff,
    0xff, 0xff, 0xff, 0xff, 0x20, 0x2f, 0xff, 0xff,
    0xff, 0xff, 0xff, 0x50, 0xaf, 0xff, 0xff, 0xff,
    0xff, 0xff, 0xd0, 0xef, 0xd7, 0x78, 0x99, 0x76,
    0xcf, 0xf0, 0xff, 0x27, 0x90, 0x0, 0x7a, 0xe,
    0xf1, 0xdd, 0xd, 0xf0, 0x0, 0xdf, 0x1a, 0xf0,
    0x9f, 0xa, 0xd0, 0x0, 0xae, 0xc, 0xc0, 0x1e,
    0x80, 0x0, 0x0, 0x0, 0x5f, 0x30, 0x1, 0x8a,
    0x88, 0x88, 0x8a, 0xa2, 0x0,

    /* U+F118 "" */
    0x0, 0x0, 0x0, 0x0, 0x0, 0x0, 0x0, 0x0,
    0x2, 0x9e, 0xff, 0xc7, 0x0, 0x0, 0x0, 0x7f,
    0xff, 0xff, 0xff, 0xd2, 0x0, 0x7, 0xff, 0xff,
    0xff, 0xff, 0xfe, 0x10, 0x2f, 0xff, 0xff, 0xff,
    0xff, 0xff, 0xb0, 0x9f, 0xff, 0xaf, 0xff, 0xcc,
    0xff, 0xf2, 0xdf, 0xfc, 0x9, 0xff, 0x23, 0xff,
    0xf6, 0xff, 0xff, 0x9e, 0xff, 0xbc, 0xff, 0xf8,
    0xff, 0xff, 0xff, 0xff, 0xff, 0xff, 0xf8, 0xcf,
    0xfd, 0xcf, 0xff, 0xfa, 0xff, 0xf5, 0x7f, 0xfd,
    0x18, 0xcb, 0x45, 0xff, 0xf1, 0xe, 0xff, 0xd6,
    0x23, 0x9f, 0xff, 0x80, 0x3, 0xff, 0xff, 0xff,
    0xff, 0xfb, 0x0, 0x0, 0x2d, 0xff, 0xff, 0xff,
    0x90, 0x0, 0x0, 0x0, 0x49, 0xaa, 0x72, 0x0,
    0x0,

    /* U+F119 "" */
    0x0, 0x0, 0x0, 0x0, 0x0, 0x0, 0x0, 0x0,
    0x3, 0xae, 0xff, 0xc7, 0x0, 0x0, 0x0, 0x7f,
    0xff, 0xff, 0xff, 0xd2, 0x0, 0x8, 0xff, 0xff,
    0xff, 0xff, 0xfe, 0x20, 0x3f, 0xff, 0xff, 0xff,
    0xff, 0xff, 0xb0, 0xaf, 0xff, 0xaf, 0xff, 0xcc,
    0xff, 0xf3, 0xef, 0xfd, 0x9, 0xff, 0x33, 0xff,
    0xf7, 0xff, 0xff, 0xdf, 0xff, 0xef, 0xff, 0xf8,
    0xef, 0xff, 0xff, 0xff, 0xff, 0xff, 0xf7, 0xbf,
    0xff, 0xe8, 0x56, 0xbf, 0xff, 0xf4, 0x5f, 0xfd,
    0x28, 0xcb, 0x56, 0xff, 0xd0, 0xb, 0xfd, 0xdf,
    0xff, 0xfa, 0xff, 0x40, 0x0, 0xcf, 0xff, 0xff,
    0xff, 0xf6, 0x0, 0x0, 0x7, 0xef, 0xff, 0xfb,
    0x30, 0x0, 0x0, 0x0, 0x2, 0x44, 0x10, 0x0,
    0x0,

    /* U+F11A "" */
    0x0, 0x0, 0x0, 0x0, 0x0, 0x0, 0x0, 0x0,
    0x2, 0x9e, 0xff, 0xc7, 0x0, 0x0, 0x0, 0x7f,
    0xff, 0xff, 0xff, 0xd2, 0x0, 0x7, 0xff, 0xff,
    0xff, 0xff, 0xfe, 0x10, 0x2f, 0xff, 0xff, 0xff,
    0xff, 0xff, 0xb0, 0x9f, 0xff, 0xaf, 0xff, 0xcc,
    0xff, 0xf2, 0xdf, 0xfd, 0x9, 0xff, 0x33, 0xff,
    0xf6, 0xff, 0xff, 0xcf, 0xff, 0xde, 0xff, 0xf8,
    0xff, 0xff, 0xff, 0xff, 0xff, 0xff, 0xf7, 0xcf,
    0xff, 0xff, 0xff, 0xff, 0xff, 0xf5, 0x7f, 0xfd,
    0x0, 0x0, 0x4, 0xff, 0xf1, 0xe, 0xff, 0xff,
    0xff, 0xff, 0xff, 0x70, 0x3, 0xff, 0xff, 0xff,
    0xff, 0xfb, 0x0, 0x0, 0x2c, 0xff, 0xff, 0xff,
    0x80, 0x0, 0x0, 0x0, 0x48, 0xa9, 0x61, 0x0,
    0x0,

    /* U+F11B "" */
    0x0, 0x39, 0xbb, 0xbb, 0xbb, 0xbb, 0xba, 0x82,
    0x0, 0x8, 0xff, 0xff, 0xff, 0xff, 0xff, 0xff,
    0xff, 0x50, 0x6f, 0xf8, 0xc, 0xff, 0xff, 0xff,
    0xf9, 0x5c, 0xf2, 0xdf, 0xc6, 0x9, 0xdf, 0xff,
    0xff, 0xf0, 0x4, 0xf8, 0xfc, 0x0, 0x0, 0xf,
    0xff, 0xfa, 0x85, 0x1a, 0xfb, 0xed, 0x63, 0x4,
    0x6f, 0xff, 0xc0, 0x8, 0xff, 0xf9, 0x9f, 0xf8,
    0xc, 0xff, 0xff, 0xe1, 0xb, 0xff, 0xf4, 0x1e,
    0xfd, 0xaf, 0xfd, 0xbb, 0xff, 0xef, 0xff, 0xa0,
    0x1, 0xaf, 0xff, 0x80, 0x0, 0x3c, 0xff, 0xe7,
    0x0, 0x0, 0x0, 0x10, 0x0, 0x0, 0x0, 0x1,
    0x0, 0x0,

    /* U+F11C "" */
    0x5b, 0xbb, 0xbb, 0xbb, 0xbb, 0xbb, 0xbb, 0xa3,
    0xff, 0xff, 0xff, 0xff, 0xff, 0xff, 0xff, 0xfb,
    0xfc, 0xc, 0x30, 0xe1, 0x1d, 0xd, 0x11, 0xfc,
    0xfc, 0xb, 0x30, 0xe0, 0x1d, 0xd, 0x10, 0xfc,
    0xff, 0xfe, 0xff, 0xef, 0xfe, 0xfe, 0xef, 0xfc,
    0xff, 0xf1, 0x5a, 0x8, 0x70, 0xa0, 0x5f, 0xfc,
    0xff, 0xf3, 0x7b, 0x29, 0x92, 0xc2, 0x7f, 0xfc,
    0xff, 0xbf, 0xcb, 0xbb, 0xbb, 0xbf, 0xcb, 0xfc,
    0xfc, 0xb, 0x20, 0x0, 0x0, 0xd, 0x0, 0xfc,
    0xff, 0xcf, 0xcc, 0xcc, 0xcc, 0xcf, 0xcc, 0xfb,
    0x9f, 0xff, 0xff, 0xff, 0xff, 0xff, 0xff, 0xf6,

    /* U+F11E "" */
    0x1, 0x0, 0x0, 0x0, 0x0, 0x0, 0x0, 0x6,
    0xfd, 0x10, 0x0, 0x0, 0x0, 0x0, 0x0, 0xaf,
    0xf6, 0x55, 0x30, 0x0, 0x0, 0x34, 0x3, 0xff,
    0xff, 0xff, 0xea, 0x89, 0xdf, 0xf0, 0x1f, 0xd3,
    0x1f, 0xe5, 0xaf, 0xf9, 0x7f, 0x1, 0xfa, 0x2,
    0xdd, 0x1, 0xfe, 0x4, 0xf0, 0x1f, 0xed, 0xb0,
    0x1c, 0x8a, 0xc8, 0xef, 0x1, 0xff, 0xf9, 0x34,
    0xfe, 0x4, 0xff, 0xf0, 0x1f, 0xb0, 0x1f, 0xe0,
    0x57, 0x86, 0x5f, 0x1, 0xfa, 0x4, 0xfe, 0x21,
    0xfe, 0x4, 0xf0, 0x1f, 0xff, 0xff, 0xff, 0xef,
    0xf9, 0xfd, 0x1, 0xfd, 0x40, 0x0, 0x49, 0xcd,
    0xb6, 0x0, 0x1f, 0xa0, 0x0, 0x0, 0x0, 0x0,
    0x0, 0x1, 0xfa, 0x0, 0x0, 0x0, 0x0, 0x0,
    0x0, 0xc, 0x70, 0x0, 0x0, 0x0, 0x0, 0x0,
    0x0,

    /* U+F120 "" */
    0x0, 0x0, 0x0, 0x0, 0x0, 0x0, 0x0, 0x0,
    0x0, 0x9f, 0x30, 0x0, 0x0, 0x0, 0x0, 0x0,
    0x0, 0x0, 0xcf, 0xf3, 0x0, 0x0, 0x0, 0x0,
    0x0, 0x0, 0x0, 0x1d, 0xff, 0x30, 0x0, 0x0,
    0x0, 0x0, 0x0, 0x0, 0x1, 0xdf, 0xf3, 0x0,
    0x0, 0x0, 0x0, 0x0, 0x0, 0x0, 0x1d, 0xff,
    0x30, 0x0, 0x0, 0x0, 0x0, 0x0, 0x0, 0x1,
    0xdf, 0xf1, 0x0, 0x0, 0x0, 0x0, 0x0, 0x0,
    0x4, 0xff, 0xc0, 0x0, 0x0, 0x0, 0x0, 0x0,
    0x0, 0x4f, 0xfc, 0x0, 0x0, 0x0, 0x0, 0x0,
    0x0, 0x4, 0xff, 0xc0, 0x0, 0x0, 0x0, 0x0,
    0x0, 0x0, 0x4f, 0xfc, 0x0, 0x0, 0x23, 0x33,
    0x33, 0x33, 0x30, 0xef, 0xc0, 0x0, 0x1, 0xff,
    0xff, 0xff, 0xff, 0xf7, 0x4a, 0x0, 0x0, 0x0,
    0xef, 0xff, 0xff, 0xff, 0xf5,

    /* U+F121 "" */
    0x0, 0x0, 0x0, 0x0, 0x0, 0x11, 0x0, 0x0,
    0x0, 0x0, 0x0, 0x0, 0x0, 0x0, 0xa, 0xf9,
    0x0, 0x0, 0x0, 0x0, 0x0, 0x0, 0x0, 0x0,
    0xff, 0x80, 0x0, 0x0, 0x0, 0x0, 0x0, 0x20,
    0x0, 0x4f, 0xf3, 0x1, 0x0, 0x0, 0x0, 0x0,
    0xaf, 0x30, 0x8, 0xfe, 0xa, 0xf3, 0x0, 0x0,
    0x0, 0xbf, 0xf9, 0x0, 0xdf, 0xa2, 0xff, 0xf4,
    0x0, 0x0, 0xcf, 0xf9, 0x0, 0x1f, 0xf5, 0x3,
    0xef, 0xf5, 0x0, 0xcf, 0xf8, 0x0, 0x6, 0xff,
    0x10, 0x2, 0xef, 0xf4, 0x5, 0xff, 0xe2, 0x0,
    0xbf, 0xc0, 0x0, 0x8f, 0xfc, 0x10, 0x5, 0xff,
    0xe4, 0xf, 0xf7, 0x0, 0xaf, 0xfb, 0x0, 0x0,
    0x4, 0xff, 0x84, 0xff, 0x30, 0x1e, 0xfb, 0x0,
    0x0, 0x0, 0x3, 0x90, 0x9f, 0xe0, 0x0, 0x39,
    0x0, 0x0, 0x0, 0x0, 0x0, 0xd, 0xfa, 0x0,
    0x0, 0x0, 0x0, 0x0, 0x0, 0x0, 0x2, 0xff,
    0x50, 0x0, 0x0, 0x0, 0x0, 0x0, 0x0, 0x0,
    0x6, 0xa0, 0x0, 0x0, 0x0, 0x0, 0x0,

    /* U+F122 "" */
    0x0, 0x0, 0x4, 0x0, 0x22, 0x0, 0x0, 0x0,
    0x0, 0x0, 0xbf, 0x15, 0xf9, 0x0, 0x0, 0x0,
    0x0, 0x1d, 0xf4, 0x7f, 0xfa, 0x0, 0x0, 0x0,
    0x3, 0xee, 0x39, 0xff, 0xfc, 0x52, 0x0, 0x0,
    0x4f, 0xe2, 0xbf, 0xff, 0xff, 0xff, 0xe7, 0x0,
    0xef, 0xa6, 0xff, 0xff, 0xff, 0xff, 0xff, 0xb0,
    0x3e, 0xf3, 0x9f, 0xff, 0xff, 0xff, 0xff, 0xf5,
    0x1, 0xdf, 0x47, 0xff, 0xfb, 0x7c, 0xff, 0xfa,
    0x0, 0xb, 0xf6, 0x5f, 0xfa, 0x0, 0x8f, 0xfb,
    0x0, 0x0, 0x9f, 0x13, 0xe9, 0x0, 0xf, 0xf9,
    0x0, 0x0, 0x2, 0x0, 0x11, 0x0, 0xf, 0xf4,
    0x0, 0x0, 0x0, 0x0, 0x0, 0x0, 0x1f, 0xa0,
    0x0, 0x0, 0x0, 0x0, 0x0, 0x0, 0x3a, 0x0,

    /* U+F124 "" */
    0x0, 0x0, 0x0, 0x0, 0x0, 0x0, 0x2, 0x0,
    0x0, 0x0, 0x0, 0x0, 0x0, 0x5, 0xdf, 0xb0,
    0x0, 0x0, 0x0, 0x0, 0x7, 0xef, 0xff, 0xd0,
    0x0, 0x0, 0x0, 0x18, 0xff, 0xff, 0xff, 0x70,
    0x0, 0x0, 0x29, 0xff, 0xff, 0xff, 0xff, 0x0,
    0x0, 0x3b, 0xff, 0xff, 0xff, 0xff, 0xf8, 0x0,
    0xa, 0xff, 0xff, 0xff, 0xff, 0xff, 0xf1, 0x0,
    0xf, 0xff, 0xff, 0xff, 0xff, 0xff, 0xa0, 0x0,
    0x4, 0x9a, 0xaa, 0xaf, 0xff, 0xff, 0x20, 0x0,
    0x0, 0x0, 0x0, 0xe, 0xff, 0xfb, 0x0, 0x0,
    0x0, 0x0, 0x0, 0xe, 0xff, 0xf4, 0x0, 0x0,
    0x0, 0x0, 0x0, 0xe, 0xff, 0xc0, 0x0, 0x0,
    0x0, 0x0, 0x0, 0xe, 0xff, 0x50, 0x0, 0x0,
    0x0, 0x0, 0x0, 0xd, 0xfd, 0x0, 0x0, 0x0,
    0x0, 0x0, 0x0, 0x4, 0xb3, 0x0, 0x0, 0x0,

    /* U+F125 "" */
    0x0, 0x23, 0x0, 0x0, 0x0, 0x0, 0x2, 0x0,
    0xf, 0xf8, 0x0, 0x0, 0x0, 0xb, 0xf2, 0x59,
    0xff, 0x84, 0x99, 0x99, 0x9c, 0xfa, 0xd, 0xff,
    0xf8, 0x7f, 0xff, 0xff, 0xfb, 0x0, 0xbf, 0xff,
    0x87, 0xff, 0xff, 0xff, 0x80, 0x0, 0x1f, 0xf8,
    0x0, 0x1d, 0xff, 0xf8, 0x0, 0x1, 0xff, 0x80,
    0x1c, 0xfc, 0xff, 0x80, 0x0, 0x1f, 0xf8, 0xc,
    0xfb, 0x1f, 0xf8, 0x0, 0x1, 0xff, 0x9c, 0xfb,
    0x1, 0xff, 0x80, 0x0, 0x1f, 0xff, 0xfb, 0x0,
    0x1f, 0xf8, 0x0, 0x1, 0xff, 0xff, 0xaa, 0x91,
    0xff, 0xd9, 0x10, 0x1f, 0xff, 0xff, 0xfe, 0x1f,
    0xff, 0xf4, 0x0, 0xef, 0xff, 0xff, 0xe1, 0xff,
    0xff, 0x30, 0x0, 0x0, 0x0, 0x0, 0x1f, 0xf8,
    0x0, 0x0, 0x0, 0x0, 0x0, 0x0, 0x9a, 0x40,
    0x0,

    /* U+F126 "" */
    0x3, 0x40, 0x0, 0x0, 0x0, 0x7, 0xff, 0xd0,
    0x0, 0x0, 0x0, 0xee, 0xaf, 0x40, 0x6, 0x83,
    0xd, 0xfe, 0xf3, 0x8, 0xff, 0xf2, 0x4e, 0xf8,
    0x0, 0xdf, 0x7f, 0x70, 0x7d, 0x0, 0x9, 0xff,
    0xf4, 0x7, 0xd0, 0x0, 0x1a, 0xf6, 0x0, 0x7d,
    0x0, 0x0, 0x8e, 0x0, 0x7, 0xd4, 0x79, 0xcf,
    0x60, 0x0, 0x7f, 0xfd, 0xb9, 0x30, 0x0, 0xa,
    0xf5, 0x0, 0x0, 0x0, 0xa, 0xff, 0xf1, 0x0,
    0x0, 0x0, 0xfd, 0x9f, 0x50, 0x0, 0x0, 0xb,
    0xff, 0xf2, 0x0, 0x0, 0x0, 0x19, 0xa4, 0x0,
    0x0, 0x0, 0x0,

    /* U+F127 "" */
    0x2, 0x0, 0x0, 0x0, 0x3, 0x20, 0x0, 0xbf,
    0x50, 0x0, 0x7, 0xff, 0xfe, 0x40, 0xbf, 0xf5,
    0x0, 0x9f, 0xff, 0xff, 0xf3, 0xc, 0xff, 0x44,
    0xff, 0x80, 0x1c, 0xfb, 0x0, 0xcf, 0xf4, 0x77,
    0x0, 0x4, 0xff, 0x0, 0xc, 0xff, 0x40, 0x0,
    0x5, 0xfe, 0x0, 0x62, 0xcf, 0xf4, 0x0, 0x1d,
    0xfa, 0x8, 0xfc, 0x1c, 0xff, 0x40, 0xdf, 0xe2,
    0x5f, 0xf9, 0x1, 0xcf, 0xf4, 0x7e, 0x30, 0xcf,
    0xa0, 0x0, 0x1c, 0xff, 0x40, 0x0, 0xff, 0x30,
    0x0, 0x2, 0xdf, 0xf4, 0x0, 0xef, 0x60, 0x1,
    0xcc, 0x2d, 0xff, 0x40, 0x9f, 0xf7, 0x6d, 0xff,
    0x31, 0xdf, 0xf4, 0xd, 0xff, 0xff, 0xf4, 0x0,
    0x1d, 0xfe, 0x0, 0x7c, 0xd9, 0x20, 0x0, 0x1,
    0xb5,

    /* U+F128 "" */
    0x0, 0x0, 0x1, 0x0, 0x0, 0x0, 0x4, 0xcf,
    0xff, 0xb2, 0x0, 0x6, 0xff, 0xff, 0xff, 0xf4,
    0x2, 0xff, 0xfd, 0xbf, 0xff, 0xe0, 0xa, 0xf8,
    0x0, 0x1f, 0xff, 0x40, 0x2, 0x0, 0x1, 0xef,
    0xf4, 0x0, 0x0, 0x5, 0xef, 0xff, 0x0, 0x0,
    0x9, 0xff, 0xff, 0x40, 0x0, 0x3, 0xff, 0xfb,
    0x10, 0x0, 0x0, 0x5f, 0xfe, 0x0, 0x0, 0x0,
    0x0, 0x44, 0x20, 0x0, 0x0, 0x0, 0x2d, 0xf7,
    0x0, 0x0, 0x0, 0x9, 0xff, 0xf1, 0x0, 0x0,
    0x0, 0x7f, 0xff, 0x0, 0x0, 0x0, 0x0, 0x8b,
    0x30, 0x0, 0x0,

    /* U+F129 "" */
    0x0, 0x10, 0x0, 0xb, 0xfd, 0x10, 0x4f, 0xff,
    0x80, 0x2f, 0xff, 0x60, 0x6, 0xb8, 0x0, 0x0,
    0x0, 0x0, 0xef, 0xff, 0x10, 0xff, 0xff, 0x20,
    0x5f, 0xff, 0x20, 0xe, 0xff, 0x20, 0xe, 0xff,
    0x20, 0xe, 0xff, 0x20, 0x5f, 0xff, 0x80, 0xff,
    0xff, 0xf3, 0xdf, 0xff, 0xe2,

    /* U+F12A "" */
    0x1, 0x22, 0x3, 0xff, 0xf7, 0x4f, 0xff, 0x83,
    0xff, 0xf7, 0x2f, 0xff, 0x61, 0xff, 0xf5, 0x1f,
    0xff, 0x40, 0xff, 0xf4, 0xf, 0xff, 0x30, 0x79,
    0x90, 0x2, 0x74, 0x3, 0xff, 0xf6, 0x8f, 0xff,
    0xc5, 0xff, 0xf9, 0x7, 0xc9, 0x10,

    /* U+F12B "" */
    0x0, 0x0, 0x0, 0x0, 0x0, 0x0, 0x0, 0x0,
    0x0, 0x0, 0x0, 0x0, 0x2f, 0xf1, 0x34, 0x20,
    0x0, 0x4, 0x42, 0x4e, 0xf2, 0xff, 0xf2, 0x0,
    0x7f, 0xf9, 0xa, 0xf2, 0xbe, 0xfc, 0x3, 0xff,
    0xd7, 0xa, 0xf2, 0x2, 0xff, 0x8d, 0xfc, 0x0,
    0x5e, 0xfc, 0x0, 0x7f, 0xff, 0xf2, 0x0, 0x6f,
    0xfe, 0x0, 0xc, 0xff, 0x60, 0x0, 0x0, 0x0,
    0x0, 0x1e, 0xff, 0xa0, 0x0, 0x0, 0x0, 0x0,
    0xbf, 0xef, 0xf5, 0x0, 0x0, 0x0, 0x27, 0xff,
    0x49, 0xff, 0x31, 0x0, 0x0, 0xff, 0xf8, 0x0,
    0xdf, 0xf9, 0x0, 0x0, 0xff, 0xc0, 0x0, 0x3f,
    0xf9, 0x0, 0x0,

    /* U+F12C "" */
    0x34, 0x20, 0x0, 0x3, 0x42, 0x0, 0x0, 0xff,
    0xe1, 0x0, 0x6f, 0xf9, 0x0, 0x0, 0xdf, 0xfc,
    0x2, 0xff, 0xe8, 0x0, 0x0, 0x3, 0xff, 0x8d,
    0xfc, 0x0, 0x0, 0x0, 0x0, 0x6f, 0xff, 0xe1,
    0x0, 0x0, 0x0, 0x0, 0xb, 0xff, 0x50, 0x0,
    0x0, 0x0, 0x0, 0x2f, 0xff, 0xc0, 0x0, 0x8,
    0x90, 0x0, 0xdf, 0xdf, 0xf7, 0x0, 0x6f, 0xf2,
    0x5a, 0xff, 0x27, 0xff, 0x62, 0xa, 0xf2, 0xff,
    0xf7, 0x0, 0xdf, 0xf9, 0xa, 0xf2, 0xff, 0xc0,
    0x0, 0x3f, 0xf9, 0xa, 0xf2, 0x0, 0x0, 0x0,
    0x0, 0x0, 0x7f, 0xff, 0x0, 0x0, 0x0, 0x0,
    0x0, 0x5c, 0xcb,

    /* U+F12D "" */
    0x0, 0x0, 0x0, 0x1, 0x30, 0x0, 0x0, 0x0,
    0x0, 0x0, 0x2e, 0xfa, 0x0, 0x0, 0x0, 0x0,
    0x2, 0xef, 0xff, 0xa0, 0x0, 0x0, 0x0, 0x2e,
    0xff, 0xff, 0xfa, 0x0, 0x0, 0x2, 0xef, 0xff,
    0xff, 0xff, 0xa0, 0x0, 0x2e, 0xfd, 0xff, 0xff,
    0xff, 0xf9, 0x2, 0xef, 0x60, 0xbf, 0xff, 0xff,
    0xff, 0x2e, 0xf7, 0x0, 0xb, 0xff, 0xff, 0xf6,
    0xdf, 0x70, 0x0, 0x0, 0xbf, 0xff, 0x70, 0xdf,
    0x60, 0x0, 0x0, 0x2f, 0xf7, 0x0, 0x2e, 0xf6,
    0x0, 0x2, 0xef, 0x70, 0x0, 0x2, 0xef, 0xcc,
    0xce, 0xff, 0xcc, 0xcc, 0x0, 0x2d, 0xff, 0xff,
    0xff, 0xff, 0xfe,

    /* U+F12E "" */
    0x0, 0x0, 0x3, 0x10, 0x0, 0x0, 0x0, 0x0,
    0x0, 0x0, 0xcf, 0xf3, 0x0, 0x0, 0x0, 0x0,
    0x0, 0x0, 0xff, 0xf5, 0x0, 0x0, 0x0, 0x0,
    0x0, 0x0, 0xaf, 0xd0, 0x0, 0x0, 0x0, 0x0,
    0x0, 0x0, 0x4f, 0x80, 0x0, 0x1, 0x0, 0x0,
    0x97, 0x66, 0xcf, 0xd7, 0x69, 0xd9, 0x0, 0x0,
    0xff, 0xff, 0xff, 0xff, 0xff, 0xf5, 0x0, 0x0,
    0xff, 0xff, 0xff, 0xff, 0xff, 0xf3, 0x0, 0x0,
    0xff, 0xff, 0xff, 0xff, 0xff, 0xf3, 0x2, 0x40,
    0xff, 0xff, 0xfe, 0xff, 0xff, 0xfc, 0xbf, 0xf7,
    0xff, 0xff, 0x30, 0x3f, 0xff, 0xff, 0xff, 0xfb,
    0xff, 0xfd, 0x0, 0xd, 0xff, 0xf5, 0x5d, 0xf6,
    0xff, 0xff, 0x30, 0x3f, 0xff, 0xf0, 0x0, 0x10,
    0xff, 0xff, 0xc0, 0xaf, 0xff, 0xf0, 0x0, 0x0,
    0x8a, 0xba, 0x40, 0x4a, 0xa9, 0x70, 0x0, 0x0,

    /* U+F130 "" */
    0x0, 0x0, 0x10, 0x0, 0x0, 0x0, 0x1c, 0xff,
    0x50, 0x0, 0x0, 0x9f, 0xff, 0xf1, 0x0, 0x0,
    0xdf, 0xff, 0xf3, 0x0, 0x0, 0xdf, 0xff, 0xf4,
    0x0, 0x0, 0xdf, 0xff, 0xf4, 0x0, 0xd3, 0xdf,
    0xff, 0xf4, 0xc4, 0xf5, 0xdf, 0xff, 0xf4, 0xe6,
    0xe7, 0xbf, 0xff, 0xf2, 0xf5, 0xac, 0x4f, 0xff,
    0xa5, 0xf2, 0x3f, 0x92, 0x64, 0x3e, 0xa0, 0x5,
    0xfe, 0xac, 0xfc, 0x0, 0x0, 0x28, 0xfc, 0x50,
    0x0, 0x0, 0x45, 0xf9, 0x50, 0x0, 0x0, 0xbf,
    0xff, 0xf3, 0x0,

    /* U+F131 "" */
    0x0, 0x0, 0x0, 0x0, 0x0, 0x0, 0x0, 0x0,
    0x0, 0x0, 0xab, 0x10, 0x0, 0xa, 0xfe, 0x50,
    0x0, 0x0, 0x0, 0xa, 0xfe, 0x30, 0x9, 0xff,
    0xff, 0x20, 0x0, 0x0, 0x0, 0x7, 0xff, 0x70,
    0xdf, 0xff, 0xf5, 0x0, 0x0, 0x0, 0x0, 0x3,
    0xef, 0xae, 0xff, 0xff, 0x60, 0x0, 0x0, 0x0,
    0x0, 0x1, 0xcf, 0xff, 0xff, 0xf6, 0x0, 0x0,
    0x0, 0x0, 0x0, 0x0, 0x8f, 0xff, 0xff, 0x68,
    0x60, 0x0, 0x0, 0x0, 0x0, 0x10, 0x5f, 0xff,
    0xf5, 0xc8, 0x0, 0x0, 0x0, 0x0, 0xe, 0x30,
    0x2d, 0xff, 0x5d, 0x70, 0x0, 0x0, 0x0, 0x0,
    0xbb, 0x0, 0xa, 0xfe, 0xf4, 0x0, 0x0, 0x0,
    0x0, 0x3, 0xf7, 0x0, 0x6, 0xff, 0x70, 0x0,
    0x0, 0x0, 0x0, 0x6, 0xfc, 0x93, 0x3, 0xef,
    0xb1, 0x0, 0x0, 0x0, 0x0, 0x2, 0x9f, 0xc0,
    0x1, 0xbf, 0xd3, 0x0, 0x0, 0x0, 0x0, 0x45,
    0xf9, 0x51, 0x0, 0x8f, 0xf4, 0x0, 0x0, 0x0,
    0xc, 0xff, 0xff, 0x40, 0x0, 0x4d, 0x20, 0x0,
    0x0, 0x0, 0x0, 0x0, 0x0, 0x0, 0x0, 0x0,

    /* U+F133 "" */
    0x0, 0x14, 0x10, 0x0, 0x32, 0x0, 0x0, 0x5,
    0xf5, 0x0, 0x1f, 0x90, 0x0, 0x37, 0xbf, 0xb8,
    0x89, 0xfd, 0x74, 0xe, 0xff, 0xff, 0xff, 0xff,
    0xff, 0xf2, 0xff, 0xff, 0xff, 0xff, 0xff, 0xff,
    0x31, 0x22, 0x22, 0x22, 0x22, 0x22, 0x10, 0xff,
    0xff, 0xff, 0xff, 0xff, 0xff, 0x3f, 0xff, 0xff,
    0xff, 0xff, 0xff, 0xf4, 0xff, 0xff, 0xff, 0xff,
    0xff, 0xff, 0x4f, 0xff, 0xff, 0xff, 0xff, 0xff,
    0xf4, 0xff, 0xff, 0xff, 0xff, 0xff, 0xff, 0x4f,
    0xff, 0xff, 0xff, 0xff, 0xff, 0xf4, 0xff, 0xff,
    0xff, 0xff, 0xff, 0xff, 0x4f, 0xff, 0xff, 0xff,
    0xff, 0xff, 0xf3, 0x6b, 0xcc, 0xcc, 0xcc, 0xcc,
    0xb9, 0x0,

    /* U+F134 "" */
    0x0, 0x0, 0x21, 0x0, 0x0, 0x0, 0x0, 0x0,
    0x4, 0xff, 0x30, 0x0, 0x24, 0x72, 0x0, 0x9,
    0xbc, 0x94, 0xcf, 0xff, 0xf4, 0x0, 0xaf, 0xff,
    0xff, 0xff, 0xff, 0xf4, 0x8, 0xe4, 0x7, 0xf1,
    0x8b, 0xef, 0xf4, 0xe, 0x60, 0x8f, 0xfe, 0x20,
    0x0, 0x30, 0x1, 0x2, 0xff, 0xff, 0xb0, 0x0,
    0x0, 0x0, 0x5, 0xff, 0xff, 0xe0, 0x0, 0x0,
    0x0, 0x5, 0xff, 0xff, 0xe0, 0x0, 0x0, 0x0,
    0x5, 0xff, 0xff, 0xe0, 0x0, 0x0, 0x0, 0x5,
    0xff, 0xff, 0xe0, 0x0, 0x0, 0x0, 0x5, 0xff,
    0xff, 0xe0, 0x0, 0x0, 0x0, 0x5, 0xff, 0xff,
    0xe0, 0x0, 0x0, 0x0, 0x5, 0xff, 0xff, 0xe0,
    0x0, 0x0, 0x0, 0x2, 0xbc, 0xcc, 0x90, 0x0,
    0x0,

    /* U+F135 "" */
    0x0, 0x0, 0x0, 0x0, 0x0, 0x35, 0x76, 0x20,
    0x0, 0x0, 0x0, 0x4, 0xdf, 0xff, 0xfd, 0x0,
    0x0, 0x0, 0x6, 0xff, 0xff, 0xff, 0xe0, 0x0,
    0x0, 0x3, 0xff, 0xf9, 0xa, 0xfe, 0x0, 0x5e,
    0xff, 0xff, 0xff, 0x80, 0x9f, 0xc0, 0xe, 0xff,
    0xff, 0xff, 0xff, 0xef, 0xf8, 0x7, 0xff, 0xff,
    0xff, 0xff, 0xff, 0xff, 0x10, 0xef, 0xff, 0xff,
    0xff, 0xff, 0xff, 0x50, 0x5, 0x66, 0xef, 0xff,
    0xff, 0xfe, 0x40, 0x0, 0x0, 0x5f, 0xff, 0xff,
    0xff, 0x70, 0x0, 0x0, 0x1, 0xdf, 0xff, 0xff,
    0xf7, 0x0, 0x0, 0x0, 0x1, 0xc9, 0xef, 0xff,
    0x70, 0x0, 0x0, 0x0, 0x0, 0xe, 0xff, 0xf3,
    0x0, 0x0, 0x0, 0x0, 0x0, 0xef, 0xb3, 0x0,
    0x0, 0x0, 0x0, 0x0, 0x5, 0x30, 0x0, 0x0,
    0x0,

    /* U+F136 "" */
    0x49, 0x99, 0x99, 0x99, 0x99, 0x97, 0x10, 0x1,
    0xff, 0xff, 0xff, 0xff, 0xff, 0xfe, 0x20, 0x9,
    0xff, 0xff, 0xff, 0xff, 0xff, 0xfc, 0x0, 0x7f,
    0xf3, 0x8, 0xff, 0x21, 0xbf, 0xf0, 0xa, 0xff,
    0x0, 0xbf, 0xe0, 0xb, 0xfe, 0x0, 0xef, 0xc0,
    0xf, 0xfb, 0x0, 0xff, 0xb0, 0x1f, 0xf8, 0x2,
    0xff, 0x80, 0x2f, 0xf7, 0x5, 0xff, 0x50, 0x6f,
    0xf4, 0x6, 0xff, 0x40, 0x8f, 0xf1, 0x9, 0xff,
    0x10, 0x9f, 0xf1, 0xc, 0xfe, 0x0, 0xcf, 0xd0,
    0xc, 0xfd, 0x0, 0x9a, 0x70, 0x9, 0xa6, 0x0,
    0x9a, 0x60, 0x0,

    /* U+F137 "" */
    0x0, 0x0, 0x0, 0x0, 0x0, 0x0, 0x0, 0x0,
    0x1, 0x8d, 0xff, 0xd8, 0x10, 0x0, 0x0, 0x4f,
    0xff, 0xff, 0xff, 0xf4, 0x0, 0x4, 0xff, 0xff,
    0xfb, 0xaf, 0xff, 0x40, 0xe, 0xff, 0xff, 0xa0,
    0xe, 0xff, 0xe0, 0x6f, 0xff, 0xfa, 0x0, 0x9f,
    0xff, 0xf6, 0xaf, 0xff, 0xa0, 0x8, 0xff, 0xff,
    0xfa, 0xcf, 0xfd, 0x0, 0x7f, 0xff, 0xff, 0xfc,
    0xbf, 0xff, 0x30, 0x2e, 0xff, 0xff, 0xfb, 0x8f,
    0xff, 0xf3, 0x2, 0xef, 0xff, 0xf8, 0x3f, 0xff,
    0xff, 0x30, 0x2f, 0xff, 0xf3, 0xa, 0xff, 0xff,
    0xf3, 0x2f, 0xff, 0xa0, 0x0, 0xcf, 0xff, 0xff,
    0xff, 0xfc, 0x0, 0x0, 0x8, 0xff, 0xff, 0xff,
    0x80, 0x0, 0x0, 0x0, 0x15, 0x77, 0x51, 0x0,
    0x0,

    /* U+F138 "" */
    0x0, 0x0, 0x0, 0x0, 0x0, 0x0, 0x0, 0x0,
    0x1, 0x8d, 0xff, 0xd8, 0x10, 0x0, 0x0, 0x4f,
    0xff, 0xff, 0xff, 0xf4, 0x0, 0x4, 0xff, 0xfa,
    0xbf, 0xff, 0xff, 0x40, 0xe, 0xff, 0xe0, 0xa,
    0xff, 0xff, 0xe0, 0x6f, 0xff, 0xf9, 0x0, 0xaf,
    0xff, 0xf6, 0xaf, 0xff, 0xff, 0x80, 0xa, 0xff,
    0xfa, 0xcf, 0xff, 0xff, 0xf7, 0x0, 0xdf, 0xfc,
    0xbf, 0xff, 0xff, 0xe2, 0x3, 0xff, 0xfb, 0x8f,
    0xff, 0xfe, 0x20, 0x3f, 0xff, 0xf8, 0x3f, 0xff,
    0xf2, 0x3, 0xff, 0xff, 0xf3, 0xa, 0xff, 0xf2,
    0x3f, 0xff, 0xff, 0xa0, 0x0, 0xcf, 0xff, 0xff,
    0xff, 0xfc, 0x0, 0x0, 0x8, 0xff, 0xff, 0xff,
    0x80, 0x0, 0x0, 0x0, 0x15, 0x77, 0x51, 0x0,
    0x0,

    /* U+F139 "" */
    0x0, 0x0, 0x0, 0x0, 0x0, 0x0, 0x0, 0x0,
    0x1, 0x8d, 0xff, 0xd8, 0x10, 0x0, 0x0, 0x4f,
    0xff, 0xff, 0xff, 0xf4, 0x0, 0x4, 0xff, 0xff,
    0xff, 0xff, 0xff, 0x40, 0xe, 0xff, 0xff, 0xbb,
    0xff, 0xff, 0xe0, 0x6f, 0xff, 0xfa, 0x0, 0xaf,
    0xff, 0xf6, 0xaf, 0xff, 0xa0, 0x0, 0xa, 0xff,
    0xfa, 0xcf, 0xfa, 0x0, 0x88, 0x0, 0xaf, 0xfc,
    0xbf, 0xc0, 0x8, 0xff, 0x80, 0xc, 0xfb, 0x8f,
    0xe3, 0x9f, 0xff, 0xf9, 0x3e, 0xf8, 0x3f, 0xff,
    0xff, 0xff, 0xff, 0xff, 0xf3, 0xa, 0xff, 0xff,
    0xff, 0xff, 0xff, 0xa0, 0x0, 0xcf, 0xff, 0xff,
    0xff, 0xfc, 0x0, 0x0, 0x8, 0xff, 0xff, 0xff,
    0x80, 0x0, 0x0, 0x0, 0x15, 0x77, 0x51, 0x0,
    0x0,

    /* U+F13A "" */
    0x0, 0x0, 0x0, 0x0, 0x0, 0x0, 0x0, 0x0,
    0x1, 0x8d, 0xff, 0xd8, 0x10, 0x0, 0x0, 0x4f,
    0xff, 0xff, 0xff, 0xf4, 0x0, 0x4, 0xff, 0xff,
    0xff, 0xff, 0xff, 0x40, 0xe, 0xff, 0xff, 0xff,
    0xff, 0xff, 0xe0, 0x6f, 0xfb, 0xef, 0xff, 0xfe,
    0xbf, 0xf6, 0xaf, 0xc0, 0x2e, 0xff, 0xe2, 0xc,
    0xfa, 0xcf, 0xf3, 0x2, 0xee, 0x20, 0x3f, 0xfc,
    0xbf, 0xff, 0x30, 0x22, 0x3, 0xff, 0xfb, 0x8f,
    0xff, 0xf3, 0x0, 0x3f, 0xff, 0xf8, 0x3f, 0xff,
    0xff, 0x33, 0xff, 0xff, 0xf3, 0xa, 0xff, 0xff,
    0xff, 0xff, 0xff, 0xa0, 0x0, 0xcf, 0xff, 0xff,
    0xff, 0xfc, 0x0, 0x0, 0x8, 0xff, 0xff, 0xff,
    0x80, 0x0, 0x0, 0x0, 0x15, 0x77, 0x51, 0x0,
    0x0,

    /* U+F13B "" */
    0x33, 0x33, 0x33, 0x33, 0x33, 0x1f, 0xff, 0xff,
    0xff, 0xff, 0xf6, 0xdf, 0xff, 0xff, 0xff, 0xff,
    0x5c, 0xf0, 0x0, 0x0, 0x8, 0xf4, 0xaf, 0x18,
    0xff, 0xff, 0xff, 0x29, 0xf2, 0x36, 0x66, 0x6d,
    0xf1, 0x8f, 0x40, 0x0, 0x0, 0xcf, 0x6, 0xfc,
    0xcf, 0xfc, 0xd, 0xe0, 0x5f, 0x72, 0xef, 0x90,
    0xfd, 0x3, 0xf9, 0x0, 0x0, 0x3f, 0xb0, 0x2f,
    0xff, 0xb9, 0xef, 0xfa, 0x0, 0xdf, 0xff, 0xff,
    0xff, 0x60, 0x0, 0x28, 0xdf, 0xa5, 0x0, 0x0,
    0x0, 0x0, 0x0, 0x0, 0x0,

    /* U+F13C "" */
    0x0, 0x44, 0x44, 0x44, 0x44, 0x44, 0x40, 0x2,
    0xff, 0xff, 0xff, 0xff, 0xff, 0xf0, 0x5, 0xff,
    0xff, 0xff, 0xff, 0xff, 0xc0, 0x0, 0x0, 0x0,
    0x0, 0x0, 0x7f, 0xa0, 0xb, 0xee, 0xee, 0xee,
    0xee, 0xff, 0x70, 0xf, 0xff, 0xff, 0xff, 0xff,
    0xff, 0x40, 0x5, 0x55, 0x55, 0x55, 0x56, 0xff,
    0x10, 0x2, 0x10, 0x0, 0x0, 0x4, 0xfe, 0x0,
    0x9f, 0xa0, 0x0, 0x0, 0x7, 0xfb, 0x0, 0xcf,
    0xfa, 0x40, 0x16, 0xbf, 0xf8, 0x0, 0xaf, 0xff,
    0xfe, 0xff, 0xff, 0xd3, 0x0, 0x1, 0x8e, 0xff,
    0xfe, 0x83, 0x0, 0x0, 0x0, 0x0, 0x58, 0x30,
    0x0, 0x0, 0x0,

    /* U+F13D "" */
    0x0, 0x0, 0x0, 0x0, 0x10, 0x0, 0x0, 0x0,
    0x0, 0x0, 0x0, 0x0, 0xbf, 0xf8, 0x0, 0x0,
    0x0, 0x0, 0x0, 0x0, 0x8f, 0xce, 0xf4, 0x0,
    0x0, 0x0, 0x0, 0x0, 0xb, 0xf1, 0x5f, 0x70,
    0x0, 0x0, 0x0, 0x0, 0x0, 0x7f, 0xde, 0xf3,
    0x0, 0x0, 0x0, 0x0, 0x0, 0x0, 0x9f, 0xf6,
    0x0, 0x0, 0x0, 0x0, 0x0, 0x0, 0xbf, 0xff,
    0xf7, 0x0, 0x0, 0x0, 0x0, 0x0, 0x8, 0xcf,
    0xfc, 0x50, 0x0, 0x0, 0x0, 0x8d, 0x10, 0x0,
    0xfc, 0x0, 0x3, 0xe5, 0x0, 0x8f, 0xfd, 0x10,
    0xf, 0xc0, 0x3, 0xff, 0xf5, 0x5, 0xcf, 0x81,
    0x0, 0xfc, 0x0, 0x2a, 0xfa, 0x30, 0x5, 0xfc,
    0x10, 0xf, 0xc0, 0x3, 0xef, 0x10, 0x0, 0xa,
    0xfe, 0x72, 0xfc, 0x39, 0xff, 0x60, 0x0, 0x0,
    0x7, 0xff, 0xff, 0xff, 0xfd, 0x40, 0x0, 0x0,
    0x0, 0x1, 0x69, 0xbb, 0x95, 0x0, 0x0, 0x0,

    /* U+F13E "" */
    0x0, 0x0, 0x3, 0x30, 0x0, 0x0, 0x0, 0x0,
    0x4e, 0xff, 0xe6, 0x0, 0x0, 0x0, 0x3f, 0xff,
    0xff, 0xf5, 0x0, 0x0, 0xc, 0xfc, 0x10, 0xaf,
    0xd0, 0x0, 0x0, 0xff, 0x40, 0x2, 0xff, 0x10,
    0x0, 0xf, 0xf2, 0x0, 0xe, 0xf1, 0x0, 0x0,
    0xff, 0x20, 0x0, 0x0, 0x0, 0x0, 0x2f, 0xf4,
    0x22, 0x22, 0x22, 0x0, 0xcf, 0xff, 0xff, 0xff,
    0xff, 0xfd, 0xf, 0xff, 0xff, 0xcc, 0xff, 0xff,
    0xf1, 0xff, 0xff, 0xf1, 0xf, 0xff, 0xff, 0x1f,
    0xff, 0xff, 0x0, 0xef, 0xff, 0xf1, 0xff, 0xff,
    0xf4, 0x2f, 0xff, 0xff, 0x1f, 0xff, 0xff, 0xff,
    0xff, 0xff, 0xf1, 0x6b, 0xcc, 0xcc, 0xcc, 0xcc,
    0xb7, 0x0,

    /* U+F140 "" */
    0x0, 0x0, 0x0, 0x0, 0x0, 0x0, 0x0, 0x0,
    0x2, 0x9e, 0xff, 0xc7, 0x0, 0x0, 0x0, 0x7f,
    0xfe, 0xcc, 0xff, 0xd2, 0x0, 0x7, 0xfe, 0x40,
    0x0, 0x18, 0xfe, 0x10, 0x2f, 0xe1, 0x7, 0xba,
    0x40, 0x6f, 0xb0, 0x9f, 0x40, 0xdf, 0xff, 0xf6,
    0xb, 0xf2, 0xde, 0x7, 0xf9, 0x13, 0xef, 0x5,
    0xf6, 0xfc, 0xb, 0xf1, 0x0, 0x9f, 0x33, 0xf8,
    0xfd, 0x9, 0xf4, 0x0, 0xcf, 0x14, 0xf7, 0xcf,
    0x13, 0xff, 0xad, 0xfb, 0x7, 0xf5, 0x7f, 0x80,
    0x4d, 0xff, 0x90, 0x1e, 0xf0, 0xd, 0xf6, 0x0,
    0x10, 0x1, 0xcf, 0x70, 0x2, 0xef, 0xb5, 0x23,
    0x7e, 0xfa, 0x0, 0x0, 0x2b, 0xff, 0xff, 0xff,
    0x70, 0x0, 0x0, 0x0, 0x37, 0x98, 0x61, 0x0,
    0x0,

    /* U+F141 "" */
    0x0, 0x10, 0x0, 0x0, 0x0, 0x1, 0x0, 0x3e,
    0xf8, 0x6, 0xff, 0x60, 0x8f, 0xe3, 0xbf, 0xff,
    0x1e, 0xff, 0xe1, 0xff, 0xfb, 0x9f, 0xff, 0xc,
    0xff, 0xc0, 0xff, 0xf9, 0x19, 0xb4, 0x2, 0xbb,
    0x20, 0x4b, 0x91,

    /* U+F142 "" */
    0x7, 0xeb, 0x12, 0xff, 0xf9, 0x2f, 0xff, 0x90,
    0x7e, 0xc1, 0x0, 0x10, 0x0, 0x9f, 0xe2, 0x2f,
    0xff, 0xa1, 0xff, 0xf8, 0x4, 0xb9, 0x0, 0x2,
    0x0, 0xa, 0xfe, 0x32, 0xff, 0xfa, 0x1f, 0xff,
    0x80, 0x4b, 0x80,

    /* U+F143 "" */
    0x2, 0x22, 0x22, 0x22, 0x22, 0x20, 0xc, 0xff,
    0xff, 0xff, 0xff, 0xff, 0xd0, 0xfe, 0xac, 0xff,
    0xff, 0xff, 0xff, 0x1f, 0xc0, 0x1, 0x7f, 0xff,
    0xff, 0xf1, 0xff, 0xfd, 0x81, 0x1d, 0xff, 0xff,
    0x1f, 0xd4, 0x7d, 0xe3, 0xd, 0xff, 0xf1, 0xfd,
    0x10, 0x9, 0xf3, 0x2f, 0xff, 0x1f, 0xff, 0xd3,
    0x9, 0xe0, 0x8f, 0xf1, 0xff, 0xbb, 0xf3, 0xe,
    0x62, 0xff, 0x1f, 0xd0, 0xb, 0xc0, 0x9b, 0xd,
    0xf1, 0xfe, 0x0, 0xdf, 0x15, 0xe0, 0xbf, 0x1f,
    0xfe, 0xef, 0xfd, 0xef, 0xcf, 0xf1, 0x9f, 0xff,
    0xff, 0xff, 0xff, 0xfa, 0x0,

    /* U+F144 "" */
    0x0, 0x0, 0x0, 0x0, 0x0, 0x0, 0x0, 0x0,
    0x2, 0x9e, 0xff, 0xc7, 0x0, 0x0, 0x0, 0x6f,
    0xff, 0xff, 0xff, 0xd2, 0x0, 0x6, 0xff, 0xff,
    0xff, 0xff, 0xfe, 0x10, 0x1f, 0xff, 0x88, 0xff,
    0xff, 0xff, 0xa0, 0x8f, 0xff, 0x30, 0x2c, 0xff,
    0xff, 0xf2, 0xcf, 0xff, 0x30, 0x0, 0x6e, 0xff,
    0xf6, 0xef, 0xff, 0x30, 0x0, 0x1, 0xef, 0xf7,
    0xdf, 0xff, 0x30, 0x0, 0x5, 0xff, 0xf7, 0xaf,
    0xff, 0x30, 0x3, 0xcf, 0xff, 0xf4, 0x5f, 0xff,
    0x41, 0x9f, 0xff, 0xff, 0xe0, 0xc, 0xff, 0xee,
    0xff, 0xff, 0xff, 0x50, 0x1, 0xdf, 0xff, 0xff,
    0xff, 0xf8, 0x0, 0x0, 0x1a, 0xff, 0xff, 0xfe,
    0x60, 0x0, 0x0, 0x0, 0x16, 0x87, 0x40, 0x0,
    0x0,

    /* U+F146 "" */
    0x2, 0x22, 0x22, 0x22, 0x22, 0x20, 0xc, 0xff,
    0xff, 0xff, 0xff, 0xff, 0xe1, 0xff, 0xff, 0xff,
    0xff, 0xff, 0xff, 0x3f, 0xff, 0xff, 0xff, 0xff,
    0xff, 0xf4, 0xff, 0xff, 0xff, 0xff, 0xff, 0xff,
    0x4f, 0xfe, 0xee, 0xee, 0xee, 0xef, 0xf4, 0xff,
    0x30, 0x0, 0x0, 0x0, 0xff, 0x4f, 0xf4, 0x11,
    0x11, 0x11, 0x1f, 0xf4, 0xff, 0xff, 0xff, 0xff,
    0xff, 0xff, 0x4f, 0xff, 0xff, 0xff, 0xff, 0xff,
    0xf4, 0xff, 0xff, 0xff, 0xff, 0xff, 0xff, 0x4f,
    0xff, 0xff, 0xff, 0xff, 0xff, 0xf3, 0x9f, 0xff,
    0xff, 0xff, 0xff, 0xfc, 0x0,

    /* U+F14A "" */
    0x14, 0x44, 0x44, 0x44, 0x44, 0x42, 0xd, 0xff,
    0xff, 0xff, 0xff, 0xff, 0xf1, 0xff, 0xff, 0xff,
    0xff, 0xff, 0xff, 0x3f, 0xff, 0xff, 0xff, 0xff,
    0xff, 0xf4, 0xff, 0xff, 0xff, 0xff, 0xa0, 0xcf,
    0x4f, 0xff, 0xff, 0xff, 0xa0, 0x1d, 0xf4, 0xff,
    0x49, 0xff, 0xa0, 0x1d, 0xff, 0x4f, 0xe1, 0x9,
    0xa0, 0x1d, 0xff, 0xf4, 0xff, 0xd1, 0x0, 0x1d,
    0xff, 0xff, 0x4f, 0xff, 0xd1, 0x1d, 0xff, 0xff,
    0xf4, 0xff, 0xff, 0xdd, 0xff, 0xff, 0xff, 0x4f,
    0xff, 0xff, 0xff, 0xff, 0xff, 0xf3, 0x9f, 0xff,
    0xff, 0xff, 0xff, 0xfc, 0x0,

    /* U+F14B "" */
    0x5, 0x99, 0x99, 0x99, 0x99, 0x99, 0x40, 0x1f,
    0xff, 0xff, 0xff, 0xff, 0xff, 0xf0, 0x2f, 0xff,
    0xff, 0xff, 0xff, 0xff, 0xf1, 0x2f, 0xff, 0xff,
    0xff, 0x55, 0xff, 0xf1, 0x2f, 0xff, 0xff, 0xfb,
    0x40, 0xaf, 0xf1, 0x2f, 0xff, 0xff, 0x90, 0x58,
    0xff, 0xf1, 0x2f, 0xff, 0xf9, 0x0, 0x1e, 0xff,
    0xf1, 0x2f, 0xff, 0x90, 0x1, 0xcf, 0xff, 0xf1,
    0x2f, 0xfd, 0x0, 0x1c, 0xff, 0xff, 0xf1, 0x2f,
    0xfa, 0x1, 0xcf, 0xff, 0xff, 0xf1, 0x2f, 0xfe,
    0xce, 0xff, 0xff, 0xff, 0xf1, 0x2f, 0xff, 0xff,
    0xff, 0xff, 0xff, 0xf0, 0x7, 0xaa, 0xaa, 0xaa,
    0xaa, 0xaa, 0x60,

    /* U+F14D "" */
    0x0, 0x0, 0x0, 0x0, 0x0, 0x11, 0x0, 0x0,
    0x0, 0x0, 0x0, 0x0, 0x0, 0xae, 0x20, 0x0,
    0x37, 0x88, 0x60, 0x0, 0x0, 0xaf, 0xe3, 0x0,
    0xef, 0xfe, 0x50, 0x26, 0x89, 0xef, 0xff, 0x40,
    0xfd, 0x41, 0x2c, 0xff, 0xff, 0xff, 0xff, 0xf5,
    0xfc, 0x1, 0xef, 0xff, 0xff, 0xff, 0xff, 0xf8,
    0xfc, 0x8, 0xff, 0xff, 0xfe, 0xff, 0xff, 0x80,
    0xfc, 0xb, 0xff, 0xb4, 0x0, 0xaf, 0xf7, 0x0,
    0xfc, 0xb, 0xfd, 0x0, 0x0, 0xaf, 0x50, 0x0,
    0xfc, 0x8, 0xfa, 0x0, 0x0, 0x33, 0x0, 0x0,
    0xfc, 0x1, 0xfb, 0x0, 0x0, 0x13, 0x0, 0x0,
    0xfc, 0x0, 0x4d, 0x0, 0x0, 0xaf, 0x10, 0x0,
    0xfc, 0x0, 0x0, 0x0, 0x0, 0xaf, 0x10, 0x0,
    0xff, 0xff, 0xff, 0xff, 0xff, 0xff, 0x0, 0x0,
    0x6b, 0xcc, 0xcc, 0xcc, 0xcc, 0xb7, 0x0, 0x0,

    /* U+F14E "" */
    0x0, 0x0, 0x0, 0x0, 0x0, 0x0, 0x0, 0x0,
    0x2, 0xae, 0xff, 0xc7, 0x0, 0x0, 0x0, 0x7f,
    0xff, 0xff, 0xff, 0xd2, 0x0, 0x7, 0xff, 0xff,
    0xff, 0xff, 0xfe, 0x10, 0x2f, 0xff, 0xff, 0xff,
    0xc5, 0xdf, 0xb0, 0x9f, 0xff, 0xff, 0xb3, 0x0,
    0xef, 0xf2, 0xdf, 0xff, 0xf4, 0x0, 0x7, 0xff,
    0xf6, 0xff, 0xff, 0xb0, 0xe8, 0xe, 0xff, 0xf8,
    0xef, 0xff, 0x30, 0x73, 0x5f, 0xff, 0xf7, 0xcf,
    0xfc, 0x0, 0x6, 0xef, 0xff, 0xf5, 0x6f, 0xf6,
    0x17, 0xef, 0xff, 0xff, 0xe0, 0xd, 0xfe, 0xff,
    0xff, 0xff, 0xff, 0x60, 0x2, 0xef, 0xff, 0xff,
    0xff, 0xf9, 0x0, 0x0, 0x1a, 0xff, 0xff, 0xfe,
    0x60, 0x0, 0x0, 0x0, 0x26, 0x87, 0x40, 0x0,
    0x0,

    /* U+F150 "" */
    0x38, 0x88, 0x88, 0x88, 0x88, 0x85, 0xe, 0xff,
    0xff, 0xff, 0xff, 0xff, 0xf2, 0xff, 0xff, 0xff,
    0xff, 0xff, 0xff, 0x4f, 0xff, 0xff, 0xff, 0xff,
    0xff, 0xf4, 0xff, 0xff, 0xff, 0xff, 0xff, 0xff,
    0x4f, 0xfa, 0x0, 0x0, 0x0, 0x6f, 0xf4, 0xff,
    0xf6, 0x0, 0x0, 0x3f, 0xff, 0x4f, 0xff, 0xf6,
    0x0, 0x3f, 0xff, 0xf4, 0xff, 0xff, 0xf6, 0x3f,
    0xff, 0xff, 0x4f, 0xff, 0xff, 0xff, 0xff, 0xff,
    0xf4, 0xff, 0xff, 0xff, 0xff, 0xff, 0xff, 0x4f,
    0xff, 0xff, 0xff, 0xff, 0xff, 0xf3, 0x5b, 0xbb,
    0xbb, 0xbb, 0xbb, 0xb8, 0x0,

    /* U+F151 "" */
    0x14, 0x44, 0x44, 0x44, 0x44, 0x42, 0xd, 0xff,
    0xff, 0xff, 0xff, 0xff, 0xf1, 0xff, 0xff, 0xff,
    0xff, 0xff, 0xff, 0x3f, 0xff, 0xff, 0xff, 0xff,
    0xff, 0xf4, 0xff, 0xff, 0xfc, 0x9f, 0xff, 0xff,
    0x4f, 0xff, 0xfc, 0x0, 0x9f, 0xff, 0xf4, 0xff,
    0xfc, 0x0, 0x0, 0x9f, 0xff, 0x4f, 0xfc, 0x0,
    0x0, 0x0, 0x9f, 0xf4, 0xff, 0xda, 0xaa, 0xaa,
    0xac, 0xff, 0x4f, 0xff, 0xff, 0xff, 0xff, 0xff,
    0xf4, 0xff, 0xff, 0xff, 0xff, 0xff, 0xff, 0x4f,
    0xff, 0xff, 0xff, 0xff, 0xff, 0xf3, 0x9f, 0xff,
    0xff, 0xff, 0xff, 0xfc, 0x0,

    /* U+F152 "" */
    0x14, 0x44, 0x44, 0x44, 0x44, 0x42, 0xd, 0xff,
    0xff, 0xff, 0xff, 0xff, 0xf1, 0xff, 0xff, 0xff,
    0xff, 0xff, 0xff, 0x3f, 0xff, 0xfa, 0x8f, 0xff,
    0xff, 0xf4, 0xff, 0xff, 0x90, 0x8f, 0xff, 0xff,
    0x4f, 0xff, 0xf9, 0x0, 0x8f, 0xff, 0xf4, 0xff,
    0xff, 0x90, 0x0, 0x9f, 0xff, 0x4f, 0xff, 0xf9,
    0x0, 0x1e, 0xff, 0xf4, 0xff, 0xff, 0x90, 0x1e,
    0xff, 0xff, 0x4f, 0xff, 0xf9, 0x1e, 0xff, 0xff,
    0xf4, 0xff, 0xff, 0xde, 0xff, 0xff, 0xff, 0x4f,
    0xff, 0xff, 0xff, 0xff, 0xff, 0xf3, 0x9f, 0xff,
    0xff, 0xff, 0xff, 0xfc, 0x0,

    /* U+F153 "" */
    0x0, 0x0, 0x0, 0x21, 0x0, 0x0, 0x3b, 0xff,
    0xf7, 0x0, 0x5f, 0xfe, 0xcc, 0x30, 0x3f, 0xf8,
    0x0, 0x0, 0x6c, 0xfd, 0x77, 0x74, 0xf, 0xff,
    0xff, 0xff, 0x80, 0x1f, 0xf2, 0x0, 0x0, 0xd,
    0xff, 0xed, 0xdd, 0x10, 0x8e, 0xfd, 0x99, 0x80,
    0x0, 0x7f, 0xf2, 0x0, 0x0, 0x0, 0xdf, 0xe5,
    0x12, 0x10, 0x2, 0xdf, 0xff, 0xf9, 0x0, 0x0,
    0x6b, 0xdc, 0x70,

    /* U+F154 "" */
    0x0, 0x0, 0x11, 0x0, 0x0, 0x4, 0xdf, 0xfe,
    0x60, 0x4, 0xff, 0xed, 0xfb, 0x0, 0xaf, 0xb0,
    0x3, 0x10, 0xb, 0xf7, 0x0, 0x0, 0x1, 0xcf,
    0x82, 0x10, 0x0, 0xdf, 0xff, 0xff, 0x10, 0x7,
    0xef, 0xca, 0x90, 0x0, 0xb, 0xf7, 0x0, 0x0,
    0x0, 0xbf, 0x70, 0x1, 0x85, 0xb, 0xf7, 0x0,
    0x3f, 0xbc, 0xff, 0xed, 0xdd, 0xfb, 0xef, 0xff,
    0xff, 0xff, 0xa0,

    /* U+F155 "" */
    0x0, 0x0, 0x0, 0x0, 0x0, 0x0, 0x0, 0xec,
    0x0, 0x0, 0x0, 0x2, 0xfd, 0x20, 0x0, 0x1,
    0xcf, 0xff, 0xfd, 0x20, 0xb, 0xff, 0xee, 0xfd,
    0x10, 0xf, 0xf5, 0x0, 0x11, 0x0, 0xd, 0xfc,
    0x51, 0x0, 0x0, 0x4, 0xff, 0xff, 0xc4, 0x0,
    0x0, 0x28, 0xdf, 0xff, 0x50, 0x0, 0x0, 0x1,
    0x9f, 0xc0, 0x0, 0x45, 0x33, 0x9f, 0xd0, 0x4,
    0xff, 0xff, 0xff, 0x70, 0x1, 0x9e, 0xff, 0xe7,
    0x0, 0x0, 0x0, 0xfd, 0x0, 0x0, 0x0, 0x0,
    0xa8, 0x0, 0x0,

    /* U+F156 "" */
    0x56, 0x66, 0x66, 0x66, 0x4f, 0xff, 0xff, 0xff,
    0xfc, 0x78, 0x8b, 0xff, 0xb6, 0x4b, 0xcc, 0xcf,
    0xff, 0xc8, 0xff, 0xff, 0xff, 0xff, 0xb0, 0x0,
    0x7, 0xfd, 0x0, 0x22, 0x26, 0xff, 0x80, 0xf,
    0xff, 0xff, 0xc0, 0x0, 0xef, 0xfc, 0x60, 0x0,
    0x2, 0xef, 0xe3, 0x0, 0x0, 0x1, 0xdf, 0xf4,
    0x0, 0x0, 0x1, 0xcf, 0xf6, 0x0, 0x0, 0x0,
    0xae, 0xd3, 0x0,

    /* U+F157 "" */
    0x28, 0x80, 0x0, 0x4, 0x87, 0x1f, 0xf6, 0x0,
    0xe, 0xf9, 0x8, 0xfd, 0x0, 0x6f, 0xf1, 0x1,
    0xff, 0x50, 0xdf, 0x80, 0x0, 0x7f, 0xc4, 0xff,
    0x10, 0x1f, 0xff, 0xfc, 0xff, 0xf9, 0x9, 0x9b,
    0xff, 0xe9, 0x95, 0x0, 0x0, 0xef, 0x70, 0x0,
    0x7, 0x88, 0xef, 0xa8, 0x84, 0x1f, 0xff, 0xff,
    0xff, 0xf9, 0x0, 0x0, 0xdf, 0x50, 0x0, 0x0,
    0x0, 0xdf, 0x50, 0x0, 0x0, 0x0, 0xbe, 0x40,
    0x0,

    /* U+F158 "" */
    0x0, 0x22, 0x22, 0x20, 0x0, 0x0, 0x3f, 0xff,
    0xff, 0xfb, 0x10, 0x4, 0xff, 0xbb, 0xcf, 0xfd,
    0x0, 0x4f, 0xf0, 0x0, 0x3f, 0xf5, 0x4, 0xff,
    0x0, 0x0, 0xdf, 0x70, 0x4f, 0xf0, 0x0, 0xf,
    0xf6, 0x58, 0xff, 0x55, 0x6c, 0xff, 0x1f, 0xff,
    0xff, 0xff, 0xfe, 0x40, 0x69, 0xff, 0x77, 0x75,
    0x0, 0xa, 0xcf, 0xfb, 0xbb, 0xb8, 0x0, 0xff,
    0xff, 0xff, 0xff, 0xb0, 0x0, 0x4f, 0xf0, 0x0,
    0x0, 0x0, 0x3, 0xff, 0x0, 0x0, 0x0, 0x0,
    0x1, 0x10, 0x0, 0x0, 0x0,

    /* U+F159 "" */
    0x4, 0x40, 0x0, 0x5, 0x30, 0x0, 0x5, 0x20,
    0xb, 0xf1, 0x0, 0x3f, 0xe0, 0x0, 0x6f, 0x80,
    0x8, 0xf4, 0x0, 0x6f, 0xf2, 0x0, 0x8f, 0x40,
    0xad, 0xfd, 0xbb, 0xdf, 0xfc, 0xbb, 0xef, 0xb8,
    0xff, 0xff, 0xff, 0xff, 0xff, 0xff, 0xff, 0xfb,
    0x11, 0xdd, 0x13, 0xfa, 0xed, 0x13, 0xfa, 0x10,
    0xff, 0xff, 0xff, 0xff, 0xff, 0xff, 0xff, 0xfb,
    0xab, 0xcf, 0xce, 0xfb, 0xdf, 0xde, 0xfb, 0xb8,
    0x0, 0x3f, 0x7d, 0xe0, 0x3f, 0x8c, 0xe0, 0x0,
    0x0, 0xf, 0xbf, 0xa0, 0xf, 0xbf, 0xa0, 0x0,
    0x0, 0xb, 0xff, 0x70, 0xc, 0xff, 0x70, 0x0,
    0x0, 0x8, 0xff, 0x30, 0x8, 0xff, 0x30, 0x0,
    0x0, 0x4, 0xfe, 0x0, 0x3, 0xfe, 0x0, 0x0,

    /* U+F15A "" */
    0x0, 0x2, 0x2, 0x10, 0x0, 0x0, 0x3, 0xf1,
    0xe6, 0x0, 0x0, 0x0, 0x3f, 0x2e, 0x60, 0x0,
    0xe, 0xff, 0xff, 0xff, 0xd7, 0x0, 0x5a, 0xff,
    0x98, 0xcf, 0xf5, 0x0, 0x2f, 0xf2, 0x0, 0xef,
    0x90, 0x2, 0xff, 0x20, 0x4f, 0xf6, 0x0, 0x2f,
    0xfe, 0xff, 0xfd, 0x10, 0x2, 0xff, 0x76, 0x9f,
    0xfe, 0x10, 0x2f, 0xf2, 0x0, 0x6f, 0xf5, 0x2,
    0xff, 0x20, 0x7, 0xff, 0x55, 0xaf, 0xf8, 0x8b,
    0xff, 0xe0, 0xcf, 0xff, 0xff, 0xff, 0xa2, 0x1,
    0x14, 0xf3, 0xe7, 0x0, 0x0, 0x0, 0x3f, 0x1e,
    0x60, 0x0, 0x0,

    /* U+F15B "" */
    0x35, 0x55, 0x55, 0x2, 0x0, 0xf, 0xff, 0xff,
    0xf2, 0xf4, 0x0, 0xff, 0xff, 0xff, 0x2f, 0xf4,
    0xf, 0xff, 0xff, 0xf2, 0xff, 0xf3, 0xff, 0xff,
    0xff, 0x32, 0x22, 0x1f, 0xff, 0xff, 0xff, 0xff,
    0xf7, 0xff, 0xff, 0xff, 0xff, 0xff, 0x8f, 0xff,
    0xff, 0xff, 0xff, 0xf8, 0xff, 0xff, 0xff, 0xff,
    0xff, 0x8f, 0xff, 0xff, 0xff, 0xff, 0xf8, 0xff,
    0xff, 0xff, 0xff, 0xff, 0x8f, 0xff, 0xff, 0xff,
    0xff, 0xf8, 0xff, 0xff, 0xff, 0xff, 0xff, 0x8f,
    0xff, 0xff, 0xff, 0xff, 0xf8, 0x8a, 0xaa, 0xaa,
    0xaa, 0xaa, 0x30,

    /* U+F15C "" */
    0x12, 0x22, 0x22, 0x1, 0x0, 0xf, 0xff, 0xff,
    0xf2, 0xe2, 0x0, 0xff, 0xff, 0xff, 0x2f, 0xe2,
    0xf, 0xff, 0xff, 0xf2, 0xff, 0xe2, 0xff, 0xff,
    0xff, 0x25, 0x55, 0x2f, 0xff, 0xff, 0xfe, 0xcc,
    0xc6, 0xff, 0xff, 0xff, 0xff, 0xff, 0x8f, 0xfc,
    0x44, 0x44, 0x6f, 0xf8, 0xff, 0xd8, 0x88, 0x89,
    0xff, 0x8f, 0xfe, 0xbb, 0xbb, 0xcf, 0xf8, 0xff,
    0xb2, 0x22, 0x24, 0xff, 0x8f, 0xfd, 0x88, 0x88,
    0xaf, 0xf8, 0xff, 0xff, 0xff, 0xff, 0xff, 0x8f,
    0xff, 0xff, 0xff, 0xff, 0xf8, 0xdf, 0xff, 0xff,
    0xff, 0xff, 0x50,

    /* U+F15D "" */
    0x0, 0x53, 0x0, 0x0, 0x5, 0x40, 0x0, 0x1f,
    0xa0, 0x0, 0x6, 0xff, 0x0, 0x1, 0xfa, 0x0,
    0x0, 0xcd, 0xf5, 0x0, 0x1f, 0xa0, 0x0, 0x2f,
    0xae, 0xb0, 0x1, 0xfa, 0x0, 0x8, 0xff, 0xff,
    0x10, 0x1f, 0xa0, 0x0, 0xaa, 0x34, 0xd4, 0x1,
    0xfa, 0x0, 0x0, 0x0, 0x0, 0x0, 0x1f, 0xa0,
    0x0, 0x15, 0x66, 0x50, 0x1, 0xfa, 0x0, 0x6,
    0xff, 0xff, 0x7, 0xaf, 0xe9, 0x30, 0x15, 0xcf,
    0x60, 0x5f, 0xff, 0xd1, 0x0, 0x6f, 0x80, 0x0,
    0x8f, 0xf2, 0x0, 0x3f, 0xfe, 0xc0, 0x0, 0x94,
    0x0, 0x4, 0xde, 0xec, 0x0,

    /* U+F15E "" */
    0x0, 0x20, 0x0, 0x0, 0x5, 0x40, 0x0, 0x2f,
    0xb0, 0x0, 0x6, 0xff, 0x0, 0x1d, 0xff, 0x80,
    0x0, 0xcd, 0xf5, 0xa, 0xff, 0xff, 0x40, 0x2f,
    0xae, 0xb0, 0x13, 0xfb, 0x10, 0x8, 0xff, 0xff,
    0x10, 0x1f, 0xa0, 0x0, 0xaa, 0x34, 0xd4, 0x1,
    0xfa, 0x0, 0x0, 0x0, 0x0, 0x0, 0x1f, 0xa0,
    0x0, 0x15, 0x66, 0x50, 0x1, 0xfa, 0x0, 0x6,
    0xff, 0xff, 0x0, 0x1f, 0xa0, 0x0, 0x15, 0xcf,
    0x60, 0x1, 0xfa, 0x0, 0x0, 0x6f, 0x80, 0x0,
    0x1f, 0xa0, 0x0, 0x3f, 0xfe, 0xc0, 0x0, 0xd8,
    0x0, 0x4, 0xde, 0xec, 0x0,

    /* U+F160 "" */
    0x0, 0x95, 0x0, 0x69, 0x99, 0x99, 0x99, 0x0,
    0x1f, 0xa0, 0xc, 0xff, 0xff, 0xff, 0xf1, 0x1,
    0xfa, 0x0, 0x12, 0x22, 0x22, 0x22, 0x0, 0x1f,
    0xa0, 0x0, 0x0, 0x0, 0x0, 0x0, 0x1, 0xfa,
    0x0, 0x8c, 0xcc, 0xcc, 0x30, 0x0, 0x1f, 0xa0,
    0xa, 0xff, 0xff, 0xf4, 0x0, 0x1, 0xfa, 0x0,
    0x0, 0x0, 0x0, 0x0, 0x0, 0x1f, 0xa0, 0x6,
    0x99, 0x94, 0x0, 0x0, 0x1, 0xfa, 0x0, 0xcf,
    0xff, 0x90, 0x0, 0x9, 0xdf, 0xfd, 0x41, 0x22,
    0x20, 0x0, 0x0, 0x4f, 0xff, 0xd0, 0x0, 0x0,
    0x0, 0x0, 0x0, 0x7f, 0xf2, 0x8, 0xca, 0x0,
    0x0, 0x0, 0x0, 0xa5, 0x0, 0xaf, 0xc0, 0x0,
    0x0, 0x0,

    /* U+F161 "" */
    0x0, 0x51, 0x0, 0x69, 0x99, 0x99, 0x99, 0x0,
    0x3f, 0xc0, 0xc, 0xff, 0xff, 0xff, 0xf1, 0x1e,
    0xff, 0x90, 0x12, 0x22, 0x22, 0x22, 0xa, 0xff,
    0xff, 0x40, 0x0, 0x0, 0x0, 0x0, 0x24, 0xfb,
    0x30, 0x8c, 0xcc, 0xcc, 0x30, 0x0, 0x1f, 0xa0,
    0xa, 0xff, 0xff, 0xf4, 0x0, 0x1, 0xfa, 0x0,
    0x0, 0x0, 0x0, 0x0, 0x0, 0x1f, 0xa0, 0x6,
    0x99, 0x94, 0x0, 0x0, 0x1, 0xfa, 0x0, 0xcf,
    0xff, 0x90, 0x0, 0x0, 0x1f, 0xa0, 0x1, 0x22,
    0x20, 0x0, 0x0, 0x1, 0xfa, 0x0, 0x0, 0x0,
    0x0, 0x0, 0x0, 0x1f, 0xa0, 0x8, 0xca, 0x0,
    0x0, 0x0, 0x0, 0xe9, 0x0, 0xaf, 0xc0, 0x0,
    0x0, 0x0,

    /* U+F162 "" */
    0x0, 0x53, 0x0, 0x0, 0x26, 0x30, 0x1, 0xfa,
    0x0, 0x0, 0xcf, 0xa0, 0x1, 0xfa, 0x0, 0x0,
    0x5f, 0xa0, 0x1, 0xfa, 0x0, 0x0, 0x1f, 0xa0,
    0x1, 0xfa, 0x0, 0x0, 0xcf, 0xf6, 0x1, 0xfa,
    0x0, 0x0, 0xce, 0xe6, 0x1, 0xfa, 0x0, 0x0,
    0x2, 0x10, 0x1, 0xfa, 0x0, 0x0, 0xcf, 0xf6,
    0x1, 0xfa, 0x0, 0x4, 0xfa, 0xee, 0x7a, 0xfe,
    0x93, 0x4, 0xfb, 0xef, 0x5f, 0xff, 0xd1, 0x0,
    0xaf, 0xfd, 0x8, 0xff, 0x20, 0x0, 0x1d, 0xf5,
    0x0, 0x94, 0x0, 0x0, 0xc, 0x50,

    /* U+F163 "" */
    0x0, 0x20, 0x0, 0x0, 0x26, 0x30, 0x2, 0xfb,
    0x0, 0x0, 0xcf, 0xa0, 0x1d, 0xff, 0x80, 0x0,
    0x5f, 0xa0, 0xaf, 0xff, 0xf4, 0x0, 0x1f, 0xa0,
    0x13, 0xfb, 0x10, 0x0, 0xcf, 0xf6, 0x1, 0xfa,
    0x0, 0x0, 0xce, 0xe6, 0x1, 0xfa, 0x0, 0x0,
    0x2, 0x10, 0x1, 0xfa, 0x0, 0x0, 0xbf, 0xf6,
    0x1, 0xfa, 0x0, 0x4, 0xfa, 0xee, 0x1, 0xfa,
    0x0, 0x4, 0xfb, 0xef, 0x1, 0xfa, 0x0, 0x0,
    0xaf, 0xfd, 0x1, 0xfa, 0x0, 0x0, 0x1d, 0xf5,
    0x0, 0xd8, 0x0, 0x0, 0xc, 0x50,

    /* U+F164 "" */
    0x0, 0x0, 0x0, 0x0, 0x20, 0x0, 0x0, 0x0,
    0x0, 0x0, 0x2, 0xff, 0x20, 0x0, 0x0, 0x0,
    0x0, 0x7, 0xff, 0x60, 0x0, 0x0, 0x0, 0x0,
    0xc, 0xff, 0x60, 0x0, 0x0, 0x0, 0x0, 0x8f,
    0xff, 0x10, 0x0, 0x0, 0x0, 0x4, 0xff, 0xfd,
    0x77, 0x61, 0x12, 0x10, 0x1e, 0xff, 0xff, 0xff,
    0xfc, 0xff, 0xf3, 0x9f, 0xff, 0xff, 0xff, 0xfe,
    0xff, 0xf4, 0xaf, 0xff, 0xff, 0xff, 0xf9, 0xff,
    0xf4, 0xaf, 0xff, 0xff, 0xff, 0xf9, 0xff, 0xf4,
    0xaf, 0xff, 0xff, 0xff, 0xf5, 0xff, 0xf4, 0xaf,
    0xff, 0xff, 0xff, 0xf4, 0xf8, 0xf4, 0xaf, 0xff,
    0xff, 0xff, 0xe0, 0xf6, 0xe4, 0x5d, 0xff, 0xff,
    0xff, 0xc0, 0xdf, 0xe2, 0x0, 0x39, 0xdf, 0xec,
    0x30,

    /* U+F165 "" */
    0x0, 0x0, 0x0, 0x0, 0x13, 0x31, 0x0, 0x45,
    0x50, 0x1, 0x7d, 0xff, 0xff, 0x70, 0xff, 0xf4,
    0x8f, 0xff, 0xff, 0xff, 0xc0, 0xff, 0xf4, 0xaf,
    0xff, 0xff, 0xff, 0xf1, 0xff, 0xf4, 0xaf, 0xff,
    0xff, 0xff, 0xf4, 0xff, 0xf4, 0xaf, 0xff, 0xff,
    0xff, 0xf7, 0xff, 0xf4, 0xaf, 0xff, 0xff, 0xff,
    0xf9, 0xf5, 0xe4, 0xaf, 0xff, 0xff, 0xff, 0xfc,
    0xfb, 0xf4, 0x7f, 0xff, 0xff, 0xff, 0xff, 0x68,
    0x70, 0xb, 0xff, 0xff, 0xff, 0xe6, 0x0, 0x0,
    0x1, 0xef, 0xfd, 0x0, 0x0, 0x0, 0x0, 0x0,
    0x2f, 0xff, 0x40, 0x0, 0x0, 0x0, 0x0, 0x9,
    0xff, 0x70, 0x0, 0x0, 0x0, 0x0, 0x4, 0xff,
    0x50, 0x0, 0x0, 0x0, 0x0, 0x0, 0xa8, 0x0,
    0x0,

    /* U+F167 "" */
    0x0, 0x45, 0x66, 0x77, 0x77, 0x66, 0x42, 0x0,
    0x2e, 0xff, 0xff, 0xff, 0xff, 0xff, 0xff, 0x60,
    0x8f, 0xff, 0xff, 0xff, 0xff, 0xff, 0xff, 0xe0,
    0xbf, 0xff, 0xff, 0xdf, 0xff, 0xff, 0xff, 0xf0,
    0xcf, 0xff, 0xff, 0x25, 0xef, 0xff, 0xff, 0xf1,
    0xcf, 0xff, 0xff, 0x20, 0x8, 0xff, 0xff, 0xf1,
    0xcf, 0xff, 0xff, 0x20, 0x5e, 0xff, 0xff, 0xf1,
    0xbf, 0xff, 0xff, 0x5c, 0xff, 0xff, 0xff, 0xf1,
    0xaf, 0xff, 0xff, 0xff, 0xff, 0xff, 0xff, 0xf0,
    0x6f, 0xff, 0xff, 0xff, 0xff, 0xff, 0xff, 0xb0,
    0x8, 0xde, 0xff, 0xff, 0xff, 0xfe, 0xda, 0x20,
    0x0, 0x0, 0x0, 0x0, 0x0, 0x0, 0x0, 0x0,

    /* U+F168 "" */
    0x0, 0x0, 0x0, 0x0, 0x4, 0x41, 0x0, 0x0,
    0x0, 0x0, 0x5f, 0xf3, 0x0, 0x0, 0x0, 0x0,
    0xdf, 0xa0, 0x2, 0xee, 0x40, 0x7, 0xff, 0x10,
    0x0, 0xbf, 0xd0, 0x1e, 0xf8, 0x0, 0x0, 0x3f,
    0xf4, 0x9f, 0xe0, 0x0, 0x0, 0x9f, 0xe3, 0xff,
    0x60, 0x0, 0x2, 0xff, 0x5b, 0xfc, 0x0, 0x0,
    0xb, 0xfc, 0xb, 0xfc, 0x0, 0x0, 0x4, 0x41,
    0x3, 0xff, 0x50, 0x0, 0x0, 0x0, 0x0, 0xaf,
    0xd0, 0x0, 0x0, 0x0, 0x0, 0x2f, 0xf7, 0x0,
    0x0, 0x0, 0x0, 0x8, 0xfd, 0x0,

    /* U+F169 "" */
    0x49, 0x99, 0x99, 0x99, 0x99, 0x96, 0xe, 0xff,
    0xff, 0xff, 0xff, 0xff, 0xf2, 0xff, 0xff, 0xff,
    0xff, 0x36, 0xff, 0x4f, 0xff, 0xef, 0xff, 0x70,
    0xbf, 0xf4, 0xff, 0xf1, 0x2f, 0xe0, 0x4f, 0xff,
    0x4f, 0xff, 0x90, 0x96, 0xd, 0xff, 0xf4, 0xff,
    0xf5, 0xa, 0x5, 0xff, 0xff, 0x4f, 0xfd, 0x6,
    0x50, 0xdf, 0xff, 0xf4, 0xff, 0xa6, 0xeb, 0x7,
    0xff, 0xff, 0x4f, 0xff, 0xff, 0xf3, 0xe, 0xff,
    0xf4, 0xff, 0xff, 0xff, 0xc0, 0x6f, 0xff, 0x4f,
    0xff, 0xff, 0xff, 0xdd, 0xff, 0xf3, 0x9f, 0xff,
    0xff, 0xff, 0xff, 0xfc, 0x0,

    /* U+F16B "" */
    0x0, 0x3, 0x0, 0x0, 0x0, 0x20, 0x0, 0x0,
    0x1a, 0xfc, 0x30, 0x0, 0x8f, 0xe4, 0x0, 0x6e,
    0xff, 0xff, 0x84, 0xdf, 0xff, 0xfa, 0x13, 0xdf,
    0xff, 0xe6, 0x2b, 0xff, 0xff, 0x80, 0x0, 0x8f,
    0xa1, 0x0, 0x6, 0xec, 0x30, 0x0, 0x1, 0xb3,
    0x0, 0x0, 0x9, 0x50, 0x0, 0x6, 0xff, 0xf8,
    0x0, 0x4e, 0xff, 0xa1, 0x9, 0xff, 0xff, 0xfc,
    0x6f, 0xff, 0xff, 0xe1, 0x7, 0xff, 0xfa, 0x58,
    0x6e, 0xff, 0xc2, 0x0, 0x2, 0xa5, 0xaf, 0xfe,
    0x59, 0x60, 0x0, 0x0, 0x1, 0xef, 0xff, 0xff,
    0x60, 0x0, 0x0, 0x0, 0x2, 0xcf, 0xff, 0x60,
    0x0, 0x0, 0x0, 0x0, 0x0, 0x6a, 0x10, 0x0,
    0x0, 0x0,

    /* U+F16C "" */
    0x0, 0x0, 0x0, 0x0, 0x0, 0x0, 0x0, 0x0,
    0x9, 0xa0, 0x0, 0x0, 0x0, 0x22, 0x1e, 0x70,
    0x0, 0x0, 0x5, 0xf5, 0x3f, 0x30, 0x0, 0x1,
    0x4, 0xe8, 0x6e, 0x10, 0x0, 0xec, 0x42, 0xdb,
    0x81, 0x0, 0x0, 0x7e, 0xd6, 0x90, 0x0, 0x7,
    0x85, 0x26, 0xd2, 0x0, 0x61, 0x49, 0xcf, 0xe8,
    0x16, 0xe, 0x22, 0x33, 0x37, 0x52, 0xe0, 0xe2,
    0xde, 0xee, 0xe7, 0x2e, 0xe, 0x42, 0x22, 0x22,
    0x24, 0xe0, 0xef, 0xff, 0xff, 0xff, 0xfe, 0x0,

    /* U+F16D "" */
    0x0, 0x1, 0x22, 0x22, 0x20, 0x0, 0x0, 0x7e,
    0xfe, 0xee, 0xef, 0xf9, 0x0, 0x6d, 0x30, 0x0,
    0x0, 0x2, 0xb9, 0xc, 0x50, 0x0, 0x12, 0x3,
    0xe2, 0xf0, 0xe2, 0x1, 0xbf, 0xed, 0x33, 0xf,
    0x2f, 0x10, 0xaa, 0x0, 0x7e, 0x0, 0xe3, 0xf1,
    0xf, 0x20, 0x0, 0xe3, 0xe, 0x3f, 0x10, 0xe4,
    0x0, 0xf, 0x20, 0xe3, 0xf1, 0x7, 0xe5, 0x4c,
    0xb0, 0xe, 0x3e, 0x20, 0x6, 0xcd, 0x80, 0x0,
    0xf2, 0xb7, 0x0, 0x0, 0x0, 0x0, 0x3e, 0x3,
    0xf8, 0x43, 0x33, 0x34, 0x7e, 0x60, 0x2, 0x9c,
    0xdd, 0xed, 0xda, 0x40, 0x0,

    /* U+F16E "" */
    0x15, 0x66, 0x66, 0x66, 0x66, 0x53, 0xd, 0xff,
    0xff, 0xff, 0xff, 0xff, 0xf2, 0xff, 0xff, 0xff,
    0xff, 0xff, 0xff, 0x4f, 0xff, 0xff, 0xff, 0xff,
    0xff, 0xf4, 0xff, 0xff, 0xff, 0xff, 0xff, 0xff,
    0x4f, 0xfc, 0x11, 0xcf, 0x40, 0x9f, 0xf4, 0xff,
    0x40, 0x4, 0xb0, 0x0, 0xff, 0x4f, 0xf6, 0x0,
    0x7d, 0x0, 0x2f, 0xf4, 0xff, 0xf9, 0x9f, 0xfb,
    0x8e, 0xff, 0x4f, 0xff, 0xff, 0xff, 0xff, 0xff,
    0xf4, 0xff, 0xff, 0xff, 0xff, 0xff, 0xff, 0x4f,
    0xff, 0xff, 0xff, 0xff, 0xff, 0xf3, 0x9f, 0xff,
    0xff, 0xff, 0xff, 0xfc, 0x0,

    /* U+F170 "" */
    0x0, 0x0, 0x6a, 0xcb, 0x93, 0x0, 0x0, 0x0,
    0x4e, 0xff, 0xff, 0xff, 0xa0, 0x0, 0x4, 0xff,
    0xff, 0xff, 0xff, 0xfc, 0x0, 0x1f, 0xff, 0xff,
    0x9e, 0xff, 0xff, 0x90, 0x8f, 0xff, 0xfd, 0x25,
    0xff, 0xff, 0xf1, 0xdf, 0xff, 0xf3, 0xd6, 0xaf,
    0xff, 0xf6, 0xff, 0xff, 0x88, 0xff, 0x3e, 0xff,
    0xf8, 0xff, 0xfd, 0x26, 0x66, 0x45, 0xff, 0xf8,
    0xdf, 0xf4, 0xef, 0xff, 0xf8, 0xaf, 0xf5, 0x8f,
    0xfd, 0xff, 0xff, 0xff, 0xdf, 0xf1, 0x1e, 0xff,
    0xff, 0xff, 0xff, 0xff, 0x80, 0x4, 0xff, 0xff,
    0xff, 0xff, 0xfc, 0x0, 0x0, 0x3d, 0xff, 0xff,
    0xff, 0x90, 0x0, 0x0, 0x0, 0x59, 0xbb, 0x82,
    0x0, 0x0,

    /* U+F171 "" */
    0x12, 0x22, 0x22, 0x22, 0x22, 0x22, 0x21, 0xcf,
    0xff, 0xff, 0xff, 0xff, 0xff, 0xfc, 0xaf, 0xff,
    0xff, 0xff, 0xff, 0xff, 0xf9, 0x7f, 0xff, 0xff,
    0xff, 0xff, 0xff, 0xf7, 0x4f, 0xff, 0xff, 0xff,
    0xff, 0xff, 0xf4, 0x2f, 0xff, 0xe0, 0x0, 0xf,
    0xff, 0xf1, 0xf, 0xff, 0xf1, 0x0, 0x2f, 0xff,
    0xf0, 0xc, 0xff, 0xf5, 0x0, 0x5f, 0xff, 0xc0,
    0xa, 0xff, 0xf9, 0x33, 0x9f, 0xff, 0xa0, 0x7,
    0xff, 0xff, 0xff, 0xff, 0xff, 0x70, 0x4, 0xff,
    0xff, 0xff, 0xff, 0xff, 0x40, 0x2, 0xff, 0xff,
    0xff, 0xff, 0xff, 0x20, 0x0, 0xdf, 0xff, 0xff,
    0xff, 0xfe, 0x0,

    /* U+F173 "" */
    0x0, 0x3, 0x41, 0x0, 0x0, 0x3, 0xff, 0x70,
    0x0, 0x0, 0x8f, 0xf7, 0x0, 0x0, 0x3f, 0xff,
    0x70, 0x0, 0x7f, 0xff, 0xfe, 0xdd, 0xc, 0xff,
    0xff, 0xff, 0xf0, 0xbf, 0xff, 0xff, 0xff, 0x0,
    0x3f, 0xff, 0x70, 0x0, 0x3, 0xff, 0xf7, 0x0,
    0x0, 0x3f, 0xff, 0x70, 0x0, 0x3, 0xff, 0xf7,
    0x0, 0x0, 0x2f, 0xff, 0xc4, 0x50, 0x0, 0xdf,
    0xff, 0xff, 0x20, 0x4, 0xff, 0xff, 0xf6, 0x0,
    0x3, 0x9b, 0xa7, 0x0,

    /* U+F174 "" */
    0x49, 0x99, 0x99, 0x99, 0x99, 0x94, 0xe, 0xff,
    0xff, 0xff, 0xff, 0xff, 0xf0, 0xff, 0xff, 0xf3,
    0x7f, 0xff, 0xff, 0x1f, 0xff, 0xfc, 0x5, 0xff,
    0xff, 0xf1, 0xff, 0xfc, 0x20, 0x14, 0xdf, 0xff,
    0x1f, 0xff, 0x80, 0x0, 0xc, 0xff, 0xf1, 0xff,
    0xfd, 0x50, 0x3a, 0xff, 0xff, 0x1f, 0xff, 0xf8,
    0x5, 0xff, 0xff, 0xf1, 0xff, 0xff, 0x80, 0x5f,
    0xff, 0xff, 0x1f, 0xff, 0xfa, 0x0, 0x4c, 0xff,
    0xf1, 0xff, 0xff, 0xf4, 0x0, 0x9f, 0xff, 0x1f,
    0xff, 0xff, 0xfe, 0xef, 0xff, 0xf1, 0x9f, 0xff,
    0xff, 0xff, 0xff, 0xfa, 0x0,

    /* U+F179 "" */
    0x0, 0x0, 0x0, 0x3, 0x0, 0x0, 0x0, 0x0,
    0x1c, 0xb0, 0x0, 0x0, 0x0, 0x8, 0xf3, 0x0,
    0x0, 0x4, 0x51, 0x56, 0x63, 0x0, 0xb, 0xff,
    0xfe, 0xff, 0xfb, 0x8, 0xff, 0xff, 0xff, 0xff,
    0x40, 0xcf, 0xff, 0xff, 0xff, 0xc0, 0xd, 0xff,
    0xff, 0xff, 0xfc, 0x0, 0xbf, 0xff, 0xff, 0xff,
    0xf2, 0x7, 0xff, 0xff, 0xff, 0xff, 0xe2, 0x1f,
    0xff, 0xff, 0xff, 0xff, 0x10, 0x6f, 0xff, 0xff,
    0xff, 0x60, 0x0, 0x7d, 0x97, 0x9d, 0x80, 0x0,

    /* U+F17A "" */
    0x0, 0x0, 0x0, 0x0, 0x0, 0x24, 0x10, 0x0,
    0x25, 0x39, 0xbd, 0xff, 0xf4, 0xce, 0xff, 0xf7,
    0xff, 0xff, 0xff, 0x4f, 0xff, 0xff, 0x7f, 0xff,
    0xff, 0xf4, 0xff, 0xff, 0xf7, 0xff, 0xff, 0xff,
    0x4f, 0xff, 0xff, 0x7f, 0xff, 0xff, 0xf4, 0x77,
    0x77, 0x73, 0x77, 0x77, 0x77, 0x1e, 0xee, 0xee,
    0x6e, 0xee, 0xee, 0xe3, 0xff, 0xff, 0xf7, 0xff,
    0xff, 0xff, 0x4f, 0xff, 0xff, 0x7f, 0xff, 0xff,
    0xf4, 0xff, 0xff, 0xf7, 0xff, 0xff, 0xff, 0x43,
    0x68, 0xad, 0x6f, 0xff, 0xff, 0xf4, 0x0, 0x0,
    0x0, 0x13, 0x57, 0xac, 0x30,

    /* U+F17B "" */
    0x0, 0x0, 0x0, 0x0, 0x0, 0x0, 0x0, 0x0,
    0x45, 0x64, 0x0, 0x0, 0x0, 0x4, 0xef, 0xff,
    0x70, 0x0, 0x0, 0xe, 0xcf, 0xfc, 0xf4, 0x0,
    0x1, 0x2b, 0xbb, 0xbb, 0xb6, 0x10, 0xf, 0xaf,
    0xff, 0xff, 0xfa, 0xf6, 0x1f, 0xbf, 0xff, 0xff,
    0xfb, 0xf8, 0x1f, 0xbf, 0xff, 0xff, 0xfb, 0xf8,
    0x1f, 0xbf, 0xff, 0xff, 0xfa, 0xf7, 0x5, 0x5f,
    0xff, 0xff, 0xf9, 0x51, 0x0, 0x9, 0xfd, 0xcf,
    0xa3, 0x0, 0x0, 0x0, 0xe9, 0x7f, 0x10, 0x0,
    0x0, 0x0, 0xd7, 0x5f, 0x0, 0x0, 0x0, 0x0,
    0x0, 0x0, 0x0, 0x0,

    /* U+F17C "" */
    0x0, 0x0, 0x0, 0x10, 0x0, 0x0, 0x0, 0x0,
    0x1, 0xdf, 0xe2, 0x0, 0x0, 0x0, 0x0, 0x7f,
    0xef, 0x80, 0x0, 0x0, 0x0, 0x5, 0x88, 0x8b,
    0x0, 0x0, 0x0, 0x0, 0x62, 0x29, 0xc0, 0x0,
    0x0, 0x0, 0xa, 0x22, 0x3f, 0x10, 0x0, 0x0,
    0x4, 0x90, 0x0, 0xdc, 0x0, 0x0, 0x1, 0xd3,
    0x0, 0x5, 0xe7, 0x0, 0x0, 0x8a, 0x0, 0x0,
    0xc, 0xe0, 0x0, 0xd, 0x50, 0x0, 0x0, 0x8d,
    0x20, 0x0, 0x59, 0x0, 0x0, 0x2f, 0xa2, 0x0,
    0x0, 0x8c, 0x0, 0x2, 0x0, 0x30, 0x0, 0x0,
    0x90, 0x1, 0x20, 0x2, 0x10, 0x20, 0x5, 0xc9,
    0xd1, 0x2, 0x20, 0x0, 0x12, 0x40, 0x0, 0x33,
    0x0, 0x0,

    /* U+F17D "" */
    0x0, 0x0, 0x0, 0x0, 0x0, 0x0, 0x0, 0x0,
    0x1, 0x8d, 0xff, 0xd8, 0x10, 0x0, 0x0, 0x4f,
    0xce, 0x0, 0x29, 0xe4, 0x0, 0x4, 0xe3, 0xd,
    0x90, 0x0, 0x6f, 0x40, 0xe, 0x40, 0x3, 0xf3,
    0x6, 0xd6, 0xe0, 0x6a, 0x0, 0x0, 0x9d, 0xdb,
    0x10, 0xa6, 0xaa, 0x78, 0xbe, 0xef, 0x70, 0x0,
    0x5a, 0xca, 0x87, 0x52, 0x9, 0xc8, 0x87, 0x8c,
    0xb4, 0x0, 0x3, 0xce, 0xf8, 0x57, 0xbb, 0x87,
    0x0, 0x6e, 0x60, 0xb7, 0x0, 0x88, 0x3e, 0x7,
    0xd1, 0x0, 0x5c, 0x0, 0xe3, 0xa, 0xbe, 0x10,
    0x0, 0x1f, 0x9, 0xa0, 0x0, 0xcc, 0x10, 0x0,
    0xd, 0xcc, 0x0, 0x0, 0x8, 0xea, 0x77, 0xbf,
    0x80, 0x0, 0x0, 0x0, 0x15, 0x77, 0x51, 0x0,
    0x0,

    /* U+F17E "" */
    0x0, 0x44, 0x0, 0x0, 0x0, 0x0, 0x2, 0xdf,
    0xfe, 0xcd, 0xa5, 0x0, 0x0, 0xbf, 0xff, 0xff,
    0xff, 0xfb, 0x0, 0xf, 0xff, 0xd4, 0x0, 0x29,
    0xfb, 0x0, 0xdf, 0xf2, 0x6, 0x72, 0xf, 0xf4,
    0x7, 0xff, 0x0, 0x8d, 0xfe, 0xff, 0x90, 0x7f,
    0xf8, 0x0, 0x1, 0x8f, 0xfb, 0x6, 0xff, 0xed,
    0x95, 0x0, 0xbf, 0xb0, 0x2f, 0xf1, 0x3e, 0xf4,
    0xb, 0xff, 0x0, 0xaf, 0xa1, 0x0, 0x7, 0xff,
    0xf3, 0x0, 0xcf, 0xfd, 0xdf, 0xff, 0xff, 0x10,
    0x0, 0x7e, 0xff, 0xff, 0xff, 0x80, 0x0, 0x0,
    0x1, 0x12, 0x89, 0x50, 0x0,

    /* U+F180 "" */
    0x0, 0x0, 0x0, 0x0, 0x0, 0xa, 0xff, 0xff,
    0xff, 0xff, 0xd0, 0xfd, 0x77, 0x77, 0x77, 0xdf,
    0xf, 0x90, 0x0, 0x0, 0xb, 0xd0, 0xf9, 0x0,
    0x12, 0x22, 0xfa, 0xf, 0x90, 0xd, 0xff, 0xff,
    0x70, 0xf9, 0x0, 0x35, 0x5a, 0xf3, 0xf, 0x90,
    0x0, 0x0, 0x8f, 0x0, 0xf9, 0x0, 0x0, 0xc,
    0xd0, 0xf, 0x90, 0x2e, 0xff, 0xfa, 0x0, 0xf9,
    0xd, 0xe8, 0x87, 0x10, 0xf, 0x9b, 0xf3, 0x0,
    0x0, 0x0, 0xff, 0xf5, 0x0, 0x0, 0x0, 0xf,
    0xf7, 0x0, 0x0, 0x0, 0x0, 0xd9, 0x0, 0x0,
    0x0, 0x0, 0x0, 0x0, 0x0, 0x0, 0x0, 0x0,

    /* U+F181 "" */
    0x28, 0x88, 0x88, 0x88, 0x88, 0x84, 0xd, 0xff,
    0xff, 0xff, 0xff, 0xff, 0xf3, 0xfc, 0x10, 0x1c,
    0xf2, 0x0, 0x6f, 0x5f, 0xa0, 0x0, 0x9f, 0x0,
    0x3, 0xf5, 0xfa, 0x0, 0x9, 0xf0, 0x0, 0x3f,
    0x5f, 0xa0, 0x0, 0x9f, 0x0, 0x3, 0xf5, 0xfa,
    0x0, 0x9, 0xf0, 0x0, 0x3f, 0x5f, 0xa0, 0x0,
    0x9f, 0x75, 0x5a, 0xf5, 0xfa, 0x0, 0x9, 0xff,
    0xff, 0xff, 0x5f, 0xa0, 0x0, 0x9f, 0xff, 0xff,
    0xf5, 0xfd, 0x54, 0x5d, 0xff, 0xff, 0xff, 0x5f,
    0xff, 0xff, 0xff, 0xff, 0xff, 0xf4, 0x7e, 0xff,
    0xff, 0xff, 0xff, 0xfb, 0x0,

    /* U+F182 "" */
    0x0, 0x26, 0x20, 0x0, 0x1e, 0xfe, 0x10, 0x2,
    0xff, 0xf3, 0x0, 0xa, 0xfa, 0x0, 0x1, 0x75,
    0x72, 0x0, 0x8f, 0xff, 0x90, 0xc, 0xff, 0xfd,
    0x1, 0xff, 0xff, 0xf1, 0x4f, 0xff, 0xff, 0x58,
    0xff, 0xff, 0xf9, 0xaf, 0xff, 0xff, 0xa0, 0x9,
    0xfa, 0x0, 0x0, 0x9f, 0x90, 0x0, 0x9, 0xf9,
    0x0, 0x0, 0x38, 0x30, 0x0,

    /* U+F183 "" */
    0x0, 0x0, 0x0, 0x9, 0xfc, 0x0, 0x1f, 0xff,
    0x50, 0xd, 0xff, 0x20, 0x3, 0x64, 0x0, 0xbf,
    0xff, 0xe1, 0xff, 0xff, 0xf3, 0xff, 0xff, 0xf4,
    0xff, 0xff, 0xf4, 0xff, 0xff, 0xf3, 0x6f, 0xff,
    0x90, 0xe, 0xff, 0x20, 0xe, 0xff, 0x20, 0xe,
    0xff, 0x20, 0xb, 0xed, 0x10,

    /* U+F184 "" */
    0x0, 0x0, 0x0, 0x0, 0x0, 0x0, 0x0, 0x0,
    0x2, 0xae, 0xff, 0xc7, 0x0, 0x0, 0x0, 0x7f,
    0xff, 0xff, 0xff, 0xd2, 0x0, 0x7, 0xff, 0xff,
    0xff, 0xff, 0xfe, 0x10, 0x2f, 0xff, 0xff, 0xff,
    0xff, 0xff, 0xb0, 0x9f, 0xfd, 0x13, 0xc9, 0x13,
    0xff, 0xf2, 0xdf, 0xf8, 0x0, 0x0, 0x0, 0xef,
    0xf6, 0xff, 0xfe, 0x10, 0x0, 0x5, 0xff, 0xf8,
    0xef, 0xff, 0xb0, 0x0, 0x2f, 0xff, 0xf7, 0xcf,
    0xff, 0xf7, 0x0, 0xcf, 0xff, 0xf5, 0x6f, 0xff,
    0xff, 0x38, 0xff, 0xff, 0xe0, 0xd, 0xff, 0xff,
    0xef, 0xff, 0xff, 0x60, 0x2, 0xef, 0xff, 0xff,
    0xff, 0xf9, 0x0, 0x0, 0x1a, 0xff, 0xff, 0xfe,
    0x60, 0x0, 0x0, 0x0, 0x26, 0x87, 0x40, 0x0,
    0x0,

    /* U+F185 "" */
    0x0, 0x0, 0x0, 0x11, 0x0, 0x0, 0x0, 0x0,
    0x0, 0x0, 0xbb, 0x0, 0x0, 0x0, 0x0, 0x61,
    0x3, 0xff, 0x30, 0x15, 0x0, 0x0, 0xff, 0xcd,
    0xff, 0xdc, 0xfe, 0x0, 0x0, 0xaf, 0xf8, 0x33,
    0x8f, 0xfa, 0x0, 0x0, 0x4f, 0x46, 0xdd, 0x64,
    0xf4, 0x0, 0x5, 0xdb, 0x4f, 0xff, 0xf4, 0xbd,
    0x50, 0xcf, 0xf8, 0x9f, 0xff, 0xf9, 0x8f, 0xfc,
    0x4d, 0xf9, 0x7f, 0xff, 0xf7, 0x9f, 0xd4, 0x0,
    0x7e, 0x1d, 0xff, 0xd1, 0xe7, 0x0, 0x0, 0x7f,
    0xb1, 0x55, 0x1b, 0xf7, 0x0, 0x0, 0xcf, 0xff,
    0xbb, 0xff, 0xfc, 0x0, 0x0, 0xe9, 0x47, 0xff,
    0x74, 0x9d, 0x0, 0x0, 0x0, 0x0, 0xee, 0x0,
    0x0, 0x0, 0x0, 0x0, 0x0, 0x66, 0x0, 0x0,
    0x0,

    /* U+F186 "" */
    0x0, 0x0, 0x0, 0x1, 0x10, 0x0, 0x0, 0x0,
    0x0, 0x5c, 0xff, 0xf2, 0x0, 0x0, 0x0, 0xa,
    0xff, 0xfe, 0x20, 0x0, 0x0, 0x0, 0xaf, 0xff,
    0xf3, 0x0, 0x0, 0x0, 0x5, 0xff, 0xff, 0xb0,
    0x0, 0x0, 0x0, 0xd, 0xff, 0xff, 0x70, 0x0,
    0x0, 0x0, 0x1f, 0xff, 0xff, 0x60, 0x0, 0x0,
    0x0, 0x3f, 0xff, 0xff, 0x80, 0x0, 0x0, 0x0,
    0x2f, 0xff, 0xff, 0xd0, 0x0, 0x0, 0x0, 0xf,
    0xff, 0xff, 0xf6, 0x0, 0x0, 0x0, 0xa, 0xff,
    0xff, 0xff, 0x50, 0x0, 0x0, 0x3, 0xff, 0xff,
    0xff, 0xfb, 0x52, 0x30, 0x0, 0x6f, 0xff, 0xff,
    0xff, 0xff, 0xd1, 0x0, 0x5, 0xff, 0xff, 0xff,
    0xfc, 0x10, 0x0, 0x0, 0x16, 0xbd, 0xc9, 0x40,
    0x0,

    /* U+F187 "" */
    0x69, 0x99, 0x99, 0x99, 0x99, 0x99, 0x96, 0xff,
    0xff, 0xff, 0xff, 0xff, 0xff, 0xff, 0xff, 0xff,
    0xff, 0xff, 0xff, 0xff, 0xff, 0x1, 0x11, 0x11,
    0x11, 0x11, 0x11, 0x10, 0x2f, 0xff, 0xff, 0xff,
    0xff, 0xff, 0xf2, 0x2f, 0xff, 0xfe, 0xee, 0xef,
    0xff, 0xf2, 0x2f, 0xff, 0xf6, 0x22, 0x6f, 0xff,
    0xf2, 0x2f, 0xff, 0xff, 0xff, 0xff, 0xff, 0xf2,
    0x2f, 0xff, 0xff, 0xff, 0xff, 0xff, 0xf2, 0x2f,
    0xff, 0xff, 0xff, 0xff, 0xff, 0xf2, 0x2f, 0xff,
    0xff, 0xff, 0xff, 0xff, 0xf2, 0x2f, 0xff, 0xff,
    0xff, 0xff, 0xff, 0xf2, 0xd, 0xff, 0xff, 0xff,
    0xff, 0xff, 0xd0,

    /* U+F188 "" */
    0x0, 0x0, 0x0, 0x0, 0x0, 0x0, 0x0, 0x0,
    0x0, 0xa, 0xff, 0xa1, 0x0, 0x0, 0x0, 0x0,
    0x9f, 0xff, 0xfa, 0x0, 0x0, 0x4, 0x10, 0xef,
    0xff, 0xfe, 0x1, 0x40, 0xf, 0xe3, 0x0, 0x0,
    0x0, 0x3e, 0xf0, 0x5, 0xff, 0xcc, 0xcc, 0xcc,
    0xff, 0x50, 0x0, 0x9f, 0xff, 0xff, 0xff, 0xf9,
    0x0, 0x0, 0x9f, 0xff, 0x55, 0xff, 0xf9, 0x0,
    0xdf, 0xff, 0xff, 0x55, 0xff, 0xff, 0xfd, 0x8b,
    0xef, 0xff, 0x55, 0xff, 0xfe, 0xb7, 0x0, 0x8f,
    0xff, 0x55, 0xff, 0xf8, 0x0, 0x0, 0x5f, 0xff,
    0x55, 0xff, 0xf5, 0x0, 0x1, 0xdf, 0xff, 0x55,
    0xff, 0xfd, 0x10, 0xd, 0xf8, 0x7d, 0x55, 0xd7,
    0x8f, 0xd0, 0xd, 0x80, 0x0, 0x0, 0x0, 0x8,
    0xd0,

    /* U+F189 "" */
    0x4b, 0xa2, 0x2, 0xbb, 0xa0, 0x0, 0x8b, 0x80,
    0x5f, 0xf9, 0x0, 0xdf, 0xf1, 0x4, 0xff, 0x90,
    0xf, 0xff, 0x10, 0xaf, 0xf1, 0xc, 0xff, 0x10,
    0x8, 0xff, 0x80, 0xaf, 0xf1, 0x8f, 0xf7, 0x0,
    0x1, 0xef, 0xf3, 0xaf, 0xfa, 0xff, 0xc0, 0x0,
    0x0, 0x5f, 0xff, 0xff, 0xff, 0xff, 0xd1, 0x0,
    0x0, 0x9, 0xff, 0xff, 0xf8, 0xdf, 0xfc, 0x0,
    0x0, 0x0, 0xaf, 0xff, 0xf1, 0x1c, 0xff, 0xa0,
    0x0, 0x0, 0x5, 0xcf, 0xf0, 0x1, 0xdf, 0xf1,
    0x0, 0x0, 0x0, 0x0, 0x0, 0x0, 0x0, 0x0,

    /* U+F18A "" */
    0x0, 0x0, 0x0, 0x0, 0x3, 0x51, 0x0, 0x0,
    0x0, 0x0, 0x0, 0x0, 0x9b, 0xe9, 0x0, 0x0,
    0x0, 0x6b, 0x80, 0x2, 0x62, 0xc7, 0x0, 0x2,
    0xdf, 0xfe, 0x1, 0x38, 0xd3, 0xd0, 0x2, 0xef,
    0xff, 0xfd, 0xff, 0x4d, 0x2f, 0x0, 0xdf, 0xfd,
    0xaa, 0xdf, 0xf5, 0x12, 0xa0, 0x8f, 0xb2, 0x13,
    0x10, 0x3e, 0xe6, 0x0, 0xe, 0xc0, 0x4f, 0xff,
    0x20, 0x5f, 0xf1, 0x0, 0xf7, 0xd, 0x7a, 0xf7,
    0x4, 0xff, 0x10, 0xa, 0xa0, 0xa5, 0xef, 0x20,
    0xbf, 0xa0, 0x0, 0xb, 0x93, 0x78, 0x34, 0xcf,
    0x90, 0x0, 0x0, 0x4, 0xac, 0xde, 0xd9, 0x30,
    0x0, 0x0,

    /* U+F18B "" */
    0x0, 0x0, 0x7b, 0x0, 0x99, 0x20, 0x0, 0x0,
    0x3e, 0xfe, 0x0, 0xbf, 0xf6, 0x0, 0x3, 0xff,
    0xfe, 0x0, 0xbf, 0xff, 0x60, 0xd, 0xff, 0xfe,
    0x0, 0xbf, 0xff, 0xf1, 0x4f, 0xff, 0xfe, 0x0,
    0xbf, 0xff, 0xf8, 0x9f, 0xff, 0xfd, 0x0, 0x9f,
    0xff, 0xfc, 0xaf, 0xff, 0xf9, 0x0, 0x6f, 0xff,
    0xfe, 0xaf, 0xff, 0xf4, 0x0, 0xf, 0xff, 0xfd,
    0x7f, 0xff, 0xb0, 0x1, 0x8, 0xff, 0xfa, 0x2f,
    0xfd, 0x10, 0x47, 0x0, 0xbf, 0xf5, 0x9, 0xb1,
    0x0, 0xde, 0x10, 0xa, 0xc0, 0x0, 0x0, 0xb,
    0xff, 0xc1, 0x0, 0x0, 0x0, 0x0, 0xbf, 0xff,
    0xfd, 0x10, 0x0, 0x0, 0x0, 0x5, 0x77, 0x51,
    0x0, 0x0,

    /* U+F18C "" */
    0x0, 0x0, 0x38, 0x0, 0x0, 0x0, 0x0, 0x9,
    0xfa, 0x0, 0x0, 0x0, 0x0, 0x9f, 0xf0, 0x0,
    0x0, 0x1, 0x12, 0xff, 0x0, 0x10, 0x2, 0xff,
    0xb6, 0xb6, 0xff, 0x40, 0xc, 0xff, 0x9e, 0xff,
    0xf0, 0x0, 0x18, 0xcd, 0xff, 0xc3, 0x3, 0x9b,
    0x70, 0x55, 0x3, 0x10, 0x4f, 0xff, 0xda, 0x8e,
    0xff, 0x60, 0x8f, 0xff, 0xff, 0xff, 0xe2, 0x0,
    0x13, 0x94, 0x69, 0x82, 0x0, 0x0, 0x68, 0x0,
    0x0, 0x0, 0x2, 0x98, 0x0, 0x0, 0x0, 0x7,
    0x72, 0x0, 0x0, 0x0, 0x0,

    /* U+F18D "" */
    0x1, 0x34, 0x44, 0x44, 0x43, 0x20, 0x2e, 0xff,
    0xff, 0xff, 0xff, 0xf5, 0x7f, 0xff, 0xff, 0xff,
    0xff, 0xfb, 0x25, 0x55, 0x55, 0x55, 0x55, 0x54,
    0x8f, 0xff, 0xff, 0xff, 0xff, 0xfc, 0x8f, 0xff,
    0xff, 0xff, 0xff, 0xfc, 0x25, 0x55, 0x55, 0x55,
    0x55, 0x53, 0x8f, 0xff, 0xff, 0xff, 0xff, 0xfc,
    0x8f, 0xff, 0xff, 0xff, 0xff, 0xfc, 0x36, 0x66,
    0x66, 0x66, 0x66, 0x64, 0x7f, 0xff, 0xff, 0xff,
    0xff, 0xfb, 0x2f, 0xff, 0xff, 0xff, 0xff, 0xf6,
    0x1, 0x44, 0x44, 0x4e, 0xf6, 0x20, 0x0, 0x0,
    0x0, 0xe, 0x50, 0x0, 0x0, 0x0, 0x0, 0x4,
    0x0, 0x0,

    /* U+F191 "" */
    0x1, 0x44, 0x44, 0x44, 0x44, 0x44, 0x10, 0x1f,
    0xff, 0xff, 0xff, 0xff, 0xff, 0xe0, 0x2f, 0xff,
    0xff, 0xff, 0xff, 0xff, 0xf1, 0x2f, 0xff, 0xff,
    0xf9, 0x9f, 0xff, 0xf1, 0x2f, 0xff, 0xff, 0x90,
    0x8f, 0xff, 0xf1, 0x2f, 0xff, 0xf9, 0x0, 0x8f,
    0xff, 0xf1, 0x2f, 0xff, 0xa0, 0x0, 0x8f, 0xff,
    0xf1, 0x2f, 0xff, 0xe2, 0x0, 0x8f, 0xff, 0xf1,
    0x2f, 0xff, 0xfe, 0x20, 0x8f, 0xff, 0xf1, 0x2f,
    0xff, 0xff, 0xe2, 0x8f, 0xff, 0xf1, 0x2f, 0xff,
    0xff, 0xfe, 0xdf, 0xff, 0xf1, 0x2f, 0xff, 0xff,
    0xff, 0xff, 0xff, 0xf1, 0xb, 0xff, 0xff, 0xff,
    0xff, 0xff, 0xa0,

    /* U+F192 "" */
    0x0, 0x0, 0x0, 0x0, 0x0, 0x0, 0x0, 0x0,
    0x1, 0x8d, 0xff, 0xd8, 0x10, 0x0, 0x0, 0x4f,
    0xff, 0xff, 0xff, 0xf4, 0x0, 0x4, 0xff, 0xff,
    0xff, 0xff, 0xff, 0x40, 0xe, 0xff, 0xff, 0xff,
    0xff, 0xff, 0xe0, 0x6f, 0xff, 0xff, 0xaa, 0xff,
    0xff, 0xf6, 0xaf, 0xff, 0xf4, 0x0, 0x4f, 0xff,
    0xfa, 0xcf, 0xff, 0xd0, 0x0, 0xd, 0xff, 0xfc,
    0xbf, 0xff, 0xf0, 0x0, 0xf, 0xff, 0xfb, 0x8f,
    0xff, 0xfb, 0x22, 0xbf, 0xff, 0xf8, 0x3f, 0xff,
    0xff, 0xff, 0xff, 0xff, 0xf3, 0xa, 0xff, 0xff,
    0xff, 0xff, 0xff, 0xa0, 0x0, 0xcf, 0xff, 0xff,
    0xff, 0xfc, 0x0, 0x0, 0x8, 0xff, 0xff, 0xff,
    0x80, 0x0, 0x0, 0x0, 0x15, 0x77, 0x51, 0x0,
    0x0,

    /* U+F193 "" */
    0x0, 0x0, 0x1, 0x0, 0x0, 0x0, 0x0, 0x0,
    0x0, 0x1e, 0xf8, 0x0, 0x0, 0x0, 0x0, 0x0,
    0x7, 0xff, 0xf0, 0x0, 0x0, 0x0, 0x0, 0x0,
    0x6f, 0xfa, 0x0, 0x0, 0x0, 0x0, 0x0, 0x3,
    0xfa, 0x0, 0x0, 0x0, 0x0, 0x0, 0x2, 0x2f,
    0xec, 0xcc, 0x70, 0x0, 0x0, 0x6, 0xf2, 0xff,
    0xff, 0xf8, 0x0, 0x0, 0x4, 0xfe, 0x1d, 0xf0,
    0x0, 0x0, 0x0, 0x0, 0xbf, 0x30, 0xbf, 0xff,
    0xff, 0x60, 0x0, 0xe, 0xd0, 0x3, 0xbb, 0xbb,
    0xfe, 0x0, 0x0, 0xfd, 0x0, 0x0, 0x1, 0x48,
    0xf6, 0x0, 0xb, 0xf3, 0x0, 0x0, 0x8e, 0x2f,
    0xe9, 0x80, 0x4f, 0xe5, 0x11, 0x8f, 0xd0, 0x9f,
    0xfd, 0x0, 0x6f, 0xff, 0xff, 0xd2, 0x1, 0xa6,
    0x0, 0x0, 0x28, 0xba, 0x60, 0x0, 0x0, 0x0,
    0x0,

    /* U+F194 "" */
    0x15, 0x66, 0x66, 0x66, 0x66, 0x52, 0xd, 0xff,
    0xff, 0xff, 0xff, 0xff, 0xe0, 0xff, 0xff, 0xff,
    0xff, 0xff, 0xff, 0x1f, 0xff, 0x82, 0xcf, 0xa1,
    0x1e, 0xf1, 0xff, 0x60, 0x7, 0xf1, 0x0, 0xbf,
    0x1f, 0xfa, 0x30, 0x4f, 0xe0, 0xd, 0xf1, 0xff,
    0xf9, 0x1, 0xfa, 0x4, 0xff, 0x1f, 0xff, 0xe0,
    0xa, 0x10, 0xdf, 0xf1, 0xff, 0xff, 0x20, 0x0,
    0xaf, 0xff, 0x1f, 0xff, 0xf7, 0x0, 0x8f, 0xff,
    0xf1, 0xff, 0xff, 0xf7, 0xbf, 0xff, 0xff, 0x1f,
    0xff, 0xff, 0xff, 0xff, 0xff, 0xf1, 0x9f, 0xff,
    0xff, 0xff, 0xff, 0xfa, 0x0,

    /* U+F195 "" */
    0x0, 0x44, 0x0, 0x0, 0x0, 0x0, 0x3f, 0xe0,
    0x2, 0x40, 0x0, 0x4, 0xff, 0xbe, 0xfe, 0x0,
    0xc, 0xff, 0xff, 0xea, 0x50, 0x0, 0xfd, 0xff,
    0x34, 0x89, 0x0, 0x2, 0x8f, 0xff, 0xff, 0xd0,
    0x0, 0xff, 0xff, 0xb8, 0x41, 0x12, 0x9, 0x9f,
    0xf0, 0x0, 0xb, 0xf3, 0x4, 0xff, 0x0, 0x0,
    0xef, 0x10, 0x4f, 0xf0, 0x0, 0x6f, 0xc0, 0x4,
    0xff, 0x0, 0x7f, 0xf4, 0x0, 0x4f, 0xfd, 0xff,
    0xf6, 0x0, 0x3, 0xff, 0xed, 0x92, 0x0, 0x0,

    /* U+F197 "" */
    0x2, 0x34, 0x0, 0x0, 0x0, 0x0, 0x0, 0x0,
    0x0, 0xe, 0x9f, 0xe5, 0x0, 0x0, 0x0, 0x0,
    0x0, 0x0, 0x1f, 0x9f, 0xff, 0x90, 0x0, 0x0,
    0x0, 0x0, 0x0, 0x2f, 0x9f, 0xff, 0xfc, 0x40,
    0x0, 0x0, 0x0, 0x0, 0xbf, 0xff, 0xf9, 0x99,
    0x97, 0x33, 0x32, 0x10, 0x0, 0xff, 0xff, 0xff,
    0xff, 0xff, 0xff, 0xfd, 0xfc, 0x60, 0x7f, 0xff,
    0xff, 0xff, 0xff, 0xff, 0xf3, 0xff, 0xf6, 0xef,
    0xff, 0xff, 0xff, 0xff, 0xff, 0xf7, 0xff, 0xd2,
    0xff, 0xff, 0xfb, 0xbb, 0xbb, 0xbb, 0xba, 0x84,
    0x0, 0x5f, 0xbf, 0xfd, 0xdd, 0x93, 0x0, 0x0,
    0x0, 0x0, 0x2f, 0x9f, 0xff, 0xe5, 0x0, 0x0,
    0x0, 0x0, 0x0, 0x1f, 0x9f, 0xfd, 0x20, 0x0,
    0x0, 0x0, 0x0, 0x0, 0x8, 0x7c, 0x70, 0x0,
    0x0, 0x0, 0x0, 0x0, 0x0,

    /* U+F198 "" */
    0x0, 0x0, 0x51, 0x4, 0x20, 0x0, 0x0, 0x0,
    0x8f, 0xc5, 0xfe, 0x0, 0x0, 0x0, 0x6, 0xfe,
    0x7f, 0xf1, 0x0, 0x0, 0x22, 0x24, 0x37, 0xff,
    0x11, 0x0, 0xaf, 0xff, 0xfb, 0x7f, 0xf3, 0xfe,
    0x1c, 0xff, 0xff, 0xc5, 0xff, 0x4f, 0xf2, 0x15,
    0x66, 0x61, 0x4, 0x21, 0x63, 0x7, 0xea, 0x4e,
    0x82, 0xdf, 0xff, 0xc0, 0xdf, 0xaa, 0xfe, 0x6f,
    0xff, 0xff, 0x33, 0x82, 0xaf, 0xe0, 0x89, 0x99,
    0x70, 0x0, 0xa, 0xfe, 0x5b, 0x70, 0x0, 0x0,
    0x0, 0x9f, 0xe6, 0xff, 0x0, 0x0, 0x0, 0x3,
    0xc6, 0x1b, 0x90, 0x0, 0x0,

    /* U+F199 "" */
    0x49, 0x99, 0x99, 0x99, 0x99, 0x94, 0xe, 0xff,
    0xff, 0xff, 0xff, 0xff, 0xf0, 0xff, 0xff, 0xff,
    0xff, 0xff, 0xff, 0x1f, 0xd1, 0x0, 0x0, 0x0,
    0x1c, 0xf1, 0xfd, 0x0, 0x0, 0x0, 0x0, 0xcf,
    0x1f, 0xfc, 0x10, 0x0, 0x1, 0xcf, 0xf1, 0xfc,
    0x5d, 0x30, 0x2, 0xd6, 0xaf, 0x1f, 0xc0, 0x3d,
    0x65, 0xd3, 0xa, 0xf1, 0xfc, 0x0, 0x19, 0x91,
    0x0, 0xaf, 0x1f, 0xc0, 0x0, 0x0, 0x0, 0xb,
    0xf1, 0xff, 0xba, 0xaa, 0xaa, 0xab, 0xff, 0x1f,
    0xff, 0xff, 0xff, 0xff, 0xff, 0xf1, 0x9f, 0xff,
    0xff, 0xff, 0xff, 0xfa, 0x0,

    /* U+F19A "" */
    0x0, 0x1, 0x54, 0x44, 0x45, 0x10, 0x0, 0x0,
    0x34, 0x7d, 0xff, 0xd7, 0x43, 0x0, 0x3, 0x4c,
    0xff, 0xff, 0xff, 0x72, 0x30, 0x4, 0x59, 0xea,
    0x99, 0xce, 0x0, 0x40, 0x42, 0x6, 0xff, 0x10,
    0xff, 0x30, 0x34, 0x4a, 0x11, 0xff, 0x70, 0xaf,
    0xb0, 0x94, 0x4c, 0x70, 0xbf, 0xc0, 0x5f, 0xe3,
    0xc4, 0x4b, 0xd0, 0x6f, 0x82, 0xf, 0xb9, 0xb4,
    0x58, 0xf2, 0x1f, 0x78, 0xb, 0x7e, 0x85, 0x34,
    0xf8, 0x9, 0xae, 0x5, 0x6f, 0x42, 0x5, 0x6e,
    0x1, 0xff, 0x40, 0x96, 0x50, 0x0, 0x66, 0x35,
    0xff, 0xa0, 0x56, 0x0, 0x0, 0x5, 0x44, 0x89,
    0x64, 0x50, 0x0, 0x0, 0x0, 0x14, 0x44, 0x41,
    0x0, 0x0,

    /* U+F19B "" */
    0x0, 0x0, 0x2, 0x92, 0x0, 0x0, 0x0, 0x0,
    0x0, 0xaf, 0x30, 0x0, 0x0, 0x0, 0x0, 0xa,
    0xf3, 0x0, 0x0, 0x0, 0x0, 0x15, 0xbf, 0x64,
    0x10, 0x0, 0x2, 0xbf, 0xdb, 0xf8, 0xef, 0x99,
    0x3, 0xfd, 0x30, 0xaf, 0x32, 0xef, 0xe0, 0xcf,
    0x20, 0xa, 0xf3, 0x2, 0x59, 0xf, 0xe0, 0x0,
    0xaf, 0x30, 0x0, 0x0, 0xcf, 0x30, 0xa, 0xf3,
    0x0, 0x0, 0x2, 0xee, 0x50, 0xaf, 0x30, 0x0,
    0x0, 0x1, 0x9f, 0xee, 0xe1, 0x0, 0x0, 0x0,
    0x0, 0x4, 0x50, 0x0, 0x0, 0x0,

    /* U+F19C "" */
    0x0, 0x0, 0x0, 0x31, 0x0, 0x0, 0x0, 0x0,
    0x2, 0x8e, 0xff, 0xb5, 0x0, 0x0, 0x5, 0xbf,
    0xff, 0xff, 0xff, 0xe9, 0x30, 0xaf, 0xff, 0xff,
    0xff, 0xff, 0xff, 0xf4, 0x7, 0x99, 0x99, 0x99,
    0x99, 0x99, 0x30, 0x0, 0x9f, 0x21, 0xfa, 0x9,
    0xf2, 0x0, 0x0, 0x9f, 0x21, 0xfa, 0x9, 0xf2,
    0x0, 0x0, 0x9f, 0x21, 0xfa, 0x9, 0xf2, 0x0,
    0x0, 0x9f, 0x21, 0xfa, 0x9, 0xf2, 0x0, 0x0,
    0x9f, 0x21, 0xfa, 0x9, 0xf2, 0x0, 0x9, 0xdf,
    0xbb, 0xfe, 0xbd, 0xfb, 0x40, 0x28, 0x99, 0x99,
    0x99, 0x99, 0x99, 0x70, 0xbf, 0xff, 0xff, 0xff,
    0xff, 0xff, 0xf4,

    /* U+F19D "" */
    0x0, 0x0, 0x0, 0x3, 0x75, 0x10, 0x0, 0x0,
    0x0, 0x0, 0x0, 0x49, 0xef, 0xff, 0xfb, 0x72,
    0x0, 0x0, 0x15, 0xaf, 0xff, 0xff, 0xff, 0xff,
    0xff, 0xd8, 0x30, 0xef, 0xff, 0xff, 0xff, 0xff,
    0xff, 0xff, 0xff, 0xf6, 0x29, 0xff, 0xff, 0xff,
    0xff, 0xff, 0xff, 0xea, 0x50, 0x9, 0x51, 0x6b,
    0xff, 0xff, 0xfd, 0x94, 0x0, 0x0, 0xf, 0x82,
    0xa5, 0x15, 0x97, 0x23, 0x88, 0x0, 0x0, 0xd,
    0x54, 0xff, 0xfb, 0x89, 0xef, 0xfc, 0x0, 0x0,
    0xf, 0x86, 0xff, 0xff, 0xff, 0xff, 0xfe, 0x0,
    0x0, 0x3f, 0xb5, 0xff, 0xff, 0xff, 0xff, 0xfd,
    0x0, 0x0, 0x5f, 0xd0, 0x49, 0xde, 0xff, 0xeb,
    0x71, 0x0, 0x0,

    /* U+F19E "" */
    0x12, 0x10, 0x0, 0x0, 0x1, 0x21, 0xe, 0xd0,
    0x0, 0x0, 0x9, 0xf2, 0x4, 0xf7, 0x0, 0x0,
    0x3f, 0x80, 0x0, 0xaf, 0x10, 0x0, 0xce, 0x0,
    0x0, 0x2f, 0xa0, 0x6, 0xf5, 0x0, 0x0, 0x8,
    0xf4, 0x1e, 0xc0, 0x0, 0x0, 0x0, 0xed, 0xaf,
    0x20, 0x0, 0x0, 0x0, 0x5f, 0xf9, 0x0, 0x0,
    0x0, 0x0, 0xd, 0xf1, 0x0, 0x0, 0x0, 0x0,
    0xb, 0xe0, 0x0, 0x0, 0x0, 0x0, 0xb, 0xe0,
    0x0, 0x0, 0x0, 0x0, 0xb, 0xf0, 0x0, 0x0,
    0x0, 0x0, 0xb, 0xf0, 0x0, 0x0, 0x0, 0x0,
    0xc, 0xf0, 0x0, 0x0, 0x0, 0x0, 0x8, 0xa0,
    0x0, 0x0,

    /* U+F1A0 "" */
    0x0, 0x0, 0x0, 0x0, 0x0, 0x0, 0x0, 0x0,
    0x2, 0x9e, 0xff, 0xd8, 0x10, 0x0, 0x0, 0x7f,
    0xff, 0xff, 0xff, 0xe2, 0x0, 0x7, 0xff, 0xfc,
    0x89, 0xdf, 0xa0, 0x0, 0x2f, 0xfe, 0x40, 0x0,
    0x5, 0x0, 0x0, 0x9f, 0xf4, 0x0, 0x0, 0x0,
    0x0, 0x0, 0xdf, 0xc0, 0x0, 0x3, 0x33, 0x33,
    0x31, 0xff, 0x90, 0x0, 0x1f, 0xff, 0xff, 0xf7,
    0xef, 0xa0, 0x0, 0x1f, 0xff, 0xff, 0xf6, 0xcf,
    0xe0, 0x0, 0x1, 0x11, 0x7f, 0xf4, 0x6f, 0xf9,
    0x0, 0x0, 0x0, 0xdf, 0xf0, 0xd, 0xff, 0xb3,
    0x0, 0x4c, 0xff, 0x80, 0x1, 0xdf, 0xff, 0xff,
    0xff, 0xfb, 0x0, 0x0, 0x1a, 0xff, 0xff, 0xff,
    0x80, 0x0, 0x0, 0x0, 0x15, 0x77, 0x51, 0x0,
    0x0,

    /* U+F1A1 "" */
    0x0, 0x0, 0x0, 0x0, 0x0, 0x0, 0x0, 0x0,
    0x1, 0x8d, 0xff, 0xd8, 0x10, 0x0, 0x0, 0x5f,
    0xff, 0xff, 0xff, 0xf5, 0x0, 0x4, 0xff, 0xff,
    0xfd, 0xed, 0xff, 0x40, 0xe, 0xff, 0xff, 0xfa,
    0xc3, 0xaf, 0xe0, 0x6f, 0xff, 0xff, 0xfb, 0xff,
    0xff, 0xf6, 0xaf, 0xfb, 0xc7, 0x32, 0x6c, 0xcf,
    0xfa, 0xcf, 0xf0, 0x2, 0x0, 0x20, 0xf, 0xfc,
    0xbf, 0xf6, 0xf, 0x11, 0xf0, 0x5f, 0xfb, 0x8f,
    0xfa, 0x2, 0x0, 0x20, 0xaf, 0xf7, 0x2f, 0xff,
    0x92, 0x44, 0x29, 0xff, 0xf2, 0x8, 0xff, 0xff,
    0xee, 0xff, 0xff, 0x80, 0x0, 0x9f, 0xff, 0xff,
    0xff, 0xf9, 0x0, 0x0, 0x5, 0xdf, 0xff, 0xfd,
    0x50, 0x0, 0x0, 0x0, 0x2, 0x44, 0x20, 0x0,
    0x0,

    /* U+F1A2 "" */
    0x2, 0x22, 0x22, 0x22, 0x22, 0x20, 0xc, 0xff,
    0xff, 0xff, 0xff, 0xff, 0xe1, 0xff, 0xff, 0xff,
    0xef, 0xff, 0xff, 0x3f, 0xff, 0xff, 0xfa, 0xb6,
    0x3f, 0xf4, 0xff, 0xff, 0xff, 0xaf, 0xff, 0xff,
    0x4f, 0xfe, 0xfb, 0x96, 0xae, 0xdf, 0xf4, 0xfd,
    0x0, 0x0, 0x0, 0x0, 0x9f, 0x4f, 0xf2, 0x1e,
    0x10, 0xc4, 0xd, 0xf4, 0xff, 0x50, 0x50, 0x4,
    0x10, 0xff, 0x4f, 0xfc, 0x2, 0x55, 0x40, 0x8f,
    0xf4, 0xff, 0xfd, 0x52, 0x14, 0xbf, 0xff, 0x4f,
    0xff, 0xff, 0xff, 0xff, 0xff, 0xf3, 0x9f, 0xff,
    0xff, 0xff, 0xff, 0xfc, 0x0,

    /* U+F1A3 "" */
    0x0, 0x0, 0x0, 0x0, 0x0, 0x0, 0x0, 0x0,
    0x2, 0x9d, 0xff, 0xd8, 0x10, 0x0, 0x0, 0x6f,
    0xff, 0xff, 0xff, 0xf5, 0x0, 0x6, 0xff, 0xff,
    0xff, 0xff, 0xff, 0x50, 0x1f, 0xff, 0xfc, 0x56,
    0xef, 0xff, 0xe1, 0x8f, 0xff, 0xf1, 0x20, 0x4f,
    0xff, 0xf7, 0xcf, 0xff, 0xe0, 0xd2, 0x2f, 0xff,
    0xfb, 0xef, 0xee, 0xe0, 0xdf, 0xff, 0xee, 0xfd,
    0xdf, 0x41, 0xe0, 0xd3, 0x2e, 0x5, 0xfc, 0xaf,
    0x50, 0x70, 0xe3, 0x8, 0x6, 0xf9, 0x4f, 0xc1,
    0x7, 0xfc, 0x10, 0x2e, 0xf3, 0xb, 0xff, 0xef,
    0xff, 0xfe, 0xff, 0xa0, 0x0, 0xcf, 0xff, 0xff,
    0xff, 0xfb, 0x0, 0x0, 0x7, 0xff, 0xff, 0xfe,
    0x70, 0x0, 0x0, 0x0, 0x4, 0x66, 0x30, 0x0,
    0x0,

    /* U+F1A4 "" */
    0x0, 0x0, 0x2, 0x65, 0x10, 0x0, 0x0, 0x0,
    0x0, 0x5f, 0xff, 0xe2, 0x0, 0x0, 0x0, 0x0,
    0xff, 0xff, 0xfb, 0x0, 0x0, 0x0, 0x2, 0xff,
    0x37, 0xfe, 0x0, 0x0, 0x0, 0x3, 0xff, 0x23,
    0xc9, 0x0, 0x0, 0x0, 0x3, 0xff, 0x20, 0x0,
    0x0, 0x0, 0xff, 0x53, 0xff, 0x25, 0x9c, 0x6,
    0xfe, 0xff, 0x53, 0xff, 0x26, 0xff, 0x6, 0xfe,
    0xef, 0xb9, 0xff, 0x4, 0xff, 0x6c, 0xfc, 0x7f,
    0xff, 0xfa, 0x0, 0xdf, 0xff, 0xf6, 0x7, 0xee,
    0x90, 0x0, 0x2b, 0xfd, 0x60,

    /* U+F1A5 "" */
    0x2, 0x22, 0x22, 0x22, 0x22, 0x20, 0xc, 0xbb,
    0xbb, 0xbf, 0xff, 0xff, 0xc0, 0xe0, 0x0, 0x1,
    0xff, 0xff, 0xff, 0xe, 0x0, 0x0, 0x1f, 0xff,
    0xff, 0xf0, 0xe0, 0x0, 0x1, 0xff, 0xff, 0xff,
    0xe, 0x0, 0x0, 0x1f, 0xff, 0xff, 0xf0, 0xe4,
    0x44, 0x45, 0xff, 0xff, 0xff, 0xf, 0xff, 0xff,
    0xf2, 0x0, 0x0, 0xd0, 0xff, 0xff, 0xff, 0x20,
    0x0, 0xd, 0xf, 0xff, 0xff, 0xf2, 0x0, 0x0,
    0xd0, 0xff, 0xff, 0xff, 0x20, 0x0, 0xd, 0xf,
    0xff, 0xff, 0xf2, 0x0, 0x0, 0xd0, 0x8d, 0xee,
    0xee, 0xee, 0xee, 0xd8, 0x0,

    /* U+F1A6 "" */
    0x0, 0x53, 0x53, 0x0, 0x0, 0x0, 0x0, 0x0,
    0xc8, 0xe7, 0x0, 0x0, 0x0, 0x0, 0x55, 0xd8,
    0x42, 0x45, 0x54, 0x25, 0x55, 0xfe, 0xf8, 0xe8,
    0xee, 0xee, 0x8f, 0xef, 0xf6, 0xc8, 0xe8, 0xe9,
    0x7e, 0x8c, 0x6f, 0xf6, 0xc8, 0xe8, 0xe9, 0x7e,
    0x8c, 0x6f, 0xfe, 0xf8, 0xe8, 0xee, 0xee, 0x8f,
    0xef, 0x44, 0x42, 0x42, 0x44, 0xae, 0x24, 0x8f,
    0x0, 0x0, 0x0, 0xef, 0xfe, 0x8f, 0xff, 0x0,
    0x0, 0x0, 0x12, 0x21, 0x12, 0x22,

    /* U+F1A7 "" */
    0x49, 0x99, 0x99, 0x99, 0x99, 0x94, 0xe, 0xff,
    0xff, 0xff, 0xff, 0xff, 0xf0, 0xff, 0xe6, 0x44,
    0xef, 0xff, 0xff, 0x1f, 0xfe, 0x9, 0x14, 0xff,
    0xff, 0xf1, 0xff, 0xe0, 0xe5, 0x2f, 0xff, 0xff,
    0x1f, 0xfe, 0x4, 0x2, 0x1a, 0xff, 0xf1, 0xff,
    0xe0, 0x82, 0x59, 0xf, 0xff, 0x1f, 0xfe, 0x1e,
    0x6, 0xd0, 0xdf, 0xf1, 0xff, 0xff, 0xf0, 0x11,
    0x1f, 0xff, 0x1f, 0xff, 0xff, 0x2, 0x6d, 0xff,
    0xf1, 0xff, 0xff, 0xf0, 0x6f, 0xff, 0xff, 0x1f,
    0xff, 0xff, 0xef, 0xff, 0xff, 0xf1, 0x9f, 0xff,
    0xff, 0xff, 0xff, 0xfa, 0x0,

    /* U+F1A8 "" */
    0x0, 0x0, 0x0, 0x0, 0x0, 0x0, 0x0, 0x0,
    0x0, 0x0, 0x0, 0x0, 0x0, 0x0, 0x0, 0x30,
    0x0, 0x0, 0x0, 0x0, 0x0, 0x0, 0x1, 0x40,
    0x0, 0x0, 0x0, 0x0, 0x0, 0x0, 0x37, 0x0,
    0x0, 0x0, 0x0, 0x0, 0xa8, 0x26, 0x50, 0x0,
    0x0, 0x0, 0x0, 0x1a, 0xcb, 0x10, 0x0, 0x0,
    0x0, 0x0, 0x0, 0xf, 0xfb, 0x0, 0x0, 0x0,
    0x0, 0x0, 0x66, 0x9c, 0xfd, 0x10, 0x0, 0x0,
    0x25, 0x9a, 0xcb, 0x80, 0xbd, 0x84, 0x0, 0x0,
    0x54, 0x10, 0xa, 0x68, 0xff, 0x7e, 0x50, 0x0,
    0x0, 0x0, 0x1, 0xde, 0xaf, 0x89, 0xf2, 0x0,
    0x0, 0x0, 0x0, 0x10, 0xdf, 0x66, 0xfc, 0x0,
    0x0, 0x0, 0x0, 0x0, 0x78, 0x23, 0xff, 0x90,
    0x0, 0x0, 0x0, 0x0, 0xaf, 0xd0, 0xef, 0xd2,
    0x0, 0x0, 0x0, 0x0, 0x6a, 0x81, 0x44, 0x0,

    /* U+F1A9 "" */
    0x0, 0x0, 0x1, 0x0, 0x0, 0x0, 0x0, 0x0,
    0x9, 0x70, 0x0, 0x0, 0x0, 0x1, 0x9f, 0xfb,
    0x30, 0x0, 0x0, 0x3e, 0xff, 0xff, 0xf7, 0x0,
    0x2, 0xff, 0xff, 0xff, 0xff, 0x50, 0xa, 0xff,
    0xff, 0xff, 0xff, 0xe0, 0xf, 0xff, 0xff, 0xff,
    0xff, 0xf3, 0x1f, 0xff, 0xdd, 0xff, 0xff, 0xf5,
    0xf, 0xf9, 0x0, 0x3d, 0xd4, 0x14, 0xc, 0xf3,
    0x0, 0x5, 0x40, 0x11, 0x4, 0xf9, 0x25, 0xba,
    0xc6, 0x20, 0x0, 0x6f, 0xfd, 0xde, 0xcb, 0x0,
    0x0, 0x2, 0x9c, 0x97, 0x40, 0x0,

    /* U+F1AA "" */
    0x5, 0x20, 0x0, 0x0, 0x0, 0x51, 0xb, 0xff,
    0x20, 0x0, 0x0, 0xcf, 0xe0, 0xef, 0xff, 0xf7,
    0x6e, 0xff, 0xff, 0x25, 0xff, 0xcd, 0xbf, 0xeb,
    0xff, 0x80, 0xc, 0xf0, 0x8f, 0xd8, 0xd, 0xd0,
    0x0, 0xaf, 0x8f, 0xda, 0xfa, 0xeb, 0x0, 0x2,
    0xef, 0xa1, 0xc, 0xfc, 0x20, 0x0, 0x5c, 0xef,
    0x54, 0xdd, 0xf7, 0x0, 0xc, 0xf4, 0xeb, 0xff,
    0x4e, 0xd0, 0x1, 0xdf, 0x26, 0xff, 0x72, 0xee,
    0x20, 0xcf, 0xff, 0xff, 0xbf, 0xff, 0xff, 0x1f,
    0xff, 0xb9, 0x21, 0x8a, 0xff, 0xf2, 0x5d, 0x90,
    0x0, 0x0, 0x5, 0xd8, 0x0,

    /* U+F1AB "" */
    0x9b, 0xbb, 0xbb, 0xbb, 0x39, 0xbb, 0xbb, 0xbb,
    0xb2, 0xff, 0xff, 0xff, 0xff, 0x5d, 0xff, 0xff,
    0xff, 0xf6, 0xff, 0xf2, 0x3f, 0xff, 0x5d, 0xfd,
    0xd1, 0xdd, 0xf6, 0xff, 0xb1, 0xd, 0xff, 0x5d,
    0xf0, 0x0, 0x0, 0xf6, 0xff, 0x65, 0x38, 0xff,
    0x5d, 0xff, 0xad, 0x1c, 0xf6, 0xff, 0x12, 0x13,
    0xff, 0x5d, 0xff, 0x60, 0x6f, 0xf6, 0xfc, 0xb,
    0x90, 0xef, 0x5d, 0xff, 0x12, 0x1f, 0xf6, 0xfe,
    0xbf, 0xfa, 0xef, 0x5d, 0xff, 0xcf, 0xcf, 0xf6,
    0xff, 0xff, 0xff, 0xff, 0x5d, 0xff, 0xff, 0xff,
    0xf5, 0x12, 0x22, 0x22, 0x22, 0x1, 0x22, 0x22,
    0x22, 0x10,

    /* U+F1AC "" */
    0x0, 0x0, 0x34, 0x44, 0x44, 0x41, 0x0, 0x0,
    0x6, 0xff, 0xff, 0xff, 0xfe, 0x30, 0x0, 0x8,
    0xd1, 0x11, 0x11, 0x8f, 0xe0, 0x0, 0x8, 0xd0,
    0x0, 0x0, 0x27, 0xf2, 0x7a, 0x38, 0xd0, 0x0,
    0x0, 0x3, 0xf2, 0xff, 0x98, 0xd0, 0x0, 0x0,
    0x3, 0xfb, 0xff, 0xa8, 0xff, 0xff, 0xff, 0xff,
    0xff, 0xff, 0xa8, 0xff, 0xdd, 0xff, 0xcf, 0xff,
    0xff, 0xa8, 0xff, 0x22, 0xfa, 0xa, 0xff, 0xff,
    0xa8, 0xff, 0x99, 0xfd, 0x7d, 0xff, 0xff, 0xa8,
    0xff, 0xff, 0xff, 0xff, 0xff, 0xff, 0xa8, 0xff,
    0x77, 0xfc, 0x5c, 0xff, 0xff, 0xa8, 0xff, 0x22,
    0xfa, 0xa, 0xff, 0xff, 0x97, 0xff, 0xff, 0xff,
    0xef, 0xff, 0xad, 0x53, 0xdd, 0xdd, 0xdd, 0xdd,
    0xda,

    /* U+F1AD "" */
    0x0, 0x0, 0x0, 0x0, 0x0, 0x0, 0x1, 0xff,
    0xff, 0xff, 0xff, 0xff, 0x40, 0x2f, 0xfd, 0xbf,
    0xfb, 0xcf, 0xf6, 0x2, 0xff, 0x80, 0xcf, 0x4,
    0xff, 0x60, 0x2f, 0xff, 0xef, 0xfe, 0xef, 0xf6,
    0x2, 0xff, 0x80, 0xcf, 0x4, 0xff, 0x60, 0x2f,
    0xf8, 0xc, 0xf0, 0x4f, 0xf6, 0x2, 0xff, 0xfe,
    0xff, 0xee, 0xff, 0x60, 0x2f, 0xf8, 0xc, 0xf0,
    0x4f, 0xf6, 0x2, 0xff, 0xb6, 0xdf, 0x68, 0xff,
    0x60, 0x2f, 0xff, 0xff, 0xff, 0xff, 0xf6, 0x2,
    0xff, 0xff, 0x97, 0xff, 0xff, 0x60, 0x2f, 0xff,
    0xf4, 0xf, 0xff, 0xf6, 0x2, 0xff, 0xff, 0x40,
    0xff, 0xff, 0x60, 0xde, 0xee, 0xee, 0xee, 0xee,
    0xed, 0x30,

    /* U+F1AE "" */
    0x0, 0x0, 0x24, 0x0, 0x0, 0x0, 0x0, 0x4f,
    0xfc, 0x0, 0x0, 0x64, 0xa, 0xff, 0xf2, 0x7,
    0x2e, 0xf5, 0x7f, 0xfe, 0x1c, 0xf6, 0x3f, 0xf5,
    0x68, 0x3c, 0xfa, 0x0, 0x3f, 0xff, 0xff, 0xfa,
    0x0, 0x0, 0x4f, 0xff, 0xfc, 0x0, 0x0, 0x2,
    0xff, 0xff, 0xa0, 0x0, 0x0, 0x2f, 0xff, 0xfa,
    0x0, 0x0, 0x2, 0xff, 0xff, 0xa0, 0x0, 0x0,
    0x2f, 0xfe, 0xfa, 0x0, 0x0, 0x2, 0xff, 0x9f,
    0xa0, 0x0, 0x0, 0x2f, 0xf9, 0xfa, 0x0, 0x0,
    0x2, 0xff, 0x8f, 0xa0, 0x0, 0x0, 0x8, 0x72,
    0xa4, 0x0, 0x0,

    /* U+F1B0 "" */
    0x0, 0x0, 0x15, 0x0, 0x0, 0x51, 0x0, 0x0,
    0x0, 0x0, 0xbf, 0xb0, 0xc, 0xfb, 0x0, 0x0,
    0x0, 0x0, 0xef, 0xf3, 0x3f, 0xfe, 0x0, 0x0,
    0x0, 0x0, 0xbf, 0xf4, 0x4f, 0xfb, 0x0, 0x0,
    0x7, 0xc4, 0x2d, 0xd0, 0xd, 0xd2, 0x4c, 0x70,
    0xf, 0xfe, 0x0, 0x0, 0x0, 0x0, 0xef, 0xf0,
    0xc, 0xff, 0x1, 0xaf, 0xfa, 0x10, 0xff, 0xc0,
    0x1, 0x84, 0x2e, 0xff, 0xff, 0xe3, 0x58, 0x10,
    0x0, 0x1, 0xef, 0xff, 0xff, 0xfe, 0x10, 0x0,
    0x0, 0xa, 0xff, 0xff, 0xff, 0xff, 0xa0, 0x0,
    0x0, 0x1f, 0xff, 0xff, 0xff, 0xff, 0xf1, 0x0,
    0x0, 0x2f, 0xff, 0xff, 0xff, 0xff, 0xf3, 0x0,
    0x0, 0x8, 0xdc, 0x84, 0x48, 0xcd, 0x90, 0x0,

    /* U+F1B2 "" */
    0x0, 0x0, 0x0, 0x11, 0x0, 0x0, 0x0, 0x0,
    0x0, 0x5b, 0xff, 0xb5, 0x0, 0x0, 0x3, 0x9e,
    0xff, 0xcc, 0xff, 0xe9, 0x30, 0x9f, 0xfe, 0x82,
    0x0, 0x28, 0xef, 0xf9, 0xff, 0x60, 0x0, 0x0,
    0x0, 0x6, 0xff, 0xff, 0xfa, 0x40, 0x0, 0x4,
    0xaf, 0xff, 0xff, 0xff, 0xfd, 0x67, 0xdf, 0xfc,
    0xef, 0xff, 0xff, 0xff, 0xff, 0xfa, 0x30, 0xcf,
    0xff, 0xff, 0xff, 0xfe, 0x10, 0x0, 0xcf, 0xff,
    0xff, 0xff, 0xfe, 0x0, 0x0, 0xcf, 0xff, 0xff,
    0xff, 0xfe, 0x0, 0x7, 0xff, 0x6f, 0xff, 0xff,
    0xfe, 0x7, 0xef, 0xe6, 0x1, 0x8f, 0xff, 0xff,
    0xef, 0xe7, 0x0, 0x0, 0x1, 0x8f, 0xff, 0xe7,
    0x0, 0x0, 0x0, 0x0, 0x1, 0x77, 0x0, 0x0,
    0x0,

    /* U+F1B3 "" */
    0x0, 0x0, 0x0, 0x34, 0x0, 0x0, 0x0, 0x0,
    0x1, 0x7d, 0xca, 0xe8, 0x20, 0x0, 0x0, 0xa,
    0xd3, 0x0, 0x19, 0xd0, 0x0, 0x0, 0xb, 0xfe,
    0x86, 0xcd, 0xe0, 0x0, 0x0, 0xb, 0xff, 0xfd,
    0x30, 0xe0, 0x0, 0x0, 0x1d, 0xff, 0xfa, 0x3,
    0xe2, 0x0, 0x4b, 0xd8, 0xbf, 0xfd, 0xdc, 0x8d,
    0xc4, 0xf8, 0x0, 0x3, 0xef, 0x50, 0x0, 0x6f,
    0xff, 0xd7, 0xae, 0xcf, 0xfc, 0x7c, 0xcf, 0xff,
    0xff, 0x80, 0x5f, 0xff, 0xf4, 0xe, 0xff, 0xff,
    0x30, 0x8f, 0xff, 0xe0, 0x2e, 0x4d, 0xff, 0x9d,
    0xa8, 0xff, 0xf9, 0xd5, 0x0, 0x5c, 0xa2, 0x0,
    0x18, 0xc6, 0x0,

    /* U+F1B4 "" */
    0x11, 0x11, 0x10, 0x0, 0x0, 0x0, 0x0, 0x0,
    0xff, 0xff, 0xff, 0xb1, 0x0, 0x79, 0x99, 0x0,
    0xff, 0xa9, 0xae, 0xf9, 0x0, 0x56, 0x66, 0x0,
    0xff, 0x20, 0x6, 0xfb, 0x0, 0x27, 0x96, 0x0,
    0xff, 0x42, 0x2a, 0xf5, 0x4, 0xff, 0xef, 0xc0,
    0xff, 0xff, 0xff, 0xd3, 0xe, 0xc0, 0x9, 0xf7,
    0xff, 0x20, 0x4, 0xfe, 0x3f, 0xff, 0xff, 0xfa,
    0xff, 0x20, 0x0, 0xff, 0x5f, 0xa4, 0x44, 0x42,
    0xff, 0x54, 0x48, 0xff, 0xe, 0xd1, 0x6, 0xc5,
    0xff, 0xff, 0xff, 0xf5, 0x4, 0xff, 0xef, 0xc0,
    0x66, 0x66, 0x64, 0x10, 0x0, 0x26, 0x85, 0x0,

    /* U+F1B5 "" */
    0x15, 0x66, 0x66, 0x66, 0x66, 0x52, 0xd, 0xff,
    0xff, 0xff, 0xff, 0xff, 0xe0, 0xff, 0xff, 0xff,
    0xff, 0xff, 0xff, 0x1f, 0xff, 0xff, 0xff, 0xff,
    0xff, 0xf1, 0xfd, 0x12, 0x27, 0xfa, 0x7c, 0xff,
    0x1f, 0xd0, 0xfc, 0xf, 0xa6, 0xbf, 0xf1, 0xfd,
    0x2, 0x5, 0xc4, 0xb1, 0xff, 0x1f, 0xd0, 0xfd,
    0x7, 0x25, 0x5d, 0xf1, 0xfd, 0x7, 0x60, 0xb2,
    0x83, 0xff, 0x1f, 0xf9, 0x99, 0xdf, 0xd9, 0xdf,
    0xf1, 0xff, 0xff, 0xff, 0xff, 0xff, 0xff, 0x1f,
    0xff, 0xff, 0xff, 0xff, 0xff, 0xf1, 0x9f, 0xff,
    0xff, 0xff, 0xff, 0xfa, 0x0,

    /* U+F1B6 "" */
    0x0, 0x0, 0x0, 0x0, 0x0, 0x0, 0x0, 0x0,
    0x2, 0xae, 0xff, 0xc7, 0x0, 0x0, 0x0, 0x7f,
    0xff, 0xff, 0xff, 0xd2, 0x0, 0x7, 0xff, 0xff,
    0xfe, 0x88, 0xee, 0x10, 0x2f, 0xff, 0xff, 0xe2,
    0x76, 0x2e, 0xb0, 0x9f, 0xff, 0xff, 0x87, 0x0,
    0x78, 0xf2, 0xef, 0xff, 0xff, 0x27, 0x0, 0x78,
    0xf6, 0x6d, 0xff, 0xf7, 0x1, 0x66, 0x2e, 0xf8,
    0x0, 0x39, 0x70, 0x0, 0x28, 0xef, 0xf7, 0x20,
    0x0, 0x18, 0x6, 0xff, 0xff, 0xf4, 0x6e, 0x70,
    0x6, 0x8f, 0xff, 0xff, 0xe0, 0xd, 0xf7, 0x67,
    0xdf, 0xff, 0xff, 0x50, 0x2, 0xef, 0xef, 0xff,
    0xff, 0xf8, 0x0, 0x0, 0x1a, 0xff, 0xff, 0xfd,
    0x50, 0x0, 0x0, 0x0, 0x15, 0x76, 0x30, 0x0,
    0x0,

    /* U+F1B7 "" */
    0x15, 0x66, 0x66, 0x66, 0x66, 0x53, 0xd, 0xff,
    0xff, 0xff, 0xff, 0xff, 0xf2, 0xff, 0xff, 0xff,
    0xfe, 0xcf, 0xff, 0x4f, 0xff, 0xff, 0xf8, 0x45,
    0x3f, 0xf4, 0xff, 0xff, 0xff, 0x33, 0x6, 0x8f,
    0x4f, 0xff, 0xff, 0x94, 0x20, 0x67, 0xf4, 0x8e,
    0xff, 0xd0, 0x6, 0x62, 0xdf, 0x40, 0x6, 0x84,
    0x0, 0x18, 0xdf, 0xf4, 0x40, 0x0, 0x44, 0x4e,
    0xff, 0xff, 0x4f, 0xe5, 0x11, 0x7f, 0xff, 0xff,
    0xf4, 0xff, 0xe7, 0x7b, 0xff, 0xff, 0xff, 0x4f,
    0xff, 0xff, 0xff, 0xff, 0xff, 0xf3, 0x8e, 0xee,
    0xee, 0xee, 0xee, 0xeb, 0x0,

    /* U+F1B8 "" */
    0x0, 0x0, 0x0, 0x1, 0x10, 0x0, 0x0, 0x0,
    0x0, 0x0, 0xa, 0xff, 0xa0, 0x0, 0x0, 0x0,
    0x0, 0x7, 0xfd, 0xcf, 0x70, 0x0, 0x0, 0x0,
    0x0, 0x5d, 0x0, 0xef, 0x5c, 0x0, 0x0, 0x0,
    0x41, 0x0, 0x5, 0xff, 0xe0, 0x0, 0x4d, 0xff,
    0x70, 0x3, 0xef, 0xfb, 0x0, 0x1, 0xaf, 0xfb,
    0x0, 0x16, 0xae, 0x60, 0x0, 0x9, 0xfe, 0xf0,
    0x0, 0x0, 0x0, 0x40, 0x4, 0xfc, 0x6, 0x0,
    0x0, 0x0, 0x8f, 0x40, 0xcf, 0x20, 0x0, 0x0,
    0x40, 0x2, 0xfc, 0xf, 0xd0, 0x0, 0x0, 0xcc,
    0x0, 0xd, 0xf0, 0xbf, 0xcc, 0x40, 0xcf, 0xfc,
    0xcc, 0xfb, 0x1, 0xbf, 0xf5, 0x2e, 0xff, 0xff,
    0xfb, 0x10, 0x0, 0x0, 0x0, 0x2e, 0xc0, 0x0,
    0x0, 0x0, 0x0, 0x0, 0x0, 0x27, 0x0, 0x0,
    0x0,

    /* U+F1B9 "" */
    0x0, 0x1, 0x7a, 0xbb, 0xba, 0x40, 0x0, 0x0,
    0x0, 0xdf, 0xff, 0xff, 0xff, 0x50, 0x0, 0x0,
    0x6f, 0x91, 0x0, 0x4, 0xfe, 0x0, 0x4, 0x5d,
    0xf0, 0x0, 0x0, 0xa, 0xf8, 0x51, 0xaf, 0xfe,
    0x77, 0x77, 0x77, 0xaf, 0xff, 0x32, 0xfe, 0xff,
    0xff, 0xff, 0xff, 0xef, 0xb0, 0x6f, 0x3, 0xff,
    0xff, 0xff, 0x90, 0x7e, 0x5, 0xfa, 0x8f, 0xff,
    0xff, 0xfa, 0x8d, 0xe0, 0x1f, 0xff, 0xff, 0xff,
    0xff, 0xff, 0xf9, 0x0, 0xff, 0xc4, 0x44, 0x44,
    0x47, 0xff, 0x70, 0xb, 0xf7, 0x0, 0x0, 0x0,
    0x2e, 0xf4, 0x0,

    /* U+F1BA "" */
    0x0, 0x0, 0x37, 0x77, 0x60, 0x0, 0x0, 0x0,
    0x0, 0xcf, 0xff, 0xf6, 0x0, 0x0, 0x0, 0x2a,
    0xff, 0xff, 0xfd, 0x80, 0x0, 0x0, 0xef, 0xff,
    0xff, 0xff, 0xfb, 0x0, 0x4, 0xf8, 0x0, 0x0,
    0x0, 0xdf, 0x10, 0x7, 0xf3, 0x0, 0x0, 0x0,
    0x9f, 0x50, 0x3d, 0xfb, 0xbb, 0xbb, 0xbb, 0xdf,
    0xd3, 0xef, 0xaf, 0xff, 0xff, 0xff, 0xea, 0xfd,
    0xfd, 0xd, 0xff, 0xff, 0xff, 0x50, 0xdf, 0xff,
    0xbf, 0xff, 0xff, 0xff, 0xeb, 0xff, 0x8f, 0xff,
    0xff, 0xff, 0xff, 0xff, 0xf7, 0x2f, 0xf5, 0x22,
    0x22, 0x22, 0xcf, 0xf2, 0xc, 0xd1, 0x0, 0x0,
    0x0, 0x6d, 0xb0,

    /* U+F1BB "" */
    0x0, 0x0, 0x0, 0x0, 0x0, 0x0, 0x0, 0x0,
    0x8, 0xd1, 0x0, 0x0, 0x0, 0x0, 0x7f, 0xfc,
    0x0, 0x0, 0x0, 0x6, 0xff, 0xff, 0xc0, 0x0,
    0x0, 0x2f, 0xff, 0xff, 0xf9, 0x0, 0x0, 0x6,
    0xff, 0xff, 0xb2, 0x0, 0x0, 0xd, 0xff, 0xff,
    0xf4, 0x0, 0x0, 0xbf, 0xff, 0xff, 0xff, 0x30,
    0x1, 0xcf, 0xff, 0xff, 0xfd, 0x60, 0x0, 0x4f,
    0xff, 0xff, 0xfb, 0x0, 0x3, 0xff, 0xff, 0xff,
    0xff, 0x90, 0xe, 0xff, 0xff, 0xff, 0xff, 0xf5,
    0x4, 0x55, 0x5c, 0xf6, 0x55, 0x51, 0x0, 0x0,
    0x1e, 0xf6, 0x0, 0x0, 0x0, 0x0, 0x6f, 0xfc,
    0x0, 0x0,

    /* U+F1BC "" */
    0x0, 0x0, 0x0, 0x0, 0x0, 0x0, 0x0, 0x0,
    0x2, 0xae, 0xff, 0xc7, 0x0, 0x0, 0x0, 0x7f,
    0xff, 0xff, 0xff, 0xd2, 0x0, 0x7, 0xff, 0xff,
    0xff, 0xff, 0xfe, 0x10, 0x2f, 0xfb, 0x98, 0x89,
    0xcf, 0xff, 0xb0, 0x9f, 0x30, 0x12, 0x10, 0x0,
    0x6d, 0xf2, 0xdf, 0xee, 0xed, 0xef, 0xd9, 0x25,
    0xf6, 0xff, 0xb1, 0x0, 0x0, 0x39, 0xff, 0xf8,
    0xef, 0xec, 0xef, 0xfd, 0x92, 0x5f, 0xf7, 0xcf,
    0xf5, 0x22, 0x24, 0x8e, 0xff, 0xf5, 0x6f, 0xfd,
    0xff, 0xfd, 0x74, 0xff, 0xe0, 0xd, 0xff, 0xff,
    0xff, 0xff, 0xff, 0x60, 0x2, 0xef, 0xff, 0xff,
    0xff, 0xf9, 0x0, 0x0, 0x1a, 0xff, 0xff, 0xfe,
    0x60, 0x0, 0x0, 0x0, 0x26, 0x87, 0x40, 0x0,
    0x0,

    /* U+F1BD "" */
    0x0, 0x0, 0x0, 0x34, 0x30, 0x0, 0x0, 0x6f,
    0xfc, 0x0, 0x0, 0xe, 0xff, 0xc7, 0x77, 0x7a,
    0xff, 0xf9, 0xff, 0xff, 0xff, 0xff, 0x1f, 0xff,
    0xff, 0xff, 0x80, 0xff, 0xff, 0xff, 0xe1, 0x0,
    0xa, 0xff, 0xf7, 0x0, 0x1, 0xff, 0xff, 0x98,
    0x60, 0x9f, 0xff, 0xff, 0xfc, 0x2f, 0xff, 0xff,
    0xff, 0xca, 0xff, 0xff, 0xff, 0xfb, 0xff, 0xfd,
    0x0, 0x0, 0xf, 0xff, 0x50, 0x0, 0x0, 0xcc,
    0xa0, 0x0, 0x0, 0x0,

    /* U+F1BE "" */
    0x0, 0x0, 0x0, 0x0, 0x0, 0x0, 0x0, 0x0,
    0x0, 0x0, 0x0, 0x0, 0x0, 0x3d, 0xfe, 0x70,
    0x0, 0x0, 0x0, 0x0, 0x3, 0x17, 0x8f, 0xff,
    0xf9, 0x0, 0x0, 0x0, 0x0, 0x6a, 0x7c, 0x9f,
    0xff, 0xff, 0x20, 0x0, 0x0, 0x15, 0x9b, 0x9c,
    0xaf, 0xff, 0xff, 0xa8, 0x20, 0x44, 0x98, 0xac,
    0xad, 0xbf, 0xff, 0xff, 0xff, 0xf2, 0xa9, 0xcb,
    0xcd, 0xce, 0xcf, 0xff, 0xff, 0xff, 0xf7, 0x76,
    0xa9, 0xac, 0xac, 0xaf, 0xff, 0xff, 0xff, 0xf4,
    0x1, 0x34, 0x56, 0x57, 0x5b, 0xcc, 0xcc, 0xcb,
    0x50,

    /* U+F1C0 "" */
    0x0, 0x0, 0x23, 0x32, 0x10, 0x0, 0x1, 0x8d,
    0xff, 0xff, 0xff, 0xe9, 0x20, 0xef, 0xff, 0xff,
    0xff, 0xff, 0xff, 0x2f, 0xff, 0xff, 0xff, 0xff,
    0xff, 0xf4, 0xbf, 0xff, 0xff, 0xff, 0xff, 0xfe,
    0x12, 0x49, 0xce, 0xff, 0xed, 0xa6, 0x21, 0xfb,
    0x74, 0x21, 0x12, 0x36, 0xaf, 0x4f, 0xff, 0xff,
    0xff, 0xff, 0xff, 0xf4, 0xef, 0xff, 0xff, 0xff,
    0xff, 0xff, 0x23, 0xaf, 0xff, 0xff, 0xff, 0xfc,
    0x50, 0xc4, 0x2, 0x45, 0x54, 0x30, 0x3a, 0x3f,
    0xff, 0xca, 0xaa, 0xac, 0xef, 0xf4, 0xff, 0xff,
    0xff, 0xff, 0xff, 0xff, 0x39, 0xff, 0xff, 0xff,
    0xff, 0xff, 0xc0, 0x2, 0x6a, 0xcd, 0xdc, 0xb7,
    0x30, 0x0,

    /* U+F1C1 "" */
    0x6, 0x77, 0x77, 0x70, 0x30, 0x0, 0x1f, 0xff,
    0xff, 0xf2, 0xf5, 0x0, 0x1f, 0xff, 0xff, 0xf2,
    0xff, 0x50, 0x1f, 0xff, 0xff, 0xf2, 0xff, 0xf3,
    0x1f, 0xff, 0xff, 0xf1, 0x0, 0x0, 0x1f, 0xff,
    0xff, 0xff, 0xee, 0xe5, 0x1f, 0xff, 0xf5, 0xaf,
    0xff, 0xf6, 0x1f, 0xff, 0xf4, 0x8f, 0xff, 0xf6,
    0x1f, 0xff, 0xf5, 0x9f, 0xff, 0xf6, 0x1f, 0xff,
    0xe5, 0x4b, 0xcf, 0xf6, 0x1f, 0xff, 0x76, 0x53,
    0x26, 0xf6, 0x1f, 0xf6, 0x2d, 0xff, 0xef, 0xf6,
    0x1f, 0xc2, 0xcf, 0xff, 0xff, 0xf6, 0x1f, 0xff,
    0xff, 0xff, 0xff, 0xf6, 0xa, 0xcc, 0xcc, 0xcc,
    0xcc, 0xb3,

    /* U+F1C2 "" */
    0x0, 0x0, 0x0, 0x0, 0x0, 0xe, 0xff, 0xff,
    0xf2, 0xd1, 0x0, 0xff, 0xff, 0xff, 0x2f, 0xd1,
    0xf, 0xff, 0xff, 0xf2, 0xff, 0xd1, 0xff, 0xff,
    0xff, 0x27, 0x77, 0x3f, 0xff, 0xff, 0xfd, 0xaa,
    0xa5, 0xff, 0xff, 0xff, 0xff, 0xff, 0x8f, 0xff,
    0xff, 0xff, 0xff, 0xf8, 0xfe, 0xc, 0x70, 0xf5,
    0x6f, 0x8f, 0xf1, 0x93, 0xb, 0x19, 0xf8, 0xff,
    0x55, 0x4, 0x60, 0xdf, 0x8f, 0xf9, 0x2, 0x90,
    0x1f, 0xf8, 0xff, 0xd0, 0x6e, 0x5, 0xff, 0x8f,
    0xff, 0xff, 0xff, 0xff, 0xf8, 0xac, 0xcc, 0xcc,
    0xcc, 0xcb, 0x40,

    /* U+F1C3 "" */
    0x12, 0x22, 0x22, 0x1, 0x0, 0xf, 0xff, 0xff,
    0xf2, 0xe2, 0x0, 0xff, 0xff, 0xff, 0x2f, 0xe2,
    0xf, 0xff, 0xff, 0xf2, 0xff, 0xe2, 0xff, 0xff,
    0xff, 0x25, 0x55, 0x2f, 0xff, 0xff, 0xfe, 0xcc,
    0xc6, 0xff, 0xff, 0xff, 0xff, 0xff, 0x8f, 0xfd,
    0x8, 0xf1, 0x5f, 0xf8, 0xff, 0xf6, 0x17, 0xd,
    0xff, 0x8f, 0xff, 0xf1, 0x9, 0xff, 0xf8, 0xff,
    0xfe, 0x10, 0x8f, 0xff, 0x8f, 0xff, 0x61, 0x70,
    0xdf, 0xf8, 0xff, 0xd0, 0x9f, 0x15, 0xff, 0x8f,
    0xff, 0xff, 0xff, 0xff, 0xf8, 0xac, 0xcc, 0xcc,
    0xcc, 0xcb, 0x40,

    /* U+F1C4 "" */
    0x12, 0x22, 0x22, 0x1, 0x0, 0xf, 0xff, 0xff,
    0xf2, 0xc5, 0x0, 0xff, 0xff, 0xff, 0x2d, 0xf5,
    0xf, 0xff, 0xff, 0xf2, 0xdf, 0xf5, 0xff, 0xff,
    0xff, 0x33, 0x44, 0x2f, 0xff, 0xff, 0xff, 0xee,
    0xe9, 0xff, 0xff, 0xff, 0xff, 0xff, 0xbf, 0xff,
    0x0, 0x2, 0xdf, 0xfb, 0xff, 0xf0, 0x6b, 0x5,
    0xff, 0xbf, 0xff, 0x5, 0xa0, 0x5f, 0xfb, 0xff,
    0xf0, 0x0, 0x1c, 0xff, 0xbf, 0xff, 0x6, 0xef,
    0xff, 0xfb, 0xff, 0xf0, 0x7f, 0xff, 0xff, 0xbf,
    0xff, 0xff, 0xff, 0xff, 0xfb, 0xac, 0xcc, 0xcc,
    0xcc, 0xcc, 0x60,

    /* U+F1C5 "" */
    0x0, 0x0, 0x0, 0x0, 0x0, 0xe, 0xff, 0xff,
    0xf2, 0xc3, 0x0, 0xff, 0xff, 0xff, 0x2d, 0xf4,
    0xf, 0xff, 0xff, 0xf2, 0xdf, 0xf4, 0xff, 0xff,
    0xff, 0x33, 0x33, 0x2f, 0xfe, 0xdf, 0xff, 0xff,
    0xf9, 0xfe, 0x0, 0xaf, 0xff, 0xff, 0xaf, 0xe1,
    0xb, 0xff, 0xef, 0xfa, 0xff, 0xff, 0xff, 0xb0,
    0x8f, 0xaf, 0xfe, 0xcf, 0xb0, 0x1, 0xfa, 0xfe,
    0x20, 0x70, 0x0, 0x1f, 0xaf, 0xc0, 0x0, 0x0,
    0x1, 0xfa, 0xff, 0xff, 0xff, 0xff, 0xff, 0xaf,
    0xff, 0xff, 0xff, 0xff, 0xfa, 0x8a, 0xaa, 0xaa,
    0xaa, 0xaa, 0x40,

    /* U+F1C6 "" */
    0x57, 0x73, 0x57, 0x4, 0x0, 0xf, 0xfc, 0x8d,
    0xf2, 0xf5, 0x0, 0xff, 0xe8, 0xcf, 0x2f, 0xf5,
    0xf, 0xfa, 0x8f, 0xf2, 0xff, 0xf3, 0xff, 0xf8,
    0xbf, 0x22, 0x22, 0x1f, 0xfa, 0x8f, 0xff, 0xee,
    0xe6, 0xff, 0xf8, 0xaf, 0xff, 0xff, 0x7f, 0xf9,
    0x7f, 0xff, 0xff, 0xf7, 0xff, 0x70, 0x7f, 0xff,
    0xff, 0x7f, 0xf4, 0x4, 0xff, 0xff, 0xf7, 0xff,
    0x5f, 0x5f, 0xff, 0xff, 0x7f, 0xf7, 0x47, 0xff,
    0xff, 0xf7, 0xff, 0xff, 0xff, 0xff, 0xff, 0x7f,
    0xff, 0xff, 0xff, 0xff, 0xf7, 0x8a, 0xaa, 0xaa,
    0xaa, 0xaa, 0x30,

    /* U+F1C7 "" */
    0x12, 0x22, 0x22, 0x0, 0x0, 0xf, 0xff, 0xff,
    0xf2, 0xe2, 0x0, 0xff, 0xff, 0xff, 0x2f, 0xe3,
    0xf, 0xff, 0xff, 0xf2, 0xff, 0xf3, 0xff, 0xff,
    0xff, 0x24, 0x44, 0x2f, 0xff, 0xff, 0xff, 0xee,
    0xe7, 0xff, 0xff, 0xff, 0xff, 0xff, 0x8f, 0xff,
    0xff, 0xfd, 0x3f, 0xf8, 0xff, 0xe3, 0xd8, 0xd2,
    0x8f, 0x8f, 0xc0, 0xc, 0x12, 0x85, 0xf8, 0xfc,
    0x0, 0xc1, 0x29, 0x4f, 0x8f, 0xfe, 0x3d, 0x7c,
    0x28, 0xf8, 0xff, 0xff, 0xff, 0xd2, 0xff, 0x8f,
    0xff, 0xff, 0xff, 0xff, 0xf8, 0xac, 0xcc, 0xcc,
    0xcc, 0xcb, 0x40,

    /* U+F1C8 "" */
    0x0, 0x0, 0x0, 0x0, 0x0, 0xe, 0xff, 0xff,
    0xf2, 0xc3, 0x0, 0xff, 0xff, 0xff, 0x2d, 0xf4,
    0xf, 0xff, 0xff, 0xf2, 0xdf, 0xf4, 0xff, 0xff,
    0xff, 0x33, 0x33, 0x2f, 0xff, 0xff, 0xff, 0xff,
    0xfa, 0xff, 0xff, 0xff, 0xff, 0xff, 0xaf, 0xff,
    0xff, 0xff, 0xff, 0xfa, 0xfd, 0x0, 0x0, 0xc5,
    0x2f, 0xaf, 0xc0, 0x0, 0x2, 0x1, 0xfa, 0xfc,
    0x0, 0x0, 0x20, 0x1f, 0xaf, 0xd0, 0x0, 0xc,
    0x51, 0xfa, 0xff, 0xff, 0xff, 0xff, 0xef, 0xaf,
    0xff, 0xff, 0xff, 0xff, 0xfa, 0x8a, 0xaa, 0xaa,
    0xaa, 0xaa, 0x50,

    /* U+F1C9 "" */
    0x1, 0x11, 0x11, 0x0, 0x0, 0xe, 0xff, 0xff,
    0xf2, 0xb4, 0x0, 0xff, 0xff, 0xff, 0x2c, 0xf5,
    0xf, 0xff, 0xff, 0xf2, 0xcf, 0xf5, 0xff, 0xff,
    0xff, 0x33, 0x44, 0x2f, 0xff, 0xff, 0xff, 0xee,
    0xea, 0xff, 0xff, 0xff, 0xff, 0xff, 0xbf, 0xff,
    0xff, 0x74, 0xff, 0xfb, 0xff, 0xd8, 0xf2, 0x76,
    0xef, 0xbf, 0xc1, 0x9d, 0xd, 0x62, 0xeb, 0xfc,
    0x19, 0x93, 0xf6, 0x2e, 0xbf, 0xfc, 0x74, 0x8f,
    0x6e, 0xfb, 0xff, 0xff, 0x1e, 0xff, 0xff, 0xbf,
    0xff, 0xff, 0xff, 0xff, 0xfb, 0x9b, 0xbb, 0xbb,
    0xbb, 0xbb, 0x60,

    /* U+F1CA "" */
    0x0, 0x0, 0x0, 0x1, 0x0, 0x0, 0x0, 0x0,
    0x1b, 0xff, 0x90, 0x55, 0x0, 0x9, 0xfc, 0xef,
    0x4d, 0xf2, 0x0, 0xdf, 0x7, 0xf6, 0xaf, 0x50,
    0xe, 0xf0, 0x8f, 0x67, 0xf8, 0x0, 0xbf, 0x45,
    0xd2, 0x3f, 0xc0, 0x4, 0xfe, 0x51, 0x10, 0xef,
    0x20, 0x6, 0xff, 0xf8, 0x8, 0xfa, 0x0, 0x1f,
    0xf5, 0x20, 0x1f, 0xf3, 0xa, 0xf7, 0x0, 0x0,
    0x7f, 0xd8, 0xfb, 0x0, 0x0, 0x0, 0xbf, 0xfd,
    0x10, 0x0, 0x0, 0x0, 0x9a, 0x10, 0x0, 0x0,

    /* U+F1CB "" */
    0x0, 0x0, 0x0, 0x2, 0x0, 0x0, 0x0, 0x0,
    0x0, 0x0, 0x3d, 0xf8, 0x0, 0x0, 0x0, 0x0,
    0x0, 0x9f, 0xce, 0xdd, 0x30, 0x0, 0x0, 0x4,
    0xec, 0x36, 0xd0, 0x8f, 0x90, 0x0, 0x1a, 0xf7,
    0x0, 0x6d, 0x0, 0x3c, 0xe4, 0xe, 0xf2, 0x0,
    0x1b, 0xf4, 0x0, 0xa, 0xf5, 0xff, 0xd4, 0x5e,
    0xc8, 0xfa, 0x29, 0xff, 0x7f, 0x4a, 0xff, 0x80,
    0x2, 0xef, 0xe3, 0xc7, 0xf9, 0xfb, 0xde, 0x41,
    0xaf, 0xaf, 0xbd, 0x7f, 0xf6, 0x0, 0x7f, 0xfc,
    0x20, 0x2c, 0xf7, 0x7f, 0x91, 0x0, 0x6d, 0x0,
    0x5, 0xec, 0x20, 0x2c, 0xe5, 0x6, 0xd0, 0x1a,
    0xf7, 0x0, 0x0, 0x7, 0xfb, 0x7d, 0x6f, 0xb2,
    0x0, 0x0, 0x0, 0x2, 0xbf, 0xfe, 0x60, 0x0,
    0x0, 0x0, 0x0, 0x0, 0x69, 0x10, 0x0, 0x0,
    0x0,

    /* U+F1CC "" */
    0x0, 0x0, 0x0, 0x2, 0x67, 0x40, 0x0, 0x0,
    0x0, 0x0, 0x0, 0x85, 0x10, 0x49, 0x20, 0x0,
    0x0, 0x16, 0x58, 0x0, 0x0, 0x0, 0x80, 0x0,
    0x1, 0x81, 0x32, 0x0, 0x0, 0x0, 0x17, 0x0,
    0x6, 0x0, 0x0, 0x0, 0x0, 0x0, 0x7, 0x0,
    0x9, 0x0, 0x57, 0x81, 0x8, 0x86, 0x6, 0x50,
    0x61, 0x0, 0x70, 0x8, 0x20, 0x6, 0x10, 0x63,
    0x70, 0x0, 0x80, 0x2, 0x81, 0x7, 0x10, 0x7,
    0x70, 0x0, 0x47, 0x71, 0x7, 0x75, 0x0, 0x7,
    0x44, 0x0, 0x0, 0x0, 0x0, 0x0, 0x0, 0x72,
    0x5, 0x77, 0x77, 0x77, 0x87, 0x77, 0x78, 0x30,

    /* U+F1CD "" */
    0x0, 0x0, 0x0, 0x0, 0x0, 0x0, 0x0, 0x0,
    0x1, 0x8d, 0xff, 0xd8, 0x10, 0x0, 0x0, 0x5f,
    0xff, 0xff, 0xff, 0xf5, 0x0, 0x4, 0xd3, 0xef,
    0xff, 0xfd, 0x3d, 0x40, 0xe, 0x90, 0x2f, 0xff,
    0xf2, 0x9, 0xe0, 0x6f, 0xf8, 0xaa, 0x33, 0xaa,
    0x8f, 0xf6, 0xaf, 0xff, 0xb0, 0x0, 0xb, 0xff,
    0xfa, 0xcf, 0xff, 0x60, 0x0, 0x6, 0xff, 0xfc,
    0xbf, 0xff, 0x90, 0x0, 0x9, 0xff, 0xfb, 0x8f,
    0xfc, 0xd5, 0x0, 0x5d, 0xcf, 0xf7, 0x2f, 0xc0,
    0x1f, 0xee, 0xf1, 0xb, 0xf2, 0x8, 0xb0, 0xbf,
    0xff, 0xfb, 0xa, 0x80, 0x0, 0x9e, 0xff, 0xff,
    0xff, 0xe9, 0x0, 0x0, 0x5, 0xdf, 0xff, 0xfd,
    0x50, 0x0, 0x0, 0x0, 0x2, 0x44, 0x20, 0x0,
    0x0,

    /* U+F1CE "" */
    0x0, 0x0, 0x7a, 0x0, 0xa7, 0x0, 0x0, 0x0,
    0x3e, 0xff, 0x11, 0xff, 0xe3, 0x0, 0x3, 0xff,
    0x81, 0x0, 0x18, 0xff, 0x30, 0xd, 0xf4, 0x0,
    0x0, 0x0, 0x5f, 0xd0, 0x5f, 0x80, 0x0, 0x0,
    0x0, 0x9, 0xf5, 0xaf, 0x20, 0x0, 0x0, 0x0,
    0x2, 0xfa, 0xcf, 0x0, 0x0, 0x0, 0x0, 0x0,
    0xfc, 0xbf, 0x0, 0x0, 0x0, 0x0, 0x0, 0xfb,
    0x8f, 0x40, 0x0, 0x0, 0x0, 0x4, 0xf8, 0x3f,
    0xb0, 0x0, 0x0, 0x0, 0xc, 0xf2, 0xa, 0xf9,
    0x0, 0x0, 0x0, 0x9f, 0xa0, 0x0, 0xcf, 0xc6,
    0x22, 0x6c, 0xfd, 0x0, 0x0, 0x9, 0xff, 0xff,
    0xff, 0x90, 0x0, 0x0, 0x0, 0x26, 0x98, 0x61,
    0x0, 0x0,

    /* U+F1D0 "" */
    0x0, 0x0, 0x0, 0x0, 0x0, 0x0, 0x0, 0x0,
    0x0, 0x0, 0x86, 0x0, 0x0, 0x0, 0x0, 0x11,
    0x1, 0xff, 0x0, 0x22, 0x0, 0x1, 0x90, 0x4c,
    0xdc, 0xc3, 0xa, 0x20, 0xb, 0x40, 0xb, 0xff,
    0xa0, 0x6, 0xd0, 0x3f, 0x10, 0x2, 0xff, 0x10,
    0x2, 0xf4, 0x7f, 0x20, 0x0, 0xee, 0x0, 0x3,
    0xf8, 0x9f, 0x90, 0x0, 0xff, 0x0, 0xa, 0xf9,
    0x9f, 0xf7, 0x18, 0xff, 0x71, 0x8f, 0xf9, 0x6f,
    0xff, 0xff, 0xff, 0xff, 0xff, 0xf7, 0x1f, 0xff,
    0xff, 0xff, 0xff, 0xff, 0xf2, 0x8, 0xff, 0xff,
    0xff, 0xff, 0xff, 0xa0, 0x0, 0xbf, 0xff, 0xff,
    0xff, 0xfd, 0x0, 0x0, 0x8, 0xff, 0xff, 0xff,
    0x90, 0x0, 0x0, 0x0, 0x15, 0x77, 0x51, 0x0,
    0x0,

    /* U+F1D1 "" */
    0x0, 0x0, 0x0, 0x21, 0x0, 0x0, 0x0, 0x0,
    0x4, 0x6a, 0x8a, 0x85, 0x10, 0x0, 0x0, 0x69,
    0xfb, 0x3, 0xfc, 0x73, 0x0, 0x6, 0xae, 0x50,
    0x10, 0x19, 0xf7, 0x20, 0x35, 0x52, 0x0, 0xd6,
    0x0, 0x46, 0x60, 0x58, 0x4, 0x40, 0xb4, 0x7,
    0x1, 0x83, 0x8f, 0x7, 0xec, 0xff, 0xcc, 0x26,
    0xb5, 0xad, 0x0, 0x2f, 0xff, 0xb0, 0x4, 0xd5,
    0x9e, 0x1, 0x8f, 0xff, 0xd4, 0x5, 0xd5, 0x6b,
    0x8, 0xb4, 0xd9, 0x5e, 0x23, 0xa4, 0x56, 0x0,
    0x0, 0xc5, 0x0, 0x3, 0x80, 0x7, 0xb9, 0x0,
    0x84, 0x3, 0xc9, 0x40, 0x1, 0x8d, 0xe7, 0x1,
    0xaf, 0xa6, 0x0, 0x0, 0x16, 0x99, 0x58, 0xa8,
    0x40, 0x0, 0x0, 0x0, 0x15, 0x55, 0x40, 0x0,
    0x0,

    /* U+F1D2 "" */
    0x38, 0x88, 0x88, 0x88, 0x88, 0x84, 0xe, 0xff,
    0xff, 0xff, 0xff, 0xff, 0xf0, 0xff, 0xff, 0xff,
    0xff, 0xff, 0xff, 0x1f, 0xff, 0xff, 0xf3, 0xdd,
    0xff, 0xf1, 0xff, 0xff, 0xef, 0xbe, 0x4b, 0xff,
    0x1f, 0xf3, 0x20, 0x80, 0x71, 0x4e, 0xf1, 0xfe,
    0x1d, 0x1f, 0x3b, 0x3e, 0xff, 0x1f, 0xf3, 0x6a,
    0xf3, 0xb3, 0xaf, 0xf1, 0xfe, 0x0, 0x1a, 0x49,
    0xa5, 0xdf, 0x1f, 0xd3, 0xa2, 0xcf, 0xff, 0xff,
    0xf1, 0xff, 0xca, 0xdf, 0xff, 0xff, 0xff, 0x1f,
    0xff, 0xff, 0xff, 0xff, 0xff, 0xf1, 0x9f, 0xff,
    0xff, 0xff, 0xff, 0xfa, 0x0,

    /* U+F1D3 "" */
    0x0, 0x0, 0x0, 0xc, 0x90, 0x0, 0x0, 0x0,
    0x0, 0x0, 0xe, 0xb0, 0x1d, 0x0, 0x0, 0x0,
    0x0, 0x1, 0x0, 0x9f, 0x31, 0x2c, 0xff, 0xfd,
    0x7f, 0xd7, 0xff, 0xfa, 0xbe, 0x26, 0xf2, 0xd,
    0xd0, 0xaf, 0x0, 0xbe, 0x16, 0xf4, 0xd, 0xd0,
    0xaf, 0x0, 0x3f, 0xff, 0xa0, 0xd, 0xd0, 0xaf,
    0x0, 0x9e, 0x65, 0x20, 0x2d, 0xe2, 0x8f, 0xa8,
    0xaf, 0xff, 0xf8, 0x6a, 0xa6, 0x19, 0xa6, 0xd7,
    0x23, 0xec, 0x0, 0x0, 0x0, 0x0, 0xbe, 0xbd,
    0xf5, 0x0, 0x0, 0x0, 0x0, 0x2, 0x43, 0x0,
    0x0, 0x0, 0x0, 0x0,

    /* U+F1D4 "" */
    0x99, 0x99, 0x99, 0x99, 0x99, 0x99, 0x2f, 0xff,
    0xff, 0xff, 0xff, 0xff, 0xf4, 0xff, 0xff, 0xff,
    0xff, 0xff, 0xff, 0x4f, 0xff, 0xc4, 0xff, 0x98,
    0xff, 0xf4, 0xff, 0xff, 0x3b, 0xf2, 0xef, 0xff,
    0x4f, 0xff, 0xfb, 0x49, 0x7f, 0xff, 0xf4, 0xff,
    0xff, 0xf3, 0x3e, 0xff, 0xff, 0x4f, 0xff, 0xff,
    0xa6, 0xff, 0xff, 0xf4, 0xff, 0xff, 0xfb, 0x7f,
    0xff, 0xff, 0x4f, 0xff, 0xff, 0xb7, 0xff, 0xff,
    0xf4, 0xff, 0xff, 0xfe, 0xdf, 0xff, 0xff, 0x4f,
    0xff, 0xff, 0xff, 0xff, 0xff, 0xf4, 0xff, 0xff,
    0xff, 0xff, 0xff, 0xff, 0x30,

    /* U+F1D5 "" */
    0x0, 0x0, 0x0, 0x0, 0x0, 0x0, 0x2a, 0xdc,
    0xc6, 0x0, 0x2, 0xd4, 0x0, 0x8, 0x90, 0xc,
    0x20, 0x0, 0x0, 0x95, 0x2b, 0x0, 0xcf, 0x60,
    0x2a, 0x48, 0x2, 0xff, 0xc0, 0xc, 0x2a, 0x6,
    0xde, 0x50, 0x2b, 0x9, 0x3c, 0x0, 0x0, 0x95,
    0x0, 0xb2, 0x0, 0x8, 0xa0, 0x2, 0xb0, 0xcb,
    0xc7, 0x0, 0x7, 0x50, 0x0, 0x0, 0x0, 0xa,
    0x10, 0x0, 0x0, 0x0, 0xc, 0x0, 0x0, 0x0,
    0x0, 0xc, 0x0, 0x0, 0x0, 0x0, 0xb, 0x0,
    0x0, 0x0, 0x0,

    /* U+F1D6 "" */
    0x0, 0x0, 0x0, 0x10, 0x0, 0x0, 0x0, 0x0,
    0x3c, 0xff, 0xe8, 0x0, 0x0, 0x0, 0x1e, 0xff,
    0xff, 0xf8, 0x0, 0x0, 0x9, 0xff, 0xff, 0xff,
    0xf1, 0x0, 0x0, 0xef, 0xff, 0xff, 0xff, 0x60,
    0x0, 0x1f, 0xff, 0xff, 0xff, 0xf9, 0x0, 0x2,
    0xff, 0xff, 0xff, 0xff, 0xa0, 0x0, 0x7f, 0xff,
    0xff, 0xff, 0xfe, 0x0, 0xd, 0xff, 0xff, 0xff,
    0xff, 0xf5, 0x2, 0xff, 0xff, 0xff, 0xff, 0xff,
    0xa0, 0x6f, 0xff, 0xff, 0xff, 0xff, 0xfe, 0x9,
    0x8f, 0xff, 0xff, 0xff, 0xfb, 0xd1, 0x20, 0xdf,
    0xff, 0xff, 0xff, 0x41, 0x0, 0x3, 0xff, 0xff,
    0xff, 0xb0, 0x0, 0x0, 0xbd, 0xdc, 0xcd, 0xdd,
    0x50, 0x0,

    /* U+F1D7 "" */
    0x0, 0x0, 0x35, 0x41, 0x0, 0x0, 0x0, 0x0,
    0x0, 0x7e, 0xff, 0xff, 0xa1, 0x0, 0x0, 0x0,
    0x9, 0xff, 0xff, 0xff, 0xfe, 0x20, 0x0, 0x0,
    0x4f, 0xf4, 0x7f, 0xf0, 0xcf, 0xb0, 0x0, 0x0,
    0x9f, 0xfe, 0xef, 0xfd, 0xda, 0xa3, 0x0, 0x0,
    0x9f, 0xff, 0xff, 0xfa, 0xbf, 0xff, 0xf8, 0x0,
    0x5f, 0xff, 0xff, 0xbd, 0xfe, 0xff, 0xff, 0x90,
    0xc, 0xff, 0xff, 0xaf, 0xf3, 0xfe, 0x4f, 0xf3,
    0x1, 0xcf, 0xff, 0xaf, 0xff, 0xff, 0xff, 0xf5,
    0x0, 0xb9, 0x8a, 0x9f, 0xff, 0xff, 0xff, 0xf2,
    0x0, 0x10, 0x0, 0x1e, 0xff, 0xff, 0xff, 0xa0,
    0x0, 0x0, 0x0, 0x2, 0xdf, 0xff, 0xfb, 0x0,
    0x0, 0x0, 0x0, 0x0, 0x3, 0x65, 0x37, 0x0,

    /* U+F1D8 "" */
    0x0, 0x0, 0x0, 0x0, 0x0, 0x0, 0x0, 0x20,
    0x0, 0x0, 0x0, 0x0, 0x0, 0x0, 0x4d, 0xf0,
    0x0, 0x0, 0x0, 0x0, 0x0, 0x2b, 0xff, 0xd0,
    0x0, 0x0, 0x0, 0x0, 0x19, 0xff, 0xdf, 0xa0,
    0x0, 0x0, 0x0, 0x6, 0xef, 0xe6, 0xff, 0x80,
    0x0, 0x0, 0x4, 0xdf, 0xfd, 0x3d, 0xff, 0x50,
    0x0, 0x2, 0xaf, 0xff, 0xc1, 0xbf, 0xff, 0x20,
    0x0, 0x8f, 0xff, 0xfb, 0x9, 0xff, 0xff, 0x0,
    0xd, 0xff, 0xff, 0x90, 0x6f, 0xff, 0xfd, 0x0,
    0x5, 0xcf, 0xf7, 0x4, 0xff, 0xff, 0xfa, 0x0,
    0x0, 0x3, 0x40, 0x2e, 0xff, 0xff, 0xf8, 0x0,
    0x0, 0x0, 0x0, 0xdf, 0xff, 0xff, 0xf5, 0x0,
    0x0, 0x0, 0x3, 0xff, 0xbb, 0xff, 0xf2, 0x0,
    0x0, 0x0, 0x3, 0xfc, 0x0, 0x29, 0xc0, 0x0,
    0x0, 0x0, 0x1, 0xa1, 0x0, 0x0, 0x0, 0x0,

    /* U+F1DA "" */
    0x0, 0x0, 0x0, 0x0, 0x0, 0x0, 0x0, 0x71,
    0x1, 0x8d, 0xff, 0xd8, 0x10, 0x0, 0xdd, 0x6f,
    0xfe, 0xcc, 0xff, 0xe4, 0x0, 0xdf, 0xff, 0x60,
    0x0, 0x7, 0xff, 0x30, 0xdf, 0xfd, 0x10, 0x76,
    0x0, 0x4f, 0xd0, 0xdf, 0xff, 0xc0, 0xed, 0x0,
    0x9, 0xf5, 0x23, 0x33, 0x20, 0xed, 0x0, 0x3,
    0xf9, 0x0, 0x0, 0x0, 0xed, 0x0, 0x0, 0xfb,
    0x0, 0x0, 0x0, 0xdf, 0xb0, 0x1, 0xfa, 0x0,
    0x0, 0x0, 0x1c, 0xf1, 0x5, 0xf7, 0x0, 0x0,
    0x0, 0x0, 0x10, 0xc, 0xf2, 0x0, 0x4, 0x0,
    0x0, 0x0, 0xaf, 0x90, 0x0, 0x6f, 0xc5, 0x23,
    0x6d, 0xfc, 0x0, 0x0, 0x1a, 0xff, 0xff, 0xff,
    0x90, 0x0, 0x0, 0x0, 0x27, 0x98, 0x61, 0x0,
    0x0,

    /* U+F1DC "" */
    0x39, 0x99, 0x96, 0x0, 0x39, 0x99, 0x96, 0x7f,
    0xff, 0xfb, 0x0, 0x7f, 0xff, 0xfb, 0x4, 0xff,
    0x81, 0x0, 0x4, 0xff, 0x81, 0x2, 0xff, 0x70,
    0x0, 0x2, 0xff, 0x70, 0x2, 0xff, 0x70, 0x0,
    0x2, 0xff, 0x70, 0x2, 0xff, 0x70, 0x0, 0x3,
    0xff, 0x70, 0x2, 0xff, 0xff, 0xff, 0xff, 0xff,
    0x70, 0x2, 0xff, 0xdb, 0xbb, 0xbc, 0xff, 0x70,
    0x2, 0xff, 0x70, 0x0, 0x2, 0xff, 0x70, 0x2,
    0xff, 0x70, 0x0, 0x2, 0xff, 0x70, 0x2, 0xff,
    0x70, 0x0, 0x2, 0xff, 0x70, 0x5d, 0xff, 0xe8,
    0x0, 0x5d, 0xff, 0xe8, 0x6f, 0xff, 0xfa, 0x0,
    0x6f, 0xff, 0xfa,

    /* U+F1DD "" */
    0x0, 0x3, 0x89, 0x99, 0x99, 0x99, 0x10, 0x9,
    0xff, 0xff, 0xff, 0xff, 0xf2, 0x8, 0xff, 0xff,
    0xfd, 0x6f, 0x82, 0x0, 0xff, 0xff, 0xff, 0xd4,
    0xf7, 0x0, 0x2f, 0xff, 0xff, 0xfd, 0x4f, 0x70,
    0x1, 0xff, 0xff, 0xff, 0xd4, 0xf7, 0x0, 0xc,
    0xff, 0xff, 0xfd, 0x4f, 0x70, 0x0, 0x3f, 0xff,
    0xff, 0xd4, 0xf7, 0x0, 0x0, 0x3c, 0xff, 0xfd,
    0x4f, 0x70, 0x0, 0x0, 0x1, 0x2e, 0xd4, 0xf7,
    0x0, 0x0, 0x0, 0x0, 0xed, 0x4f, 0x70, 0x0,
    0x0, 0x0, 0xe, 0xd4, 0xf7, 0x0, 0x0, 0x0,
    0x0, 0x87, 0x2a, 0x30, 0x0,

    /* U+F1DE "" */
    0x0, 0x0, 0x0, 0x77, 0x0, 0x0, 0x0, 0xab,
    0xbb, 0xbb, 0xff, 0xbb, 0xbb, 0xba, 0xff, 0xff,
    0xff, 0xff, 0xff, 0xff, 0xff, 0x0, 0x0, 0x0,
    0xcc, 0x0, 0x0, 0x0, 0x0, 0x0, 0x0, 0x0,
    0x0, 0x0, 0x0, 0x0, 0x0, 0x0, 0x0, 0x5,
    0xe5, 0x0, 0xff, 0xff, 0xff, 0xff, 0xff, 0xff,
    0xff, 0xab, 0xbb, 0xbb, 0xbb, 0xbd, 0xfd, 0xba,
    0x0, 0x0, 0x0, 0x0, 0x2, 0x92, 0x0, 0x0,
    0x29, 0x20, 0x0, 0x0, 0x0, 0x0, 0xbc, 0xdf,
    0xdc, 0xcc, 0xcc, 0xcc, 0xcb, 0xff, 0xff, 0xff,
    0xff, 0xff, 0xff, 0xff, 0x0, 0x4d, 0x40, 0x0,
    0x0, 0x0, 0x0,

    /* U+F1E0 "" */
    0x0, 0x0, 0x0, 0x0, 0x3, 0x10, 0x0, 0x0,
    0x0, 0x0, 0x3e, 0xff, 0x60, 0x0, 0x0, 0x0,
    0xc, 0xff, 0xff, 0x10, 0x0, 0x0, 0x0, 0xff,
    0xff, 0xf3, 0x0, 0x0, 0x1, 0xbf, 0xff, 0xfe,
    0x0, 0x9d, 0xa7, 0xff, 0xbb, 0xfc, 0x30, 0x9f,
    0xff, 0xfe, 0x60, 0x0, 0x0, 0xe, 0xff, 0xff,
    0x40, 0x0, 0x0, 0x0, 0xdf, 0xff, 0xf7, 0x0,
    0x0, 0x0, 0x5, 0xff, 0xff, 0xfc, 0x21, 0x53,
    0x0, 0x3, 0x64, 0x1a, 0xff, 0xff, 0xf8, 0x0,
    0x0, 0x0, 0x4, 0xff, 0xff, 0xf1, 0x0, 0x0,
    0x0, 0xf, 0xff, 0xff, 0x30, 0x0, 0x0, 0x0,
    0x9f, 0xff, 0xd0, 0x0, 0x0, 0x0, 0x0, 0x8c,
    0xa2, 0x0,

    /* U+F1E1 "" */
    0x2, 0x22, 0x22, 0x22, 0x22, 0x20, 0xc, 0xff,
    0xff, 0xff, 0xff, 0xff, 0xe1, 0xff, 0xff, 0xff,
    0xff, 0xdf, 0xff, 0x3f, 0xff, 0xff, 0xff, 0x20,
    0x7f, 0xf4, 0xff, 0xff, 0xff, 0xb0, 0x3, 0xff,
    0x4f, 0xff, 0x88, 0x63, 0x76, 0xdf, 0xf4, 0xff,
    0x80, 0x6, 0xff, 0xff, 0xff, 0x4f, 0xf9, 0x0,
    0x3c, 0xfe, 0xff, 0xf4, 0xff, 0xfc, 0xdc, 0x31,
    0x8, 0xff, 0x4f, 0xff, 0xff, 0xfd, 0x0, 0x3f,
    0xf4, 0xff, 0xff, 0xff, 0xf5, 0x1a, 0xff, 0x4f,
    0xff, 0xff, 0xff, 0xff, 0xff, 0xf3, 0x8e, 0xee,
    0xee, 0xee, 0xee, 0xeb, 0x0,

    /* U+F1E2 "" */
    0x0, 0x0, 0x0, 0x0, 0x0, 0x0, 0x10, 0x0,
    0x0, 0x0, 0x0, 0x0, 0x49, 0x94, 0x0, 0x0,
    0x0, 0x0, 0x0, 0x4, 0x59, 0x0, 0x3, 0x8a,
    0x95, 0x87, 0x49, 0x64, 0x0, 0xaf, 0xff, 0xff,
    0xff, 0xc0, 0x1, 0xb, 0xfe, 0xbf, 0xff, 0xff,
    0xf5, 0x0, 0x5f, 0xd2, 0x6e, 0xff, 0xff, 0xf3,
    0x0, 0xcf, 0x5a, 0xff, 0xff, 0xff, 0xf1, 0x0,
    0xff, 0x7f, 0xff, 0xff, 0xff, 0xf4, 0x0, 0xff,
    0xff, 0xff, 0xff, 0xff, 0xf5, 0x0, 0xdf, 0xff,
    0xff, 0xff, 0xff, 0xf2, 0x0, 0x7f, 0xff, 0xff,
    0xff, 0xff, 0xd0, 0x0, 0xd, 0xff, 0xff, 0xff,
    0xff, 0x40, 0x0, 0x1, 0xdf, 0xff, 0xff, 0xf5,
    0x0, 0x0, 0x0, 0x6, 0xbd, 0xc8, 0x10, 0x0,
    0x0,

    /* U+F1E3 "" */
    0x0, 0x0, 0x0, 0x0, 0x0, 0x0, 0x0, 0x0,
    0x1, 0x8d, 0xff, 0xd8, 0x10, 0x0, 0x0, 0x4f,
    0xee, 0xff, 0xee, 0xf4, 0x0, 0x4, 0xf9, 0xb,
    0xff, 0xb0, 0x9f, 0x40, 0xe, 0xe4, 0x0, 0x44,
    0x0, 0x4e, 0xe0, 0x6f, 0xfb, 0x0, 0x11, 0x0,
    0xbf, 0xf6, 0xaf, 0xfe, 0x4, 0xee, 0x50, 0xef,
    0xfa, 0xcf, 0xe3, 0xf, 0xff, 0xf0, 0x3e, 0xfc,
    0xb9, 0x10, 0xb, 0xff, 0xb0, 0x1, 0x9b, 0x8d,
    0x0, 0x4, 0xaa, 0x40, 0x0, 0xd8, 0x3f, 0x9d,
    0xb2, 0x0, 0x2b, 0xd9, 0xf3, 0xa, 0xff, 0xfa,
    0x0, 0xaf, 0xff, 0xa0, 0x0, 0xcf, 0xfd, 0x0,
    0xcf, 0xfc, 0x0, 0x0, 0x8, 0xff, 0xdd, 0xff,
    0x80, 0x0, 0x0, 0x0, 0x15, 0x77, 0x51, 0x0,
    0x0,

    /* U+F1E4 "" */
    0x0, 0x0, 0x0, 0x0, 0x0, 0x0, 0x0, 0x0,
    0x0, 0x5b, 0xef, 0xff, 0xc7, 0x10, 0x0, 0x4,
    0xdf, 0xff, 0xff, 0xff, 0xff, 0x60, 0x7, 0xff,
    0xfa, 0x20, 0x1, 0x7f, 0xff, 0xa0, 0xcf, 0xff,
    0x90, 0x0, 0x4, 0xff, 0xff, 0x13, 0xff, 0xd5,
    0x0, 0x0, 0x2c, 0xff, 0x60, 0x5, 0x40, 0x0,
    0x0, 0x0, 0x2, 0x60, 0x0, 0x0, 0x0, 0x0,
    0x0, 0x0, 0x0, 0x0, 0x1f, 0xa6, 0xf5, 0xcf,
    0x1f, 0xa7, 0xf4, 0x0, 0xb7, 0x4b, 0x38, 0xa0,
    0xb7, 0x4b, 0x20, 0x0, 0x57, 0x7, 0x42, 0x72,
    0x56, 0x0, 0x0, 0xc, 0xf1, 0xfa, 0x6f, 0x5c,
    0xf0, 0x0, 0x0, 0x12, 0x2, 0x10, 0x20, 0x12,
    0x0, 0x0, 0xfa, 0x6f, 0xff, 0xff, 0xfa, 0x6f,
    0x40, 0xb, 0x74, 0xcc, 0xcc, 0xcc, 0x75, 0xb3,
    0x0,

    /* U+F1E5 "" */
    0x0, 0x29, 0x91, 0x0, 0x19, 0x92, 0x0, 0x0,
    0x6f, 0xf3, 0x0, 0x4f, 0xf6, 0x0, 0x0, 0x12,
    0x20, 0x0, 0x2, 0x21, 0x0, 0x1, 0xef, 0xf3,
    0xec, 0x4f, 0xfe, 0x10, 0x5, 0xff, 0xf3, 0xed,
    0x4f, 0xff, 0x50, 0x8, 0xff, 0xf3, 0xed, 0x4f,
    0xff, 0x80, 0xe, 0xff, 0xf3, 0xed, 0x4f, 0xff,
    0xe0, 0x6f, 0xff, 0xa1, 0x65, 0x1a, 0xff, 0xf5,
    0xbf, 0xff, 0x60, 0x0, 0x6, 0xff, 0xfa, 0xef,
    0xff, 0x60, 0x0, 0x6, 0xff, 0xfd, 0xff, 0xff,
    0x60, 0x0, 0x6, 0xff, 0xff, 0xff, 0xff, 0x50,
    0x0, 0x5, 0xff, 0xff, 0x7a, 0xa9, 0x10, 0x0,
    0x1, 0x9a, 0xa7,

    /* U+F1E6 "" */
    0x0, 0x10, 0x0, 0x1, 0x0, 0x0, 0x2f, 0x60,
    0x0, 0xea, 0x0, 0x4, 0xf8, 0x0, 0xf, 0xc0,
    0x0, 0x4f, 0x80, 0x0, 0xfc, 0x0, 0x3, 0xc6,
    0x0, 0xc, 0x90, 0xb, 0xcc, 0xcc, 0xcc, 0xcc,
    0xc5, 0xef, 0xff, 0xff, 0xff, 0xff, 0x61, 0xff,
    0xff, 0xff, 0xff, 0x90, 0xf, 0xff, 0xff, 0xff,
    0xf8, 0x0, 0xbf, 0xff, 0xff, 0xff, 0x30, 0x3,
    0xff, 0xff, 0xff, 0xa0, 0x0, 0x3, 0xcf, 0xff,
    0x80, 0x0, 0x0, 0x0, 0xaf, 0x20, 0x0, 0x0,
    0x0, 0xa, 0xf2, 0x0, 0x0, 0x0, 0x0, 0x8d,
    0x10, 0x0, 0x0,

    /* U+F1E7 "" */
    0x0, 0x0, 0x0, 0x0, 0x0, 0x0, 0x0, 0x0,
    0xac, 0xbb, 0xbb, 0xbb, 0xbb, 0xbd, 0x30, 0xc,
    0x0, 0x0, 0x0, 0x0, 0x0, 0x39, 0x0, 0xc0,
    0x0, 0x0, 0x0, 0x0, 0x1, 0x90, 0xc, 0x0,
    0x0, 0x0, 0x0, 0x0, 0x19, 0x0, 0xc0, 0x1c,
    0xf7, 0x1d, 0xf8, 0x1, 0x90, 0xc, 0x5, 0xff,
    0xe6, 0xff, 0xf0, 0x19, 0x5, 0xc0, 0x1d, 0xf8,
    0x1d, 0xf9, 0x1, 0xd2, 0x2d, 0xb6, 0x34, 0x20,
    0x34, 0x48, 0xd8, 0x0, 0x7, 0xef, 0xff, 0xdf,
    0xff, 0xc3, 0x0, 0x0, 0xc, 0xff, 0xfe, 0xff,
    0xf5, 0x0, 0x0, 0x0, 0xff, 0xff, 0xaf, 0xff,
    0x70, 0x0, 0x0, 0xd, 0xff, 0xfa, 0xff, 0xf6,
    0x0, 0x0, 0x0, 0x7f, 0xff, 0x9f, 0xfe, 0x10,
    0x0, 0x0, 0x0, 0x7b, 0x52, 0xba, 0x20, 0x0,
    0x0,

    /* U+F1E8 "" */
    0x2, 0x22, 0x22, 0x22, 0x22, 0x22, 0x3f, 0xff,
    0xff, 0xff, 0xff, 0xff, 0x9f, 0x10, 0x0, 0x0,
    0x0, 0x2f, 0xcf, 0x10, 0x2, 0x0, 0x20, 0x2f,
    0xcf, 0x10, 0xf, 0x11, 0xf0, 0x2f, 0xcf, 0x10,
    0xf, 0x11, 0xf0, 0x2f, 0xcf, 0x10, 0xf, 0x11,
    0xf0, 0x2f, 0xcf, 0x10, 0x0, 0x0, 0x0, 0x4f,
    0xcf, 0x10, 0x0, 0x0, 0x4, 0xf7, 0xcf, 0xdd,
    0x64, 0xcd, 0xdf, 0x60, 0xcf, 0xff, 0xcf, 0xff,
    0xf6, 0x0, 0x11, 0x1d, 0xfd, 0x21, 0x10, 0x0,
    0x0, 0x8, 0xa1, 0x0, 0x0, 0x0,

    /* U+F1E9 "" */
    0x0, 0x0, 0x1, 0x0, 0x0, 0x0, 0x0, 0x4b,
    0xff, 0x20, 0x0, 0x0, 0x0, 0xcf, 0xff, 0x30,
    0x0, 0x0, 0x0, 0x4f, 0xff, 0x30, 0x0, 0x0,
    0x0, 0xa, 0xff, 0x30, 0x0, 0x0, 0x0, 0x2,
    0xff, 0x30, 0x19, 0x0, 0x0, 0x0, 0x8f, 0x30,
    0xbf, 0xa0, 0x7, 0x40, 0xb, 0x16, 0xff, 0xf2,
    0x1f, 0xfd, 0x40, 0xd, 0xd9, 0x40, 0x2f, 0xff,
    0xe0, 0x0, 0x0, 0x0, 0x9, 0x63, 0x5, 0xd,
    0xc7, 0x10, 0x0, 0x0, 0x9f, 0x28, 0xff, 0xf1,
    0x0, 0x7, 0xff, 0x10, 0xdf, 0xa0, 0x0, 0xf,
    0xff, 0x10, 0x4a, 0x0, 0x0, 0x2, 0x9c, 0x0,
    0x0, 0x0,

    /* U+F1EA "" */
    0x0, 0x34, 0x44, 0x44, 0x44, 0x44, 0x44, 0x41,
    0x48, 0xff, 0xff, 0xff, 0xff, 0xff, 0xff, 0xfb,
    0xff, 0xfc, 0x77, 0x77, 0x77, 0x77, 0x77, 0xfc,
    0xf9, 0xf8, 0x0, 0x0, 0x0, 0x0, 0x0, 0xfc,
    0xf9, 0xff, 0xee, 0xee, 0xee, 0xee, 0xee, 0xfc,
    0xf9, 0xfd, 0xaa, 0xaa, 0xeb, 0xaa, 0xaa, 0xfc,
    0xf9, 0xfd, 0x99, 0x99, 0xeb, 0x99, 0x99, 0xfc,
    0xf9, 0xff, 0xff, 0xff, 0xff, 0xff, 0xff, 0xfc,
    0xf9, 0xf9, 0x22, 0x22, 0xc5, 0x22, 0x23, 0xfc,
    0xfb, 0xfe, 0xcc, 0xcc, 0xfd, 0xcc, 0xcc, 0xfb,
    0x8f, 0xff, 0xff, 0xff, 0xff, 0xff, 0xff, 0xf6,

    /* U+F1EB "" */
    0x0, 0x0, 0x0, 0x24, 0x55, 0x31, 0x0, 0x0,
    0x0, 0x0, 0x3, 0xaf, 0xff, 0xff, 0xff, 0xc7,
    0x0, 0x0, 0x2, 0xbf, 0xff, 0xfe, 0xde, 0xff,
    0xff, 0xf6, 0x0, 0x5f, 0xff, 0xb5, 0x10, 0x0,
    0x3, 0x8e, 0xff, 0xb0, 0xdf, 0xd3, 0x0, 0x0,
    0x0, 0x0, 0x0, 0x8f, 0xf5, 0x18, 0x0, 0x5,
    0xae, 0xfe, 0xc8, 0x10, 0x4, 0x60, 0x0, 0x2,
    0xdf, 0xff, 0xff, 0xff, 0xf8, 0x0, 0x0, 0x0,
    0xc, 0xff, 0x95, 0x34, 0x7d, 0xff, 0x40, 0x0,
    0x0, 0x2, 0xa2, 0x0, 0x0, 0x0, 0x77, 0x0,
    0x0, 0x0, 0x0, 0x0, 0x2, 0x96, 0x0, 0x0,
    0x0, 0x0, 0x0, 0x0, 0x0, 0xd, 0xff, 0x50,
    0x0, 0x0, 0x0, 0x0, 0x0, 0x0, 0xe, 0xff,
    0x60, 0x0, 0x0, 0x0, 0x0, 0x0, 0x0, 0x5,
    0xda, 0x0, 0x0, 0x0, 0x0,

    /* U+F1EC "" */
    0x0, 0x0, 0x0, 0x0, 0x0, 0x0, 0xa, 0xff,
    0xff, 0xff, 0xff, 0xff, 0xb0, 0xff, 0xbb, 0xbb,
    0xbb, 0xbb, 0xff, 0x1f, 0xc0, 0x0, 0x0, 0x0,
    0xa, 0xf1, 0xfc, 0x0, 0x0, 0x0, 0x0, 0xaf,
    0x1f, 0xc0, 0x0, 0x0, 0x0, 0xb, 0xf1, 0xff,
    0xff, 0xff, 0xff, 0xff, 0xff, 0x1f, 0xfc, 0xff,
    0xcc, 0xff, 0xcf, 0xf1, 0xfc, 0xa, 0xf1, 0xf,
    0xc0, 0xaf, 0x1f, 0xfb, 0xef, 0xcb, 0xfc, 0xa,
    0xf1, 0xff, 0xff, 0xff, 0xff, 0xc0, 0xaf, 0x1f,
    0xc0, 0xbf, 0x21, 0xfc, 0xa, 0xf1, 0xfc, 0xb,
    0xf1, 0xf, 0xc0, 0xbf, 0x1f, 0xff, 0xff, 0xff,
    0xff, 0xff, 0xf0, 0x6b, 0xcc, 0xcc, 0xcc, 0xcc,
    0xb7, 0x0,

    /* U+F1ED "" */
    0x0, 0x16, 0x77, 0x76, 0x20, 0x0, 0x0, 0x7f,
    0xff, 0xff, 0xf8, 0x0, 0x0, 0xaf, 0xff, 0xff,
    0xff, 0x20, 0x0, 0xcf, 0xff, 0xff, 0xff, 0x30,
    0x0, 0xff, 0xff, 0xff, 0xff, 0x73, 0x1, 0xff,
    0xff, 0xff, 0xf8, 0xd7, 0x4, 0xff, 0xff, 0xff,
    0x89, 0xf6, 0x6, 0xff, 0x77, 0x78, 0xdf, 0xf1,
    0x9, 0xfe, 0x8f, 0xff, 0xff, 0x50, 0xb, 0xfc,
    0xbf, 0xe8, 0x61, 0x0, 0xe, 0xf9, 0xdf, 0xa0,
    0x0, 0x0, 0x8, 0x94, 0xff, 0x70, 0x0, 0x0,
    0x0, 0x2, 0xff, 0x40, 0x0, 0x0,

    /* U+F1EE "" */
    0x0, 0x0, 0x0, 0x0, 0x34, 0x40, 0x0, 0x0,
    0x0, 0x0, 0xb, 0xff, 0x40, 0x0, 0x0, 0x13,
    0x31, 0x7f, 0xf8, 0x0, 0x0, 0x7, 0xff, 0xb5,
    0xff, 0xb0, 0x0, 0x0, 0xad, 0xff, 0x8f, 0xfd,
    0x7, 0xcc, 0x5b, 0xcf, 0xfe, 0xef, 0xe0, 0x2f,
    0xff, 0xbf, 0xdf, 0xfc, 0xff, 0x0, 0x8f, 0xfb,
    0xfc, 0xff, 0xee, 0xf0, 0x1, 0xff, 0xed, 0x5e,
    0xff, 0xce, 0x0, 0xb, 0xff, 0xb0, 0x9f, 0xfc,
    0xd0, 0x0, 0x4c, 0xc6, 0x5, 0xff, 0xda, 0x0,
    0x0, 0x0, 0x0, 0x2f, 0xff, 0x50, 0x0, 0x0,
    0x0, 0x0, 0xff, 0xf2, 0x0,

    /* U+F1F0 "" */
    0x2, 0x22, 0x22, 0x22, 0x22, 0x22, 0x22, 0x20,
    0xcf, 0xff, 0xff, 0xff, 0xff, 0xff, 0xff, 0xfa,
    0xff, 0xff, 0xff, 0xff, 0xff, 0xff, 0xff, 0xfe,
    0xff, 0xff, 0xff, 0xff, 0xff, 0xff, 0xff, 0xfe,
    0xfc, 0xcf, 0xec, 0xde, 0xfc, 0xdf, 0xed, 0xfe,
    0xfe, 0x1c, 0x76, 0x3a, 0x24, 0x6f, 0x21, 0xfe,
    0xff, 0x58, 0x1d, 0xd, 0x13, 0xeb, 0x41, 0xee,
    0xff, 0xa1, 0x4e, 0xf, 0xe3, 0x54, 0x41, 0xae,
    0xff, 0xe2, 0xbc, 0x49, 0x12, 0x92, 0xb7, 0x8e,
    0xff, 0xff, 0xff, 0xff, 0xff, 0xff, 0xff, 0xfe,
    0xff, 0xff, 0xff, 0xff, 0xff, 0xff, 0xff, 0xfe,
    0xff, 0xff, 0xff, 0xff, 0xff, 0xff, 0xff, 0xfe,
    0x9f, 0xff, 0xff, 0xff, 0xff, 0xff, 0xff, 0xf8,

    /* U+F1F1 "" */
    0x15, 0x55, 0x55, 0x55, 0x55, 0x55, 0x55, 0x40,
    0xdf, 0xff, 0xff, 0xff, 0xff, 0xff, 0xff, 0xf9,
    0xff, 0xf9, 0x20, 0x1a, 0x91, 0x3, 0xbf, 0xfc,
    0xff, 0x80, 0x0, 0x23, 0x31, 0x0, 0xb, 0xfc,
    0xfe, 0x0, 0x0, 0x50, 0x4, 0x0, 0x3, 0xfc,
    0xfc, 0x0, 0x0, 0x50, 0x3, 0x0, 0x0, 0xfc,
    0xfd, 0x0, 0x0, 0x50, 0x3, 0x0, 0x1, 0xfc,
    0xff, 0x40, 0x0, 0x30, 0x12, 0x0, 0x8, 0xfc,
    0xff, 0xe4, 0x0, 0x5, 0x50, 0x0, 0x6f, 0xfc,
    0xff, 0xff, 0xda, 0xcf, 0xfc, 0xad, 0xff, 0xfc,
    0xff, 0xb8, 0xb9, 0xab, 0x9a, 0xb9, 0xb9, 0xfc,
    0xff, 0xec, 0xcc, 0xcc, 0xbd, 0xcc, 0xcc, 0xfb,
    0x9f, 0xff, 0xff, 0xff, 0xff, 0xff, 0xff, 0xe5,

    /* U+F1F2 "" */
    0x15, 0x66, 0x66, 0x66, 0x66, 0x66, 0x66, 0x51,
    0xdf, 0xff, 0xff, 0xff, 0xff, 0xff, 0xff, 0xfb,
    0xff, 0xff, 0xff, 0xff, 0xff, 0xff, 0xff, 0xfe,
    0xff, 0xff, 0xff, 0xff, 0xff, 0xff, 0xff, 0xfe,
    0xe8, 0xca, 0x9d, 0x9b, 0x6a, 0xea, 0x9a, 0xae,
    0xeb, 0x68, 0x77, 0xf5, 0x4, 0x6a, 0x77, 0x8e,
    0xe7, 0xb9, 0x8b, 0x9a, 0x4b, 0xaf, 0x8b, 0xae,
    0xff, 0xff, 0xff, 0xff, 0xff, 0xff, 0xff, 0xee,
    0xff, 0xff, 0xff, 0xff, 0xff, 0xff, 0xe7, 0xe,
    0xff, 0xff, 0xff, 0xff, 0xff, 0xd6, 0x0, 0xe,
    0xff, 0xff, 0xff, 0xfe, 0x93, 0x0, 0x0, 0xe,
    0xff, 0xff, 0xc8, 0x40, 0x0, 0x0, 0x0, 0xd,
    0x8d, 0xee, 0xee, 0xee, 0xee, 0xee, 0xee, 0xd6,

    /* U+F1F3 "" */
    0x2, 0x22, 0x22, 0x22, 0x22, 0x22, 0x22, 0x20,
    0xcf, 0xff, 0xff, 0xff, 0xff, 0xff, 0xff, 0xf8,
    0xff, 0xff, 0xff, 0xff, 0xff, 0xff, 0xff, 0xfb,
    0xdc, 0xbd, 0xbb, 0xbb, 0xbb, 0xcb, 0xbb, 0xca,
    0x98, 0x97, 0xca, 0x7c, 0xa8, 0x88, 0x6c, 0x97,
    0x7a, 0x78, 0x57, 0x47, 0x66, 0x89, 0x87, 0xa7,
    0xff, 0xfb, 0xbe, 0xbc, 0xcb, 0xcb, 0xcb, 0xc8,
    0xff, 0xe9, 0x88, 0xa7, 0x98, 0x89, 0x77, 0x85,
    0xff, 0xea, 0x9a, 0xaa, 0x99, 0xab, 0x6c, 0x79,
    0xff, 0xfb, 0xbd, 0xbe, 0xcc, 0xbb, 0xbb, 0xb8,
    0xff, 0xff, 0xff, 0xff, 0xff, 0xff, 0xff, 0xfc,
    0xff, 0xff, 0xff, 0xff, 0xff, 0xff, 0xff, 0xfb,
    0x9f, 0xff, 0xff, 0xff, 0xff, 0xff, 0xff, 0xe5,

    /* U+F1F4 "" */
    0x14, 0x44, 0x44, 0x44, 0x44, 0x44, 0x44, 0x30,
    0xdf, 0xff, 0xff, 0xff, 0xff, 0xff, 0xff, 0xf9,
    0xff, 0xff, 0xff, 0xff, 0xff, 0xff, 0xff, 0xfb,
    0xff, 0xff, 0xff, 0xff, 0xff, 0xff, 0xff, 0xfc,
    0xff, 0xff, 0xff, 0xff, 0xff, 0xff, 0xff, 0xfc,
    0xf5, 0x48, 0xff, 0xff, 0xf2, 0x3d, 0xff, 0x4c,
    0xf3, 0x14, 0x93, 0x49, 0x80, 0x25, 0x95, 0x5c,
    0xf4, 0xf8, 0x35, 0x94, 0xc7, 0xf4, 0x36, 0x8c,
    0xff, 0xff, 0xff, 0x8e, 0xff, 0xff, 0xff, 0xfc,
    0xff, 0xff, 0xff, 0xff, 0xff, 0xff, 0xff, 0xfc,
    0xff, 0xff, 0xff, 0xff, 0xff, 0xff, 0xff, 0xfc,
    0xff, 0xff, 0xff, 0xff, 0xff, 0xff, 0xff, 0xfb,
    0x9f, 0xff, 0xff, 0xff, 0xff, 0xff, 0xff, 0xe5,

    /* U+F1F5 "" */
    0x15, 0x66, 0x66, 0x66, 0x66, 0x66, 0x66, 0x50,
    0xdf, 0xff, 0xff, 0xff, 0xff, 0xff, 0xff, 0xf9,
    0xff, 0xff, 0xff, 0xff, 0xff, 0xff, 0xff, 0xfc,
    0xff, 0xff, 0xff, 0xff, 0xef, 0xff, 0xff, 0xfc,
    0xff, 0xfb, 0xaf, 0xfa, 0xbf, 0xff, 0xff, 0xfc,
    0xf3, 0x16, 0x5, 0x24, 0x61, 0x19, 0x80, 0x9c,
    0xf1, 0x77, 0x78, 0x66, 0x51, 0xb2, 0x17, 0x2c,
    0xfa, 0x24, 0x57, 0x77, 0x51, 0x94, 0x26, 0x8c,
    0xf7, 0x7d, 0x7a, 0xbb, 0x91, 0x7d, 0xd7, 0xbc,
    0xff, 0xff, 0xff, 0xff, 0xe8, 0xff, 0xff, 0xfc,
    0xff, 0xff, 0xff, 0xff, 0xff, 0xff, 0xff, 0xfc,
    0xff, 0xff, 0xff, 0xff, 0xff, 0xff, 0xff, 0xfb,
    0x9f, 0xff, 0xff, 0xff, 0xff, 0xff, 0xff, 0xe5,

    /* U+F1F6 "" */
    0x1, 0x10, 0x0, 0x0, 0x2, 0x0, 0x0, 0x0,
    0x0, 0x0, 0xce, 0x30, 0x0, 0x1, 0xf9, 0x0,
    0x0, 0x0, 0x0, 0x7, 0xff, 0x60, 0x3, 0xaf,
    0xe7, 0x0, 0x0, 0x0, 0x0, 0x4, 0xef, 0xa6,
    0xff, 0xff, 0xfd, 0x10, 0x0, 0x0, 0x0, 0x1,
    0xcf, 0xff, 0xff, 0xff, 0xf9, 0x0, 0x0, 0x0,
    0x0, 0x0, 0x9f, 0xff, 0xff, 0xff, 0xf0, 0x0,
    0x0, 0x0, 0x0, 0x0, 0x5f, 0xff, 0xff, 0xff,
    0x10, 0x0, 0x0, 0x0, 0x0, 0x10, 0x2d, 0xff,
    0xff, 0xf3, 0x0, 0x0, 0x0, 0x0, 0xe, 0x60,
    0xa, 0xff, 0xff, 0x60, 0x0, 0x0, 0x0, 0x4,
    0xff, 0xa0, 0x7, 0xff, 0xfc, 0x0, 0x0, 0x0,
    0x1, 0xef, 0xff, 0xd2, 0x3, 0xef, 0xf7, 0x0,
    0x0, 0x0, 0x4f, 0xff, 0xff, 0xf5, 0x1, 0xbf,
    0xe2, 0x0, 0x0, 0x0, 0x12, 0x22, 0x22, 0x10,
    0x0, 0x8f, 0xf5, 0x0, 0x0, 0x0, 0x0, 0xe,
    0xff, 0x50, 0x0, 0x4f, 0xf5, 0x0, 0x0, 0x0,
    0x0, 0x3a, 0x70, 0x0, 0x0, 0x2a, 0x10,

    /* U+F1F8 "" */
    0x0, 0x0, 0x67, 0x77, 0x10, 0x0, 0x8, 0x99,
    0xaf, 0xff, 0xfc, 0x99, 0x91, 0xff, 0xff, 0xff,
    0xff, 0xff, 0xff, 0x31, 0x22, 0x22, 0x22, 0x22,
    0x22, 0x20, 0x8, 0x88, 0x88, 0x88, 0x88, 0x83,
    0x1, 0xff, 0xff, 0xff, 0xff, 0xff, 0x40, 0xf,
    0xff, 0xff, 0xff, 0xff, 0xf3, 0x0, 0xff, 0xff,
    0xff, 0xff, 0xff, 0x20, 0xe, 0xff, 0xff, 0xff,
    0xff, 0xf1, 0x0, 0xdf, 0xff, 0xff, 0xff, 0xff,
    0x0, 0xc, 0xff, 0xff, 0xff, 0xff, 0xf0, 0x0,
    0xbf, 0xff, 0xff, 0xff, 0xfe, 0x0, 0xa, 0xff,
    0xff, 0xff, 0xff, 0xd0, 0x0, 0x8f, 0xff, 0xff,
    0xff, 0xfc, 0x0, 0x3, 0xef, 0xff, 0xff, 0xfe,
    0x60, 0x0,

    /* U+F1F9 "" */
    0x0, 0x0, 0x0, 0x0, 0x0, 0x0, 0x0, 0x0,
    0x1, 0x8d, 0xff, 0xd8, 0x10, 0x0, 0x0, 0x4f,
    0xff, 0xff, 0xff, 0xe4, 0x0, 0x3, 0xff, 0xff,
    0xed, 0xff, 0xff, 0x30, 0xe, 0xff, 0xc3, 0x0,
    0x7, 0xff, 0xe0, 0x5f, 0xfe, 0x10, 0x35, 0x12,
    0xff, 0xf5, 0xaf, 0xf7, 0x6, 0xff, 0xed, 0xff,
    0xfa, 0xbf, 0xf4, 0xb, 0xff, 0xff, 0xff, 0xfb,
    0xbf, 0xf5, 0x9, 0xff, 0xff, 0xff, 0xfb, 0x9f,
    0xf9, 0x1, 0xad, 0x73, 0xff, 0xf9, 0x3f, 0xff,
    0x30, 0x0, 0x0, 0xdf, 0xf3, 0xb, 0xff, 0xf8,
    0x32, 0x6d, 0xff, 0xb0, 0x1, 0xdf, 0xff, 0xff,
    0xff, 0xfd, 0x10, 0x0, 0x1b, 0xff, 0xff, 0xff,
    0xb1, 0x0, 0x0, 0x0, 0x38, 0xaa, 0x83, 0x0,
    0x0,

    /* U+F1FA "" */
    0x0, 0x0, 0x0, 0x0, 0x0, 0x0, 0x0, 0x0,
    0x1, 0x8d, 0xff, 0xea, 0x30, 0x0, 0x0, 0x4f,
    0xff, 0xcc, 0xef, 0xf9, 0x0, 0x4, 0xff, 0x60,
    0x0, 0x3, 0xcf, 0x90, 0xe, 0xf3, 0x19, 0xdb,
    0x79, 0x5c, 0xf3, 0x6f, 0x81, 0xdf, 0xff, 0xff,
    0xa4, 0xf9, 0xaf, 0x29, 0xff, 0x56, 0xff, 0x70,
    0xfb, 0xcf, 0xd, 0xf8, 0x1, 0xff, 0x40, 0xfb,
    0xbf, 0xe, 0xf8, 0x7, 0xff, 0x17, 0xf8, 0x8f,
    0x4b, 0xff, 0xef, 0xff, 0xdf, 0xe1, 0x3f, 0xc2,
    0xdf, 0xe5, 0xdf, 0xea, 0x20, 0xa, 0xf9, 0x1,
    0x0, 0x0, 0x0, 0x0, 0x0, 0xdf, 0xc6, 0x23,
    0x6d, 0xb0, 0x0, 0x0, 0x9, 0xff, 0xff, 0xff,
    0x90, 0x0, 0x0, 0x0, 0x26, 0x99, 0x62, 0x0,
    0x0,

    /* U+F1FB "" */
    0x0, 0x0, 0x0, 0x0, 0x0, 0x13, 0x0, 0x0,
    0x0, 0x0, 0x0, 0x6, 0xff, 0xe3, 0x0, 0x0,
    0x0, 0x0, 0x7f, 0xff, 0xfc, 0x0, 0x0, 0x2,
    0xda, 0xff, 0xff, 0xff, 0x0, 0x0, 0x1e, 0xff,
    0xff, 0xff, 0xfb, 0x0, 0x0, 0xc, 0xff, 0xff,
    0xff, 0xd1, 0x0, 0x0, 0x42, 0xcf, 0xff, 0xfd,
    0x10, 0x0, 0x4, 0xfd, 0x2c, 0xff, 0xf6, 0x0,
    0x0, 0x4f, 0xff, 0xd2, 0xcf, 0xf7, 0x0, 0x4,
    0xff, 0xff, 0xfd, 0x2b, 0x90, 0x0, 0xe, 0xff,
    0xff, 0xfb, 0x0, 0x0, 0x0, 0x1f, 0xff, 0xff,
    0xb0, 0x0, 0x0, 0x0, 0x3f, 0xff, 0xfb, 0x0,
    0x0, 0x0, 0x0, 0xcf, 0xed, 0x90, 0x0, 0x0,
    0x0, 0x0, 0x56, 0x0, 0x0, 0x0, 0x0, 0x0,
    0x0,

    /* U+F1FC "" */
    0x0, 0x0, 0x0, 0x0, 0x0, 0x0, 0x10, 0x0,
    0x0, 0x0, 0x0, 0x0, 0xb, 0xfb, 0x0, 0x0,
    0x0, 0x0, 0x1, 0xdf, 0xff, 0x0, 0x0, 0x0,
    0x0, 0x2e, 0xff, 0xf9, 0x0, 0x0, 0x0, 0x4,
    0xff, 0xff, 0xf1, 0x0, 0x0, 0x0, 0x5f, 0xff,
    0xff, 0x80, 0x0, 0x0, 0x4, 0xff, 0xff, 0xfe,
    0x0, 0x0, 0x0, 0xb, 0xff, 0xff, 0xf5, 0x0,
    0x0, 0x0, 0x9, 0xff, 0xff, 0xa0, 0x0, 0x0,
    0x6, 0x92, 0xcf, 0xfc, 0x0, 0x0, 0x10, 0x9f,
    0xfd, 0x26, 0x50, 0x0, 0x0, 0xc8, 0xff, 0xff,
    0xe0, 0x0, 0x0, 0x0, 0xaf, 0xff, 0xff, 0xd0,
    0x0, 0x0, 0x0, 0x3f, 0xff, 0xff, 0x60, 0x0,
    0x0, 0x0, 0x4, 0xbd, 0xb4, 0x0, 0x0, 0x0,
    0x0,

    /* U+F1FD "" */
    0x0, 0x0, 0x0, 0x0, 0x0, 0x0, 0x0, 0x9,
    0x30, 0x1b, 0x0, 0x93, 0x0, 0x2, 0xf6, 0xa,
    0xe0, 0x2f, 0x60, 0x0, 0x7, 0x10, 0x36, 0x0,
    0x71, 0x0, 0x4, 0xf8, 0xc, 0xf0, 0x4f, 0x80,
    0x0, 0x4f, 0x80, 0xcf, 0x4, 0xf8, 0x0, 0x4,
    0xf8, 0xc, 0xf0, 0x4f, 0x80, 0x0, 0x5f, 0x81,
    0xcf, 0x15, 0xf8, 0x0, 0xbf, 0xff, 0xff, 0xff,
    0xff, 0xfe, 0x1f, 0xff, 0xff, 0xff, 0xff, 0xff,
    0xf3, 0xf9, 0x9e, 0xfa, 0x9e, 0xfa, 0x9e, 0x42,
    0x9a, 0x22, 0x8a, 0x21, 0x7b, 0x20, 0xff, 0xff,
    0xff, 0xff, 0xff, 0xff, 0x3f, 0xff, 0xff, 0xff,
    0xff, 0xff, 0xf4, 0xaa, 0xaa, 0xaa, 0xaa, 0xaa,
    0xaa, 0x20,

    /* U+F1FE "" */
    0x75, 0x0, 0x0, 0x0, 0x0, 0x0, 0x0, 0xfc,
    0x0, 0x5, 0x0, 0x0, 0x0, 0x0, 0xfc, 0x0,
    0x9f, 0x40, 0x0, 0x0, 0x0, 0xfc, 0x2, 0xff,
    0xe1, 0x6, 0xb0, 0x0, 0xfc, 0xc, 0xff, 0xfc,
    0xbf, 0xf4, 0x0, 0xfc, 0x4f, 0xff, 0xff, 0xff,
    0xfc, 0x0, 0xfc, 0x6f, 0xff, 0xff, 0xff, 0xff,
    0x30, 0xfc, 0x6f, 0xff, 0xff, 0xff, 0xff, 0xb0,
    0xfc, 0x26, 0x66, 0x66, 0x66, 0x66, 0x50, 0xff,
    0xcc, 0xcc, 0xcc, 0xcc, 0xcc, 0xcb, 0xff, 0xff,
    0xff, 0xff, 0xff, 0xff, 0xff,

    /* U+F200 "" */
    0x0, 0x0, 0x0, 0x0, 0x12, 0x0, 0x0, 0x0,
    0x0, 0x0, 0x0, 0x0, 0x8f, 0xe8, 0x0, 0x0,
    0x0, 0x0, 0x6d, 0xf1, 0x9f, 0xff, 0xc1, 0x0,
    0x0, 0xb, 0xff, 0xf2, 0x9f, 0xff, 0xfc, 0x0,
    0x0, 0xaf, 0xff, 0xf2, 0x9f, 0xff, 0xff, 0x60,
    0x4, 0xff, 0xff, 0xf2, 0x9f, 0xff, 0xff, 0xc0,
    0xb, 0xff, 0xff, 0xf2, 0x9f, 0xff, 0xff, 0xf0,
    0xe, 0xff, 0xff, 0xf2, 0x25, 0x55, 0x55, 0x40,
    0xf, 0xff, 0xff, 0xf2, 0x2, 0x22, 0x22, 0x21,
    0xe, 0xff, 0xff, 0xfc, 0x6, 0xff, 0xff, 0xfc,
    0xa, 0xff, 0xff, 0xff, 0xc0, 0x6f, 0xff, 0xf9,
    0x3, 0xff, 0xff, 0xff, 0xfc, 0x6, 0xff, 0xf2,
    0x0, 0x7f, 0xff, 0xff, 0xff, 0xc0, 0x6f, 0x70,
    0x0, 0x7, 0xff, 0xff, 0xff, 0xf5, 0x2, 0x0,
    0x0, 0x0, 0x29, 0xde, 0xda, 0x30, 0x0, 0x0,

    /* U+F201 "" */
    0x75, 0x0, 0x0, 0x0, 0x0, 0x0, 0x0, 0xfc,
    0x0, 0x0, 0x0, 0x9, 0xaa, 0x90, 0xfc, 0x0,
    0x0, 0x0, 0xe, 0xff, 0xf2, 0xfc, 0x0, 0x7b,
    0x10, 0x6, 0xff, 0xf2, 0xfc, 0x7, 0xff, 0xd1,
    0x4f, 0xfe, 0xf2, 0xfc, 0x4f, 0xd8, 0xfe, 0xff,
    0x42, 0x90, 0xfc, 0x7, 0x10, 0x7f, 0xf4, 0x0,
    0x0, 0xfc, 0x0, 0x0, 0x5, 0x30, 0x0, 0x0,
    0xfc, 0x0, 0x0, 0x0, 0x0, 0x0, 0x0, 0xff,
    0xcc, 0xcc, 0xcc, 0xcc, 0xcc, 0xcb, 0xcf, 0xff,
    0xff, 0xff, 0xff, 0xff, 0xff,

    /* U+F202 "" */
    0x0, 0x1, 0x0, 0x0, 0x0, 0x1, 0x0, 0x8,
    0xff, 0xfc, 0x20, 0x1c, 0xff, 0xe4, 0x6f, 0x93,
    0x5e, 0xe0, 0x9f, 0x43, 0xdc, 0xde, 0x0, 0x6,
    0xf6, 0x9f, 0x40, 0x0, 0xfb, 0x0, 0x0, 0xfc,
    0x2d, 0xff, 0xb2, 0xed, 0x0, 0x0, 0xaf, 0x20,
    0x27, 0xfd, 0xaf, 0x50, 0x17, 0x3f, 0xc1, 0x0,
    0xce, 0x1d, 0xfe, 0xfe, 0x6, 0xff, 0xef, 0xf8,
    0x0, 0x46, 0x40, 0x0, 0x14, 0x65, 0x20,

    /* U+F203 "" */
    0x49, 0x99, 0x99, 0x99, 0x99, 0x94, 0xe, 0xff,
    0xff, 0xff, 0xff, 0xff, 0xf0, 0xff, 0xff, 0xff,
    0xff, 0xff, 0xff, 0x1f, 0xff, 0xff, 0xff, 0xff,
    0xff, 0xf1, 0xff, 0xa3, 0x28, 0xf8, 0x24, 0xff,
    0x1f, 0xf1, 0xde, 0x1c, 0x1f, 0x9e, 0xf1, 0xfc,
    0x2f, 0xf6, 0x65, 0x27, 0xff, 0x1f, 0xe1, 0xff,
    0xb1, 0xee, 0x4b, 0xf1, 0xff, 0x53, 0x48, 0x52,
    0x52, 0xdf, 0x1f, 0xff, 0xcd, 0xff, 0xdc, 0xef,
    0xf1, 0xff, 0xff, 0xff, 0xff, 0xff, 0xff, 0x1f,
    0xff, 0xff, 0xff, 0xff, 0xff, 0xf1, 0x9f, 0xff,
    0xff, 0xff, 0xff, 0xfa, 0x0,

    /* U+F204 "" */
    0x0, 0x6, 0xab, 0xbb, 0xbb, 0xb9, 0x40, 0x0,
    0x2, 0xdf, 0xff, 0xff, 0xff, 0xff, 0xfb, 0x0,
    0x1e, 0xf8, 0x21, 0x4d, 0xf8, 0x3, 0xbf, 0xb0,
    0x8f, 0x70, 0x0, 0x1, 0xef, 0x10, 0xb, 0xf4,
    0xde, 0x0, 0x0, 0x0, 0x6f, 0x60, 0x3, 0xf9,
    0xfc, 0x0, 0x0, 0x0, 0x4f, 0x70, 0x0, 0xfb,
    0xed, 0x0, 0x0, 0x0, 0x5f, 0x60, 0x1, 0xfa,
    0xaf, 0x40, 0x0, 0x0, 0xbf, 0x20, 0x8, 0xf6,
    0x3f, 0xe3, 0x0, 0x9, 0xfb, 0x0, 0x6f, 0xe0,
    0x6, 0xff, 0xdc, 0xff, 0xfd, 0xce, 0xfe, 0x30,
    0x0, 0x3a, 0xef, 0xff, 0xff, 0xfe, 0x91, 0x0,

    /* U+F205 "" */
    0x0, 0x6, 0xab, 0xbb, 0xbb, 0xb9, 0x40, 0x0,
    0x2, 0xdf, 0xff, 0xff, 0xff, 0xff, 0xfb, 0x0,
    0x1e, 0xff, 0xff, 0xff, 0xb3, 0x13, 0xbf, 0xb0,
    0x8f, 0xff, 0xff, 0xfb, 0x0, 0x0, 0xb, 0xf4,
    0xdf, 0xff, 0xff, 0xf3, 0x0, 0x0, 0x3, 0xf9,
    0xff, 0xff, 0xff, 0xf0, 0x0, 0x0, 0x0, 0xfb,
    0xef, 0xff, 0xff, 0xf1, 0x0, 0x0, 0x1, 0xfa,
    0xaf, 0xff, 0xff, 0xf8, 0x0, 0x0, 0x8, 0xf6,
    0x3f, 0xff, 0xff, 0xff, 0x60, 0x0, 0x6f, 0xe0,
    0x6, 0xff, 0xff, 0xff, 0xfe, 0xce, 0xfe, 0x30,
    0x0, 0x3a, 0xef, 0xff, 0xff, 0xfe, 0x91, 0x0,

    /* U+F206 "" */
    0x0, 0x0, 0x0, 0x0, 0x67, 0x30, 0x0, 0x0,
    0x0, 0x0, 0x1, 0x55, 0x41, 0xde, 0xe1, 0x0,
    0x0, 0x0, 0x0, 0x5, 0xff, 0xf7, 0x78, 0xfa,
    0x0, 0x0, 0x0, 0x0, 0x0, 0xd, 0xec, 0xcd,
    0xff, 0x40, 0x0, 0x0, 0x5, 0xdf, 0xef, 0x10,
    0x7, 0xfb, 0xee, 0xfa, 0x10, 0x5f, 0x97, 0xff,
    0x50, 0x1f, 0x7d, 0xfc, 0x6d, 0xc0, 0xd9, 0xb,
    0xc9, 0xc0, 0xbd, 0x5f, 0x8f, 0x22, 0xf5, 0xf5,
    0x4f, 0xff, 0xff, 0xf3, 0x7d, 0xc, 0xa0, 0xd7,
    0xd9, 0x5, 0x5c, 0xd5, 0x40, 0x5f, 0x21, 0x2,
    0xf4, 0x5f, 0x95, 0x9f, 0x40, 0x0, 0xc, 0xd6,
    0x6e, 0xc0, 0x5, 0xdf, 0xc4, 0x0, 0x0, 0x0,
    0x9e, 0xfa, 0x10, 0x0, 0x0, 0x0, 0x0, 0x0,
    0x0, 0x0, 0x0, 0x0,

    /* U+F207 "" */
    0x0, 0x0, 0x0, 0x0, 0x0, 0x0, 0x0, 0x0,
    0x59, 0xdf, 0xff, 0xfd, 0x95, 0x0, 0xc, 0xff,
    0xff, 0xff, 0xff, 0xff, 0xc0, 0x1f, 0xfa, 0x99,
    0x99, 0x99, 0xaf, 0xf1, 0x8f, 0xa0, 0x0, 0x0,
    0x0, 0xa, 0xf8, 0xff, 0xa0, 0x0, 0x0, 0x0,
    0xa, 0xff, 0xff, 0xa0, 0x0, 0x0, 0x0, 0xa,
    0xff, 0xbf, 0xa0, 0x0, 0x0, 0x0, 0xa, 0xfb,
    0x2f, 0xe6, 0x55, 0x55, 0x55, 0x6e, 0xf2, 0x2f,
    0xff, 0xff, 0xff, 0xff, 0xff, 0xf2, 0x2f, 0x53,
    0xff, 0xff, 0xff, 0x35, 0xf2, 0x2f, 0x87, 0xff,
    0xff, 0xff, 0x78, 0xf2, 0xe, 0xff, 0xff, 0xff,
    0xff, 0xff, 0xf0, 0x3, 0xff, 0x60, 0x0, 0x6,
    0xff, 0x40, 0x1, 0xcd, 0x20, 0x0, 0x2, 0xdc,
    0x10,

    /* U+F208 "" */
    0x0, 0x0, 0x0, 0x0, 0x0, 0x0, 0x0, 0x0,
    0x0, 0x0, 0x0, 0x3, 0xae, 0xff, 0xc7, 0x0,
    0x0, 0x0, 0x0, 0x0, 0x7f, 0xc7, 0x46, 0x9f,
    0xd2, 0x0, 0x0, 0x0, 0x8, 0xf6, 0x0, 0x0,
    0x1, 0xce, 0x10, 0x0, 0x0, 0x3f, 0x60, 0x0,
    0x0, 0x0, 0xd, 0xa0, 0x0, 0x0, 0xac, 0x9,
    0xff, 0xff, 0xff, 0xff, 0xff, 0xf5, 0x0, 0xe6,
    0x2, 0x55, 0x55, 0x55, 0x55, 0xea, 0x51, 0x0,
    0xf4, 0x9, 0xff, 0xff, 0xfe, 0x20, 0xd8, 0x0,
    0x0, 0xf6, 0x2, 0x66, 0x66, 0x65, 0x0, 0xd7,
    0x0, 0xdf, 0xff, 0xff, 0xff, 0xff, 0xfe, 0x21,
    0xf4, 0x0, 0x45, 0x9f, 0x75, 0x55, 0x55, 0x55,
    0x9, 0xe0, 0x0, 0x0, 0xc, 0xc1, 0x0, 0x0,
    0x0, 0x6f, 0x50, 0x0, 0x0, 0x1, 0xde, 0x60,
    0x0, 0x29, 0xf7, 0x0, 0x0, 0x0, 0x0, 0x1a,
    0xff, 0xee, 0xfd, 0x40, 0x0, 0x0, 0x0, 0x0,
    0x0, 0x15, 0x66, 0x30, 0x0, 0x0, 0x0,

    /* U+F209 "" */
    0x0, 0x34, 0x0, 0x0, 0x0, 0x0, 0xdb, 0x40,
    0x4, 0xe6, 0x0, 0xe2, 0xb0, 0xd, 0x5a, 0x0,
    0xa3, 0xb2, 0x69, 0x77, 0x0, 0x59, 0x68, 0xc3,
    0xd2, 0x0, 0xe, 0x3e, 0xd3, 0xd0, 0x1, 0xae,
    0xdc, 0xde, 0xa0, 0x8, 0x8b, 0x90, 0x1, 0x89,
    0x8, 0x71, 0xfd, 0xa9, 0x1e, 0x6c, 0xd1, 0xac,
    0xe6, 0xe, 0xb7, 0x3c, 0xae, 0x20, 0x3d, 0x9e,
    0x8c, 0xe9, 0x0, 0x98, 0x3e, 0xab, 0x4b, 0x4,
    0xe1, 0x6, 0xe6, 0x36, 0x8e, 0x30, 0x0, 0x39,
    0xbb, 0x71, 0x0,

    /* U+F20A "" */
    0x49, 0x99, 0x99, 0x99, 0x99, 0x99, 0x93, 0xef,
    0xff, 0xff, 0xff, 0xff, 0xff, 0xfe, 0xff, 0xff,
    0xff, 0xff, 0xff, 0xff, 0xff, 0xff, 0xe6, 0x12,
    0xaf, 0x71, 0x17, 0xff, 0xff, 0x51, 0x86, 0x98,
    0x7, 0x76, 0xff, 0xff, 0x17, 0xff, 0xf4, 0x4f,
    0xff, 0xff, 0xff, 0x24, 0xfd, 0xd5, 0x2e, 0xfc,
    0xff, 0xff, 0xb0, 0x10, 0x6d, 0x10, 0x3, 0xff,
    0xff, 0xfd, 0x9b, 0xff, 0xea, 0xaf, 0xff, 0xff,
    0xff, 0xff, 0xff, 0xff, 0xff, 0xff, 0xaf, 0xff,
    0xff, 0xff, 0xff, 0xff, 0xf9,

    /* U+F20B "" */
    0x23, 0x33, 0x33, 0x0, 0x0, 0x23, 0xf, 0xff,
    0xff, 0xff, 0x60, 0xe, 0xf3, 0xff, 0xff, 0xff,
    0xff, 0x50, 0xff, 0x4f, 0xf3, 0x0, 0xa, 0xfd,
    0xf, 0xf4, 0xff, 0x3a, 0xc2, 0x3f, 0xf0, 0xff,
    0x4f, 0xf3, 0xef, 0x43, 0xff, 0xf, 0xf4, 0xff,
    0x3e, 0xf4, 0x3f, 0xf0, 0xff, 0x4f, 0xf3, 0xef,
    0x43, 0xff, 0xf, 0xf4, 0xff, 0x3e, 0xf4, 0x3f,
    0xf0, 0xff, 0x4f, 0xf3, 0xef, 0x40, 0x76, 0xf,
    0xf3, 0xff, 0x3e, 0xf7, 0x33, 0x4a, 0xff, 0xf,
    0xf3, 0xef, 0xff, 0xff, 0xff, 0x60, 0xef, 0x2b,
    0xff, 0xff, 0xfc, 0x50, 0x0,

    /* U+F20D "" */
    0x2, 0x22, 0x22, 0x22, 0x22, 0x20, 0xc, 0xff,
    0xff, 0xff, 0xff, 0xff, 0xe1, 0xff, 0xff, 0xee,
    0xee, 0xff, 0xff, 0x3f, 0xff, 0xf2, 0x0, 0xe,
    0xff, 0xf4, 0xff, 0xfd, 0x0, 0x30, 0x9f, 0xff,
    0x4f, 0xff, 0x80, 0x48, 0x4, 0xff, 0xf4, 0xff,
    0xf3, 0x8, 0xc0, 0xe, 0xff, 0x4f, 0xfe, 0x0,
    0xcf, 0x0, 0xaf, 0xf4, 0xff, 0x80, 0x7, 0x73,
    0x4, 0xff, 0x4f, 0xf3, 0x0, 0x1c, 0x90, 0xf,
    0xf4, 0xfe, 0x11, 0x4e, 0xfd, 0x11, 0xbf, 0x4f,
    0xff, 0xff, 0xff, 0xff, 0xff, 0xf3, 0x9f, 0xff,
    0xff, 0xff, 0xff, 0xfc, 0x0,

    /* U+F20E "" */
    0x0, 0x0, 0xb8, 0x89, 0x98, 0xa9, 0x0, 0x0,
    0x0, 0x7, 0x73, 0x1, 0x33, 0x56, 0x40, 0x0,
    0x0, 0x18, 0x45, 0x61, 0x4, 0x0, 0x90, 0x0,
    0x0, 0xa4, 0x50, 0x22, 0x30, 0x0, 0x38, 0x0,
    0x3, 0x73, 0x30, 0x5, 0x30, 0x0, 0x4b, 0x10,
    0xa, 0x0, 0x60, 0x31, 0x22, 0x4, 0x23, 0x80,
    0x65, 0x0, 0x45, 0x10, 0x2, 0x50, 0x30, 0x83,
    0x28, 0x0, 0x62, 0x20, 0x3, 0x41, 0x30, 0xa0,
    0x7, 0x22, 0x40, 0x12, 0x31, 0x3, 0x46, 0x40,
    0x0, 0xb6, 0x63, 0x36, 0x63, 0x33, 0x99, 0x0,
    0x0, 0x65, 0x30, 0x31, 0x12, 0x2, 0x82, 0x0,
    0x0, 0x9, 0x43, 0x10, 0x1, 0x35, 0x70, 0x0,
    0x0, 0x2, 0xda, 0x99, 0x99, 0xac, 0x0, 0x0,
    0x0, 0x0, 0x0, 0x0, 0x0, 0x0, 0x0, 0x0,

    /* U+F210 "" */
    0x0, 0x0, 0x0, 0x0, 0x0, 0x0, 0x0, 0x0,
    0x0, 0x0, 0x0, 0x7, 0x0, 0x0, 0x0, 0x0,
    0x0, 0xbb, 0x0, 0x13, 0x33, 0x33, 0x3b, 0xfb,
    0xc, 0xff, 0xff, 0xff, 0xff, 0xfb, 0x8f, 0xff,
    0xff, 0xff, 0xff, 0xfb, 0xbf, 0xfd, 0xaa, 0xaa,
    0xdf, 0xfb, 0xbf, 0xf2, 0x0, 0x0, 0x1f, 0xfb,
    0xbf, 0xf2, 0x0, 0x0, 0x1f, 0xfb, 0xbf, 0xf2,
    0x0, 0x0, 0x1f, 0xfb, 0xbf, 0xf2, 0x0, 0x0,
    0xf, 0xfb, 0xbf, 0xf4, 0x0, 0x0, 0x4, 0xfb,
    0xaf, 0xff, 0xff, 0xff, 0xff, 0xfa, 0x5f, 0xff,
    0xff, 0xff, 0xff, 0xf5, 0x4, 0x9a, 0xaa, 0xaa,
    0xa9, 0x40,

    /* U+F211 "" */
    0x0, 0x0, 0x13, 0x40, 0x0, 0x0, 0x0, 0x2,
    0xbf, 0xd5, 0x0, 0x10, 0x0, 0x3, 0xff, 0x80,
    0x5, 0xcf, 0x50, 0x1, 0xef, 0x50, 0x2c, 0xff,
    0x82, 0x0, 0x8f, 0x60, 0x3e, 0xfa, 0x10, 0x15,
    0xd, 0x90, 0x3f, 0xf6, 0x0, 0x9f, 0xf0, 0xe1,
    0x1e, 0xf5, 0x3, 0xef, 0xd5, 0x7, 0xa, 0xf7,
    0x3, 0xff, 0x80, 0x0, 0x2, 0xfc, 0x2, 0xef,
    0x50, 0x4c, 0x0, 0x9f, 0x30, 0xcf, 0x60, 0x6f,
    0x80, 0xa, 0xc0, 0x6f, 0xa0, 0x5f, 0xf8, 0x0,
    0x4, 0xd, 0xf1, 0x2f, 0xff, 0xd0, 0x0, 0x1,
    0xb7, 0x8, 0x72, 0x6b, 0x10,

    /* U+F212 "" */
    0x0, 0x1, 0x33, 0x10, 0x1, 0x33, 0x0, 0x0,
    0x5, 0xce, 0xcd, 0xfa, 0xcf, 0xcd, 0xfb, 0x20,
    0xc, 0xbd, 0xff, 0xcb, 0xbd, 0x90, 0xa, 0x80,
    0xe, 0xbf, 0xff, 0xff, 0xff, 0xa0, 0x6, 0xa0,
    0xf, 0xbf, 0xff, 0xff, 0xff, 0xb0, 0x4, 0xc0,
    0x2e, 0xdf, 0xff, 0xff, 0xff, 0xc0, 0x2, 0xe0,
    0x4c, 0xff, 0xff, 0xff, 0xff, 0xd0, 0x0, 0xf0,
    0x6b, 0xff, 0xff, 0xff, 0xff, 0xe0, 0x0, 0xe2,
    0x8b, 0xfc, 0xbb, 0xcf, 0xfc, 0xb0, 0x0, 0xc4,
    0xab, 0xcf, 0xfe, 0xeb, 0xbf, 0xef, 0xe9, 0xc6,
    0xbc, 0x61, 0x0, 0x2b, 0x81, 0x0, 0x28, 0xd7,

    /* U+F213 "" */
    0x0, 0x0, 0x0, 0x0, 0x26, 0x74, 0x0, 0x0,
    0x0, 0x0, 0x0, 0x0, 0x9, 0xff, 0xff, 0xd3,
    0x0, 0x0, 0x0, 0x0, 0x0, 0xaf, 0xff, 0xff,
    0xfe, 0x10, 0x0, 0x0, 0x6, 0x84, 0xff, 0xff,
    0xff, 0xff, 0x90, 0x0, 0x0, 0x7f, 0xff, 0xff,
    0xff, 0xf2, 0x5f, 0xd0, 0x0, 0x0, 0xdf, 0xff,
    0xff, 0xfe, 0xf0, 0x3f, 0xe0, 0x0, 0x2, 0xef,
    0xff, 0xbb, 0xc0, 0xc0, 0x3f, 0xf7, 0x0, 0x3f,
    0xfc, 0x2d, 0x0, 0xc0, 0xc0, 0x3f, 0xff, 0xa0,
    0xbf, 0xfb, 0xc, 0x0, 0xc0, 0xc0, 0x3f, 0xff,
    0xf3, 0xef, 0xfb, 0xc, 0x0, 0xc0, 0xc0, 0x3f,
    0xff, 0xf5, 0xbf, 0xfb, 0xc, 0x0, 0xc0, 0xc0,
    0x3f, 0xff, 0xf3, 0x3f, 0xff, 0xcf, 0xdd, 0xfc,
    0xfd, 0xdf, 0xff, 0xb0, 0x4, 0xce, 0xff, 0xff,
    0xff, 0xff, 0xff, 0xd8, 0x0,

    /* U+F214 "" */
    0x22, 0x22, 0x22, 0x22, 0x22, 0x22, 0xe, 0xaa,
    0xaa, 0xaa, 0xaa, 0xaa, 0xe2, 0xc3, 0x32, 0x24,
    0x33, 0x23, 0x4a, 0x2f, 0xbb, 0xbb, 0xbb, 0xbb,
    0xbb, 0xe2, 0xc6, 0x53, 0x35, 0x44, 0x34, 0x6a,
    0x2c, 0x20, 0x0, 0x0, 0x0, 0x2, 0xa2, 0xc3,
    0x0, 0x5b, 0xa3, 0x0, 0x3a, 0x2c, 0x30, 0x5e,
    0xaa, 0xe1, 0x3, 0xa2, 0xc4, 0x9, 0xe8, 0x8e,
    0x40, 0x4a, 0x2c, 0x30, 0x5e, 0x9a, 0xe1, 0x3,
    0xa2, 0xc4, 0x0, 0x5b, 0xa2, 0x0, 0x4a, 0x2d,
    0x94, 0x20, 0x0, 0x2, 0x48, 0xd1, 0x6, 0xcb,
    0x64, 0x36, 0x9d, 0x71, 0x0, 0x0, 0x4b, 0xba,
    0xc5, 0x0, 0x0, 0x0, 0x0, 0x2, 0x30, 0x0,
    0x0, 0x0,

    /* U+F215 "" */
    0x36, 0x66, 0x10, 0x0, 0x0, 0x56, 0x63, 0xef,
    0xff, 0x60, 0x0, 0x6, 0xff, 0xfe, 0xef, 0xff,
    0xc9, 0x99, 0x9c, 0xff, 0xfe, 0xef, 0xff, 0xff,
    0xff, 0xff, 0xff, 0xfe, 0xef, 0xff, 0xff, 0xff,
    0xff, 0xff, 0xfe, 0xef, 0xc1, 0xa, 0xff, 0xa0,
    0x1c, 0xfe, 0xef, 0x40, 0x2, 0xff, 0x10, 0x4,
    0xfe, 0xef, 0x70, 0x5, 0xff, 0x40, 0x7, 0xfe,
    0xef, 0xfa, 0x9f, 0xff, 0xf9, 0xaf, 0xfe, 0xef,
    0xff, 0xff, 0xff, 0xff, 0xff, 0xfe, 0xcf, 0xff,
    0xff, 0xff, 0xff, 0xff, 0xfc,

    /* U+F216 "" */
    0x0, 0x0, 0x0, 0x0, 0x2, 0x10, 0x0, 0x0,
    0x0, 0x0, 0x0, 0x0, 0x7, 0xdc, 0xeb, 0x20,
    0x0, 0x0, 0x0, 0x0, 0x0, 0x26, 0x0, 0x6,
    0xe1, 0x0, 0x0, 0x1, 0xae, 0xfd, 0x70, 0x0,
    0x0, 0x87, 0x0, 0x0, 0x2e, 0xc4, 0x24, 0xbd,
    0x20, 0x0, 0x4a, 0x10, 0x0, 0xad, 0x0, 0x0,
    0x7, 0xe1, 0x0, 0x5f, 0xde, 0x50, 0xe8, 0x0,
    0x0, 0x0, 0x7d, 0x0, 0x0, 0x3, 0xf2, 0xf8,
    0x0, 0x0, 0x0, 0xa, 0xb0, 0x0, 0x0, 0xd6,
    0xae, 0x0, 0x0, 0x0, 0x70, 0xcb, 0x10, 0x0,
    0xe5, 0x2e, 0xd5, 0x23, 0x8b, 0x20, 0x1c, 0xe8,
    0x7d, 0xd0, 0x1, 0x8d, 0xdb, 0x50, 0x0, 0x0,
    0x7c, 0xd9, 0x10,

    /* U+F217 "" */
    0x1, 0x11, 0x0, 0x0, 0x0, 0x0, 0x0, 0x0,
    0xef, 0xff, 0x10, 0x0, 0x0, 0x0, 0x0, 0x0,
    0x8a, 0xcf, 0x85, 0x55, 0x55, 0x55, 0x55, 0x52,
    0x0, 0x3f, 0xff, 0xff, 0xff, 0xff, 0xff, 0xfa,
    0x0, 0xf, 0xff, 0xff, 0x92, 0xff, 0xff, 0xf7,
    0x0, 0xd, 0xff, 0xe7, 0x40, 0x7a, 0xff, 0xf3,
    0x0, 0x9, 0xff, 0xe5, 0x30, 0x59, 0xff, 0xf0,
    0x0, 0x6, 0xff, 0xff, 0x91, 0xff, 0xff, 0xc0,
    0x0, 0x3, 0xff, 0xff, 0xfe, 0xff, 0xff, 0x80,
    0x0, 0x0, 0xfe, 0x77, 0x77, 0x77, 0x76, 0x10,
    0x0, 0x0, 0xcf, 0xbb, 0xbb, 0xbb, 0xb9, 0x0,
    0x0, 0x0, 0x9f, 0xff, 0xff, 0xff, 0xff, 0x0,
    0x0, 0x1, 0xff, 0x90, 0x0, 0x2, 0xff, 0x80,
    0x0, 0x3, 0xff, 0xb0, 0x0, 0x3, 0xff, 0xa0,
    0x0, 0x0, 0x69, 0x20, 0x0, 0x0, 0x69, 0x10,

    /* U+F218 "" */
    0x24, 0x43, 0x0, 0x0, 0x0, 0x0, 0x0, 0x0,
    0xff, 0xff, 0x20, 0x0, 0x0, 0x0, 0x0, 0x0,
    0x68, 0xaf, 0xa8, 0x88, 0x88, 0x88, 0x88, 0x84,
    0x0, 0x3f, 0xff, 0xff, 0xff, 0xff, 0xff, 0xfa,
    0x0, 0xf, 0xff, 0xff, 0x92, 0xff, 0xff, 0xf7,
    0x0, 0xc, 0xff, 0xff, 0x91, 0xff, 0xff, 0xf3,
    0x0, 0x9, 0xff, 0xf4, 0x0, 0xc, 0xff, 0xf0,
    0x0, 0x6, 0xff, 0xfe, 0x20, 0x9f, 0xff, 0xc0,
    0x0, 0x3, 0xff, 0xff, 0xeb, 0xff, 0xff, 0x80,
    0x0, 0x0, 0xfe, 0x88, 0x88, 0x88, 0x87, 0x20,
    0x0, 0x0, 0xcf, 0xbb, 0xbb, 0xbb, 0xb9, 0x0,
    0x0, 0x0, 0x9f, 0xff, 0xff, 0xff, 0xff, 0x0,
    0x0, 0x1, 0xff, 0x90, 0x0, 0x2, 0xff, 0x80,
    0x0, 0x3, 0xff, 0xb0, 0x0, 0x3, 0xff, 0xa0,
    0x0, 0x0, 0x69, 0x20, 0x0, 0x0, 0x69, 0x10,

    /* U+F21A "" */
    0x0, 0x0, 0x0, 0x47, 0x77, 0x61, 0x0, 0x0,
    0x0, 0x0, 0x0, 0x0, 0xdf, 0xff, 0xf5, 0x0,
    0x0, 0x0, 0x0, 0x2, 0xbb, 0xff, 0xff, 0xfd,
    0xb8, 0x0, 0x0, 0x0, 0x7, 0xff, 0xff, 0xff,
    0xff, 0xff, 0x0, 0x0, 0x0, 0x8, 0xf4, 0x0,
    0x0, 0x0, 0xcf, 0x0, 0x0, 0x0, 0x8, 0xf4,
    0x3, 0x86, 0x10, 0xcf, 0x0, 0x0, 0x0, 0x8,
    0xfb, 0xef, 0xff, 0xfb, 0xef, 0x0, 0x0, 0x0,
    0x9e, 0xff, 0xff, 0xff, 0xff, 0xff, 0xc4, 0x0,
    0x2, 0xff, 0xff, 0xff, 0xff, 0xff, 0xff, 0xfa,
    0x0, 0x0, 0x7f, 0xff, 0xff, 0xff, 0xff, 0xff,
    0xd1, 0x0, 0x0, 0x7, 0xff, 0xff, 0xff, 0xff,
    0xfe, 0x10, 0x0, 0x0, 0x7, 0xff, 0xff, 0xff,
    0xff, 0xfe, 0x0, 0x0, 0x1, 0x8f, 0xff, 0xff,
    0xff, 0xff, 0xff, 0xc4, 0x0, 0xdf, 0xfe, 0x6f,
    0xff, 0xff, 0xff, 0xba, 0xff, 0xf6, 0x9a, 0x70,
    0x3, 0xac, 0xcc, 0xb8, 0x0, 0x39, 0xb4,

    /* U+F21B "" */
    0x0, 0x0, 0x10, 0x1, 0x0, 0x0, 0x0, 0x0,
    0x4f, 0xdb, 0xf8, 0x0, 0x0, 0x0, 0xd, 0xff,
    0xff, 0xf1, 0x0, 0x0, 0x38, 0xff, 0xff, 0xff,
    0xb4, 0x0, 0xd, 0xff, 0xff, 0xff, 0xff, 0xe3,
    0x0, 0x6, 0xb6, 0x78, 0x69, 0xa0, 0x0, 0x0,
    0x2e, 0x27, 0xa1, 0xc5, 0x0, 0x0, 0xcf, 0xff,
    0xff, 0xff, 0xff, 0x10, 0x7, 0xff, 0xff, 0xff,
    0xff, 0xc0, 0x0, 0x9f, 0xd3, 0xef, 0x69, 0xfc,
    0x10, 0x7f, 0xff, 0x17, 0xb0, 0xcf, 0xfa, 0xd,
    0xff, 0xf4, 0x8c, 0xf, 0xff, 0xf1, 0xff, 0xff,
    0x7c, 0xf4, 0xff, 0xff, 0x3f, 0xff, 0xfc, 0xff,
    0xcf, 0xff, 0xf3, 0x8d, 0xdd, 0xdd, 0xdd, 0xdd,
    0xda, 0x0,

    /* U+F21C "" */
    0x0, 0x0, 0x0, 0x0, 0x4, 0x42, 0x1, 0x42,
    0x0, 0x0, 0x0, 0x32, 0x10, 0x4, 0xff, 0xf4,
    0xef, 0xd0, 0x0, 0x0, 0x9f, 0xff, 0xb1, 0x11,
    0x2d, 0xfe, 0xea, 0x0, 0x0, 0x0, 0x22, 0x9f,
    0xff, 0xff, 0xff, 0x50, 0x0, 0x0, 0x0, 0x29,
    0xbc, 0xff, 0xff, 0xff, 0xce, 0xbb, 0x60, 0x0,
    0x3f, 0xcb, 0xff, 0xff, 0xff, 0x8a, 0xfd, 0xaf,
    0xa0, 0xc, 0xb0, 0xbf, 0xff, 0xff, 0xf5, 0xf9,
    0xf2, 0x3f, 0x40, 0xf5, 0x3f, 0xff, 0xff, 0xfe,
    0x7d, 0xc, 0xb0, 0xd7, 0xd, 0x92, 0x99, 0xde,
    0x99, 0x65, 0xf1, 0x27, 0x1f, 0x50, 0x6f, 0x95,
    0x8f, 0x60, 0x0, 0xd, 0xd6, 0x6d, 0xd0, 0x0,
    0x5d, 0xfd, 0x50, 0x0, 0x0, 0x1a, 0xef, 0xa1,
    0x0, 0x0, 0x0, 0x0, 0x0, 0x0, 0x0, 0x0,
    0x0, 0x0,

    /* U+F21D "" */
    0x0, 0x0, 0x0, 0x0, 0x0, 0x0, 0x0, 0x0,
    0x0, 0x7, 0xfd, 0x10, 0x0, 0x0, 0x0, 0x0,
    0xe, 0xff, 0x70, 0x0, 0x0, 0x0, 0x0, 0xb,
    0xff, 0x40, 0x0, 0x0, 0x0, 0x0, 0x2, 0x64,
    0x0, 0x0, 0x0, 0x0, 0x0, 0x9f, 0xff, 0xf2,
    0x0, 0x0, 0x0, 0x0, 0xdf, 0xff, 0xf6, 0x0,
    0x0, 0x0, 0x0, 0xdf, 0xff, 0xf6, 0x0, 0x0,
    0x0, 0x0, 0xdf, 0xff, 0xf6, 0x0, 0x0, 0x0,
    0x0, 0x5f, 0xff, 0xc2, 0x0, 0x0, 0x5, 0xbf,
    0x1f, 0xff, 0x88, 0xea, 0x40, 0xad, 0x51, 0xf,
    0xff, 0x80, 0x16, 0xd9, 0xe8, 0x0, 0xd, 0xff,
    0x60, 0x0, 0x8e, 0x3d, 0xd9, 0x65, 0x65, 0x46,
    0x9d, 0xd3, 0x0, 0x37, 0xac, 0xdd, 0xca, 0x73,
    0x0,

    /* U+F21E "" */
    0x0, 0x2, 0x54, 0x0, 0x0, 0x45, 0x20, 0x0,
    0x0, 0x9f, 0xff, 0xd2, 0x2d, 0xff, 0xf9, 0x0,
    0x7, 0xff, 0xff, 0xfe, 0xef, 0xff, 0xff, 0x70,
    0xd, 0xff, 0xff, 0xff, 0xff, 0xff, 0xff, 0xd0,
    0xf, 0xff, 0xfa, 0x9f, 0xff, 0xff, 0xff, 0xf0,
    0xc, 0xff, 0xf2, 0x2f, 0xf4, 0xbf, 0xff, 0xc0,
    0x4, 0xcc, 0x94, 0x79, 0xb2, 0x3c, 0xcc, 0x40,
    0x0, 0x5, 0x6c, 0xe2, 0x3c, 0x76, 0x50, 0x0,
    0x0, 0x7, 0xff, 0xf5, 0x4f, 0xff, 0x70, 0x0,
    0x0, 0x0, 0x8f, 0xfe, 0xef, 0xf7, 0x0, 0x0,
    0x0, 0x0, 0x8, 0xff, 0xff, 0x80, 0x0, 0x0,
    0x0, 0x0, 0x0, 0x8f, 0xf8, 0x0, 0x0, 0x0,
    0x0, 0x0, 0x0, 0x8, 0x80, 0x0, 0x0, 0x0,

    /* U+F221 "" */
    0x0, 0x48, 0x83, 0x0, 0xa, 0xff, 0xff, 0x90,
    0x7f, 0xc3, 0x4d, 0xf5, 0xdf, 0x10, 0x2, 0xfb,
    0xfc, 0x0, 0x0, 0xed, 0xdf, 0x10, 0x2, 0xfb,
    0x7f, 0xc4, 0x4d, 0xf4, 0xa, 0xff, 0xff, 0x80,
    0x0, 0x3f, 0xe2, 0x0, 0x0, 0x1f, 0xd1, 0x0,
    0x3, 0xff, 0xff, 0x10, 0x2, 0xaf, 0xea, 0x0,
    0x0, 0xd, 0xb0, 0x0,

    /* U+F222 "" */
    0x0, 0x0, 0x0, 0x1, 0x78, 0x30, 0x0, 0x0,
    0x0, 0x1f, 0xf8, 0x0, 0x0, 0x0, 0xb, 0xff,
    0x70, 0x19, 0xdc, 0x8b, 0xfb, 0x11, 0x1e, 0xff,
    0xff, 0xfb, 0x0, 0xa, 0xf7, 0x0, 0x9f, 0x80,
    0x0, 0xfd, 0x0, 0x0, 0xfc, 0x0, 0xf, 0xd0,
    0x0, 0xf, 0xd0, 0x0, 0xbf, 0x60, 0x7, 0xf9,
    0x0, 0x2, 0xff, 0xdd, 0xfe, 0x10, 0x0, 0x2,
    0xbf, 0xfa, 0x10, 0x0, 0x0,

    /* U+F223 "" */
    0x54, 0x0, 0x0, 0x44, 0xdf, 0x20, 0x3, 0xfb,
    0x5f, 0xfa, 0xbf, 0xf3, 0xd, 0xff, 0xff, 0xb0,
    0x8f, 0xc3, 0x4d, 0xf6, 0xef, 0x10, 0x2, 0xfb,
    0xfc, 0x0, 0x0, 0xed, 0xdf, 0x10, 0x2, 0xfb,
    0x6f, 0xc4, 0x4d, 0xf4, 0xa, 0xff, 0xff, 0x80,
    0x0, 0x3f, 0xe2, 0x0, 0x0, 0x1f, 0xd1, 0x0,
    0x3, 0xff, 0xff, 0x10, 0x2, 0xaf, 0xea, 0x0,
    0x0, 0xd, 0xb0, 0x0,

    /* U+F224 "" */
    0x0, 0x0, 0x0, 0x0, 0x34, 0x10, 0x0, 0x0,
    0x0, 0x1f, 0xf7, 0x0, 0x0, 0x0, 0x7, 0xff,
    0x80, 0x5, 0x98, 0x47, 0xfd, 0x43, 0xb, 0xff,
    0xff, 0xfd, 0x10, 0x8, 0xfb, 0x34, 0xcf, 0x60,
    0x0, 0xee, 0x0, 0x1, 0xfc, 0x0, 0xf, 0xc0,
    0x0, 0xe, 0xd0, 0x0, 0xdf, 0x10, 0x3, 0xfa,
    0x0, 0x6, 0xfd, 0x66, 0xef, 0x40, 0x0, 0x8,
    0xff, 0xff, 0x60, 0x0, 0x0, 0x2, 0xfd, 0x10,
    0x0, 0x0, 0x3, 0xef, 0xfe, 0x10, 0x0, 0x0,
    0x3d, 0xff, 0xd1, 0x0, 0x0, 0x0, 0xd, 0xb0,
    0x0, 0x0, 0x0,

    /* U+F225 "" */
    0x34, 0x20, 0x0, 0x0, 0x0, 0x24, 0x30, 0xff,
    0x83, 0x0, 0x0, 0x0, 0x6f, 0xf1, 0xff, 0xef,
    0x70, 0x0, 0x1, 0xcf, 0xf2, 0x5b, 0xff, 0x57,
    0x97, 0x2c, 0xf9, 0x50, 0xe, 0xff, 0xff, 0xff,
    0xff, 0x90, 0x0, 0x2, 0x2e, 0xf7, 0x26, 0xff,
    0x10, 0x0, 0x0, 0x3f, 0x90, 0x0, 0x7f, 0x60,
    0x0, 0x0, 0x5f, 0x60, 0x0, 0x4f, 0x70, 0x0,
    0x0, 0x3f, 0xb0, 0x0, 0x9f, 0x40, 0x0, 0x0,
    0xc, 0xfa, 0x59, 0xfd, 0x0, 0x0, 0x0, 0x1,
    0xdf, 0xff, 0xd2, 0x0, 0x0, 0x0, 0x0, 0x7,
    0xf9, 0x0, 0x0, 0x0, 0x0, 0x0, 0x8e, 0xff,
    0xa0, 0x0, 0x0, 0x0, 0x0, 0x8e, 0xfe, 0x90,
    0x0, 0x0, 0x0, 0x0, 0x4, 0xf6, 0x0, 0x0,
    0x0,

    /* U+F226 "" */
    0x0, 0x48, 0x83, 0x0, 0x38, 0x84, 0x0, 0xa,
    0xff, 0xff, 0x92, 0xff, 0xff, 0xa0, 0x7f, 0xc3,
    0x4d, 0xf5, 0x74, 0x3c, 0xf7, 0xdf, 0x10, 0x2,
    0xfb, 0x0, 0x1, 0xfd, 0xfc, 0x0, 0x0, 0xed,
    0x0, 0x0, 0xcf, 0xdf, 0x10, 0x2, 0xfb, 0x0,
    0x1, 0xfd, 0x7f, 0xc4, 0x4d, 0xf4, 0x84, 0x4c,
    0xf6, 0xa, 0xff, 0xff, 0x82, 0xff, 0xff, 0xa0,
    0x0, 0x3f, 0xe2, 0x0, 0x3e, 0xf3, 0x0, 0x0,
    0x1f, 0xd1, 0x0, 0x1d, 0xf1, 0x0, 0x3, 0xff,
    0xff, 0x11, 0xff, 0xff, 0x30, 0x2, 0xaf, 0xea,
    0x0, 0xae, 0xfa, 0x20, 0x0, 0xd, 0xb0, 0x0,
    0xb, 0xd0, 0x0,

    /* U+F227 "" */
    0x0, 0x0, 0x0, 0x5, 0x53, 0x0, 0x0, 0x0,
    0x0, 0x0, 0xd, 0xf9, 0x0, 0x0, 0x0, 0x59,
    0x84, 0x7f, 0xf9, 0x0, 0x0, 0xb, 0xff, 0xff,
    0xfe, 0x23, 0x0, 0x0, 0x8f, 0xb3, 0x4c, 0xf7,
    0x0, 0x0, 0x0, 0xee, 0x0, 0x1, 0xfc, 0x0,
    0xa, 0xfe, 0xfc, 0x0, 0x0, 0xed, 0x0, 0xa,
    0xff, 0xcf, 0x30, 0x5, 0xfa, 0x6e, 0xcf, 0xbb,
    0x4f, 0xfa, 0xbf, 0xf2, 0x7e, 0xfd, 0x0, 0x5,
    0xef, 0xfd, 0x30, 0x2, 0xef, 0x10, 0x0, 0x1,
    0x13, 0x10, 0x0, 0x9f, 0x30, 0x0, 0x0, 0x7f,
    0x50, 0x0, 0xaf, 0x20, 0x0, 0x0, 0x2f, 0xe3,
    0x6, 0xfc, 0x0, 0x0, 0x0, 0x7, 0xff, 0xff,
    0xe2, 0x0, 0x0, 0x0, 0x0, 0x4a, 0xb8, 0x10,
    0x0,

    /* U+F228 "" */
    0x0, 0x0, 0x0, 0x0, 0x0, 0x0, 0x5, 0x53,
    0x0, 0x0, 0x0, 0x0, 0x0, 0x0, 0xc, 0xfc,
    0x0, 0x49, 0x84, 0x0, 0x38, 0x84, 0x5f, 0xfc,
    0xb, 0xff, 0xff, 0x92, 0xff, 0xff, 0xfe, 0x34,
    0x7f, 0xc3, 0x4d, 0xf5, 0x74, 0x3c, 0xf8, 0x0,
    0xdf, 0x10, 0x2, 0xfb, 0x0, 0x1, 0xfd, 0x0,
    0xfc, 0x0, 0x0, 0xed, 0x0, 0x0, 0xcf, 0x0,
    0xdf, 0x10, 0x2, 0xfb, 0x0, 0x1, 0xfd, 0x0,
    0x7f, 0xc4, 0x4d, 0xf4, 0x84, 0x4c, 0xf7, 0x0,
    0xa, 0xff, 0xff, 0x82, 0xff, 0xff, 0xa0, 0x0,
    0x0, 0x3f, 0xe2, 0x0, 0x37, 0x84, 0x0, 0x0,
    0x0, 0x1f, 0xd1, 0x0, 0x0, 0x0, 0x0, 0x0,
    0x3, 0xff, 0xff, 0x10, 0x0, 0x0, 0x0, 0x0,
    0x2, 0xaf, 0xea, 0x0, 0x0, 0x0, 0x0, 0x0,
    0x0, 0xd, 0xb0, 0x0, 0x0, 0x0, 0x0, 0x0,

    /* U+F229 "" */
    0x0, 0x0, 0x0, 0x1, 0x78, 0x30, 0x0, 0x0,
    0x1, 0x4f, 0xf8, 0x0, 0x0, 0x0, 0xcf, 0xfe,
    0x70, 0x19, 0xdc, 0x8c, 0xff, 0x41, 0x1e, 0xff,
    0xff, 0xfc, 0xc1, 0xa, 0xf7, 0x0, 0x9f, 0x80,
    0x0, 0xed, 0x0, 0x0, 0xfc, 0x0, 0xf, 0xd0,
    0x0, 0xf, 0xd0, 0x0, 0xbf, 0x60, 0x7, 0xf9,
    0x0, 0x2, 0xff, 0xdd, 0xfe, 0x10, 0x0, 0x2,
    0xbf, 0xfa, 0x10, 0x0, 0x0,

    /* U+F22A "" */
    0x0, 0x0, 0x0, 0x0, 0x0, 0xa, 0x80, 0x0,
    0x0, 0x9f, 0xf8, 0x0, 0x0, 0x3f, 0xd2, 0x0,
    0x0, 0xcf, 0xfa, 0x0, 0x0, 0x7f, 0xe6, 0x0,
    0x1, 0x7f, 0xf7, 0x0, 0x1e, 0xff, 0xff, 0xd0,
    0xaf, 0x70, 0x9, 0xf8, 0xfd, 0x0, 0x0, 0xfd,
    0xfd, 0x0, 0x0, 0xfd, 0xbf, 0x70, 0x9, 0xf9,
    0x2e, 0xff, 0xff, 0xd1, 0x1, 0x9d, 0xd8, 0x10,

    /* U+F22B "" */
    0x0, 0x1, 0x10, 0x0, 0x0, 0x0, 0x0, 0x4,
    0xdf, 0xfc, 0x30, 0x0, 0x0, 0x0, 0x4f, 0xfb,
    0xbf, 0xe1, 0x0, 0x0, 0x0, 0xcf, 0x30, 0x6,
    0xf9, 0x8f, 0x5d, 0x10, 0xfc, 0x0, 0x0, 0xff,
    0xff, 0xff, 0xd0, 0xee, 0x0, 0x1, 0xfd, 0xdf,
    0xcf, 0x70, 0x9f, 0xa2, 0x2c, 0xf5, 0x37, 0x25,
    0x0, 0xc, 0xff, 0xff, 0xa0, 0x0, 0x0, 0x0,
    0x0, 0x6a, 0xa5, 0x0, 0x0, 0x0, 0x0,

    /* U+F22C "" */
    0x0, 0x48, 0x83, 0x0, 0xa, 0xff, 0xff, 0x90,
    0x7f, 0xc3, 0x4d, 0xf5, 0xdf, 0x10, 0x2, 0xfb,
    0xfc, 0x0, 0x0, 0xed, 0xdf, 0x10, 0x2, 0xfb,
    0x7f, 0xc4, 0x4d, 0xf4, 0xa, 0xff, 0xff, 0x80,
    0x0, 0x3f, 0xe2, 0x0, 0x0, 0xf, 0xd0, 0x0,
    0x0, 0xf, 0xd0, 0x0, 0x0, 0xf, 0xd0, 0x0,
    0x0, 0xd, 0xb0, 0x0,

    /* U+F22D "" */
    0x0, 0x1, 0x10, 0x0, 0x4, 0xdf, 0xfc, 0x30,
    0x4f, 0xfb, 0xbf, 0xf2, 0xcf, 0x40, 0x5, 0xfa,
    0xfc, 0x0, 0x0, 0xed, 0xee, 0x0, 0x1, 0xfc,
    0x9f, 0xa2, 0x2b, 0xf7, 0xc, 0xff, 0xff, 0xb0,
    0x0, 0x6a, 0xa5, 0x0,

    /* U+F231 "" */
    0x0, 0x0, 0x1, 0x0, 0x0, 0x0, 0x3, 0xbf,
    0xff, 0xc4, 0x0, 0x8, 0xfb, 0x54, 0x6d, 0xf7,
    0x5, 0xf8, 0x0, 0x0, 0xd, 0xf3, 0xcd, 0x6,
    0xe4, 0x0, 0x6f, 0x8f, 0x90, 0xef, 0x80, 0x4,
    0xfa, 0xe9, 0xe, 0xf4, 0x0, 0x6f, 0x9a, 0xe0,
    0xcf, 0x0, 0xa, 0xf5, 0x1c, 0x1f, 0xe0, 0x2,
    0xfe, 0x0, 0x4, 0xff, 0xb8, 0xef, 0x50, 0x0,
    0x8f, 0x6a, 0xda, 0x30, 0x0, 0xb, 0xf0, 0x0,
    0x0, 0x0, 0x0, 0xca, 0x0, 0x0, 0x0, 0x0,
    0xd, 0x20, 0x0, 0x0, 0x0, 0x0, 0x40, 0x0,
    0x0, 0x0, 0x0,

    /* U+F232 "" */
    0x0, 0x0, 0x1, 0x20, 0x0, 0x0, 0x0, 0x1,
    0x9e, 0xee, 0xfa, 0x20, 0x0, 0x2, 0xe9, 0x20,
    0x1, 0x7e, 0x50, 0x0, 0xd6, 0x0, 0x0, 0x0,
    0x3e, 0x30, 0x7a, 0x8, 0x90, 0x0, 0x0, 0x6b,
    0xc, 0x40, 0xef, 0x0, 0x0, 0x0, 0xf1, 0xe1,
    0xa, 0xc0, 0x0, 0x0, 0xd, 0x3d, 0x20, 0x1e,
    0x70, 0x31, 0x0, 0xd3, 0xa6, 0x0, 0x2e, 0xcf,
    0xf1, 0x1f, 0x4, 0xd0, 0x0, 0x7, 0xb8, 0x9,
    0x90, 0x4b, 0x0, 0x0, 0x0, 0x7, 0xd1, 0x9,
    0xcb, 0xd7, 0x33, 0x5c, 0xc1, 0x0, 0xb9, 0x54,
    0x9c, 0xdb, 0x50, 0x0, 0x0,

    /* U+F233 "" */
    0x2, 0x22, 0x22, 0x22, 0x22, 0x22, 0x20, 0xef,
    0xff, 0xff, 0xff, 0xff, 0xff, 0xfe, 0xff, 0xff,
    0xff, 0xff, 0xf8, 0x82, 0xaf, 0xef, 0xff, 0xff,
    0xff, 0xff, 0xfe, 0xfe, 0x13, 0x33, 0x33, 0x33,
    0x33, 0x33, 0x31, 0xcf, 0xff, 0xff, 0xff, 0xff,
    0xff, 0xfc, 0xff, 0xff, 0xff, 0xff, 0xf9, 0x94,
    0xbf, 0xff, 0xff, 0xff, 0xff, 0xfe, 0xec, 0xff,
    0x25, 0x55, 0x55, 0x55, 0x55, 0x55, 0x52, 0xad,
    0xdd, 0xdd, 0xdd, 0xdd, 0xdd, 0xda, 0xff, 0xff,
    0xff, 0xff, 0xfb, 0xb7, 0xcf, 0xff, 0xff, 0xff,
    0xff, 0xfa, 0xa5, 0xcf, 0xbf, 0xff, 0xff, 0xff,
    0xff, 0xff, 0xfc,

    /* U+F234 "" */
    0x0, 0x0, 0x1, 0x10, 0x0, 0x0, 0x0, 0x0,
    0x0, 0x0, 0x1, 0xbf, 0xfd, 0x30, 0x0, 0x0,
    0x0, 0x0, 0x0, 0xc, 0xff, 0xff, 0xf1, 0x0,
    0x0, 0x0, 0x0, 0x0, 0x4f, 0xff, 0xff, 0xf7,
    0x0, 0x0, 0x0, 0x0, 0x0, 0x5f, 0xff, 0xff,
    0xf9, 0x0, 0x3, 0xa2, 0x0, 0x0, 0x2f, 0xff,
    0xff, 0xf6, 0x0, 0x7, 0xf5, 0x0, 0x0, 0xa,
    0xff, 0xff, 0xd0, 0x3, 0x7b, 0xf9, 0x72, 0x0,
    0x0, 0x7c, 0xd9, 0x10, 0x9, 0xff, 0xff, 0xf7,
    0x0, 0x25, 0x40, 0x2, 0x64, 0x1, 0x39, 0xf7,
    0x31, 0xa, 0xff, 0xff, 0xff, 0xff, 0xc1, 0x6,
    0xf4, 0x0, 0x8f, 0xff, 0xff, 0xff, 0xff, 0xfc,
    0x1, 0x51, 0x0, 0xef, 0xff, 0xff, 0xff, 0xff,
    0xff, 0x20, 0x0, 0x0, 0xff, 0xff, 0xff, 0xff,
    0xff, 0xff, 0x30, 0x0, 0x0, 0xff, 0xff, 0xff,
    0xff, 0xff, 0xff, 0x30, 0x0, 0x0, 0x6b, 0xbb,
    0xbb, 0xbb, 0xbb, 0xb8, 0x0, 0x0, 0x0,

    /* U+F235 "" */
    0x0, 0x0, 0x1, 0x10, 0x0, 0x0, 0x0, 0x0,
    0x0, 0x0, 0x1, 0xbf, 0xfd, 0x30, 0x0, 0x0,
    0x0, 0x0, 0x0, 0xc, 0xff, 0xff, 0xf1, 0x0,
    0x0, 0x0, 0x0, 0x0, 0x4f, 0xff, 0xff, 0xf7,
    0x0, 0x0, 0x0, 0x0, 0x0, 0x5f, 0xff, 0xff,
    0xf9, 0x0, 0x1, 0x0, 0x10, 0x0, 0x2f, 0xff,
    0xff, 0xf6, 0x0, 0x7f, 0x37, 0xf4, 0x0, 0xa,
    0xff, 0xff, 0xd0, 0x0, 0x4f, 0xff, 0xe2, 0x0,
    0x0, 0x7c, 0xd9, 0x10, 0x0, 0xa, 0xff, 0x60,
    0x0, 0x25, 0x40, 0x2, 0x64, 0x0, 0x7f, 0xdf,
    0xf4, 0xa, 0xff, 0xff, 0xff, 0xff, 0xc1, 0x4c,
    0x13, 0xc2, 0x8f, 0xff, 0xff, 0xff, 0xff, 0xfc,
    0x0, 0x0, 0x0, 0xef, 0xff, 0xff, 0xff, 0xff,
    0xff, 0x20, 0x0, 0x0, 0xff, 0xff, 0xff, 0xff,
    0xff, 0xff, 0x30, 0x0, 0x0, 0xff, 0xff, 0xff,
    0xff, 0xff, 0xff, 0x30, 0x0, 0x0, 0x6b, 0xbb,
    0xbb, 0xbb, 0xbb, 0xb8, 0x0, 0x0, 0x0,

    /* U+F236 "" */
    0x75, 0x0, 0x0, 0x0, 0x0, 0x0, 0x0, 0x0,
    0x0, 0xfc, 0x2, 0x87, 0x10, 0x0, 0x0, 0x0,
    0x0, 0x0, 0xfc, 0x1e, 0xff, 0xc0, 0xac, 0xcc,
    0xcc, 0xb9, 0x10, 0xfc, 0x4f, 0xff, 0xf1, 0xff,
    0xff, 0xff, 0xff, 0xe1, 0xfc, 0x1f, 0xff, 0xd0,
    0xff, 0xff, 0xff, 0xff, 0xf8, 0xfc, 0x3, 0xa9,
    0x20, 0xff, 0xff, 0xff, 0xff, 0xfa, 0xfd, 0x66,
    0x66, 0x66, 0xff, 0xff, 0xff, 0xff, 0xfa, 0xff,
    0xff, 0xff, 0xff, 0xff, 0xff, 0xff, 0xff, 0xfa,
    0xff, 0xff, 0xff, 0xff, 0xff, 0xff, 0xff, 0xff,
    0xfa, 0xfd, 0x44, 0x44, 0x44, 0x44, 0x44, 0x44,
    0x44, 0xfa, 0xfb, 0x0, 0x0, 0x0, 0x0, 0x0,
    0x0, 0x0, 0xf9,

    /* U+F237 "" */
    0x54, 0x0, 0x0, 0x0, 0x16, 0x2a, 0xf2, 0x0,
    0x0, 0x9, 0xf2, 0x3f, 0x80, 0x0, 0x1, 0xfb,
    0x5, 0xee, 0x0, 0x0, 0x7f, 0x82, 0xff, 0xf6,
    0x0, 0xe, 0xff, 0x82, 0x2e, 0xc2, 0x25, 0xf8,
    0x21, 0xff, 0xff, 0xff, 0xff, 0xff, 0x83, 0x33,
    0xfb, 0x5f, 0x93, 0x31, 0x0, 0xa, 0xfa, 0xf2,
    0x0, 0x0, 0x0, 0x3f, 0xfb, 0x0, 0x0, 0x0,
    0x0, 0xcf, 0x40, 0x0, 0x0, 0x0, 0x5, 0xd0,
    0x0, 0x0, 0x0, 0x0, 0x4, 0x0, 0x0, 0x0,

    /* U+F238 "" */
    0x0, 0x0, 0x0, 0x0, 0x0, 0x0, 0x0, 0x7e,
    0xff, 0xff, 0xff, 0xe9, 0x10, 0xaf, 0xff, 0xff,
    0xff, 0xff, 0xfd, 0xf, 0xd9, 0x99, 0x99, 0x99,
    0x9b, 0xf3, 0xf5, 0x0, 0x0, 0x0, 0x0, 0x1f,
    0x4f, 0x50, 0x0, 0x0, 0x0, 0x1, 0xf4, 0xf5,
    0x0, 0x0, 0x0, 0x0, 0x1f, 0x4f, 0x82, 0x22,
    0x22, 0x22, 0x25, 0xf4, 0xff, 0xff, 0xff, 0xff,
    0xff, 0xff, 0x4f, 0xff, 0xfe, 0x20, 0xbf, 0xff,
    0xf4, 0xff, 0xff, 0xa0, 0x6, 0xff, 0xff, 0x3b,
    0xff, 0xfe, 0x32, 0xcf, 0xff, 0xe0, 0x8, 0xff,
    0xff, 0xff, 0xff, 0xa2, 0x0, 0x2, 0xdf, 0xff,
    0xff, 0x40, 0x0, 0x1, 0xbc, 0xcc, 0xcc, 0xcc,
    0x30, 0x0,

    /* U+F239 "" */
    0x0, 0x0, 0x0, 0x0, 0x0, 0x0, 0x0, 0x7e,
    0xff, 0xff, 0xff, 0xea, 0x10, 0xaf, 0xff, 0xff,
    0xff, 0xff, 0xfd, 0xf, 0xd9, 0x99, 0xdf, 0xa9,
    0x9b, 0xf3, 0xf5, 0x0, 0x6, 0xe0, 0x0, 0x1f,
    0x4f, 0x50, 0x0, 0x6e, 0x0, 0x1, 0xf4, 0xf5,
    0x0, 0x6, 0xe0, 0x0, 0x1f, 0x4f, 0x70, 0x0,
    0x8f, 0x10, 0x3, 0xf4, 0xff, 0xef, 0xff, 0xff,
    0xfe, 0xff, 0x4f, 0x80, 0x2f, 0xff, 0xfa, 0x4,
    0xf4, 0xf7, 0x1, 0xff, 0xff, 0x90, 0x3f, 0x39,
    0xfc, 0xef, 0xff, 0xff, 0xcf, 0xd0, 0x6, 0xdf,
    0xff, 0xff, 0xfe, 0x91, 0x0, 0x2, 0xdf, 0xff,
    0xff, 0x70, 0x0, 0x0, 0xac, 0xcc, 0xcc, 0xcc,
    0x40, 0x0,

    /* U+F23A "" */
    0x22, 0x22, 0x22, 0x22, 0x22, 0x22, 0xf, 0xff,
    0xff, 0xff, 0xff, 0xff, 0xf2, 0xff, 0xff, 0xff,
    0xff, 0xff, 0xff, 0x2f, 0xfa, 0x9b, 0xff, 0xf9,
    0xaf, 0xf2, 0xff, 0xa0, 0xe, 0xfb, 0x8, 0xff,
    0x2f, 0xfe, 0x10, 0x7f, 0x60, 0xaf, 0xf2, 0xff,
    0xe5, 0x20, 0xd7, 0xa, 0xff, 0x2f, 0xfe, 0x5a,
    0x2, 0xc0, 0xaf, 0xf2, 0xff, 0xd4, 0xf2, 0x5e,
    0xa, 0xff, 0x2f, 0xf4, 0xa, 0x9c, 0x80, 0x5f,
    0xf2, 0xff, 0xff, 0xff, 0xff, 0xff, 0xff, 0x2f,
    0xff, 0xff, 0xff, 0xff, 0xff, 0xf2, 0xff, 0xff,
    0xff, 0xff, 0xff, 0xff, 0x20,

    /* U+F23B "" */
    0x22, 0x22, 0x22, 0x22, 0x22, 0x22, 0xf, 0xff,
    0xff, 0xff, 0xff, 0xff, 0xf4, 0xff, 0xff, 0xff,
    0xff, 0xff, 0xff, 0x4f, 0xff, 0xfe, 0xff, 0xfe,
    0xff, 0xf4, 0xff, 0xfe, 0x3f, 0xf5, 0xcf, 0xff,
    0x4f, 0xff, 0xf7, 0xad, 0x5f, 0xff, 0xf4, 0xff,
    0xff, 0xe3, 0x5d, 0xff, 0xff, 0x4f, 0xff, 0xff,
    0x86, 0xff, 0xff, 0xf4, 0xff, 0xff, 0xfa, 0x8f,
    0xff, 0xff, 0x4f, 0xff, 0xff, 0xa8, 0xff, 0xff,
    0xf4, 0xff, 0xff, 0xfe, 0xef, 0xff, 0xff, 0x4f,
    0xff, 0xff, 0xff, 0xff, 0xff, 0xf4, 0xff, 0xff,
    0xff, 0xff, 0xff, 0xff, 0x30,

    /* U+F23C "" */
    0x0, 0x0, 0x0, 0x0, 0x7a, 0x60, 0x0, 0x0,
    0x0, 0x0, 0x0, 0x5, 0x88, 0x77, 0x0, 0x0,
    0x0, 0x0, 0x0, 0x6, 0xb9, 0x1, 0xcb, 0x10,
    0x0, 0x0, 0x4, 0x3b, 0xfe, 0x2, 0x62, 0xfd,
    0x3, 0x20, 0x0, 0x77, 0xdf, 0xe2, 0x7f, 0x6f,
    0xf9, 0x66, 0x0, 0x7, 0x3e, 0xff, 0xae, 0xec,
    0xff, 0xb3, 0x70, 0x0, 0x38, 0xfe, 0xdb, 0xba,
    0xdc, 0xfd, 0x72, 0x0, 0x6, 0xfc, 0x96, 0x5,
    0x16, 0x2b, 0xdf, 0x30, 0x0, 0xbf, 0xb4, 0x76,
    0x64, 0x37, 0x4d, 0xf7, 0x0, 0x3, 0xb1, 0x53,
    0x0, 0x0, 0x53, 0x49, 0x10, 0x6, 0xcc, 0x0,
    0x49, 0x35, 0x91, 0x2, 0xcc, 0x30, 0xbd, 0x95,
    0x75, 0x3, 0x11, 0x56, 0x5c, 0xb8, 0x4, 0x8b,
    0xa6, 0x66, 0x66, 0x66, 0x79, 0xb8, 0x20, 0x1,
    0x20, 0x0, 0x0, 0x0, 0x0, 0x2, 0x10,

    /* U+F23D "" */
    0x10, 0x0, 0x0, 0x0, 0x0, 0x0, 0x0, 0x0,
    0x0, 0x46, 0x0, 0x0, 0x0, 0x0, 0x0, 0x0,
    0x0, 0x0, 0x6, 0xd8, 0x42, 0x0, 0x0, 0x0,
    0x0, 0x0, 0x0, 0x0, 0x28, 0xdf, 0xff, 0xee,
    0xee, 0xdd, 0xdc, 0x91, 0x0, 0x0, 0x1, 0x34,
    0x55, 0x55, 0x67, 0xbf, 0xf6, 0x0, 0x0, 0x0,
    0x0, 0x0, 0x0, 0x0, 0xc, 0xa0, 0x0, 0x0,
    0x0, 0x0, 0x0, 0x0, 0x0, 0x49, 0x0, 0x0,
    0x0, 0x0, 0x0, 0x0, 0x0, 0x3, 0x60, 0x0,
    0x0, 0x0, 0x0, 0x0, 0x0, 0x0, 0x24, 0x0,
    0x0, 0x0, 0x0, 0x0, 0x0, 0x0, 0x0, 0x10,
    0x0, 0x0, 0x0, 0x0, 0x62, 0x0, 0x2, 0x60,
    0x0, 0x0, 0x0, 0x0, 0x8, 0xfc, 0x0, 0xd,
    0xf7, 0x0, 0x0, 0x0, 0x0, 0x5, 0xf9, 0x0,
    0x9, 0xf4, 0x0, 0x0, 0x0, 0x0, 0x0, 0x0,
    0x0, 0x0, 0x0, 0x0, 0x0, 0x0,

    /* U+F23E "" */
    0x0, 0x0, 0x0, 0x0, 0x0, 0x0, 0x0, 0x0,
    0x2, 0x87, 0x88, 0x87, 0x10, 0x0, 0x0, 0x68,
    0x9e, 0xff, 0xd8, 0x84, 0x0, 0x6, 0x7e, 0xf5,
    0x0, 0x7f, 0xc8, 0x30, 0x28, 0xef, 0x67, 0xfe,
    0x2a, 0xfc, 0x80, 0x89, 0xff, 0x2e, 0xff, 0x76,
    0xff, 0x76, 0x8e, 0xfd, 0x5c, 0xcc, 0x87, 0xef,
    0xa7, 0x8f, 0xe4, 0x0, 0x10, 0x0, 0x2f, 0xc7,
    0x8f, 0xe8, 0x1, 0xf9, 0x0, 0x1f, 0xc7, 0x8b,
    0xe8, 0x0, 0xd7, 0x0, 0x1f, 0x97, 0x67, 0xe8,
    0x0, 0x72, 0x0, 0x1f, 0x72, 0x9, 0x96, 0x44,
    0x44, 0x44, 0x68, 0x80, 0x1, 0x98, 0xff, 0xff,
    0xfe, 0x79, 0x0, 0x0, 0x18, 0x88, 0x88, 0x88,
    0x70, 0x0, 0x0, 0x0, 0x15, 0x77, 0x50, 0x0,
    0x0,

    /* U+F240 "" */
    0x5b, 0xbb, 0xbb, 0xbb, 0xbb, 0xbb, 0xbb, 0xba,
    0x20, 0xff, 0xff, 0xff, 0xff, 0xff, 0xff, 0xff,
    0xff, 0x90, 0xfc, 0x12, 0x22, 0x22, 0x22, 0x22,
    0x22, 0xf, 0xf7, 0xfc, 0x5f, 0xff, 0xff, 0xff,
    0xff, 0xff, 0x2c, 0xfa, 0xfc, 0x5f, 0xff, 0xff,
    0xff, 0xff, 0xff, 0x21, 0xfa, 0xfc, 0x5f, 0xff,
    0xff, 0xff, 0xff, 0xff, 0x27, 0xfa, 0xfc, 0x26,
    0x66, 0x66, 0x66, 0x66, 0x66, 0x1f, 0xfa, 0xfe,
    0xbb, 0xbb, 0xbb, 0xbb, 0xbb, 0xbb, 0xbf, 0xb1,
    0xaf, 0xff, 0xff, 0xff, 0xff, 0xff, 0xff, 0xff,
    0x50, 0x0, 0x0, 0x0, 0x0, 0x0, 0x0, 0x0,
    0x0, 0x0,

    /* U+F241 "" */
    0x5b, 0xbb, 0xbb, 0xbb, 0xbb, 0xbb, 0xbb, 0xba,
    0x20, 0xff, 0xff, 0xff, 0xff, 0xff, 0xff, 0xff,
    0xff, 0x90, 0xfc, 0x12, 0x22, 0x22, 0x22, 0x21,
    0x0, 0xf, 0xf7, 0xfc, 0x5f, 0xff, 0xff, 0xff,
    0xf8, 0x0, 0xc, 0xfa, 0xfc, 0x5f, 0xff, 0xff,
    0xff, 0xf8, 0x0, 0x1, 0xfa, 0xfc, 0x5f, 0xff,
    0xff, 0xff, 0xf8, 0x0, 0x7, 0xfa, 0xfc, 0x26,
    0x66, 0x66, 0x66, 0x63, 0x0, 0xf, 0xfa, 0xfe,
    0xbb, 0xbb, 0xbb, 0xbb, 0xbb, 0xbb, 0xbf, 0xb1,
    0xaf, 0xff, 0xff, 0xff, 0xff, 0xff, 0xff, 0xff,
    0x50, 0x0, 0x0, 0x0, 0x0, 0x0, 0x0, 0x0,
    0x0, 0x0,

    /* U+F242 "" */
    0x5b, 0xbb, 0xbb, 0xbb, 0xbb, 0xbb, 0xbb, 0xba,
    0x20, 0xff, 0xff, 0xff, 0xff, 0xff, 0xff, 0xff,
    0xff, 0x90, 0xfc, 0x12, 0x22, 0x22, 0x10, 0x0,
    0x0, 0xf, 0xf7, 0xfc, 0x5f, 0xff, 0xff, 0xd0,
    0x0, 0x0, 0xc, 0xfa, 0xfc, 0x5f, 0xff, 0xff,
    0xd0, 0x0, 0x0, 0x1, 0xfa, 0xfc, 0x5f, 0xff,
    0xff, 0xd0, 0x0, 0x0, 0x7, 0xfa, 0xfc, 0x26,
    0x66, 0x66, 0x50, 0x0, 0x0, 0xf, 0xfa, 0xfe,
    0xbb, 0xbb, 0xbb, 0xbb, 0xbb, 0xbb, 0xbf, 0xb1,
    0xaf, 0xff, 0xff, 0xff, 0xff, 0xff, 0xff, 0xff,
    0x50, 0x0, 0x0, 0x0, 0x0, 0x0, 0x0, 0x0,
    0x0, 0x0,

    /* U+F243 "" */
    0x5b, 0xbb, 0xbb, 0xbb, 0xbb, 0xbb, 0xbb, 0xba,
    0x20, 0xff, 0xff, 0xff, 0xff, 0xff, 0xff, 0xff,
    0xff, 0x90, 0xfc, 0x12, 0x22, 0x0, 0x0, 0x0,
    0x0, 0xf, 0xf7, 0xfc, 0x5f, 0xff, 0x30, 0x0,
    0x0, 0x0, 0xc, 0xfa, 0xfc, 0x5f, 0xff, 0x30,
    0x0, 0x0, 0x0, 0x1, 0xfa, 0xfc, 0x5f, 0xff,
    0x30, 0x0, 0x0, 0x0, 0x7, 0xfa, 0xfc, 0x26,
    0x66, 0x10, 0x0, 0x0, 0x0, 0xf, 0xfa, 0xfe,
    0xbb, 0xbb, 0xbb, 0xbb, 0xbb, 0xbb, 0xbf, 0xb1,
    0xaf, 0xff, 0xff, 0xff, 0xff, 0xff, 0xff, 0xff,
    0x50, 0x0, 0x0, 0x0, 0x0, 0x0, 0x0, 0x0,
    0x0, 0x0,

    /* U+F244 "" */
    0x5b, 0xbb, 0xbb, 0xbb, 0xbb, 0xbb, 0xbb, 0xba,
    0x20, 0xff, 0xff, 0xff, 0xff, 0xff, 0xff, 0xff,
    0xff, 0x90, 0xfc, 0x0, 0x0, 0x0, 0x0, 0x0,
    0x0, 0xf, 0xf7, 0xfc, 0x0, 0x0, 0x0, 0x0,
    0x0, 0x0, 0xc, 0xfa, 0xfc, 0x0, 0x0, 0x0,
    0x0, 0x0, 0x0, 0x1, 0xfa, 0xfc, 0x0, 0x0,
    0x0, 0x0, 0x0, 0x0, 0x7, 0xfa, 0xfc, 0x0,
    0x0, 0x0, 0x0, 0x0, 0x0, 0xf, 0xfa, 0xfe,
    0xbb, 0xbb, 0xbb, 0xbb, 0xbb, 0xbb, 0xbf, 0xb1,
    0xaf, 0xff, 0xff, 0xff, 0xff, 0xff, 0xff, 0xff,
    0x50, 0x0, 0x0, 0x0, 0x0, 0x0, 0x0, 0x0,
    0x0, 0x0,

    /* U+F245 "" */
    0x20, 0x0, 0x0, 0x0, 0xf, 0x60, 0x0, 0x0,
    0x0, 0xff, 0x60, 0x0, 0x0, 0xf, 0xff, 0x50,
    0x0, 0x0, 0xff, 0xff, 0x50, 0x0, 0xf, 0xff,
    0xff, 0x50, 0x0, 0xff, 0xff, 0xff, 0x40, 0xf,
    0xff, 0xff, 0xff, 0x40, 0xff, 0xff, 0xff, 0xff,
    0x4f, 0xff, 0xff, 0xdc, 0xc7, 0xff, 0xff, 0xfa,
    0x0, 0xf, 0xfa, 0x9f, 0xf1, 0x0, 0xfa, 0x2,
    0xff, 0x70, 0x6, 0x0, 0xb, 0xfd, 0x0, 0x0,
    0x0, 0x49, 0x20, 0x0,

    /* U+F246 "" */
    0x10, 0x0, 0x0, 0x1f, 0xfb, 0x4b, 0xff, 0x9c,
    0xff, 0xfc, 0x90, 0x8, 0xf8, 0x0, 0x0, 0x6f,
    0x60, 0x0, 0x6, 0xf6, 0x0, 0x0, 0x6f, 0x60,
    0x0, 0xaf, 0xff, 0xa0, 0x7, 0xdf, 0xd7, 0x0,
    0x6, 0xf6, 0x0, 0x0, 0x6f, 0x60, 0x0, 0x6,
    0xf6, 0x0, 0x2, 0xcf, 0xb2, 0xf, 0xff, 0xef,
    0xff, 0xba, 0x50, 0x5a, 0xb0,

    /* U+F247 "" */
    0x86, 0x0, 0x0, 0x0, 0x0, 0x0, 0x68, 0xfe,
    0xbb, 0xbb, 0xbb, 0xbb, 0xbb, 0xff, 0x4f, 0xff,
    0xff, 0xff, 0xff, 0xff, 0xf3, 0x2f, 0xa0, 0x0,
    0x1, 0xff, 0xff, 0xf1, 0x2f, 0xa0, 0x0, 0x0,
    0xff, 0xff, 0xf1, 0x2f, 0xa0, 0x0, 0x0, 0xfa,
    0xae, 0xf1, 0x2f, 0xa0, 0x0, 0x0, 0xe0, 0xa,
    0xf1, 0x2f, 0xb2, 0x22, 0x22, 0xd0, 0xa, 0xf1,
    0x2f, 0xff, 0xff, 0xcb, 0x70, 0xa, 0xf1, 0x2f,
    0xff, 0xff, 0x20, 0x0, 0xa, 0xf1, 0x2f, 0xff,
    0xff, 0xba, 0xaa, 0xae, 0xf1, 0xcf, 0xff, 0xff,
    0xff, 0xff, 0xff, 0xfb, 0xeb, 0x11, 0x11, 0x11,
    0x11, 0x11, 0xbe,

    /* U+F248 "" */
    0x96, 0x0, 0x0, 0x0, 0x1, 0x95, 0x0, 0x0,
    0xfe, 0xbb, 0xbb, 0xbb, 0xbc, 0xf9, 0x0, 0x0,
    0x3f, 0xff, 0xff, 0xff, 0xff, 0xa1, 0x0, 0x0,
    0x2f, 0xff, 0xff, 0xff, 0xff, 0x90, 0x0, 0x0,
    0x2f, 0xff, 0xff, 0xff, 0xff, 0x90, 0x0, 0xc9,
    0x2f, 0xff, 0xff, 0xff, 0xff, 0x9c, 0xee, 0xfb,
    0x2f, 0xff, 0xff, 0xff, 0xff, 0x9c, 0xff, 0xe0,
    0xaf, 0xff, 0xff, 0xff, 0xff, 0xd5, 0xdf, 0xe0,
    0xfd, 0x66, 0x66, 0x66, 0x67, 0xf9, 0xcf, 0xe0,
    0x21, 0x0, 0xa, 0xdd, 0xd4, 0x33, 0xef, 0xe0,
    0x0, 0x0, 0xc, 0xff, 0xff, 0xff, 0xff, 0xe0,
    0x0, 0x0, 0x8f, 0xff, 0xff, 0xff, 0xff, 0xf9,
    0x0, 0x0, 0xaf, 0x21, 0x11, 0x11, 0x11, 0xfb,

    /* U+F249 "" */
    0x34, 0x44, 0x44, 0x44, 0x44, 0x44, 0xf, 0xff,
    0xff, 0xff, 0xff, 0xff, 0xf3, 0xff, 0xff, 0xff,
    0xff, 0xff, 0xff, 0x4f, 0xff, 0xff, 0xff, 0xff,
    0xff, 0xf4, 0xff, 0xff, 0xff, 0xff, 0xff, 0xff,
    0x4f, 0xff, 0xff, 0xff, 0xff, 0xff, 0xf4, 0xff,
    0xff, 0xff, 0xff, 0xff, 0xff, 0x4f, 0xff, 0xff,
    0xff, 0xff, 0xff, 0xf4, 0xff, 0xff, 0xff, 0xff,
    0xa9, 0x99, 0x2f, 0xff, 0xff, 0xff, 0xe2, 0x88,
    0x81, 0xff, 0xff, 0xff, 0xfe, 0x4f, 0xfa, 0xf,
    0xff, 0xff, 0xff, 0xe4, 0xfa, 0x0, 0xdf, 0xff,
    0xff, 0xfd, 0x39, 0x0, 0x0,

    /* U+F24B "" */
    0x15, 0x66, 0x66, 0x66, 0x66, 0x66, 0x66, 0x51,
    0xdf, 0xff, 0xff, 0xff, 0xff, 0xff, 0xff, 0xfb,
    0xff, 0xff, 0xff, 0xff, 0xff, 0xff, 0xff, 0xfe,
    0xff, 0xff, 0xff, 0xff, 0xff, 0xff, 0xff, 0xfe,
    0xff, 0xff, 0xff, 0xff, 0xff, 0xff, 0xff, 0xfe,
    0xff, 0xf6, 0xe, 0x35, 0xb8, 0x80, 0xa2, 0x6e,
    0xff, 0xf7, 0x6, 0xe, 0xff, 0x80, 0x51, 0x8e,
    0xfc, 0xf4, 0x19, 0x8, 0xeb, 0x81, 0xe5, 0xe,
    0xf6, 0x56, 0xcf, 0xa6, 0x57, 0xb6, 0x66, 0xae,
    0xff, 0xff, 0xff, 0xff, 0xff, 0xff, 0xff, 0xfe,
    0xff, 0xff, 0xff, 0xff, 0xff, 0xff, 0xff, 0xfe,
    0xff, 0xff, 0xff, 0xff, 0xff, 0xff, 0xff, 0xfd,
    0x9f, 0xff, 0xff, 0xff, 0xff, 0xff, 0xff, 0xe7,

    /* U+F24C "" */
    0x2, 0x22, 0x22, 0x22, 0x22, 0x22, 0x22, 0x20,
    0xcf, 0xff, 0xfd, 0xbb, 0xbc, 0xef, 0xff, 0xfa,
    0xff, 0xfa, 0x8b, 0xdb, 0x60, 0x3, 0xcf, 0xfe,
    0xff, 0x9b, 0xff, 0xff, 0xfb, 0x0, 0xa, 0xfe,
    0xfd, 0x9f, 0xc7, 0xfe, 0x8f, 0x90, 0x0, 0xee,
    0xf8, 0xff, 0x15, 0xfe, 0xd, 0xf0, 0x0, 0x8e,
    0xf8, 0xfa, 0x5, 0xfe, 0x9, 0xf3, 0x0, 0x5e,
    0xf7, 0xfb, 0x5, 0xfe, 0xa, 0xf2, 0x0, 0x6e,
    0xf8, 0xef, 0x35, 0xfe, 0x1e, 0xe0, 0x0, 0xae,
    0xff, 0x7f, 0xfa, 0xfe, 0xcf, 0x60, 0x3, 0xfe,
    0xff, 0xc8, 0xff, 0xff, 0xf7, 0x0, 0x2e, 0xfe,
    0xff, 0xfe, 0x99, 0x97, 0x20, 0x28, 0xff, 0xfe,
    0x8d, 0xee, 0xee, 0xee, 0xee, 0xee, 0xee, 0xd7,

    /* U+F24D "" */
    0x0, 0x0, 0x35, 0x55, 0x55, 0x55, 0x51, 0x0,
    0x5, 0xff, 0xff, 0xff, 0xff, 0xfd, 0x0, 0x8,
    0xff, 0xff, 0xff, 0xff, 0xff, 0x0, 0x8, 0xff,
    0xff, 0xff, 0xff, 0xff, 0x7d, 0x88, 0xff, 0xff,
    0xff, 0xff, 0xff, 0xff, 0xa8, 0xff, 0xff, 0xff,
    0xff, 0xff, 0xff, 0xa8, 0xff, 0xff, 0xff, 0xff,
    0xff, 0xff, 0xa8, 0xff, 0xff, 0xff, 0xff, 0xff,
    0xff, 0xa8, 0xff, 0xff, 0xff, 0xff, 0xff, 0xff,
    0xa7, 0xff, 0xff, 0xff, 0xff, 0xff, 0xff, 0xc4,
    0xff, 0xff, 0xff, 0xff, 0xfc, 0xff, 0xf7, 0x22,
    0x22, 0x22, 0x22, 0x20, 0xff, 0xff, 0xff, 0xff,
    0xff, 0x70, 0x0, 0xff, 0xff, 0xff, 0xff, 0xff,
    0x70, 0x0, 0x5a, 0xaa, 0xaa, 0xaa, 0xa9, 0x10,
    0x0,

    /* U+F24E "" */
    0x0, 0x0, 0x0, 0x0, 0x31, 0x0, 0x0, 0x0,
    0x0, 0x0, 0x29, 0x99, 0x9e, 0xff, 0x99, 0x99,
    0x50, 0x0, 0x0, 0x5f, 0xff, 0xff, 0xff, 0xff,
    0xff, 0xa0, 0x0, 0x0, 0x2, 0x22, 0x5f, 0xff,
    0x92, 0x22, 0x10, 0x0, 0x0, 0x4a, 0x40, 0xa,
    0xfd, 0x10, 0x1a, 0x70, 0x0, 0x0, 0xee, 0xe0,
    0x2, 0xf7, 0x0, 0xae, 0xf3, 0x0, 0x7, 0xf2,
    0xf7, 0x2, 0xf7, 0x2, 0xf4, 0xcb, 0x0, 0xe,
    0x80, 0x8e, 0x2, 0xf7, 0xa, 0xc0, 0x4f, 0x30,
    0x7f, 0x10, 0x1f, 0x72, 0xf7, 0x2f, 0x40, 0xc,
    0xb0, 0xed, 0x88, 0x8d, 0xe2, 0xf7, 0x9f, 0x88,
    0x8b, 0xf2, 0xdf, 0xff, 0xff, 0xd2, 0xf7, 0x9f,
    0xff, 0xff, 0xf2, 0x2b, 0xff, 0xfa, 0x22, 0xf7,
    0x8, 0xff, 0xfd, 0x40, 0x0, 0x1, 0x0, 0x2,
    0xf7, 0x0, 0x1, 0x10, 0x0, 0x0, 0x5f, 0xff,
    0xff, 0xff, 0xff, 0xff, 0x90, 0x0, 0x0, 0x3b,
    0xcc, 0xcc, 0xcc, 0xcc, 0xcc, 0x70, 0x0,

    /* U+F251 "" */
    0x0, 0x0, 0x0, 0x0, 0x0, 0xe, 0xff, 0xff,
    0xff, 0xff, 0xf6, 0xaf, 0xff, 0xff, 0xff, 0xff,
    0x34, 0xff, 0xff, 0xff, 0xff, 0xb0, 0x1f, 0xff,
    0xff, 0xff, 0xf8, 0x0, 0xaf, 0xff, 0xff, 0xff,
    0x20, 0x1, 0xef, 0xff, 0xff, 0x70, 0x0, 0x2,
    0xbf, 0xfe, 0x60, 0x0, 0x0, 0x3c, 0xff, 0xf8,
    0x0, 0x0, 0x2e, 0xe6, 0x4a, 0xf9, 0x0, 0xb,
    0xf3, 0x0, 0xb, 0xf3, 0x1, 0xfa, 0x0, 0x0,
    0x3f, 0x90, 0x4f, 0x70, 0x0, 0x0, 0xfc, 0xd,
    0xff, 0xff, 0xff, 0xff, 0xf6, 0xac, 0xcc, 0xcc,
    0xcc, 0xcb, 0x40,

    /* U+F252 "" */
    0x0, 0x0, 0x0, 0x0, 0x0, 0xe, 0xff, 0xff,
    0xff, 0xff, 0xf6, 0xaf, 0xdb, 0xbb, 0xbb, 0xff,
    0x34, 0xf8, 0x0, 0x0, 0xf, 0xb0, 0x1f, 0xec,
    0xcc, 0xcc, 0xf8, 0x0, 0x9f, 0xff, 0xff, 0xff,
    0x10, 0x0, 0xdf, 0xff, 0xff, 0x50, 0x0, 0x0,
    0x9f, 0xfe, 0x30, 0x0, 0x0, 0x5e, 0xff, 0xfb,
    0x0, 0x0, 0x3f, 0xd3, 0x18, 0xfb, 0x0, 0xc,
    0xf2, 0x0, 0x9, 0xf4, 0x2, 0xff, 0xcc, 0xcc,
    0xdf, 0xa0, 0x4f, 0xff, 0xff, 0xff, 0xfc, 0xd,
    0xff, 0xff, 0xff, 0xff, 0xf6, 0xac, 0xcc, 0xcc,
    0xcc, 0xcb, 0x40,

    /* U+F253 "" */
    0x0, 0x0, 0x0, 0x0, 0x0, 0xe, 0xff, 0xff,
    0xff, 0xff, 0xf6, 0xaf, 0xdb, 0xbb, 0xbb, 0xff,
    0x34, 0xf8, 0x0, 0x0, 0xf, 0xb0, 0x1f, 0xc0,
    0x0, 0x5, 0xf8, 0x0, 0x9f, 0x60, 0x1, 0xdf,
    0x10, 0x1, 0xdf, 0xb9, 0xef, 0x50, 0x0, 0x0,
    0x9f, 0xfe, 0x30, 0x0, 0x0, 0x5e, 0xff, 0xfb,
    0x0, 0x0, 0x3f, 0xff, 0xff, 0xfb, 0x0, 0xc,
    0xff, 0xff, 0xff, 0xf4, 0x2, 0xff, 0xff, 0xff,
    0xff, 0xa0, 0x4f, 0xff, 0xff, 0xff, 0xfc, 0xd,
    0xff, 0xff, 0xff, 0xff, 0xf6, 0xac, 0xcc, 0xcc,
    0xcc, 0xcb, 0x40,

    /* U+F254 "" */
    0x0, 0x0, 0x0, 0x0, 0x0, 0xe, 0xff, 0xff,
    0xff, 0xff, 0xf6, 0xaf, 0xff, 0xff, 0xff, 0xff,
    0x34, 0xff, 0xff, 0xff, 0xff, 0xb0, 0x1f, 0xff,
    0xff, 0xff, 0xf8, 0x0, 0xaf, 0xff, 0xff, 0xff,
    0x10, 0x1, 0xef, 0xff, 0xff, 0x60, 0x0, 0x1,
    0xaf, 0xfe, 0x50, 0x0, 0x0, 0x4d, 0xff, 0xf9,
    0x0, 0x0, 0x3f, 0xff, 0xff, 0xfa, 0x0, 0xc,
    0xff, 0xff, 0xff, 0xf3, 0x2, 0xff, 0xff, 0xff,
    0xff, 0x90, 0x4f, 0xff, 0xff, 0xff, 0xfc, 0xd,
    0xff, 0xff, 0xff, 0xff, 0xf6, 0xac, 0xcc, 0xcc,
    0xcc, 0xcb, 0x40,

    /* U+F255 "" */
    0x0, 0x0, 0x0, 0x22, 0x0, 0x0, 0x0, 0x0,
    0x9, 0xc4, 0xff, 0x4c, 0x90, 0x0, 0x0, 0x2f,
    0xfc, 0xff, 0xcf, 0xf6, 0xe8, 0x59, 0x4f, 0xfe,
    0xff, 0xef, 0xfe, 0xff, 0xff, 0xbf, 0xff, 0xff,
    0xff, 0xff, 0xff, 0xff, 0xcf, 0xff, 0xff, 0xff,
    0xff, 0xff, 0xff, 0xff, 0xff, 0xff, 0xff, 0xff,
    0xff, 0xbf, 0xff, 0xff, 0xff, 0xff, 0xff, 0xfe,
    0x1d, 0xff, 0xff, 0xff, 0xff, 0xff, 0xf9, 0x1,
    0xcf, 0xff, 0xff, 0xff, 0xff, 0xf2, 0x0, 0xb,
    0xff, 0xff, 0xff, 0xff, 0xb0, 0x0, 0x0, 0xdf,
    0xff, 0xff, 0xff, 0x60, 0x0, 0x0, 0x7f, 0xff,
    0xff, 0xfe, 0x20,

    /* U+F256 "" */
    0x0, 0x0, 0x0, 0x0, 0x0, 0x0, 0x0, 0x0,
    0x0, 0x0, 0x7f, 0x40, 0x0, 0x0, 0x0, 0x0,
    0xcb, 0xbf, 0x9e, 0x90, 0x0, 0x0, 0x2, 0xff,
    0xcf, 0xcf, 0xe0, 0x0, 0x0, 0x2, 0xff, 0xcf,
    0xcf, 0xe3, 0x70, 0x0, 0x2, 0xff, 0xcf, 0xcf,
    0xed, 0xf4, 0x0, 0x2, 0xff, 0xcf, 0xcf, 0xed,
    0xf5, 0x0, 0x2, 0xff, 0xcf, 0xcf, 0xed, 0xf5,
    0xc, 0xe4, 0xff, 0xff, 0xff, 0xff, 0xf5, 0xd,
    0xfd, 0xff, 0xff, 0xff, 0xff, 0xf5, 0x3, 0xff,
    0xff, 0xff, 0xff, 0xff, 0xf3, 0x0, 0x7f, 0xff,
    0xff, 0xff, 0xff, 0xf0, 0x0, 0xb, 0xff, 0xff,
    0xff, 0xff, 0xc0, 0x0, 0x1, 0xef, 0xff, 0xff,
    0xff, 0x80, 0x0, 0x0, 0x4e, 0xff, 0xff, 0xfd,
    0x20,

    /* U+F257 "" */
    0x0, 0x52, 0x0, 0x0, 0x0, 0x0, 0x0, 0x9,
    0xff, 0xc5, 0x0, 0x6, 0x40, 0x0, 0x7, 0xff,
    0xff, 0xf9, 0x9f, 0xfb, 0x20, 0x0, 0x4a, 0xff,
    0xff, 0xff, 0xff, 0xf8, 0x0, 0x0, 0x17, 0xdf,
    0xff, 0xff, 0xff, 0x49, 0x99, 0x99, 0x9f, 0xff,
    0xff, 0xff, 0xef, 0xff, 0xff, 0xff, 0xff, 0xff,
    0xff, 0xaf, 0xff, 0xff, 0xff, 0xff, 0xff, 0xff,
    0x0, 0x0, 0x7, 0xcf, 0xff, 0xff, 0xff, 0x0,
    0x0, 0xe, 0xff, 0xff, 0xff, 0xff, 0x0, 0x0,
    0x4, 0xaf, 0xff, 0xff, 0xff, 0x0, 0x0, 0x0,
    0xff, 0xff, 0xff, 0xfb, 0x0, 0x0, 0x0, 0xcf,
    0xfe, 0xa6, 0x30,

    /* U+F258 "" */
    0x59, 0x99, 0x99, 0x99, 0x99, 0x50, 0x0, 0x0,
    0xcf, 0xff, 0xff, 0xff, 0xff, 0xf5, 0x0, 0x0,
    0x6f, 0xff, 0xff, 0xff, 0xff, 0xfe, 0x0, 0x0,
    0x0, 0x0, 0x0, 0x0, 0xaf, 0xff, 0x90, 0x0,
    0x0, 0x0, 0x0, 0x0, 0xdf, 0xff, 0xf3, 0x0,
    0x0, 0x0, 0x0, 0x5, 0xff, 0xff, 0xfc, 0x0,
    0x0, 0x8f, 0xff, 0xff, 0xff, 0xff, 0xff, 0x60,
    0x0, 0xff, 0xff, 0xff, 0xff, 0xff, 0xff, 0xf1,
    0x0, 0x79, 0x99, 0x9d, 0xff, 0xff, 0xff, 0xf9,
    0x0, 0x0, 0x0, 0x0, 0x8f, 0xff, 0xff, 0xfe,
    0x0, 0x0, 0x0, 0x0, 0x2, 0xcf, 0xff, 0xfe,
    0x0, 0x0, 0x0, 0x0, 0x0, 0x5f, 0xff, 0xfe,
    0x0, 0x0, 0x0, 0x0, 0x0, 0x5f, 0xff, 0xfe,

    /* U+F259 "" */
    0x0, 0x0, 0x0, 0x0, 0x0, 0x0, 0x0, 0x0,
    0x0, 0x4, 0xf6, 0x0, 0x1, 0x0, 0x0, 0x0,
    0x0, 0x7f, 0xc0, 0x2, 0xfc, 0x0, 0x0, 0x5,
    0xf9, 0xff, 0x0, 0x6f, 0xd4, 0x30, 0x0, 0x7f,
    0xcf, 0xf4, 0xa, 0xfb, 0xff, 0x0, 0x4, 0xff,
    0xcf, 0x70, 0xef, 0xbf, 0xd0, 0x0, 0xf, 0xfb,
    0xfb, 0x2f, 0xfb, 0xf9, 0x0, 0x0, 0xdf, 0xbf,
    0xf7, 0xfd, 0xef, 0x60, 0x0, 0x9, 0xff, 0xff,
    0xff, 0xff, 0xf2, 0x7, 0x90, 0x7f, 0xff, 0xff,
    0xff, 0xff, 0x0, 0xef, 0xc8, 0xff, 0xff, 0xff,
    0xff, 0xe0, 0x4, 0xff, 0xff, 0xff, 0xff, 0xff,
    0xfd, 0x0, 0x4, 0xff, 0xff, 0xff, 0xff, 0xff,
    0x80, 0x0, 0x3, 0xef, 0xff, 0xff, 0xff, 0xf4,
    0x0, 0x0, 0x2, 0xdf, 0xff, 0xff, 0xfa, 0x0,
    0x0,

    /* U+F25A "" */
    0x0, 0x0, 0x32, 0x0, 0x0, 0x0, 0x0, 0x0,
    0x1, 0xff, 0x0, 0x0, 0x0, 0x0, 0x0, 0x2,
    0xff, 0x0, 0x0, 0x0, 0x0, 0x0, 0x2, 0xff,
    0x0, 0x0, 0x0, 0x0, 0x0, 0x2, 0xff, 0x0,
    0x0, 0x0, 0x0, 0x0, 0x2, 0xff, 0x8e, 0x37,
    0x30, 0x0, 0x0, 0x2, 0xff, 0xcf, 0xcf, 0xd9,
    0xc1, 0x3, 0x52, 0xff, 0xff, 0xff, 0xff, 0xf3,
    0xf, 0xf8, 0xff, 0xff, 0xff, 0xff, 0xf4, 0x9,
    0xff, 0xff, 0xdf, 0xdf, 0xef, 0xf3, 0x0, 0xdf,
    0xff, 0xcf, 0xcf, 0xdf, 0xf1, 0x0, 0x3f, 0xff,
    0xcf, 0xcf, 0xdf, 0xe0, 0x0, 0x8, 0xff, 0xff,
    0xff, 0xff, 0xa0, 0x0, 0x0, 0xcf, 0xff, 0xff,
    0xff, 0x60, 0x0, 0x0, 0x1a, 0xaa, 0xaa, 0xa9,
    0x0,

    /* U+F25B "" */
    0x0, 0x0, 0x0, 0x0, 0x0, 0x0, 0x0, 0x0,
    0x0, 0xbf, 0x30, 0x0, 0x0, 0x4a, 0x30, 0x1f,
    0xf8, 0x0, 0x0, 0xd, 0xfd, 0x1, 0xff, 0x80,
    0x0, 0x0, 0xaf, 0xf3, 0x1f, 0xf8, 0x0, 0x0,
    0x3, 0xff, 0x91, 0xff, 0x80, 0x0, 0x0, 0xd,
    0xff, 0x1f, 0xfa, 0xea, 0x1, 0x0, 0x7f, 0xf7,
    0xff, 0xcf, 0xec, 0xf2, 0x1, 0xff, 0xff, 0xff,
    0xff, 0xff, 0x40, 0x2e, 0xff, 0xff, 0xff, 0xff,
    0xf4, 0xe, 0xff, 0xff, 0xff, 0xff, 0xff, 0x30,
    0xcf, 0xff, 0xff, 0xff, 0xff, 0xf0, 0x3, 0xff,
    0xff, 0xff, 0xff, 0xfb, 0x0, 0xa, 0xff, 0xff,
    0xff, 0xff, 0x80, 0x0, 0x1d, 0xff, 0xff, 0xff,
    0xd2, 0x0,

    /* U+F25C "" */
    0x9b, 0xbb, 0xbb, 0xb6, 0x1b, 0xb3, 0x0, 0x5b,
    0xa0, 0xdf, 0xff, 0xff, 0xf9, 0x3f, 0xf9, 0x0,
    0xcf, 0xf0, 0x12, 0x4f, 0xe2, 0x20, 0x5f, 0xfe,
    0x2, 0xff, 0xf2, 0x0, 0x3f, 0xe0, 0x0, 0x6f,
    0xff, 0x47, 0xff, 0xf3, 0x0, 0x3f, 0xe0, 0x0,
    0x7f, 0xaf, 0x9c, 0xec, 0xf4, 0x0, 0x3f, 0xe0,
    0x0, 0x8f, 0x8c, 0xff, 0x9b, 0xf6, 0x0, 0x3f,
    0xe0, 0x0, 0xaf, 0x76, 0xff, 0x4a, 0xf7, 0x0,
    0x3f, 0xe0, 0x0, 0xbf, 0x61, 0x99, 0x9, 0xf8,
    0x0, 0x2f, 0xe0, 0x0, 0xcf, 0x50, 0x0, 0x7,
    0xf9, 0x0, 0x0, 0x0, 0x0, 0x0, 0x0, 0x0,
    0x0, 0x0,

    /* U+F25D "" */
    0x0, 0x0, 0x0, 0x0, 0x0, 0x0, 0x0, 0x0,
    0x1, 0x9d, 0xff, 0xd8, 0x10, 0x0, 0x0, 0x5f,
    0xff, 0xff, 0xff, 0xe4, 0x0, 0x5, 0xff, 0xfe,
    0xef, 0xff, 0xff, 0x30, 0x1f, 0xff, 0x30, 0x0,
    0x4e, 0xff, 0xd0, 0x8f, 0xff, 0x20, 0x52, 0x7,
    0xff, 0xf5, 0xcf, 0xff, 0x20, 0xf8, 0x4, 0xff,
    0xf9, 0xef, 0xff, 0x20, 0x20, 0x7, 0xff, 0xfb,
    0xdf, 0xff, 0x20, 0x0, 0x2f, 0xff, 0xfb, 0xbf,
    0xff, 0x20, 0xb0, 0xc, 0xff, 0xf8, 0x6f, 0xff,
    0x20, 0xf8, 0x3, 0xff, 0xf3, 0xd, 0xff, 0x74,
    0xff, 0x45, 0xff, 0xb0, 0x2, 0xef, 0xff, 0xff,
    0xff, 0xfd, 0x10, 0x0, 0x2c, 0xff, 0xff, 0xff,
    0xb1, 0x0, 0x0, 0x0, 0x49, 0xba, 0x83, 0x0,
    0x0,

    /* U+F25E "" */
    0x0, 0x0, 0x0, 0x0, 0x0, 0x0, 0x0, 0x0,
    0x3, 0x9d, 0xff, 0xc7, 0x0, 0x0, 0x0, 0x8f,
    0xa5, 0x34, 0x7e, 0xd2, 0x0, 0x8, 0xf4, 0x0,
    0x0, 0x0, 0xae, 0x10, 0x3f, 0x40, 0x0, 0x0,
    0x0, 0xc, 0xa0, 0x9b, 0x0, 0x10, 0x0, 0x10,
    0x3, 0xf1, 0xd6, 0x8, 0xee, 0x59, 0xee, 0x30,
    0xe5, 0xf4, 0xf, 0x31, 0x1f, 0x21, 0x0, 0xc7,
    0xe5, 0xe, 0x63, 0x4f, 0x44, 0x30, 0xd6, 0xb9,
    0x4, 0xcc, 0x35, 0xcb, 0x21, 0xf3, 0x5f, 0x10,
    0x0, 0x0, 0x0, 0x8, 0xd0, 0xc, 0xc1, 0x0,
    0x0, 0x0, 0x6f, 0x40, 0x1, 0xcd, 0x50, 0x0,
    0x29, 0xf6, 0x0, 0x0, 0x8, 0xff, 0xee, 0xfb,
    0x30, 0x0, 0x0, 0x0, 0x3, 0x54, 0x10, 0x0,
    0x0,

    /* U+F260 "" */
    0x0, 0x0, 0x0, 0x0, 0x0, 0x0, 0x0, 0x0,
    0x0, 0xb8, 0x0, 0x8b, 0x0, 0x0, 0x0, 0xb,
    0xa8, 0x8, 0xca, 0xb0, 0x0, 0x0, 0xba, 0x0,
    0x6e, 0x10, 0xab, 0x0, 0xb, 0xa0, 0x0, 0xc,
    0x80, 0xa, 0xb0, 0xbb, 0x0, 0x75, 0x0, 0xc7,
    0x0, 0xba, 0x4e, 0x30, 0x2e, 0x50, 0x2, 0x3,
    0xe4, 0x4, 0xe3, 0x2, 0xe5, 0x0, 0x3e, 0x40,
    0x0, 0x4e, 0x35, 0xe2, 0x13, 0xe4, 0x0, 0x0,
    0x4, 0xee, 0x20, 0xde, 0x40, 0x0, 0x0, 0x0,
    0x42, 0x0, 0x24, 0x0, 0x0,

    /* U+F261 "" */
    0x0, 0x0, 0x0, 0x0, 0x0, 0x0, 0x0, 0x0,
    0x1, 0x8d, 0xff, 0xd8, 0x10, 0x0, 0x0, 0x4e,
    0xff, 0xff, 0xff, 0xf5, 0x0, 0x3, 0xff, 0xff,
    0xff, 0xff, 0xff, 0x40, 0xe, 0xff, 0xf9, 0xff,
    0x8f, 0xff, 0xe0, 0x5f, 0xff, 0x81, 0x93, 0x26,
    0xff, 0xf6, 0x9f, 0xf8, 0x3f, 0x91, 0xe4, 0x6f,
    0xfa, 0xbf, 0x92, 0xf5, 0xd8, 0x3f, 0x37, 0xfc,
    0xaf, 0xd2, 0xbb, 0x1d, 0xcb, 0x2d, 0xfb, 0x8f,
    0xfd, 0x29, 0x28, 0x91, 0xdf, 0xf9, 0x2f, 0xff,
    0xd1, 0x9b, 0x1d, 0xff, 0xf3, 0x9, 0xff, 0xff,
    0xff, 0xff, 0xff, 0xa0, 0x0, 0xbf, 0xff, 0xff,
    0xff, 0xfc, 0x0, 0x0, 0x8, 0xff, 0xff, 0xff,
    0x90, 0x0, 0x0, 0x0, 0x15, 0x77, 0x51, 0x0,
    0x0,

    /* U+F262 "" */
    0x0, 0x0, 0x0, 0x0, 0x11, 0x0, 0x0, 0x0,
    0x0, 0x0, 0x2, 0x8a, 0xa8, 0x9a, 0xa6, 0x10,
    0x0, 0x8, 0xab, 0xfc, 0x50, 0x0, 0x6, 0xdf,
    0xaa, 0x60, 0x5f, 0x93, 0x28, 0xb0, 0xc, 0xa6,
    0x7d, 0xf3, 0x7, 0x81, 0x98, 0x6, 0x89, 0x61,
    0x98, 0x1c, 0x50, 0xc0, 0xa4, 0x4a, 0xd, 0xc0,
    0xa4, 0x58, 0x4a, 0xd, 0xb, 0x98, 0xa0, 0xcb,
    0xa, 0xa7, 0xa1, 0xc0, 0xc1, 0xa4, 0x59, 0xf,
    0xd0, 0xa4, 0x68, 0x4a, 0x7, 0x90, 0x77, 0x7,
    0xff, 0x70, 0x77, 0xd, 0x50, 0xa, 0xa4, 0x49,
    0xb9, 0x9b, 0xb7, 0x8e, 0x90, 0x0, 0x4, 0x89,
    0x50, 0x0, 0x5, 0x99, 0x40, 0x0,

    /* U+F263 "" */
    0x0, 0x0, 0x10, 0x0, 0x0, 0x9, 0xff, 0xe6,
    0x0, 0x9, 0xfe, 0xbf, 0xf5, 0x1, 0xfe, 0x10,
    0x2f, 0xc0, 0x2f, 0xa0, 0x0, 0xee, 0x0, 0xef,
    0x40, 0x7f, 0xb0, 0x6, 0xff, 0xff, 0xf2, 0x1,
    0x14, 0xbc, 0xa2, 0x10, 0xbf, 0x83, 0x24, 0x9f,
    0x74, 0xef, 0xff, 0xff, 0xd2, 0x0, 0x6c, 0xfa,
    0x40, 0x0, 0x3, 0xff, 0xd1, 0x0, 0x3, 0xff,
    0xbf, 0xd1, 0x1, 0xff, 0x50, 0x8f, 0xc0, 0xa,
    0x40, 0x0, 0x78, 0x0,

    /* U+F264 "" */
    0x49, 0x99, 0x99, 0x99, 0x99, 0x94, 0xe, 0xff,
    0xff, 0xff, 0xff, 0xff, 0xf0, 0xff, 0xff, 0xd4,
    0x4c, 0xff, 0xff, 0x1f, 0xff, 0xf2, 0x13, 0x1f,
    0xff, 0xf1, 0xff, 0xff, 0xd, 0xf2, 0xdf, 0xff,
    0x1f, 0xff, 0xf1, 0x8b, 0x1f, 0xff, 0xf1, 0xff,
    0xff, 0xb2, 0x1b, 0xff, 0xff, 0x1f, 0xff, 0x93,
    0x99, 0x46, 0xff, 0xf1, 0xff, 0xff, 0x93, 0x17,
    0xef, 0xff, 0x1f, 0xff, 0xfd, 0x10, 0xaf, 0xff,
    0xf1, 0xff, 0xff, 0x17, 0xb0, 0xcf, 0xff, 0x1f,
    0xff, 0xfc, 0xff, 0xdf, 0xff, 0xf1, 0xbf, 0xff,
    0xff, 0xff, 0xff, 0xfc, 0x0, 0x11, 0x11, 0x11,
    0x11, 0x11, 0x0,

    /* U+F265 "" */
    0x14, 0x44, 0x44, 0x44, 0x44, 0x42, 0xe, 0xff,
    0xff, 0xff, 0xff, 0xff, 0xf2, 0xff, 0xff, 0xff,
    0xff, 0xff, 0xff, 0x4f, 0xff, 0xff, 0xff, 0xff,
    0xff, 0xf4, 0xff, 0x80, 0xaf, 0xfd, 0x24, 0xff,
    0x4f, 0xfd, 0x10, 0x9c, 0x10, 0xbf, 0xf3, 0xef,
    0xfe, 0x20, 0x0, 0xbf, 0xff, 0x29, 0xff, 0xfe,
    0x31, 0xcf, 0xff, 0xd0, 0x2f, 0xff, 0xff, 0xff,
    0xff, 0xf6, 0x0, 0x5f, 0xff, 0xff, 0xff, 0xf9,
    0x0, 0x0, 0x4d, 0xff, 0xff, 0xe6, 0x0, 0x0,
    0x0, 0x3, 0x66, 0x40, 0x0, 0x0,

    /* U+F266 "" */
    0x9e, 0xeb, 0x35, 0xbe, 0x91, 0x8e, 0x91, 0x8d,
    0xb2, 0x8, 0xf4, 0x0, 0xf, 0x70, 0x2a, 0x0,
    0xc, 0x10, 0x0, 0xdb, 0x0, 0x8, 0xe0, 0x92,
    0x0, 0x49, 0x0, 0x0, 0x7f, 0x20, 0x1, 0xf7,
    0x90, 0x0, 0xa2, 0x0, 0x0, 0x1f, 0x90, 0x0,
    0xaf, 0x30, 0x2, 0xb0, 0x0, 0x0, 0x9, 0xf0,
    0x0, 0x6f, 0x60, 0x8, 0x40, 0x0, 0x0, 0x2,
    0xf7, 0x0, 0xbb, 0xd0, 0xc, 0x0, 0x0, 0x0,
    0x0, 0xbd, 0x5, 0x64, 0xf4, 0x66, 0x0, 0x0,
    0x0, 0x0, 0x4f, 0x5b, 0x0, 0xdb, 0xc0, 0x0,
    0x0, 0x0, 0x0, 0xd, 0xf5, 0x0, 0x7f, 0x80,
    0x0, 0x0, 0x0, 0x0, 0x6, 0xd0, 0x0, 0x1f,
    0x20, 0x0, 0x0, 0x0, 0x0, 0x0, 0x30, 0x0,
    0x3, 0x0, 0x0, 0x0,

    /* U+F267 "" */
    0x0, 0x1, 0x8b, 0xbb, 0xb8, 0x10, 0x0, 0x0,
    0x4c, 0x76, 0xba, 0x65, 0xc4, 0x0, 0x3, 0xb8,
    0xff, 0xff, 0xfb, 0x4b, 0x30, 0xc, 0x7f, 0xff,
    0xff, 0xeb, 0xf4, 0xc0, 0x57, 0xdf, 0xff, 0xfe,
    0x4f, 0xfc, 0x65, 0xa8, 0xff, 0xff, 0xd2, 0xbf,
    0xff, 0x3a, 0xb8, 0xff, 0xff, 0x96, 0xff, 0xff,
    0x3b, 0xb6, 0xff, 0xf7, 0x3e, 0xff, 0xff, 0x2b,
    0x96, 0xff, 0xd3, 0xef, 0xff, 0xfe, 0x39, 0x48,
    0xcf, 0x8f, 0xff, 0xff, 0xf6, 0x84, 0xb, 0x4c,
    0xef, 0xff, 0xff, 0xb3, 0xb0, 0x1, 0xc3, 0x7e,
    0xfe, 0xc6, 0x2c, 0x10, 0x0, 0x1b, 0x83, 0x11,
    0x38, 0xb1, 0x0, 0x0, 0x0, 0x38, 0xbb, 0x83,
    0x0, 0x0,

    /* U+F268 "" */
    0x0, 0x0, 0x0, 0x0, 0x0, 0x0, 0x0, 0x0,
    0x2, 0x9e, 0xfe, 0xc6, 0x0, 0x0, 0x0, 0x7f,
    0xff, 0xff, 0xff, 0xd2, 0x0, 0x4, 0xff, 0xff,
    0xff, 0xff, 0xfe, 0x10, 0x25, 0xdf, 0xfc, 0x76,
    0x78, 0x99, 0x60, 0x9d, 0x3f, 0x62, 0x76, 0x4,
    0x89, 0xa2, 0xdf, 0x54, 0x2e, 0xff, 0xa2, 0xff,
    0xf6, 0xff, 0xd0, 0x7f, 0xff, 0xf0, 0xff, 0xf8,
    0xff, 0xf6, 0x5f, 0xff, 0xe0, 0xff, 0xf7, 0xcf,
    0xfe, 0x19, 0xfe, 0x46, 0xff, 0xf4, 0x6f, 0xff,
    0xd3, 0x0, 0x1e, 0xff, 0xe0, 0xd, 0xff, 0xff,
    0xf3, 0xaf, 0xff, 0x60, 0x2, 0xef, 0xff, 0xb4,
    0xff, 0xf9, 0x0, 0x0, 0x1a, 0xff, 0x4e, 0xfe,
    0x60, 0x0, 0x0, 0x0, 0x25, 0x37, 0x40, 0x0,
    0x0,

    /* U+F269 "" */
    0x0, 0x0, 0x0, 0x0, 0x0, 0x0, 0x0, 0x0,
    0x0, 0x0, 0x0, 0x71, 0x0, 0x0, 0x1, 0x0,
    0x0, 0x0, 0xfd, 0x50, 0x0, 0x9, 0x84, 0x65,
    0x3, 0xff, 0xf3, 0x0, 0xd, 0xff, 0xf1, 0x0,
    0xff, 0xfd, 0x0, 0x6f, 0xff, 0xff, 0x60, 0x7f,
    0xff, 0x70, 0xbf, 0xff, 0xf5, 0x0, 0x8, 0xff,
    0xc0, 0xef, 0xff, 0x50, 0x0, 0x4, 0xdf, 0xf1,
    0xcf, 0xff, 0x92, 0x41, 0x4, 0xff, 0xf0, 0xaf,
    0xff, 0xff, 0xd5, 0x9, 0xff, 0xb0, 0x4f, 0xff,
    0xe4, 0x0, 0x7f, 0xff, 0x50, 0xb, 0xff, 0xff,
    0xef, 0xff, 0xff, 0x10, 0x1, 0xcf, 0xff, 0xff,
    0xff, 0xe4, 0x0, 0x0, 0x9, 0xff, 0xff, 0xfc,
    0x10, 0x0, 0x0, 0x0, 0x15, 0x76, 0x40, 0x0,
    0x0,

    /* U+F26A "" */
    0x0, 0x0, 0x0, 0x1, 0x0, 0x0, 0x0, 0x0,
    0x0, 0x6, 0xcf, 0xfe, 0xa6, 0x0, 0x0, 0x0,
    0x1c, 0xff, 0xb3, 0x1a, 0xcc, 0x20, 0x0, 0xc,
    0xff, 0xa0, 0x0, 0x5f, 0xfe, 0x10, 0x7, 0xff,
    0xd0, 0x0, 0x0, 0x9f, 0xfa, 0x0, 0xdf, 0xf7,
    0x0, 0x0, 0x1, 0xff, 0xf1, 0x1f, 0xff, 0x30,
    0x0, 0x0, 0xe, 0xff, 0x42, 0xff, 0xf2, 0x0,
    0x0, 0x0, 0xcf, 0xf5, 0x1f, 0xff, 0x30, 0x0,
    0x0, 0xe, 0xff, 0x40, 0xdf, 0xf7, 0x0, 0x0,
    0x2, 0xff, 0xf0, 0x6, 0xff, 0xe0, 0x0, 0x0,
    0x9f, 0xf9, 0x0, 0xb, 0xff, 0xa0, 0x0, 0x6f,
    0xfd, 0x10, 0x0, 0xb, 0xff, 0xc3, 0x19, 0xcb,
    0x10, 0x0, 0x0, 0x5, 0xbf, 0xfe, 0xa6, 0x0,
    0x0, 0x0, 0x0, 0x0, 0x1, 0x0, 0x0, 0x0,
    0x0,

    /* U+F26B "" */
    0x0, 0x0, 0x0, 0x0, 0x0, 0x0, 0x0, 0x0,
    0x0, 0x0, 0x0, 0x25, 0xae, 0xcb, 0x30, 0x0,
    0x0, 0x3b, 0xff, 0xff, 0x80, 0x7, 0x0, 0x0,
    0x6f, 0xff, 0xff, 0xff, 0xb0, 0x40, 0x0, 0x5e,
    0xcf, 0xfe, 0xff, 0xff, 0xa3, 0x0, 0xb, 0x7f,
    0xd2, 0x0, 0x6f, 0xff, 0x50, 0x2, 0x4f, 0xf2,
    0x0, 0x0, 0x9f, 0xfb, 0x0, 0xd, 0xff, 0xcc,
    0xcc, 0xcd, 0xff, 0xf0, 0x9, 0xff, 0xff, 0xff,
    0xff, 0xff, 0xff, 0x1, 0xff, 0xff, 0x0, 0x0,
    0x0, 0x0, 0x0, 0x8c, 0xff, 0xf8, 0x0, 0x0,
    0xab, 0xb5, 0xd, 0x49, 0xff, 0xfa, 0x67, 0xdf,
    0xfe, 0x0, 0xf0, 0xc, 0xff, 0xff, 0xff, 0xfe,
    0x30, 0xd, 0x30, 0x1d, 0xff, 0xff, 0xfa, 0x20,
    0x0, 0x3a, 0x65, 0x0, 0x34, 0x30, 0x0, 0x0,
    0x0,

    /* U+F26C "" */
    0x0, 0x0, 0x0, 0x0, 0x0, 0x0, 0x0, 0x0,
    0x0, 0xaf, 0xff, 0xff, 0xff, 0xff, 0xff, 0xff,
    0xff, 0xf3, 0xfe, 0xbb, 0xbb, 0xbb, 0xbb, 0xbb,
    0xbb, 0xbc, 0xf7, 0xfc, 0x0, 0x0, 0x0, 0x0,
    0x0, 0x0, 0x4, 0xf8, 0xfc, 0x0, 0x0, 0x0,
    0x0, 0x0, 0x0, 0x4, 0xf8, 0xfc, 0x0, 0x0,
    0x0, 0x0, 0x0, 0x0, 0x4, 0xf8, 0xfc, 0x0,
    0x0, 0x0, 0x0, 0x0, 0x0, 0x4, 0xf8, 0xfc,
    0x0, 0x0, 0x0, 0x0, 0x0, 0x0, 0x4, 0xf8,
    0xfc, 0x0, 0x0, 0x0, 0x0, 0x0, 0x0, 0x4,
    0xf8, 0xfc, 0x0, 0x0, 0x0, 0x0, 0x0, 0x0,
    0x4, 0xf8, 0xfe, 0x99, 0x99, 0x99, 0x99, 0x99,
    0x99, 0x9a, 0xf7, 0xcf, 0xff, 0xff, 0xff, 0xff,
    0xff, 0xff, 0xff, 0xf4, 0x2, 0x22, 0x22, 0x22,
    0xfc, 0x22, 0x22, 0x22, 0x10, 0x0, 0x1e, 0xff,
    0xff, 0xff, 0xff, 0xff, 0xd0, 0x0, 0x0, 0xa,
    0xcc, 0xcc, 0xcc, 0xcc, 0xcc, 0x80, 0x0,

    /* U+F26D "" */
    0x24, 0x10, 0x0, 0x0, 0x0, 0x14, 0x42, 0xfc,
    0x0, 0x0, 0x0, 0x0, 0xc, 0xff, 0xf3, 0x0,
    0x2, 0x62, 0x0, 0x3, 0xff, 0xd0, 0x0, 0x3f,
    0xff, 0x57, 0xae, 0xff, 0xb0, 0x0, 0x7f, 0xff,
    0xff, 0xff, 0xff, 0xc0, 0x0, 0x6f, 0xff, 0xff,
    0xff, 0xff, 0xe0, 0x0, 0x3f, 0xff, 0xff, 0xff,
    0xff, 0xf1, 0x0, 0xf, 0xff, 0xff, 0xff, 0xff,
    0xf4, 0x0, 0xc, 0xff, 0xff, 0xfd, 0xae, 0xf8,
    0x0, 0x8, 0xff, 0xf8, 0x10, 0xd, 0xfd, 0x0,
    0x2, 0xff, 0xe1, 0x0, 0xf, 0xff, 0x30, 0x0,
    0x14, 0x10, 0x0, 0x5f, 0xcf, 0xb0, 0x0, 0x0,
    0x0, 0x1, 0xdc,

    /* U+F26E "" */
    0x0, 0xed, 0xdd, 0xdd, 0xd0, 0x0, 0xc, 0x5,
    0x88, 0x51, 0x0, 0x0, 0xc1, 0x74, 0x36, 0xc8,
    0x0, 0xc, 0x17, 0xaa, 0x91, 0x62, 0x0, 0xdb,
    0x30, 0x2, 0xb3, 0x0, 0xa, 0x16, 0xdd, 0x81,
    0xc0, 0x0, 0x4, 0xb2, 0x19, 0x77, 0x50, 0x0,
    0x84, 0xab, 0x2b, 0x57, 0x80, 0x29, 0x47, 0x74,
    0x97, 0x6a, 0x3c, 0xa4, 0x7a, 0xd2, 0xd1, 0x3b,
    0x4f, 0x53, 0x42, 0xb7, 0x0, 0x88, 0x3c, 0xdc,
    0xc5, 0x55, 0x0, 0x7c, 0x52, 0x14, 0xaa, 0x0,
    0x0, 0x17, 0xaa, 0x82, 0x0,

    /* U+F270 "" */
    0x0, 0x0, 0x26, 0x75, 0x0, 0x0, 0x0, 0x0,
    0x7f, 0xff, 0xfc, 0x0, 0x0, 0x0, 0x2f, 0xf6,
    0x4f, 0xf4, 0x0, 0x0, 0x2, 0x76, 0x0, 0xff,
    0x50, 0x0, 0x0, 0x0, 0x5a, 0xdf, 0xf5, 0x0,
    0x0, 0x0, 0xcf, 0xc7, 0xff, 0x50, 0x0, 0x0,
    0x6f, 0xe0, 0xf, 0xf5, 0x0, 0x0, 0x8, 0xfe,
    0x13, 0xff, 0xa0, 0x0, 0x0, 0x4f, 0xff, 0xfb,
    0xfd, 0x0, 0x1, 0x0, 0x49, 0xa4, 0x6, 0x12,
    0x30, 0x39, 0x20, 0x0, 0x0, 0x1, 0x8a, 0x0,
    0x2b, 0xc8, 0x65, 0x7b, 0xd3, 0x60, 0x0, 0x3,
    0x9c, 0xca, 0x50, 0x0, 0x0,

    /* U+F271 "" */
    0x0, 0x14, 0x10, 0x0, 0x32, 0x0, 0x0, 0x5,
    0xf5, 0x0, 0x1f, 0x90, 0x0, 0x37, 0xbf, 0xb8,
    0x89, 0xfd, 0x74, 0xe, 0xff, 0xff, 0xff, 0xff,
    0xff, 0xf2, 0xff, 0xff, 0xff, 0xff, 0xff, 0xff,
    0x31, 0x22, 0x22, 0x22, 0x22, 0x22, 0x10, 0xff,
    0xff, 0xff, 0xff, 0xff, 0xff, 0x3f, 0xff, 0xff,
    0xa8, 0xff, 0xff, 0xf4, 0xff, 0xff, 0xf4, 0xf,
    0xff, 0xff, 0x4f, 0xff, 0xa8, 0x20, 0x88, 0xff,
    0xf4, 0xff, 0xf4, 0x0, 0x0, 0xf, 0xff, 0x4f,
    0xff, 0xfe, 0x30, 0xef, 0xff, 0xf4, 0xff, 0xff,
    0xf4, 0xf, 0xff, 0xff, 0x4f, 0xff, 0xff, 0xff,
    0xff, 0xff, 0xf3, 0x49, 0x99, 0x99, 0x99, 0x99,
    0x96, 0x0,

    /* U+F272 "" */
    0x0, 0x14, 0x10, 0x0, 0x32, 0x0, 0x0, 0x5,
    0xf5, 0x0, 0x1f, 0x90, 0x0, 0x37, 0xbf, 0xb8,
    0x89, 0xfd, 0x74, 0xe, 0xff, 0xff, 0xff, 0xff,
    0xff, 0xf2, 0xff, 0xff, 0xff, 0xff, 0xff, 0xff,
    0x31, 0x22, 0x22, 0x22, 0x22, 0x22, 0x10, 0xff,
    0xff, 0xff, 0xff, 0xff, 0xff, 0x3f, 0xff, 0xff,
    0xff, 0xff, 0xff, 0xf4, 0xff, 0xff, 0xff, 0xff,
    0xff, 0xff, 0x4f, 0xff, 0xa8, 0x88, 0x88, 0xff,
    0xf4, 0xff, 0xf4, 0x0, 0x0, 0xf, 0xff, 0x4f,
    0xff, 0xb8, 0x88, 0x89, 0xff, 0xf4, 0xff, 0xff,
    0xff, 0xff, 0xff, 0xff, 0x4f, 0xff, 0xff, 0xff,
    0xff, 0xff, 0xf3, 0x9f, 0xff, 0xff, 0xff, 0xff,
    0xfc, 0x0,

    /* U+F273 "" */
    0x0, 0x14, 0x10, 0x0, 0x32, 0x0, 0x0, 0x5,
    0xf5, 0x0, 0x1f, 0x90, 0x0, 0x37, 0xbf, 0xb8,
    0x89, 0xfd, 0x74, 0xe, 0xff, 0xff, 0xff, 0xff,
    0xff, 0xf2, 0xff, 0xff, 0xff, 0xff, 0xff, 0xff,
    0x31, 0x22, 0x22, 0x22, 0x22, 0x22, 0x10, 0xff,
    0xff, 0xff, 0xff, 0xff, 0xff, 0x3f, 0xff, 0xfd,
    0xff, 0xdf, 0xff, 0xf4, 0xff, 0xfb, 0x8, 0xb0,
    0x7f, 0xff, 0x4f, 0xff, 0xe2, 0x0, 0xb, 0xff,
    0xf4, 0xff, 0xff, 0x90, 0x6, 0xff, 0xff, 0x4f,
    0xff, 0xc0, 0x1, 0x8, 0xff, 0xf4, 0xff, 0xfd,
    0x2b, 0xe2, 0xaf, 0xff, 0x4f, 0xff, 0xff, 0xff,
    0xff, 0xff, 0xf3, 0x6b, 0xcc, 0xcc, 0xcc, 0xcc,
    0xb9, 0x0,

    /* U+F274 "" */
    0x0, 0x14, 0x10, 0x0, 0x32, 0x0, 0x0, 0x5,
    0xf5, 0x0, 0x1f, 0x90, 0x0, 0x37, 0xbf, 0xb8,
    0x89, 0xfd, 0x74, 0xe, 0xff, 0xff, 0xff, 0xff,
    0xff, 0xf2, 0xff, 0xff, 0xff, 0xff, 0xff, 0xff,
    0x31, 0x22, 0x22, 0x22, 0x22, 0x22, 0x10, 0xff,
    0xff, 0xff, 0xff, 0xff, 0xff, 0x3f, 0xff, 0xff,
    0xff, 0xfd, 0xff, 0xf4, 0xff, 0xff, 0xff, 0xf8,
    0xb, 0xff, 0x4f, 0xff, 0x9d, 0xf8, 0x1, 0xdf,
    0xf4, 0xff, 0xd0, 0x17, 0x1, 0xdf, 0xff, 0x4f,
    0xff, 0x90, 0x1, 0xdf, 0xff, 0xf4, 0xff, 0xff,
    0x92, 0xdf, 0xff, 0xff, 0x4f, 0xff, 0xff, 0xff,
    0xff, 0xff, 0xf3, 0x6b, 0xcc, 0xcc, 0xcc, 0xcc,
    0xb9, 0x0,

    /* U+F275 "" */
    0x34, 0x44, 0x0, 0x0, 0x0, 0x0, 0x0, 0xff,
    0xff, 0x50, 0x0, 0x0, 0x0, 0x0, 0xff, 0xff,
    0x60, 0x0, 0x0, 0x0, 0x0, 0xff, 0xff, 0x60,
    0x0, 0x0, 0x0, 0x0, 0xff, 0xff, 0x60, 0x4,
    0xb1, 0x0, 0x6a, 0xff, 0xff, 0x61, 0xaf, 0xf3,
    0x2b, 0xff, 0xff, 0xff, 0xae, 0xff, 0xf9, 0xff,
    0xff, 0xff, 0xff, 0xff, 0xff, 0xff, 0xff, 0xff,
    0xff, 0xff, 0xff, 0xff, 0xff, 0xff, 0xff, 0xff,
    0xff, 0xff, 0xff, 0xff, 0xff, 0xff, 0xff, 0xff,
    0xff, 0xff, 0xff, 0xff, 0xff, 0xff, 0xff, 0xff,
    0xff, 0xff, 0xff, 0xff, 0xdf, 0xff, 0xff, 0xff,
    0xff, 0xff, 0xfd,

    /* U+F276 "" */
    0x0, 0x3, 0x30, 0x0, 0x5, 0xef, 0xfe, 0x40,
    0x4f, 0xb5, 0xef, 0xf3, 0xcc, 0x6f, 0xff, 0xfa,
    0xf7, 0xef, 0xff, 0xfd, 0xef, 0xff, 0xff, 0xfc,
    0x9f, 0xff, 0xff, 0xf7, 0x1d, 0xff, 0xff, 0xb0,
    0x0, 0x6a, 0xa6, 0x0, 0x0, 0x6, 0x50, 0x0,
    0x0, 0xf, 0xd0, 0x0, 0x0, 0xf, 0xd0, 0x0,
    0x0, 0xf, 0xd0, 0x0, 0x0, 0xe, 0xc0, 0x0,
    0x0, 0x6, 0x50, 0x0,

    /* U+F277 "" */
    0x0, 0x0, 0x0, 0x4, 0x30, 0x0, 0x0, 0x0,
    0x0, 0x67, 0x77, 0x7f, 0xe7, 0x77, 0x73, 0x0,
    0x2, 0xff, 0xff, 0xff, 0xff, 0xff, 0xff, 0x50,
    0x2, 0xff, 0xff, 0xff, 0xff, 0xff, 0xff, 0xc0,
    0x1, 0xff, 0xff, 0xff, 0xff, 0xff, 0xfc, 0x10,
    0x0, 0x0, 0x0, 0x0, 0x0, 0x0, 0x0, 0x0,
    0x0, 0x0, 0x0, 0xd, 0xc0, 0x0, 0x0, 0x0,
    0x2, 0xdf, 0xff, 0xff, 0xff, 0xff, 0xff, 0x0,
    0xd, 0xff, 0xff, 0xff, 0xff, 0xff, 0xff, 0x10,
    0x6, 0xff, 0xff, 0xff, 0xff, 0xff, 0xff, 0x10,
    0x0, 0x47, 0x77, 0x77, 0x77, 0x77, 0x75, 0x0,
    0x0, 0x0, 0x0, 0x8, 0x70, 0x0, 0x0, 0x0,
    0x0, 0x0, 0x0, 0xe, 0xd0, 0x0, 0x0, 0x0,
    0x0, 0x0, 0x0, 0xe, 0xd0, 0x0, 0x0, 0x0,
    0x0, 0x0, 0x0, 0xd, 0xb0, 0x0, 0x0, 0x0,

    /* U+F279 "" */
    0x0, 0x1, 0x12, 0x0, 0x0, 0x0, 0x0, 0x4,
    0x3, 0x9f, 0x6b, 0xfa, 0x50, 0x0, 0x18, 0xee,
    0xbf, 0xff, 0x6b, 0xff, 0xff, 0x75, 0xff, 0xfe,
    0xff, 0xff, 0x6b, 0xff, 0xff, 0xa7, 0xff, 0xfe,
    0xff, 0xff, 0x6b, 0xff, 0xff, 0xa7, 0xff, 0xfe,
    0xff, 0xff, 0x6b, 0xff, 0xff, 0xa7, 0xff, 0xfe,
    0xff, 0xff, 0x6b, 0xff, 0xff, 0xa7, 0xff, 0xfe,
    0xff, 0xff, 0x6b, 0xff, 0xff, 0xa7, 0xff, 0xfe,
    0xff, 0xff, 0x6b, 0xff, 0xff, 0xa7, 0xff, 0xfe,
    0xff, 0xff, 0x6b, 0xff, 0xff, 0xa7, 0xff, 0xfe,
    0xff, 0xff, 0x6b, 0xff, 0xff, 0xa7, 0xff, 0xfe,
    0xff, 0xe8, 0x12, 0x8d, 0xff, 0xa7, 0xff, 0xb3,
    0xc7, 0x0, 0x0, 0x0, 0x28, 0x85, 0x71, 0x0,

    /* U+F27A "" */
    0x3, 0x44, 0x44, 0x44, 0x44, 0x44, 0x30, 0x9f,
    0xff, 0xff, 0xff, 0xff, 0xff, 0xf9, 0xff, 0xff,
    0xff, 0xff, 0xff, 0xff, 0xff, 0xff, 0xff, 0xff,
    0xff, 0xff, 0xff, 0xff, 0xff, 0xff, 0xff, 0xff,
    0xff, 0xff, 0xff, 0xff, 0xff, 0xff, 0xff, 0xff,
    0xff, 0xff, 0xff, 0xff, 0xff, 0xff, 0xff, 0xff,
    0xff, 0xff, 0xff, 0xff, 0xff, 0xff, 0xff, 0xff,
    0xff, 0xff, 0xff, 0xff, 0xff, 0xff, 0xff, 0xff,
    0xff, 0xff, 0xff, 0xff, 0xff, 0xff, 0xff, 0xff,
    0xff, 0xff, 0xff, 0xff, 0xff, 0x7f, 0xff, 0xff,
    0xff, 0xff, 0xff, 0xf8, 0x1, 0x22, 0xaf, 0xfb,
    0x22, 0x22, 0x10, 0x0, 0x0, 0xaf, 0x70, 0x0,
    0x0, 0x0, 0x0, 0x0, 0x64, 0x0, 0x0, 0x0,
    0x0,

    /* U+F27C "" */
    0x34, 0x41, 0x0, 0x0, 0x0, 0x0, 0xcf, 0xf3,
    0x0, 0x0, 0x0, 0x0, 0xcf, 0xf3, 0x0, 0x0,
    0x0, 0x0, 0xcf, 0xf7, 0x10, 0x0, 0x0, 0x0,
    0xcf, 0xff, 0xfc, 0x83, 0x0, 0x0, 0xcf, 0xff,
    0xff, 0xff, 0xea, 0x50, 0xcf, 0xff, 0xff, 0xff,
    0xff, 0xf6, 0xcf, 0xff, 0xff, 0xff, 0xff, 0xf6,
    0xcf, 0xff, 0xee, 0xef, 0xff, 0xf6, 0xcf, 0xff,
    0x70, 0xe, 0xff, 0xf6, 0xcf, 0xff, 0x70, 0xe,
    0xff, 0xf6, 0xcf, 0xff, 0x70, 0xe, 0xff, 0xf6,
    0xbf, 0xff, 0x60, 0xd, 0xff, 0xf5,

    /* U+F27D "" */
    0x0, 0x4, 0x10, 0x0, 0x5, 0x72, 0x0, 0x1c,
    0xfe, 0x0, 0x1d, 0xff, 0xf0, 0x2e, 0xff, 0xf5,
    0x9, 0xff, 0xff, 0x3b, 0xaf, 0xff, 0x80, 0x38,
    0xff, 0xf2, 0x0, 0xaf, 0xfb, 0x0, 0x5f, 0xfd,
    0x0, 0x4, 0xff, 0xe0, 0xc, 0xff, 0x50, 0x0,
    0xf, 0xff, 0x36, 0xff, 0xb0, 0x0, 0x0, 0xbf,
    0xfe, 0xff, 0xe1, 0x0, 0x0, 0x7, 0xff, 0xff,
    0xf3, 0x0, 0x0, 0x0, 0x1f, 0xff, 0xf5, 0x0,
    0x0, 0x0, 0x0, 0x7f, 0xd3, 0x0, 0x0, 0x0,
    0x0, 0x0, 0x0, 0x0, 0x0, 0x0,

    /* U+F27E "" */
    0x77, 0x77, 0x77, 0x77, 0x77, 0x77, 0x1f, 0xff,
    0xff, 0xff, 0xff, 0xff, 0xf4, 0xff, 0xfe, 0x10,
    0x0, 0xbf, 0xff, 0x4f, 0xff, 0xfa, 0x0, 0x7f,
    0xff, 0xf4, 0xff, 0xff, 0xf3, 0xf, 0xff, 0xff,
    0x4f, 0xff, 0xff, 0x0, 0xbf, 0xff, 0xf4, 0xff,
    0xff, 0xa0, 0x6, 0xff, 0xff, 0x4f, 0xff, 0xf4,
    0x0, 0x1f, 0xff, 0xf4, 0xff, 0xfe, 0x0, 0x0,
    0xbf, 0xff, 0x4f, 0xff, 0xc0, 0x0, 0x8, 0xff,
    0xf4, 0xff, 0xff, 0xa0, 0x7, 0xff, 0xff, 0x4f,
    0xff, 0xff, 0xb8, 0xff, 0xff, 0xf4, 0xcc, 0xcc,
    0xcc, 0xcc, 0xcc, 0xcc, 0x30,

    /* U+F280 "" */
    0x22, 0x22, 0x22, 0x22, 0x22, 0x22, 0xf, 0xff,
    0xff, 0xff, 0xff, 0xff, 0xf4, 0xff, 0xff, 0xff,
    0xff, 0xdf, 0xff, 0x4f, 0xff, 0xfc, 0xcf, 0x80,
    0x7f, 0xf4, 0xff, 0xf6, 0x23, 0x3a, 0x18, 0xff,
    0x4f, 0xff, 0x16, 0xff, 0xef, 0xef, 0xf4, 0xff,
    0x50, 0x0, 0xb3, 0x9, 0xff, 0x4f, 0xff, 0x6,
    0xff, 0xe0, 0x9f, 0xf4, 0xff, 0xf1, 0x6f, 0xfe,
    0x9, 0xff, 0x4f, 0xff, 0x16, 0xff, 0xe0, 0x9f,
    0xf4, 0xff, 0x80, 0x16, 0xf5, 0x3, 0xff, 0x4f,
    0xff, 0xff, 0xff, 0xff, 0xff, 0xf4, 0xdd, 0xdd,
    0xdd, 0xdd, 0xdd, 0xdd, 0x30,

    /* U+F281 "" */
    0x0, 0x0, 0x0, 0x2, 0x20, 0x3, 0x0, 0x0,
    0x0, 0x0, 0x8, 0x68, 0xdf, 0x40, 0x0, 0x0,
    0x0, 0x8, 0x0, 0x6c, 0x20, 0x0, 0x0, 0x0,
    0x16, 0x0, 0x0, 0x0, 0x0, 0x0, 0x4, 0x87,
    0x20, 0x0, 0x0, 0x8, 0x88, 0xff, 0xff, 0xfe,
    0x69, 0x70, 0x7f, 0xff, 0xff, 0xff, 0xff, 0xff,
    0xf3, 0x4f, 0xfc, 0x2b, 0xff, 0x93, 0xef, 0xe1,
    0xb, 0xf9, 0x7, 0xff, 0x50, 0xdf, 0x80, 0xa,
    0xff, 0xcf, 0xff, 0xfd, 0xff, 0x70, 0x3, 0xff,
    0xca, 0xee, 0xac, 0xfe, 0x10, 0x0, 0x4e, 0xfc,
    0x99, 0xcf, 0xd3, 0x0, 0x0, 0x1, 0x7b, 0xdd,
    0xb6, 0x0, 0x0,

    /* U+F282 "" */
    0x0, 0x0, 0x0, 0x0, 0x0, 0x0, 0x0, 0x0,
    0x1, 0x8d, 0xff, 0xd8, 0x10, 0x0, 0x0, 0x2e,
    0xff, 0xff, 0xff, 0xe3, 0x0, 0x0, 0xdf, 0xfc,
    0x9b, 0xff, 0xfe, 0x10, 0x8, 0xf7, 0x22, 0x0,
    0x3f, 0xff, 0x90, 0xd, 0x33, 0xd0, 0x0, 0xa,
    0xff, 0xf0, 0x23, 0xe, 0xd7, 0x77, 0x7c, 0xff,
    0xf2, 0x0, 0x6f, 0xff, 0xff, 0xff, 0xff, 0xf4,
    0x0, 0xaf, 0xff, 0xff, 0xff, 0xff, 0xf4, 0x0,
    0xbf, 0xc0, 0x0, 0x0, 0x0, 0x0, 0x0, 0x9f,
    0xf3, 0x0, 0x0, 0x0, 0x0, 0x0, 0x3f, 0xff,
    0x84, 0x34, 0x7d, 0x10, 0x0, 0xa, 0xff, 0xff,
    0xff, 0xff, 0x10, 0x0, 0x0, 0x9f, 0xff, 0xff,
    0xfe, 0x10, 0x0, 0x0, 0x2, 0x79, 0x98, 0x40,
    0x0,

    /* U+F284 "" */
    0x0, 0x2, 0x9c, 0xcc, 0xb4, 0x0, 0x0, 0x7,
    0xb3, 0x0, 0x2, 0x99, 0x0, 0x7, 0x90, 0x1,
    0x42, 0x0, 0x6a, 0x2, 0xb0, 0xa, 0xff, 0xfc,
    0x10, 0xd4, 0x93, 0xb, 0xff, 0xff, 0xfd, 0xc5,
    0xc, 0x3, 0xff, 0xff, 0xff, 0x88, 0x90, 0xc0,
    0x6f, 0xff, 0xfd, 0x20, 0xba, 0xc, 0x5, 0xff,
    0xff, 0xfb, 0x3a, 0x0, 0xc0, 0x1f, 0xff, 0xff,
    0xff, 0xa2, 0x7, 0x50, 0x5f, 0xff, 0xff, 0x82,
    0xc6, 0x1c, 0x10, 0x3a, 0xdb, 0x50, 0xc, 0x20,
    0x4c, 0x10, 0x0, 0x0, 0xb, 0x60, 0x0, 0x4c,
    0x72, 0x2, 0x6c, 0x50, 0x0, 0x0, 0x5, 0x9b,
    0xa6, 0x10, 0x0,

    /* U+F285 "" */
    0x1, 0x0, 0x0, 0x0, 0x0, 0x0, 0x0, 0x8b,
    0x20, 0x2, 0x33, 0x33, 0x30, 0x8, 0xff, 0x73,
    0xff, 0xff, 0xf9, 0x0, 0x8f, 0xff, 0xda, 0xff,
    0xfe, 0x10, 0x8, 0xff, 0xff, 0xfb, 0xcf, 0x50,
    0x0, 0x8f, 0xff, 0xff, 0xfd, 0x60, 0x0, 0x5,
    0xff, 0xea, 0x88, 0x96, 0x20, 0x0, 0x3, 0x8a,
    0xdf, 0xfb, 0xeb, 0x0, 0x0, 0xcf, 0xff, 0xff,
    0xbf, 0xc0, 0x0, 0x6f, 0xff, 0xff, 0xaf, 0xfc,
    0x0, 0x1f, 0xff, 0xff, 0xca, 0xff, 0xc0, 0x6,
    0xbb, 0xbb, 0xb3, 0x7, 0xfc, 0x0, 0x0, 0x0,
    0x0, 0x0, 0x2, 0x70, 0x0,

    /* U+F286 "" */
    0x0, 0x0, 0x0, 0x0, 0x0, 0x0, 0x0, 0x0,
    0x0, 0x0, 0x93, 0x20, 0x0, 0x0, 0x0, 0x0,
    0x0, 0x9f, 0xf1, 0x0, 0x0, 0x0, 0x0, 0x0,
    0x8a, 0xa0, 0x0, 0x0, 0x0, 0x20, 0x20, 0x60,
    0x20, 0x20, 0x0, 0x0, 0xe3, 0xe3, 0xe3, 0xe3,
    0xe1, 0x0, 0x0, 0xef, 0xdf, 0xff, 0xdf, 0xf1,
    0x0, 0x0, 0xef, 0x1e, 0xff, 0x1e, 0xf1, 0x0,
    0x10, 0xef, 0x3e, 0xff, 0x4e, 0xf1, 0x20, 0xb6,
    0xef, 0xff, 0xff, 0xff, 0xf4, 0xe1, 0xbf, 0xff,
    0xff, 0xdf, 0xff, 0xff, 0xf1, 0xbf, 0xff, 0xf6,
    0x3, 0xff, 0xff, 0xf1, 0xbf, 0xff, 0xf1, 0x0,
    0xef, 0xff, 0xf1, 0xbf, 0xff, 0xf1, 0x0, 0xef,
    0xff, 0xf1, 0xaf, 0xff, 0xf1, 0x0, 0xdf, 0xff,
    0xf1,

    /* U+F287 "" */
    0x0, 0x0, 0x0, 0x0, 0x7, 0xb2, 0x0, 0x0,
    0x0, 0x0, 0x0, 0x0, 0xa, 0xdf, 0xfa, 0x0,
    0x0, 0x0, 0x0, 0x0, 0x0, 0xa9, 0x3d, 0xf5,
    0x0, 0x0, 0x0, 0x4, 0x40, 0x2, 0xe0, 0x0,
    0x10, 0x0, 0x0, 0x0, 0xaf, 0xf8, 0xb, 0x60,
    0x0, 0x0, 0x0, 0x6c, 0x30, 0xff, 0xff, 0xff,
    0xff, 0xff, 0xff, 0xff, 0xff, 0xf4, 0xaf, 0xf9,
    0x0, 0xc, 0x50, 0x0, 0x0, 0x6d, 0x40, 0x5,
    0x50, 0x0, 0x4, 0xc0, 0x0, 0x0, 0x10, 0x0,
    0x0, 0x0, 0x0, 0x0, 0xc4, 0x3e, 0xe8, 0x0,
    0x0, 0x0, 0x0, 0x0, 0x0, 0x2e, 0xef, 0xfa,
    0x0, 0x0, 0x0, 0x0, 0x0, 0x0, 0x0, 0x4f,
    0xfa, 0x0, 0x0, 0x0, 0x0, 0x0, 0x0, 0x0,
    0x0, 0x0, 0x0, 0x0,

    /* U+F288 "" */
    0x0, 0x0, 0x0, 0x0, 0x0, 0x0, 0x0, 0x0,
    0x2, 0x9e, 0xff, 0xd7, 0x0, 0x0, 0x0, 0x6f,
    0xff, 0xff, 0xff, 0xe3, 0x0, 0x6, 0xff, 0xff,
    0xff, 0xff, 0xff, 0x20, 0x1f, 0xff, 0xa5, 0x55,
    0x8f, 0xff, 0xc0, 0x8f, 0xff, 0x70, 0x11, 0x4,
    0xff, 0xf4, 0xcf, 0xff, 0x71, 0xff, 0xa0, 0xef,
    0xf8, 0xef, 0xff, 0x71, 0xff, 0x91, 0xff, 0xf9,
    0xdf, 0xff, 0x70, 0x0, 0x2b, 0xff, 0xf9, 0xaf,
    0xff, 0x71, 0xff, 0xff, 0xff, 0xf6, 0x4f, 0xff,
    0x71, 0xff, 0xff, 0xff, 0xf1, 0xb, 0xff, 0xff,
    0xff, 0xff, 0xff, 0x70, 0x1, 0xcf, 0xff, 0xff,
    0xff, 0xf9, 0x0, 0x0, 0x8, 0xff, 0xff, 0xfe,
    0x50, 0x0, 0x0, 0x0, 0x4, 0x66, 0x30, 0x0,
    0x0,

    /* U+F289 "" */
    0x0, 0x0, 0x0, 0x33, 0x10, 0x0, 0x0, 0x0,
    0x0, 0x0, 0x0, 0x7e, 0xef, 0xf9, 0x0, 0x0,
    0x0, 0x0, 0x0, 0x8, 0xd3, 0x0, 0x4e, 0xb0,
    0x0, 0x0, 0x0, 0x0, 0x3f, 0x20, 0x0, 0x3,
    0xf5, 0x0, 0x2, 0x10, 0x1b, 0xfe, 0xe3, 0x0,
    0x0, 0xca, 0x0, 0x49, 0xa0, 0x9b, 0x0, 0x62,
    0x0, 0x0, 0xaf, 0xc2, 0xf4, 0xf1, 0xe3, 0x0,
    0x0, 0x0, 0x0, 0xc7, 0xb9, 0xa6, 0xe4, 0xd5,
    0x0, 0x0, 0x0, 0x0, 0x0, 0x7b, 0x97, 0xc5,
    0x6e, 0x74, 0x44, 0x44, 0x44, 0x46, 0xe6, 0xd5,
    0xf3, 0x5, 0xcd, 0xee, 0xee, 0xee, 0xec, 0x71,
    0xc6, 0xe0, 0x0, 0x0, 0x0, 0x0, 0x0, 0x0,
    0x0, 0x8, 0x50,

    /* U+F28A "" */
    0x0, 0x3a, 0xdd, 0xb7, 0x10, 0x0, 0x7f, 0xa6,
    0x57, 0xde, 0x50, 0x2f, 0x60, 0x0, 0x0, 0xdc,
    0x6, 0xf3, 0x20, 0x0, 0x1d, 0x20, 0x7f, 0xff,
    0x70, 0x0, 0x0, 0x4, 0xff, 0xfc, 0x0, 0x0,
    0x0, 0xc, 0xff, 0x60, 0x3d, 0xe7, 0x0, 0x3,
    0x20, 0xb, 0xff, 0xf3, 0x0, 0x0, 0x0, 0xaf,
    0xff, 0x71, 0xd5, 0x0, 0x0, 0x68, 0xf7, 0xbe,
    0x10, 0x0, 0x0, 0x3f, 0x34, 0xed, 0x61, 0x1,
    0x5e, 0xa0, 0x1, 0x8e, 0xff, 0xfe, 0x70, 0x0,
    0x0, 0x1, 0x21, 0x0, 0x0,

    /* U+F28B "" */
    0x0, 0x0, 0x0, 0x0, 0x0, 0x0, 0x0, 0x0,
    0x2, 0x9d, 0xff, 0xd8, 0x10, 0x0, 0x0, 0x6f,
    0xff, 0xff, 0xff, 0xf5, 0x0, 0x6, 0xff, 0xff,
    0xff, 0xff, 0xff, 0x50, 0x2f, 0xff, 0xff, 0xff,
    0xff, 0xff, 0xf1, 0x8f, 0xff, 0x62, 0xd4, 0x27,
    0xff, 0xf7, 0xcf, 0xff, 0x30, 0xc1, 0x4, 0xff,
    0xfb, 0xef, 0xff, 0x30, 0xc1, 0x4, 0xff, 0xfd,
    0xdf, 0xff, 0x30, 0xc1, 0x4, 0xff, 0xfc, 0xaf,
    0xff, 0x30, 0xc1, 0x5, 0xff, 0xf9, 0x3f, 0xff,
    0xed, 0xfe, 0xde, 0xff, 0xf3, 0xa, 0xff, 0xff,
    0xff, 0xff, 0xff, 0x80, 0x0, 0xaf, 0xff, 0xff,
    0xff, 0xfa, 0x0, 0x0, 0x6, 0xdf, 0xff, 0xfd,
    0x50, 0x0, 0x0, 0x0, 0x2, 0x44, 0x20, 0x0,
    0x0,

    /* U+F28D "" */
    0x0, 0x0, 0x0, 0x0, 0x0, 0x0, 0x0, 0x0,
    0x2, 0x9d, 0xff, 0xd8, 0x10, 0x0, 0x0, 0x6f,
    0xff, 0xff, 0xff, 0xf5, 0x0, 0x6, 0xff, 0xff,
    0xff, 0xff, 0xff, 0x50, 0x2f, 0xff, 0xff, 0xff,
    0xff, 0xff, 0xf1, 0x8f, 0xff, 0x62, 0x22, 0x27,
    0xff, 0xf7, 0xcf, 0xff, 0x30, 0x0, 0x4, 0xff,
    0xfb, 0xef, 0xff, 0x30, 0x0, 0x4, 0xff, 0xfd,
    0xdf, 0xff, 0x30, 0x0, 0x4, 0xff, 0xfc, 0xaf,
    0xff, 0x30, 0x0, 0x5, 0xff, 0xf9, 0x3f, 0xff,
    0xed, 0xdd, 0xde, 0xff, 0xf3, 0xa, 0xff, 0xff,
    0xff, 0xff, 0xff, 0x80, 0x0, 0xaf, 0xff, 0xff,
    0xff, 0xfa, 0x0, 0x0, 0x6, 0xdf, 0xff, 0xfd,
    0x50, 0x0, 0x0, 0x0, 0x2, 0x44, 0x20, 0x0,
    0x0,

    /* U+F290 "" */
    0x0, 0x0, 0x1, 0x10, 0x0, 0x0, 0x0, 0x0,
    0x1b, 0xff, 0xc2, 0x0, 0x0, 0x0, 0xc, 0xfc,
    0xbf, 0xd0, 0x0, 0x0, 0x3, 0xfa, 0x0, 0x6f,
    0x40, 0x0, 0x0, 0x5f, 0x60, 0x2, 0xf6, 0x0,
    0xa, 0xac, 0xfc, 0xaa, 0xbf, 0xda, 0xa0, 0xff,
    0xf8, 0xff, 0xff, 0x9f, 0xff, 0x1f, 0xff, 0x5f,
    0xff, 0xf7, 0xef, 0xf1, 0xff, 0xff, 0xff, 0xff,
    0xff, 0xff, 0x1f, 0xff, 0xff, 0xff, 0xff, 0xff,
    0xf1, 0xff, 0xff, 0xff, 0xff, 0xff, 0xff, 0x1f,
    0xff, 0xff, 0xff, 0xff, 0xff, 0xf1, 0xff, 0xff,
    0xff, 0xff, 0xff, 0xff, 0x1d, 0xff, 0xff, 0xff,
    0xff, 0xff, 0xe0, 0x3c, 0xff, 0xff, 0xff, 0xff,
    0xd3, 0x0,

    /* U+F291 "" */
    0x0, 0x0, 0x2, 0x30, 0x4, 0x0, 0x0, 0x0,
    0x0, 0x0, 0x1e, 0xf0, 0x2f, 0xb0, 0x0, 0x0,
    0x0, 0x0, 0xaf, 0x70, 0xb, 0xf7, 0x0, 0x0,
    0x0, 0x6, 0xfb, 0x0, 0x1, 0xef, 0x30, 0x0,
    0x0, 0x2f, 0xe1, 0x0, 0x0, 0x4f, 0xd0, 0x0,
    0xef, 0xff, 0xff, 0xff, 0xff, 0xff, 0xff, 0xfa,
    0xaf, 0xff, 0xef, 0xfe, 0xff, 0xef, 0xff, 0xf7,
    0xf, 0xff, 0x39, 0xf4, 0x8f, 0x57, 0xff, 0xc0,
    0xe, 0xff, 0x28, 0xf3, 0x7f, 0x46, 0xff, 0xa0,
    0xb, 0xff, 0x28, 0xf3, 0x7f, 0x46, 0xff, 0x70,
    0x9, 0xff, 0x39, 0xf4, 0x8f, 0x57, 0xff, 0x50,
    0x7, 0xff, 0xef, 0xfe, 0xff, 0xef, 0xff, 0x30,
    0x1, 0xdf, 0xff, 0xff, 0xff, 0xff, 0xfb, 0x0,

    /* U+F292 "" */
    0x0, 0x0, 0x5, 0x40, 0x2, 0x51, 0x0, 0x0,
    0x0, 0xf, 0xb0, 0x9, 0xf3, 0x0, 0x0, 0x0,
    0x3f, 0x80, 0xc, 0xf0, 0x0, 0x0, 0xac, 0xdf,
    0xdc, 0xcf, 0xfc, 0xb2, 0x0, 0xff, 0xff, 0xff,
    0xff, 0xff, 0xf1, 0x0, 0x0, 0xcf, 0x0, 0x4f,
    0x70, 0x0, 0x0, 0x0, 0xfc, 0x0, 0x7f, 0x40,
    0x0, 0x0, 0x2, 0xf9, 0x0, 0xaf, 0x10, 0x0,
    0x8, 0xbc, 0xfd, 0xbb, 0xff, 0xbb, 0x20, 0xf,
    0xff, 0xff, 0xff, 0xff, 0xff, 0x20, 0x0, 0xb,
    0xf1, 0x4, 0xf8, 0x0, 0x0, 0x0, 0xe, 0xe0,
    0x6, 0xf5, 0x0, 0x0, 0x0, 0xa, 0x70, 0x5,
    0xa2, 0x0, 0x0,

    /* U+F293 "" */
    0x0, 0x0, 0x1, 0x10, 0x0, 0x0, 0x0, 0x7,
    0xef, 0xff, 0xb3, 0x0, 0x0, 0xaf, 0xfd, 0x8f,
    0xff, 0x20, 0x4, 0xff, 0xfd, 0x9, 0xff, 0xb0,
    0xa, 0xfe, 0xfd, 0x12, 0xaf, 0xf0, 0xe, 0xf5,
    0x5d, 0x2c, 0xe, 0xf3, 0xf, 0xff, 0x33, 0x12,
    0x9f, 0xf5, 0xf, 0xff, 0xf3, 0x7, 0xff, 0xf6,
    0xf, 0xff, 0xe2, 0x6, 0xff, 0xf6, 0xf, 0xfe,
    0x24, 0x13, 0x7f, 0xf5, 0xd, 0xf5, 0x7d, 0x2c,
    0xd, 0xf3, 0xa, 0xff, 0xfd, 0x11, 0xbf, 0xf0,
    0x3, 0xff, 0xfe, 0xb, 0xff, 0xa0, 0x0, 0x7f,
    0xfe, 0xbf, 0xfe, 0x10, 0x0, 0x3, 0xac, 0xdc,
    0x81, 0x0,

    /* U+F294 "" */
    0x0, 0x0, 0x0, 0x0, 0x0, 0x0, 0x19, 0x0,
    0x0, 0x0, 0x1, 0xf8, 0x0, 0x0, 0x0, 0x1f,
    0xf7, 0x0, 0x1b, 0x21, 0xf4, 0xe6, 0x0, 0xae,
    0x3f, 0x3d, 0x70, 0x0, 0xae, 0xfe, 0x90, 0x0,
    0x0, 0xbf, 0xb0, 0x0, 0x0, 0x1d, 0xfd, 0x10,
    0x0, 0x1d, 0xcf, 0xcd, 0x10, 0x1d, 0xb1, 0xf2,
    0xcc, 0x0, 0x60, 0xf, 0x7f, 0x40, 0x0, 0x0,
    0xff, 0x40, 0x0, 0x0, 0xf, 0x40, 0x0, 0x0,
    0x0, 0x40, 0x0, 0x0,

    /* U+F295 "" */
    0x0, 0x0, 0x0, 0x0, 0x0, 0x1, 0x10, 0x0,
    0xaf, 0xfb, 0x10, 0x0, 0x2f, 0xf2, 0x9, 0xfc,
    0xbf, 0xb0, 0x0, 0xdf, 0xa0, 0xe, 0xd0, 0xb,
    0xf0, 0xb, 0xfc, 0x0, 0xe, 0xe1, 0xd, 0xf0,
    0x7f, 0xe2, 0x0, 0x6, 0xff, 0xff, 0x84, 0xff,
    0x40, 0x0, 0x0, 0x6c, 0xc7, 0x2f, 0xf7, 0x0,
    0x0, 0x0, 0x0, 0x0, 0xdf, 0xa0, 0x0, 0x0,
    0x0, 0x0, 0xa, 0xfd, 0x27, 0x83, 0x0, 0x0,
    0x0, 0x7f, 0xe4, 0xef, 0xff, 0x60, 0x0, 0x4,
    0xff, 0x4a, 0xf7, 0x4e, 0xf0, 0x0, 0x2e, 0xf7,
    0xd, 0xe0, 0x8, 0xf2, 0x0, 0xdf, 0xa0, 0xb,
    0xf4, 0x1d, 0xf1, 0xa, 0xfd, 0x0, 0x3, 0xff,
    0xff, 0x80, 0xa, 0xb2, 0x0, 0x0, 0x29, 0xa6,
    0x0,

    /* U+F296 "" */
    0x0, 0x9, 0x0, 0x0, 0x0, 0x0, 0x90, 0x0,
    0x0, 0xf, 0x40, 0x0, 0x0, 0x4, 0xf1, 0x0,
    0x0, 0x5f, 0x90, 0x0, 0x0, 0x9, 0xf5, 0x0,
    0x0, 0xaf, 0xe0, 0x0, 0x0, 0xe, 0xfb, 0x0,
    0x0, 0xff, 0xf4, 0x0, 0x0, 0x3f, 0xff, 0x0,
    0x4, 0x30, 0x6, 0xff, 0xff, 0x60, 0x3, 0x40,
    0xa, 0xd1, 0x1, 0xff, 0xff, 0x10, 0x1d, 0xa0,
    0xe, 0xfb, 0x0, 0xcf, 0xfc, 0x0, 0xbf, 0xe0,
    0x4, 0xef, 0x70, 0x7f, 0xf7, 0x7, 0xfe, 0x40,
    0x0, 0x1b, 0xf4, 0x2f, 0xf2, 0x4f, 0xb1, 0x0,
    0x0, 0x0, 0x7e, 0x1d, 0xd1, 0xe7, 0x0, 0x0,
    0x0, 0x0, 0x3, 0xa8, 0x8a, 0x30, 0x0, 0x0,
    0x0, 0x0, 0x0, 0x17, 0x71, 0x0, 0x0, 0x0,
    0x0, 0x0, 0x0, 0x0, 0x0, 0x0, 0x0, 0x0,

    /* U+F297 "" */
    0x0, 0x0, 0x0, 0x21, 0x0, 0x0, 0x0, 0x0,
    0x6, 0xcf, 0xff, 0xe9, 0x20, 0x0, 0x0, 0xbf,
    0xff, 0xff, 0xff, 0xf5, 0x0, 0xa, 0xff, 0xff,
    0xff, 0xff, 0xff, 0x30, 0x3f, 0xfe, 0xfe, 0xee,
    0xef, 0xff, 0xb0, 0x7f, 0xf2, 0xb0, 0x0, 0x8,
    0xff, 0xf0, 0x8f, 0xfb, 0xea, 0xaa, 0xad, 0xff,
    0xf1, 0x5f, 0xff, 0x7f, 0xff, 0xff, 0xff, 0xe0,
    0xf, 0xff, 0xc5, 0x45, 0x5f, 0xff, 0x80, 0x5f,
    0xff, 0xff, 0xff, 0xff, 0xff, 0xd0, 0x7f, 0xff,
    0xff, 0xff, 0xff, 0xff, 0xf0, 0x2f, 0xff, 0xff,
    0xad, 0xff, 0xff, 0xa0, 0x3, 0xbe, 0xd6, 0x1,
    0xae, 0xe8, 0x0,

    /* U+F298 "" */
    0x2, 0x22, 0x22, 0x22, 0x22, 0x20, 0xd, 0xff,
    0xdd, 0xee, 0xdd, 0xff, 0xe0, 0xf1, 0x98, 0x2b,
    0xb3, 0x79, 0x1e, 0x1f, 0x0, 0x3a, 0x10, 0x94,
    0x0, 0xe1, 0xf0, 0x1, 0x1, 0x11, 0x11, 0xe,
    0x1f, 0xe, 0xf5, 0xff, 0xff, 0xf0, 0xe1, 0xf0,
    0x11, 0x1, 0x11, 0x11, 0xe, 0x1f, 0xe, 0xf5,
    0xff, 0xff, 0xf0, 0xe1, 0xf0, 0x0, 0x0, 0x0,
    0x11, 0xe, 0x1f, 0x0, 0x0, 0x0, 0xaf, 0xf0,
    0xe1, 0xf0, 0x0, 0x0, 0x0, 0x0, 0xe, 0x1f,
    0x11, 0x11, 0x11, 0x11, 0x11, 0xe1, 0xaf, 0xff,
    0xff, 0xff, 0xff, 0xfb, 0x0,

    /* U+F299 "" */
    0x54, 0x31, 0x0, 0x0, 0x0, 0x0, 0xc, 0xef,
    0xfe, 0xa3, 0x0, 0x0, 0x0, 0x8f, 0x8b, 0xff,
    0xfb, 0x10, 0x0, 0x4, 0xff, 0x6a, 0xff, 0xfd,
    0x0, 0x0, 0xf, 0xff, 0x1d, 0xff, 0xf9, 0x0,
    0x0, 0xcf, 0xf9, 0x4f, 0xff, 0xf0, 0x0, 0x7,
    0xff, 0xf2, 0xbf, 0xff, 0x30, 0x0, 0x2f, 0xff,
    0xc2, 0xff, 0xf5, 0x0, 0x0, 0x9f, 0xff, 0x97,
    0xff, 0x40, 0x0, 0x0, 0xaf, 0xff, 0x9b, 0xf2,
    0x0, 0x0, 0x0, 0x6e, 0xff, 0xee, 0x10, 0x0,
    0x0, 0x0, 0x2, 0x31, 0x9, 0x10, 0x0, 0x0,
    0x0, 0x0, 0x0, 0x8, 0x0,

    /* U+F29A "" */
    0x0, 0x0, 0x6b, 0xdd, 0xb6, 0x0, 0x0, 0x0,
    0x3e, 0xc8, 0x99, 0x8c, 0xe3, 0x0, 0x3, 0xf8,
    0xbf, 0xff, 0xfb, 0x8f, 0x30, 0xd, 0x8e, 0xff,
    0x22, 0xff, 0xe8, 0xd0, 0x6c, 0xbc, 0xad, 0x77,
    0xda, 0xcb, 0xc6, 0xa8, 0xfd, 0x74, 0x0, 0x47,
    0xdf, 0x8a, 0xc8, 0xff, 0xff, 0x0, 0xff, 0xff,
    0x8c, 0xb8, 0xff, 0xfe, 0x0, 0xef, 0xff, 0x8b,
    0x8a, 0xef, 0xfc, 0x22, 0xcf, 0xfe, 0xa8, 0x2f,
    0x8f, 0xf8, 0x77, 0x8f, 0xf8, 0xf2, 0x8, 0xd9,
    0xfa, 0xdd, 0xaf, 0x9d, 0x80, 0x0, 0x9e, 0x89,
    0xcc, 0x98, 0xe9, 0x0, 0x0, 0x5, 0xdf, 0xdd,
    0xfd, 0x50, 0x0, 0x0, 0x0, 0x2, 0x44, 0x20,
    0x0, 0x0,

    /* U+F29D "" */
    0x0, 0x30, 0x0, 0x0, 0x0, 0x0, 0x6f, 0xa0,
    0x0, 0x0, 0x0, 0x5, 0xf9, 0x0, 0x0, 0x0,
    0x0, 0x3b, 0x50, 0x0, 0x0, 0x0, 0x1e, 0xff,
    0x40, 0x0, 0x0, 0xc, 0xff, 0xce, 0x20, 0x0,
    0x0, 0xf9, 0xfb, 0xcc, 0x0, 0x0, 0xf, 0x9f,
    0xb1, 0xe9, 0x0, 0x0, 0xe7, 0xfb, 0x4, 0xb0,
    0x0, 0x0, 0x4f, 0xb0, 0x1, 0x60, 0x0, 0x9,
    0xfc, 0x60, 0x6, 0x20, 0x0, 0xfe, 0xdc, 0x0,
    0x8, 0x0, 0x5f, 0x8b, 0xf3, 0x0, 0x34, 0xa,
    0xf2, 0x4f, 0x90, 0x0, 0x70, 0x68, 0x0, 0x95,
    0x0, 0x1, 0x40,

    /* U+F29E "" */
    0x49, 0x99, 0x99, 0x99, 0x99, 0x99, 0x93, 0xef,
    0xff, 0xff, 0xff, 0xff, 0xff, 0xfe, 0xff, 0xff,
    0xff, 0xff, 0xff, 0xff, 0xff, 0xff, 0xf8, 0xc,
    0xf3, 0x1, 0x6f, 0xff, 0xff, 0xf2, 0x7, 0xf2,
    0x55, 0x7, 0xff, 0xff, 0xd0, 0x61, 0xf2, 0x9f,
    0x4, 0xff, 0xff, 0x70, 0x0, 0xc2, 0x9d, 0x6,
    0xff, 0xff, 0x24, 0xb1, 0x72, 0x0, 0x1d, 0xff,
    0xff, 0xae, 0xfc, 0xcb, 0xab, 0xef, 0xff, 0xff,
    0xff, 0xff, 0xff, 0xff, 0xff, 0xff, 0xaf, 0xff,
    0xff, 0xff, 0xff, 0xff, 0xf9,

    /* U+F2A0 "" */
    0x0, 0x0, 0x0, 0x0, 0x0, 0x10, 0x0, 0x2,
    0x20, 0x0, 0x2, 0xc0, 0x0, 0x1e, 0xf8, 0x0,
    0x94, 0x95, 0x0, 0xaf, 0xff, 0x19, 0x3b, 0x59,
    0x3, 0xff, 0xfc, 0xd, 0x2c, 0x49, 0x9, 0xfd,
    0xd5, 0x2, 0x68, 0x67, 0xd, 0xf1, 0x0, 0x0,
    0x41, 0xd2, 0xf, 0xe0, 0x0, 0x0, 0x2, 0x70,
    0xf, 0xe0, 0x0, 0x0, 0x0, 0x0, 0xe, 0xf0,
    0x0, 0x0, 0x0, 0x0, 0xb, 0xf8, 0x72, 0x0,
    0x0, 0x0, 0x6, 0xff, 0xf9, 0x0, 0x0, 0x0,
    0x0, 0xef, 0xff, 0x0, 0x0, 0x0, 0x0, 0x4f,
    0xfd, 0x10, 0x0, 0x0, 0x0, 0x6, 0x80, 0x0,
    0x0, 0x0,

    /* U+F2A1 "" */
    0x5, 0x20, 0x3, 0x40, 0x0, 0x2, 0x50, 0x0,
    0x0, 0xbf, 0xf3, 0x5f, 0xf9, 0x0, 0x3f, 0xfb,
    0x0, 0x61, 0xff, 0xf7, 0x9f, 0xfd, 0x0, 0x7f,
    0xff, 0x2, 0xf7, 0x8f, 0xe1, 0x3e, 0xf6, 0x0,
    0x2e, 0xf8, 0x0, 0x20, 0x1, 0x0, 0x0, 0x0,
    0x0, 0x0, 0x10, 0x0, 0x0, 0x6f, 0xc1, 0x0,
    0x0, 0x0, 0x0, 0x0, 0x0, 0x10, 0xff, 0xf7,
    0x9, 0xe0, 0x0, 0x7, 0xf0, 0x1, 0xf6, 0xcf,
    0xf4, 0x4, 0x60, 0x0, 0x3, 0x70, 0x0, 0x82,
    0x17, 0x40, 0x0, 0x0, 0x0, 0x0, 0x0, 0x0,
    0x0, 0x0, 0x0, 0x0, 0x0, 0x0, 0x0, 0x0,
    0x0, 0x0, 0xa, 0x40, 0x5, 0x90, 0x0, 0x4,
    0xa0, 0x0, 0xa3, 0xd, 0x60, 0x8, 0xc0, 0x0,
    0x6, 0xd0, 0x1, 0xe5,

    /* U+F2A2 "" */
    0x0, 0x0, 0x0, 0x0, 0x20, 0x0, 0x0, 0x0,
    0x0, 0x0, 0x0, 0xfe, 0x70, 0x0, 0x0, 0x0,
    0x0, 0x0, 0x3c, 0xfb, 0x0, 0x0, 0x0, 0x7d,
    0xed, 0x81, 0x8f, 0x90, 0x0, 0xc, 0xfc, 0xac,
    0xfd, 0x19, 0xf3, 0x0, 0x9f, 0x51, 0x52, 0x4f,
    0xb1, 0xf9, 0x0, 0xf9, 0x2f, 0xff, 0x47, 0xf2,
    0xbd, 0x3, 0xf5, 0x9f, 0x4e, 0xa3, 0xf5, 0x8f,
    0x0, 0x80, 0x36, 0x5, 0x44, 0xf4, 0x27, 0x0,
    0x2, 0x80, 0x0, 0xc, 0xe1, 0x0, 0x2, 0x26,
    0xf2, 0x0, 0xbf, 0x50, 0x0, 0xb, 0xe1, 0x0,
    0x1, 0xf8, 0x0, 0x0, 0x1, 0xdd, 0x0, 0x5,
    0xf4, 0x0, 0x0, 0xc9, 0x15, 0x2, 0xcf, 0xc0,
    0x0, 0x0, 0x85, 0x0, 0x1, 0xa8, 0x0, 0x0,
    0x0,

    /* U+F2A3 "" */
    0x0, 0x0, 0x0, 0x0, 0x0, 0x0, 0x0, 0x0,
    0x0, 0x0, 0x0, 0x0, 0x4f, 0x30, 0x0, 0x0,
    0x0, 0x0, 0x0, 0x0, 0x0, 0x2f, 0xd6, 0x60,
    0x0, 0x0, 0x0, 0x0, 0x0, 0x0, 0x9, 0xff,
    0xfc, 0x0, 0x0, 0x0, 0x0, 0x0, 0x0, 0x0,
    0xef, 0xfd, 0xb5, 0x0, 0x20, 0x4, 0xc4, 0x0,
    0x0, 0x4f, 0xff, 0xec, 0xc6, 0xff, 0xff, 0xff,
    0xc0, 0x0, 0xd, 0xff, 0xff, 0xd2, 0xfa, 0x6f,
    0xff, 0xff, 0x40, 0x2b, 0xff, 0xfb, 0x5e, 0x8d,
    0x30, 0xef, 0xff, 0xd3, 0xe, 0xff, 0xff, 0x70,
    0xb6, 0xdf, 0xdf, 0xff, 0x90, 0x0, 0x8f, 0xff,
    0xff, 0xef, 0x78, 0xcf, 0xff, 0xe1, 0x0, 0x1,
    0xfe, 0x86, 0x89, 0x44, 0xff, 0xff, 0xf8, 0x0,
    0x0, 0x2, 0x0, 0x0, 0x0, 0x2, 0xbf, 0xff,
    0x40, 0x0, 0x0, 0x0, 0x0, 0x0, 0x0, 0x5e,
    0xbf, 0xd0, 0x0, 0x0, 0x0, 0x0, 0x0, 0x0,
    0x0, 0xa, 0xf3, 0x0, 0x0, 0x0, 0x0, 0x0,
    0x0, 0x0, 0x0, 0x43, 0x0, 0x0, 0x0,

    /* U+F2A4 "" */
    0x0, 0x0, 0x0, 0x0, 0x0, 0x0, 0x1, 0x0,
    0x0, 0x0, 0x0, 0x0, 0x0, 0x0, 0x1d, 0xb0,
    0x0, 0x0, 0x0, 0x0, 0x0, 0x1, 0xdf, 0x70,
    0x0, 0x0, 0x7, 0xde, 0xd8, 0x1a, 0xf7, 0x0,
    0x0, 0x0, 0xcf, 0xca, 0xcf, 0xd3, 0x60, 0x0,
    0x0, 0x9, 0xf6, 0x15, 0x24, 0xfc, 0x0, 0x0,
    0x0, 0xf, 0xa2, 0xff, 0xf4, 0x7f, 0x20, 0x0,
    0x0, 0x3f, 0x58, 0xf4, 0xeb, 0x3f, 0x50, 0x0,
    0x0, 0x8, 0x13, 0x60, 0x55, 0x4f, 0x40, 0x0,
    0x0, 0x0, 0x2a, 0x0, 0x0, 0xce, 0x0, 0x0,
    0x0, 0x2, 0xef, 0x40, 0xb, 0xf5, 0x0, 0x0,
    0x0, 0x2e, 0xf6, 0x0, 0x1f, 0x80, 0x0, 0x0,
    0x2, 0xef, 0x60, 0x0, 0x6f, 0x40, 0x0, 0x0,
    0xd, 0xf6, 0x0, 0x2d, 0xfc, 0x0, 0x0, 0x0,
    0x3, 0x50, 0x0, 0x19, 0x70, 0x0, 0x0, 0x0,

    /* U+F2A5 "" */
    0x49, 0x99, 0x99, 0x99, 0x99, 0x94, 0xe, 0xff,
    0xff, 0xff, 0xff, 0xff, 0xf0, 0xff, 0xff, 0xe5,
    0x38, 0xff, 0xff, 0x1f, 0xff, 0xf3, 0x17, 0xe,
    0xff, 0xf1, 0xff, 0xfb, 0xc, 0xc0, 0xef, 0xff,
    0x1f, 0xff, 0x90, 0xf8, 0x1e, 0xcf, 0xf1, 0xff,
    0xfa, 0x9, 0x30, 0x0, 0xef, 0x1f, 0xff, 0xf2,
    0x0, 0x3c, 0xef, 0xf1, 0xff, 0xfb, 0x3b, 0x9,
    0xff, 0xff, 0x1f, 0xff, 0x78, 0x70, 0xef, 0xff,
    0xf1, 0xff, 0xfb, 0x0, 0xbf, 0xff, 0xff, 0x1f,
    0xff, 0xfe, 0xff, 0xff, 0xff, 0xf1, 0x9f, 0xff,
    0xff, 0xff, 0xff, 0xfa, 0x0,

    /* U+F2A6 "" */
    0x0, 0x0, 0x1, 0x10, 0x0, 0x0, 0x0, 0x0,
    0x6e, 0xff, 0xc1, 0x0, 0x0, 0x0, 0x8f, 0xf8,
    0xcf, 0x90, 0x0, 0x0, 0x3f, 0xf6, 0x8, 0xfc,
    0x0, 0x0, 0xa, 0xfe, 0x0, 0xbf, 0xb0, 0x0,
    0x0, 0xdf, 0xb0, 0xe, 0xf8, 0x0, 0x0, 0xe,
    0xfa, 0x2, 0xff, 0x44, 0x82, 0x0, 0xbf, 0xe1,
    0x5f, 0xfd, 0xff, 0xd0, 0x3, 0xff, 0xff, 0xff,
    0xa5, 0x35, 0x10, 0x3, 0xad, 0xff, 0xa0, 0x0,
    0x0, 0x6, 0xd7, 0xe, 0xf6, 0x0, 0x0, 0x0,
    0xff, 0x33, 0xff, 0x10, 0x0, 0x0, 0x1f, 0xb0,
    0xcf, 0x80, 0x0, 0x0, 0x0, 0xcf, 0xff, 0xb0,
    0x0, 0x0, 0x0, 0x1, 0x8a, 0x60, 0x0, 0x0,
    0x0, 0x0,

    /* U+F2A7 "" */
    0x0, 0x0, 0x0, 0x0, 0x0, 0x0, 0x0, 0x0,
    0x2, 0x78, 0xd1, 0x0, 0x0, 0x0, 0x0, 0x5f,
    0xcf, 0xb0, 0x0, 0x0, 0x0, 0x3d, 0xdf, 0xcf,
    0x84, 0xd0, 0x0, 0x1, 0xee, 0xef, 0xdf, 0xbf,
    0x20, 0x0, 0x39, 0xfd, 0xff, 0xff, 0xf2, 0x0,
    0x8, 0xea, 0xbe, 0xff, 0xff, 0x30, 0x0, 0xc,
    0xcf, 0xdd, 0xff, 0xf3, 0xb, 0xcc, 0xcc, 0xff,
    0xec, 0xfe, 0x11, 0xcd, 0xdd, 0xff, 0xff, 0xf9,
    0x10, 0xdf, 0xff, 0xff, 0xff, 0xff, 0x0, 0x5,
    0xcd, 0xdd, 0xff, 0xff, 0xf0, 0x0, 0x1d, 0xee,
    0xef, 0xff, 0xff, 0x0, 0x0, 0x5, 0xef, 0xff,
    0xff, 0xd0, 0x0, 0x0, 0x29, 0x99, 0x96, 0x30,
    0x0, 0x0,

    /* U+F2A8 "" */
    0x0, 0x0, 0x20, 0x0, 0x0, 0x0, 0x0, 0x0,
    0x0, 0x0, 0x3f, 0x80, 0x0, 0x0, 0x0, 0x0,
    0x0, 0x0, 0x0, 0xdf, 0x52, 0x43, 0x10, 0x0,
    0x0, 0x0, 0x0, 0x5, 0xff, 0xff, 0xff, 0xe8,
    0x10, 0x0, 0x0, 0x7, 0xfe, 0xfd, 0x12, 0x6f,
    0xfe, 0x30, 0x0, 0x9, 0xfe, 0xc, 0xff, 0x80,
    0x3f, 0xff, 0x50, 0x6, 0xfc, 0xf7, 0x1f, 0xf1,
    0x1, 0xaf, 0xff, 0x20, 0xeb, 0x1e, 0xf3, 0x5f,
    0xb8, 0xa6, 0xff, 0xfa, 0xb, 0xf4, 0x4f, 0xd0,
    0xaf, 0xf9, 0x8f, 0xff, 0x70, 0x1e, 0xe1, 0x8f,
    0x90, 0xef, 0x5d, 0xff, 0xc0, 0x0, 0x2e, 0xa0,
    0xdf, 0x43, 0xff, 0xff, 0xc1, 0x0, 0x0, 0x19,
    0x52, 0xfe, 0x18, 0xff, 0x80, 0x0, 0x0, 0x0,
    0x0, 0x6, 0xc7, 0xc, 0xf5, 0x0, 0x0, 0x0,
    0x0, 0x0, 0x0, 0x0, 0x2f, 0xe0, 0x0, 0x0,
    0x0, 0x0, 0x0, 0x0, 0x0, 0x59, 0x0, 0x0,

    /* U+F2A9 "" */
    0x0, 0x0, 0x0, 0x0, 0x0, 0x0, 0x0, 0x0,
    0x0, 0x0, 0x13, 0x0, 0x0, 0x70, 0x0, 0x0,
    0x0, 0x6, 0x0, 0x6d, 0xe0, 0x0, 0x0, 0x0,
    0x1, 0x4d, 0xff, 0xf0, 0x0, 0x0, 0x14, 0x51,
    0x6f, 0xed, 0xf0, 0x0, 0x9, 0xfe, 0xf7, 0x49,
    0xcf, 0x90, 0x0, 0xbd, 0x30, 0x0, 0x63, 0xb9,
    0x0, 0x6, 0xe1, 0x0, 0x0, 0x80, 0x10, 0x0,
    0xb, 0x80, 0x0, 0x0, 0xa7, 0xc0, 0x0, 0xe,
    0x40, 0x0, 0x0, 0xb5, 0xe0, 0x0, 0xd, 0x50,
    0x0, 0x2, 0x86, 0xd0, 0x0, 0x9, 0xa0, 0x0,
    0x7, 0x2b, 0x90, 0x0, 0x2, 0xf5, 0x0, 0x35,
    0x5f, 0x20, 0x0, 0x0, 0x5f, 0xa7, 0x9a, 0xf5,
    0x0, 0x0, 0x0, 0x2, 0x9d, 0xd9, 0x20, 0x0,
    0x0,

    /* U+F2AA "" */
    0x3, 0x33, 0x33, 0x33, 0x33, 0x31, 0xc, 0xff,
    0xff, 0xff, 0xff, 0xff, 0xf1, 0xff, 0xff, 0xff,
    0xff, 0xff, 0xff, 0x3f, 0xff, 0xff, 0xfc, 0xf9,
    0x4f, 0xf4, 0xff, 0xff, 0xff, 0xd3, 0x2, 0xff,
    0x4f, 0xff, 0xa3, 0x4b, 0x61, 0x7f, 0xf4, 0xff,
    0xc4, 0xff, 0xfb, 0xcf, 0xff, 0x4f, 0xf7, 0xbf,
    0xfd, 0x68, 0xff, 0xf4, 0xff, 0x6c, 0xff, 0x99,
    0x8f, 0xff, 0x4f, 0xfc, 0x5f, 0xfa, 0x4d, 0xff,
    0xf4, 0xff, 0xf9, 0x34, 0x3a, 0xff, 0xff, 0x4f,
    0xff, 0xff, 0xdf, 0xff, 0xff, 0xf3, 0x9f, 0xff,
    0xff, 0xff, 0xff, 0xfc, 0x0,

    /* U+F2AB "" */
    0x0, 0x0, 0x0, 0x0, 0x0, 0x0, 0x0, 0x0,
    0x2, 0x9e, 0xff, 0xd8, 0x10, 0x0, 0x0, 0x7f,
    0xff, 0xff, 0xff, 0xe4, 0x0, 0x7, 0xff, 0xfb,
    0x67, 0xdf, 0xff, 0x30, 0x2f, 0xff, 0xa0, 0x0,
    0xd, 0xff, 0xd0, 0x9f, 0xff, 0x40, 0x0, 0x8,
    0xff, 0xf5, 0xdf, 0xff, 0x40, 0x0, 0x7, 0xef,
    0xfa, 0xff, 0xf6, 0x0, 0x0, 0x1, 0x9f, 0xfb,
    0xef, 0xff, 0x10, 0x0, 0x4, 0xff, 0xfb, 0xcf,
    0xd4, 0x0, 0x0, 0x0, 0x7e, 0xf8, 0x6f, 0x92,
    0x0, 0x0, 0x0, 0x3b, 0xf2, 0xc, 0xfd, 0xb6,
    0x0, 0x8b, 0xef, 0x90, 0x1, 0xdf, 0xff, 0xff,
    0xff, 0xfb, 0x0, 0x0, 0x1a, 0xff, 0xff, 0xff,
    0x70, 0x0, 0x0, 0x0, 0x15, 0x77, 0x50, 0x0,
    0x0,

    /* U+F2AC "" */
    0x0, 0x0, 0x19, 0xdc, 0x81, 0x0, 0x0, 0x0,
    0x0, 0x1e, 0xff, 0xff, 0xe1, 0x0, 0x0, 0x0,
    0x9, 0xff, 0xff, 0xff, 0x90, 0x0, 0x0, 0x0,
    0xcf, 0xff, 0xff, 0xfc, 0x0, 0x0, 0x0, 0xd,
    0xff, 0xff, 0xff, 0xd0, 0x0, 0x0, 0x37, 0xdf,
    0xff, 0xff, 0xfd, 0x84, 0x0, 0x3, 0xcf, 0xff,
    0xff, 0xff, 0xfc, 0x30, 0x0, 0x0, 0xff, 0xff,
    0xff, 0xff, 0x0, 0x0, 0x0, 0x7f, 0xff, 0xff,
    0xff, 0xf7, 0x0, 0x0, 0x7f, 0xff, 0xff, 0xff,
    0xff, 0xf8, 0x10, 0xbf, 0xff, 0xff, 0xff, 0xff,
    0xff, 0xfc, 0x0, 0x2f, 0xff, 0xff, 0xff, 0xff,
    0xf2, 0x0, 0x0, 0x0, 0x4d, 0xff, 0xd4, 0x0,
    0x0, 0x0, 0x0, 0x0, 0x3, 0x30, 0x0, 0x0,
    0x0,

    /* U+F2AD "" */
    0x49, 0x99, 0x99, 0x99, 0x99, 0x96, 0xe, 0xff,
    0xff, 0xff, 0xff, 0xff, 0xf2, 0xff, 0xff, 0xb3,
    0x38, 0xff, 0xff, 0x4f, 0xff, 0xd0, 0x0, 0x9,
    0xff, 0xf4, 0xff, 0xf9, 0x0, 0x0, 0x5f, 0xff,
    0x4f, 0xfd, 0x70, 0x0, 0x4, 0xbf, 0xf4, 0xff,
    0xc2, 0x0, 0x0, 0x1a, 0xff, 0x4f, 0xff, 0x50,
    0x0, 0x1, 0xff, 0xf4, 0xff, 0x80, 0x0, 0x0,
    0x5, 0xef, 0x4f, 0xc3, 0x0, 0x0, 0x0, 0x29,
    0xf4, 0xff, 0xfa, 0x70, 0x5, 0xad, 0xff, 0x4f,
    0xff, 0xff, 0xed, 0xff, 0xff, 0xf3, 0x9f, 0xff,
    0xff, 0xff, 0xff, 0xfc, 0x0,

    /* U+F2AE "" */
    0x0, 0x24, 0x44, 0x44, 0x44, 0x44, 0x10, 0xbf,
    0xff, 0xff, 0xff, 0xea, 0xe4, 0x9f, 0xff, 0xff,
    0xff, 0x89, 0xff, 0x4e, 0xff, 0xff, 0xfe, 0x49,
    0xff, 0xf4, 0xff, 0xff, 0xfe, 0x26, 0xff, 0xff,
    0x4f, 0xff, 0xff, 0x30, 0xef, 0xff, 0xf4, 0xff,
    0xff, 0x50, 0x4f, 0xff, 0xff, 0x4f, 0xff, 0x80,
    0x9, 0xff, 0xff, 0xf4, 0xff, 0xc0, 0x1, 0xff,
    0xff, 0xff, 0x4f, 0xf2, 0x0, 0xbf, 0xff, 0xff,
    0xf3, 0xf6, 0x5, 0xdf, 0xff, 0xff, 0xff, 0x1c,
    0x5e, 0xff, 0xff, 0xff, 0xff, 0xa0, 0xbf, 0xff,
    0xff, 0xff, 0xfd, 0x80, 0x0,

    /* U+F2B0 "" */
    0x0, 0x0, 0x0, 0x10, 0x0, 0x0, 0x0, 0x0,
    0x39, 0x87, 0x0, 0x0, 0x0, 0x18, 0xad, 0xe7,
    0x84, 0x0, 0x7, 0x9a, 0xa7, 0xba, 0xa7, 0x81,
    0x99, 0xd8, 0xbb, 0xee, 0x9e, 0xa9, 0x7f, 0x7c,
    0xef, 0xff, 0xea, 0xf8, 0x7c, 0xbf, 0xff, 0xff,
    0xfe, 0xd8, 0x7b, 0xde, 0xff, 0xff, 0xfd, 0xe8,
    0x7b, 0xae, 0xff, 0xff, 0xfc, 0xd8, 0x7e, 0xac,
    0xff, 0xff, 0xec, 0xf8, 0x7e, 0x9e, 0xbe, 0xef,
    0xcd, 0xf7, 0x68, 0xa8, 0x99, 0xea, 0xbb, 0x86,
    0x1, 0x88, 0xab, 0xcd, 0x99, 0x20, 0x0, 0x2,
    0x88, 0x99, 0x60, 0x0, 0x0, 0x0, 0x4, 0x81,
    0x0, 0x0,

    /* U+F2B1 "" */
    0x0, 0x0, 0x0, 0x0, 0x6b, 0x20, 0x0, 0x0,
    0x0, 0x0, 0xe, 0xe0, 0x0, 0x19, 0x88, 0x88,
    0x86, 0xf8, 0x63, 0x9, 0x1, 0x83, 0x0, 0xaf,
    0x20, 0x90, 0x80, 0xe, 0xb0, 0xf, 0xb0, 0x7,
    0x8, 0x0, 0x8f, 0x6, 0xf5, 0x0, 0x70, 0x80,
    0x2, 0xf5, 0xcf, 0x0, 0x7, 0x8, 0x0, 0xb,
    0xcf, 0x90, 0x0, 0x70, 0x80, 0x0, 0x5f, 0xf3,
    0x0, 0x7, 0x8, 0x0, 0x1, 0xfc, 0x0, 0x0,
    0x70, 0x80, 0x0, 0x4f, 0x60, 0x0, 0x7, 0x4,
    0x93, 0x6e, 0xd3, 0x55, 0x55, 0xa0, 0x0, 0x1c,
    0xb1, 0x23, 0x33, 0x33, 0x0, 0x0, 0x0, 0x0,
    0x0, 0x0, 0x0,

    /* U+F2B2 "" */
    0x0, 0x0, 0x0, 0x0, 0x3, 0x0, 0x0, 0x0,
    0x0, 0x2, 0x8b, 0xef, 0x60, 0x0, 0x0, 0x0,
    0x49, 0xaf, 0xff, 0xb0, 0x0, 0x0, 0x2, 0xf7,
    0xac, 0x31, 0x76, 0x0, 0x6, 0xac, 0xfe, 0xd0,
    0x0, 0x6, 0x0, 0x3f, 0xef, 0xff, 0x80, 0x0,
    0x4, 0xe5, 0xaf, 0x9f, 0xff, 0x50, 0x0, 0x4,
    0xfd, 0xef, 0x5f, 0xff, 0x44, 0x33, 0x28, 0xff,
    0xff, 0x3c, 0xff, 0xb0, 0x0, 0x7e, 0xfe, 0xef,
    0x44, 0xff, 0xfc, 0x8b, 0xca, 0xfb, 0x7f, 0x90,
    0x5f, 0xff, 0xfa, 0x1e, 0xf5, 0xb, 0xf2, 0x0,
    0x45, 0x20, 0x7f, 0x80, 0x38, 0xfd, 0x56, 0x55,
    0x67, 0xb3, 0x0, 0x1d, 0xff, 0x43, 0x30, 0x44,
    0x0, 0x0, 0x2, 0x52, 0x45, 0x55, 0x53, 0x0,
    0x0,

    /* U+F2B3 "" */
    0x0, 0x0, 0x0, 0x0, 0x0, 0x0, 0x0, 0x0,
    0x2, 0xae, 0xff, 0xc7, 0x0, 0x0, 0x0, 0x7f,
    0xff, 0xff, 0xff, 0xd2, 0x0, 0x7, 0xff, 0xff,
    0xff, 0xff, 0xfe, 0x10, 0x2f, 0xfb, 0x67, 0xcf,
    0xff, 0xff, 0xa0, 0x9f, 0x61, 0x87, 0x5f, 0xff,
    0xff, 0xf2, 0xdb, 0xd, 0xff, 0xff, 0xff, 0x3e,
    0xf6, 0xf8, 0x2f, 0xe0, 0x0, 0xf3, 0x0, 0xe8,
    0xe9, 0xf, 0xf7, 0x50, 0xfc, 0x1a, 0xf7, 0xce,
    0x15, 0xdd, 0x36, 0xff, 0xcf, 0xf4, 0x6f, 0xd3,
    0x0, 0x5f, 0xff, 0xff, 0xe0, 0xd, 0xff, 0xef,
    0xff, 0xff, 0xff, 0x60, 0x2, 0xef, 0xff, 0xff,
    0xff, 0xf8, 0x0, 0x0, 0x1a, 0xff, 0xff, 0xfe,
    0x60, 0x0, 0x0, 0x0, 0x26, 0x87, 0x40, 0x0,
    0x0,

    /* U+F2B4 "" */
    0x2, 0x22, 0x22, 0x22, 0x22, 0x20, 0xb, 0xff,
    0xff, 0xff, 0xff, 0xff, 0xc0, 0xff, 0xff, 0xff,
    0xff, 0xff, 0xff, 0x1f, 0xfb, 0xd, 0xff, 0xff,
    0xff, 0xf1, 0xff, 0xd0, 0xb9, 0xae, 0xcd, 0xff,
    0x1f, 0xff, 0x0, 0x0, 0x0, 0x8f, 0xf1, 0xff,
    0xf0, 0x0, 0x0, 0x8, 0xff, 0x1f, 0xff, 0x0,
    0x0, 0x0, 0x8f, 0xf1, 0xff, 0xf0, 0x15, 0x30,
    0x1b, 0xff, 0x1f, 0xff, 0x1f, 0xff, 0xff, 0xff,
    0xf1, 0xff, 0xf5, 0xff, 0xff, 0xff, 0xff, 0x1f,
    0xff, 0xff, 0xff, 0xff, 0xff, 0xf0, 0x8f, 0xff,
    0xff, 0xff, 0xff, 0xf9, 0x0,

    /* U+F2B5 "" */
    0x0, 0x0, 0x6, 0x85, 0x7, 0x88, 0x40, 0x0,
    0x0, 0x0, 0x0, 0xbf, 0xb2, 0xcf, 0xff, 0xf6,
    0x0, 0x0, 0xcc, 0x77, 0xfa, 0x2d, 0xff, 0xdf,
    0xff, 0x1c, 0xc7, 0xff, 0xa8, 0xf2, 0xef, 0xe3,
    0x9f, 0xff, 0x1f, 0xfa, 0xff, 0xa8, 0xf2, 0xde,
    0x22, 0x9f, 0xff, 0x1f, 0xfa, 0xff, 0xa8, 0xfc,
    0x33, 0xbf, 0x55, 0xff, 0x1f, 0xfa, 0xff, 0xa8,
    0xff, 0xff, 0xff, 0xf8, 0x2d, 0x1f, 0xfa, 0xf9,
    0xa8, 0xff, 0xff, 0xff, 0xff, 0xc2, 0xf, 0x9a,
    0xfe, 0x71, 0x9f, 0xff, 0xff, 0xff, 0xf8, 0xc,
    0xea, 0x0, 0x0, 0x7, 0xff, 0xff, 0xfb, 0x91,
    0x0, 0x0, 0x0, 0x0, 0x0, 0x5b, 0x78, 0xa0,
    0x0, 0x0, 0x0,

    /* U+F2B6 "" */
    0x0, 0x0, 0x0, 0x22, 0x0, 0x0, 0x0, 0x0,
    0x0, 0x9, 0xff, 0x90, 0x0, 0x0, 0x0, 0x2,
    0xcf, 0xff, 0xfc, 0x20, 0x0, 0x0, 0x6f, 0xff,
    0xff, 0xff, 0xf6, 0x0, 0xa, 0xff, 0xff, 0xff,
    0xff, 0xff, 0xa0, 0xcf, 0xff, 0xff, 0xff, 0xff,
    0xff, 0xfc, 0xff, 0xff, 0xff, 0xff, 0xff, 0xff,
    0xff, 0xff, 0xff, 0xff, 0xff, 0xff, 0xff, 0xff,
    0xfb, 0x3e, 0xff, 0xff, 0xff, 0xe3, 0xaf, 0xff,
    0xb2, 0xaf, 0xff, 0xfa, 0x2a, 0xff, 0xff, 0xfe,
    0x46, 0xff, 0x64, 0xef, 0xff, 0xff, 0xff, 0xf8,
    0x11, 0x8f, 0xff, 0xff, 0xff, 0xff, 0xff, 0xff,
    0xff, 0xff, 0xff, 0xff, 0xff, 0xff, 0xff, 0xff,
    0xff, 0xff, 0x5a, 0xaa, 0xaa, 0xaa, 0xaa, 0xaa,
    0xa5,

    /* U+F2B8 "" */
    0x0, 0x2, 0x0, 0x0, 0x0, 0x0, 0x38, 0xdf,
    0xe6, 0x0, 0x0, 0x0, 0x4a, 0xff, 0xc6, 0x30,
    0x0, 0x0, 0x20, 0x52, 0x0, 0x20, 0x0, 0x0,
    0x20, 0x20, 0x0, 0x20, 0x0, 0x0, 0x3, 0x2,
    0x0, 0x30, 0x0, 0x0, 0x5, 0x83, 0x7c, 0x20,
    0x4d, 0xe5, 0x4, 0xcf, 0xf9, 0x58, 0x6a, 0xe7,
    0x2, 0x8, 0x20, 0x8f, 0xf4, 0x32, 0x1, 0x12,
    0x0, 0x6f, 0x74, 0x51, 0x0, 0x95, 0x1b, 0x63,
    0x3, 0x0, 0x0, 0x5e, 0xf9, 0x44, 0x30, 0x0,
    0x0, 0x22, 0x60, 0x31, 0x0, 0x0, 0x0, 0x2,
    0x22, 0x10, 0x0, 0x0, 0x0, 0x0, 0x40, 0x0,
    0x0, 0x0,

    /* U+F2B9 "" */
    0x3, 0x44, 0x44, 0x44, 0x43, 0x10, 0xc, 0xff,
    0xff, 0xff, 0xff, 0xfe, 0x0, 0xff, 0xff, 0xff,
    0xff, 0xff, 0xf2, 0xf, 0xff, 0xff, 0xff, 0xff,
    0xff, 0xa2, 0xff, 0xff, 0xb4, 0xaf, 0xff, 0xff,
    0x3f, 0xff, 0xf1, 0x0, 0xef, 0xff, 0x40, 0xff,
    0xff, 0x0, 0xe, 0xff, 0xf3, 0xf, 0xff, 0xfb,
    0x49, 0xff, 0xff, 0xf3, 0xff, 0xfe, 0xac, 0xad,
    0xff, 0xfb, 0x2f, 0xfe, 0x0, 0x0, 0xb, 0xff,
    0x20, 0xff, 0xa0, 0x0, 0x0, 0x7f, 0xf8, 0x1f,
    0xfe, 0x88, 0x88, 0x8d, 0xff, 0xf3, 0xff, 0xff,
    0xff, 0xff, 0xff, 0xf6, 0xf, 0xff, 0xff, 0xff,
    0xff, 0xff, 0x20, 0x9f, 0xff, 0xff, 0xff, 0xff,
    0xb0, 0x0,

    /* U+F2BB "" */
    0x49, 0x99, 0x99, 0x99, 0x99, 0x99, 0x99, 0x81,
    0xef, 0xff, 0xff, 0xff, 0xff, 0xff, 0xff, 0xfa,
    0xff, 0xff, 0xff, 0xff, 0xff, 0xff, 0xff, 0xfc,
    0xff, 0xfb, 0x23, 0xef, 0xff, 0xee, 0xee, 0xfc,
    0xff, 0xf2, 0x0, 0x6f, 0xfd, 0x11, 0x12, 0xfc,
    0xff, 0xf3, 0x0, 0x6f, 0xff, 0xee, 0xee, 0xfc,
    0xff, 0xfc, 0x34, 0xef, 0xfd, 0x22, 0x22, 0xfc,
    0xff, 0xfc, 0xed, 0xcf, 0xff, 0xbb, 0xbc, 0xfc,
    0xff, 0x20, 0x0, 0x6, 0xfe, 0x66, 0x67, 0xfc,
    0xfc, 0x0, 0x0, 0x2, 0xff, 0xff, 0xff, 0xfc,
    0xff, 0xba, 0xaa, 0xac, 0xff, 0xff, 0xff, 0xfc,
    0xff, 0xff, 0xff, 0xff, 0xff, 0xff, 0xff, 0xfb,
    0x9f, 0xff, 0xff, 0xff, 0xff, 0xff, 0xff, 0xe5,

    /* U+F2BD "" */
    0x0, 0x0, 0x0, 0x0, 0x0, 0x0, 0x0, 0x0,
    0x2, 0xae, 0xff, 0xc7, 0x0, 0x0, 0x0, 0x7f,
    0xff, 0xff, 0xff, 0xd2, 0x0, 0x7, 0xff, 0xfe,
    0xac, 0xff, 0xfe, 0x10, 0x2f, 0xff, 0xe1, 0x0,
    0x7f, 0xff, 0xb0, 0x9f, 0xff, 0x70, 0x0, 0xe,
    0xff, 0xf2, 0xdf, 0xff, 0x70, 0x0, 0xe, 0xff,
    0xf6, 0xff, 0xff, 0xd0, 0x0, 0x5f, 0xff, 0xf8,
    0xef, 0xff, 0xfd, 0x89, 0xff, 0xff, 0xf7, 0xcf,
    0xff, 0xb8, 0xcb, 0x8e, 0xff, 0xf5, 0x6f, 0xf5,
    0x0, 0x0, 0x0, 0xbf, 0xe0, 0xd, 0xf2, 0x0,
    0x0, 0x0, 0x8f, 0x60, 0x2, 0xef, 0x82, 0x1,
    0x4b, 0xf9, 0x0, 0x0, 0x1a, 0xff, 0xff, 0xfe,
    0x60, 0x0, 0x0, 0x0, 0x26, 0x87, 0x40, 0x0,
    0x0,

    /* U+F2C1 "" */
    0x15, 0x55, 0x55, 0x55, 0x52, 0xd, 0xff, 0xd8,
    0x8b, 0xff, 0xf2, 0xff, 0xfd, 0x99, 0xbf, 0xff,
    0x4f, 0xff, 0xff, 0xff, 0xff, 0xf4, 0xff, 0xff,
    0xff, 0xff, 0xff, 0x4f, 0xff, 0xf4, 0x2c, 0xff,
    0xf4, 0xff, 0xf9, 0x0, 0x4f, 0xff, 0x4f, 0xff,
    0xa0, 0x5, 0xff, 0xf4, 0xff, 0xff, 0x75, 0xef,
    0xff, 0x4f, 0xfe, 0x8a, 0xc7, 0xdf, 0xf4, 0xff,
    0x50, 0x0, 0x1, 0xff, 0x4f, 0xf3, 0x0, 0x0,
    0xf, 0xf4, 0xff, 0xff, 0xff, 0xff, 0xff, 0x4f,
    0xff, 0xff, 0xff, 0xff, 0xf3, 0x5a, 0xaa, 0xaa,
    0xaa, 0xa8, 0x0,

    /* U+F2C2 "" */
    0x15, 0x66, 0x66, 0x66, 0x66, 0x66, 0x66, 0x50,
    0xdf, 0xff, 0xff, 0xff, 0xff, 0xff, 0xff, 0xf9,
    0x66, 0x66, 0x66, 0x66, 0x66, 0x66, 0x66, 0x64,
    0xcc, 0xcc, 0xcc, 0xcc, 0xcc, 0xcc, 0xcc, 0xc9,
    0xff, 0xff, 0xff, 0xff, 0xff, 0xff, 0xff, 0xfc,
    0xff, 0xfa, 0x13, 0xef, 0xfa, 0x0, 0x0, 0xfc,
    0xff, 0xf2, 0x0, 0x8f, 0xff, 0xee, 0xee, 0xfc,
    0xff, 0xf3, 0x0, 0x9f, 0xfb, 0x33, 0x33, 0xfc,
    0xff, 0xfd, 0x57, 0xff, 0xfe, 0xbb, 0xbb, 0xfc,
    0xff, 0xb6, 0xb9, 0x7e, 0xfd, 0x88, 0x89, 0xfc,
    0xfe, 0x0, 0x0, 0x5, 0xff, 0xff, 0xff, 0xfc,
    0xff, 0xdc, 0xcc, 0xce, 0xff, 0xff, 0xff, 0xfb,
    0x9f, 0xff, 0xff, 0xff, 0xff, 0xff, 0xff, 0xe5,

    /* U+F2C4 "" */
    0x0, 0x0, 0x12, 0x10, 0x0, 0x0, 0x0, 0x3,
    0xcf, 0xef, 0xd5, 0x0, 0x0, 0x5, 0xfb, 0x10,
    0x9, 0xf9, 0x0, 0x2, 0xff, 0x10, 0x0, 0xd,
    0xf5, 0x0, 0x8f, 0xd0, 0x0, 0x0, 0x8f, 0xc0,
    0xc, 0xfb, 0x0, 0x0, 0x6, 0xff, 0x0, 0xcf,
    0xb0, 0x0, 0x0, 0x7f, 0xf0, 0x9, 0xfc, 0x19,
    0xdb, 0x39, 0xfc, 0x0, 0x3f, 0xf1, 0x5b, 0xfe,
    0xef, 0x60, 0x0, 0x7f, 0xa0, 0xd, 0xff, 0xa0,
    0x0, 0x0, 0x5d, 0xfc, 0xff, 0xf5, 0xa, 0x0,
    0x0, 0x2, 0x53, 0xbf, 0xfe, 0xc0, 0x0, 0x0,
    0x0, 0x0, 0x9d, 0xb2, 0x0,

    /* U+F2C5 "" */
    0x0, 0x31, 0x0, 0x0, 0x0, 0x0, 0x21, 0x0,
    0x4, 0xc0, 0x0, 0x48, 0x0, 0x0, 0x2d, 0x10,
    0xd, 0x10, 0x0, 0xf, 0x60, 0x0, 0x6, 0xa0,
    0x68, 0x0, 0x0, 0x4f, 0xa6, 0x0, 0x0, 0xd1,
    0xa3, 0x0, 0x0, 0xde, 0xee, 0x60, 0x0, 0x85,
    0xc2, 0x0, 0x5, 0xfa, 0x9e, 0xa0, 0x0, 0x67,
    0xb2, 0x0, 0x7, 0xd0, 0x26, 0x90, 0x0, 0x67,
    0x85, 0x0, 0x2, 0xb0, 0x8, 0x20, 0x0, 0x95,
    0x3b, 0x0, 0x0, 0x22, 0x1, 0x0, 0x0, 0xd0,
    0xb, 0x50, 0x79, 0x99, 0x99, 0x99, 0x8, 0x70,
    0x1, 0xc2, 0x34, 0x44, 0x44, 0x44, 0x5a, 0x0,
    0x0, 0x0, 0x0, 0x0, 0x0, 0x0, 0x0, 0x0,

    /* U+F2C6 "" */
    0x0, 0x0, 0x0, 0x0, 0x0, 0x0, 0x0, 0x0,
    0x2, 0x9e, 0xff, 0xc7, 0x0, 0x0, 0x0, 0x7f,
    0xff, 0xff, 0xff, 0xd2, 0x0, 0x7, 0xff, 0xff,
    0xff, 0xff, 0xfe, 0x10, 0x2f, 0xff, 0xff, 0xff,
    0xff, 0xff, 0xb0, 0x9f, 0xff, 0xff, 0xfe, 0x82,
    0xef, 0xf2, 0xdf, 0xff, 0xfb, 0x42, 0x31, 0xff,
    0xf6, 0xff, 0xf7, 0x10, 0x76, 0x4, 0xff, 0xf8,
    0xef, 0xfb, 0x6c, 0x50, 0x7, 0xff, 0xf7, 0xcf,
    0xff, 0xfa, 0x0, 0xb, 0xff, 0xf5, 0x6f, 0xff,
    0xfa, 0xd7, 0xe, 0xff, 0xe0, 0xd, 0xff, 0xff,
    0xff, 0xef, 0xff, 0x60, 0x2, 0xef, 0xff, 0xff,
    0xff, 0xf9, 0x0, 0x0, 0x1b, 0xff, 0xff, 0xfe,
    0x60, 0x0, 0x0, 0x0, 0x26, 0x87, 0x50, 0x0,
    0x0,

    /* U+F2C7 "" */
    0x0, 0x3, 0x0, 0x0, 0x4f, 0xff, 0x40, 0xe,
    0xc8, 0x8e, 0x1, 0xf8, 0xf9, 0xf1, 0x2f, 0x9f,
    0x9f, 0x22, 0xf9, 0xf9, 0xf2, 0x2f, 0x9f, 0x9f,
    0x22, 0xf9, 0xf9, 0xf2, 0x2f, 0x9f, 0x9f, 0x26,
    0xf7, 0xf9, 0xe6, 0xd8, 0xbf, 0xfa, 0xdf, 0x5f,
    0xff, 0xcf, 0xcb, 0x8f, 0xdc, 0xc3, 0xfb, 0x8c,
    0xf3, 0x3, 0xbd, 0xb3, 0x0,

    /* U+F2C8 "" */
    0x0, 0x3, 0x0, 0x0, 0x4f, 0xff, 0x40, 0xe,
    0x91, 0x9e, 0x1, 0xf3, 0x3, 0xf1, 0x2f, 0x4a,
    0x4f, 0x22, 0xf8, 0xf8, 0xf2, 0x2f, 0x9f, 0x9f,
    0x22, 0xf9, 0xf9, 0xf2, 0x2f, 0x9f, 0x9f, 0x27,
    0xf8, 0xf8, 0xf6, 0xd8, 0xef, 0xe8, 0xdf, 0x8f,
    0xff, 0x8f, 0xcb, 0xbf, 0xbb, 0xc3, 0xfb, 0x8b,
    0xf3, 0x3, 0xbd, 0xb3, 0x0,

    /* U+F2C9 "" */
    0x0, 0x3, 0x0, 0x0, 0x4f, 0xff, 0x40, 0xe,
    0x91, 0x9e, 0x1, 0xf3, 0x3, 0xf1, 0x2f, 0x30,
    0x3f, 0x22, 0xf3, 0x3, 0xf2, 0x2f, 0x6e, 0x6f,
    0x22, 0xf9, 0xf9, 0xf2, 0x2f, 0x9f, 0x9f, 0x27,
    0xf8, 0xf8, 0xf6, 0xd8, 0xef, 0xe8, 0xdf, 0x8f,
    0xff, 0x8f, 0xcb, 0xbf, 0xbb, 0xc3, 0xfb, 0x8b,
    0xf3, 0x3, 0xbd, 0xb3, 0x0,

    /* U+F2CA "" */
    0x0, 0x3, 0x0, 0x0, 0x4f, 0xff, 0x40, 0xe,
    0x91, 0x9e, 0x1, 0xf3, 0x3, 0xf1, 0x2f, 0x30,
    0x3f, 0x22, 0xf3, 0x3, 0xf2, 0x2f, 0x30, 0x3f,
    0x22, 0xf3, 0x23, 0xf2, 0x2f, 0x7f, 0x7f, 0x27,
    0xf8, 0xf8, 0xf6, 0xd8, 0xef, 0xe8, 0xdf, 0x8f,
    0xff, 0x8f, 0xcb, 0xbf, 0xbb, 0xc3, 0xfb, 0x8b,
    0xf3, 0x3, 0xbd, 0xb3, 0x0,

    /* U+F2CB "" */
    0x0, 0x3, 0x0, 0x0, 0x4f, 0xff, 0x40, 0xe,
    0x91, 0x9e, 0x1, 0xf3, 0x3, 0xf1, 0x2f, 0x30,
    0x3f, 0x22, 0xf3, 0x3, 0xf2, 0x2f, 0x30, 0x3f,
    0x22, 0xf3, 0x3, 0xf2, 0x2f, 0x30, 0x3f, 0x26,
    0xf3, 0x53, 0xf6, 0xd9, 0xef, 0xe9, 0xdf, 0x8f,
    0xff, 0x8f, 0xcb, 0xbf, 0xbb, 0xc3, 0xfb, 0x8b,
    0xf3, 0x3, 0xbd, 0xb3, 0x0,

    /* U+F2CC "" */
    0x0, 0x58, 0x82, 0x0, 0x0, 0x0, 0x0, 0xb,
    0xff, 0xff, 0x88, 0x40, 0x0, 0x0, 0x8f, 0xb3,
    0x5f, 0xff, 0xfe, 0x80, 0x0, 0xee, 0x0, 0x7f,
    0xff, 0xff, 0x90, 0x0, 0xfc, 0x0, 0x9f, 0xff,
    0xfb, 0x0, 0x0, 0xfc, 0x0, 0x6f, 0xff, 0xb5,
    0x48, 0x29, 0xfc, 0x0, 0xf, 0xfc, 0x46, 0x63,
    0x70, 0xfc, 0x0, 0xe, 0xc1, 0x85, 0x48, 0x20,
    0xfc, 0x0, 0x0, 0x0, 0x46, 0x71, 0x0, 0xfc,
    0x0, 0x0, 0x0, 0x66, 0x20, 0x0, 0xfc, 0x0,
    0x0, 0x0, 0x71, 0x0, 0x0, 0xfc, 0x0, 0x0,
    0x0, 0x0, 0x0, 0x0, 0xea, 0x0, 0x0, 0x0,
    0x0, 0x0, 0x0,

    /* U+F2CD "" */
    0x0, 0x44, 0x0, 0x0, 0x0, 0x0, 0x0, 0x9,
    0xff, 0xc7, 0x20, 0x0, 0x0, 0x0, 0xf, 0x55,
    0xff, 0xf5, 0x0, 0x0, 0x0, 0x2f, 0x37, 0xff,
    0xa0, 0x0, 0x0, 0x0, 0x2f, 0x32, 0xfb, 0x0,
    0x0, 0x0, 0x0, 0x2f, 0x30, 0x60, 0x0, 0x0,
    0x0, 0x0, 0x2f, 0x42, 0x22, 0x22, 0x22, 0x22,
    0x21, 0xff, 0xff, 0xff, 0xff, 0xff, 0xff, 0xff,
    0x8f, 0xff, 0xff, 0xff, 0xff, 0xff, 0xf8, 0x1f,
    0xff, 0xff, 0xff, 0xff, 0xff, 0xf1, 0xd, 0xff,
    0xff, 0xff, 0xff, 0xff, 0xd0, 0x5, 0xff, 0xff,
    0xff, 0xff, 0xff, 0x50, 0x2, 0xf6, 0x11, 0x11,
    0x11, 0x6f, 0x20,

    /* U+F2CE "" */
    0x0, 0x0, 0x3, 0x31, 0x0, 0x0, 0x0, 0x1,
    0xaf, 0xff, 0xfc, 0x30, 0x0, 0x3, 0xed, 0x53,
    0x45, 0xcf, 0x50, 0x1, 0xeb, 0x3d, 0xff, 0xe5,
    0x8f, 0x30, 0x8e, 0x2f, 0xc4, 0x39, 0xf5, 0xcb,
    0xd, 0x89, 0xd1, 0xbc, 0x3a, 0xd5, 0xf1, 0xf5,
    0xc8, 0x8f, 0xfc, 0x5f, 0x2f, 0x3e, 0x6b, 0xa7,
    0xff, 0xb6, 0xf2, 0xf2, 0xca, 0x6f, 0x38, 0xa2,
    0xea, 0x5f, 0x5, 0xf2, 0x71, 0x89, 0x36, 0x1d,
    0xa0, 0xb, 0xd2, 0x9f, 0xfd, 0xa, 0xe2, 0x0,
    0x1b, 0x98, 0xff, 0xc5, 0xe4, 0x0, 0x0, 0x2,
    0x6f, 0xfa, 0x21, 0x0, 0x0, 0x0, 0x3, 0xff,
    0x70, 0x0, 0x0, 0x0, 0x0, 0xa, 0xc2, 0x0,
    0x0, 0x0,

    /* U+F2D0 "" */
    0x49, 0x99, 0x99, 0x99, 0x99, 0x99, 0x94, 0xef,
    0xff, 0xff, 0xff, 0xff, 0xff, 0xfe, 0xfd, 0x22,
    0x22, 0x22, 0x22, 0x22, 0xdf, 0xfc, 0x0, 0x0,
    0x0, 0x0, 0x0, 0xcf, 0xfc, 0x0, 0x0, 0x0,
    0x0, 0x0, 0xcf, 0xff, 0xff, 0xff, 0xff, 0xff,
    0xff, 0xff, 0xff, 0xff, 0xff, 0xff, 0xff, 0xff,
    0xff, 0xff, 0xff, 0xff, 0xff, 0xff, 0xff, 0xff,
    0xff, 0xff, 0xff, 0xff, 0xff, 0xff, 0xff, 0xff,
    0xff, 0xff, 0xff, 0xff, 0xff, 0xff, 0xff, 0xff,
    0xff, 0xff, 0xff, 0xff, 0xff, 0xff, 0xff, 0xff,
    0xff, 0xff, 0xff, 0xff, 0x8d, 0xee, 0xee, 0xee,
    0xee, 0xee, 0xd7,

    /* U+F2D1 "" */
    0x38, 0x88, 0x88, 0x88, 0x88, 0x88, 0x83, 0xef,
    0xff, 0xff, 0xff, 0xff, 0xff, 0xfe, 0xff, 0xff,
    0xff, 0xff, 0xff, 0xff, 0xff, 0x9f, 0xff, 0xff,
    0xff, 0xff, 0xff, 0xf9,

    /* U+F2D2 "" */
    0x0, 0x0, 0x24, 0x44, 0x44, 0x44, 0x31, 0x0,
    0x0, 0x4f, 0xff, 0xff, 0xff, 0xff, 0xf1, 0x0,
    0x7, 0xff, 0xff, 0xff, 0xff, 0xff, 0x30, 0x0,
    0x36, 0x66, 0x66, 0x6b, 0xff, 0xf3, 0x6b, 0xcc,
    0xcc, 0xcc, 0xcb, 0x3b, 0xff, 0x3f, 0xff, 0xff,
    0xff, 0xff, 0xfa, 0x7f, 0xf3, 0xfc, 0x0, 0x0,
    0x0, 0x2f, 0xb6, 0xff, 0x3f, 0xc0, 0x0, 0x0,
    0x2, 0xfb, 0x6f, 0xf3, 0xff, 0xff, 0xff, 0xff,
    0xff, 0xb6, 0xff, 0x3f, 0xff, 0xff, 0xff, 0xff,
    0xfb, 0x6f, 0xf3, 0xff, 0xff, 0xff, 0xff, 0xff,
    0xb6, 0xff, 0x1f, 0xff, 0xff, 0xff, 0xff, 0xfb,
    0x13, 0x10, 0xff, 0xff, 0xff, 0xff, 0xff, 0xb0,
    0x0, 0xf, 0xff, 0xff, 0xff, 0xff, 0xfb, 0x0,
    0x0, 0x9f, 0xff, 0xff, 0xff, 0xfe, 0x50, 0x0,
    0x0,

    /* U+F2D5 "" */
    0x0, 0x0, 0x0, 0x0, 0x0, 0x0, 0x0, 0x0,
    0x2, 0x9e, 0xff, 0xc7, 0x0, 0x0, 0x0, 0x7f,
    0xff, 0xff, 0xff, 0xd2, 0x0, 0x7, 0xff, 0xff,
    0xff, 0xff, 0xfe, 0x10, 0x2f, 0xff, 0xff, 0xff,
    0xff, 0xff, 0xb0, 0x9f, 0xff, 0xfc, 0x99, 0x99,
    0xef, 0xf2, 0xdf, 0xff, 0xe0, 0x0, 0x1, 0xff,
    0xf6, 0xff, 0xff, 0x70, 0x0, 0x9, 0xff, 0xf8,
    0xff, 0xfe, 0x0, 0x0, 0x2f, 0xff, 0xf7, 0xcf,
    0xf6, 0x0, 0x0, 0xaf, 0xff, 0xf5, 0x7f, 0xff,
    0xff, 0xff, 0xff, 0xff, 0xf0, 0xd, 0xff, 0xff,
    0xff, 0xff, 0xff, 0x70, 0x2, 0xef, 0xff, 0xff,
    0xff, 0xfa, 0x0, 0x0, 0x2b, 0xff, 0xff, 0xff,
    0x70, 0x0, 0x0, 0x0, 0x37, 0x98, 0x61, 0x0,
    0x0,

    /* U+F2D6 "" */
    0x0, 0x0, 0x0, 0x0, 0x0, 0x0, 0x0, 0x0,
    0x1, 0x8d, 0xff, 0xd8, 0x10, 0x0, 0x0, 0x4f,
    0xff, 0x99, 0xff, 0xe4, 0x0, 0x3, 0xff, 0xff,
    0xa6, 0xa7, 0x9f, 0x30, 0xe, 0xff, 0xff, 0xe5,
    0xdc, 0x7f, 0xe0, 0x5f, 0xff, 0xff, 0x34, 0xad,
    0x9f, 0xf5, 0xaf, 0xff, 0xf5, 0x19, 0x20, 0xcf,
    0xfa, 0xcf, 0xfe, 0x24, 0x2, 0x13, 0x7f, 0xfb,
    0xbf, 0xf7, 0x7, 0x0, 0xbe, 0x27, 0xfb, 0x9f,
    0xf4, 0xc5, 0xb, 0xff, 0xfb, 0xf8, 0x3f, 0xff,
    0xe0, 0x4f, 0xff, 0xff, 0xf3, 0xb, 0xff, 0x71,
    0xef, 0xff, 0xff, 0xb0, 0x1, 0xdd, 0x1d, 0xff,
    0xff, 0xfd, 0x10, 0x0, 0x1b, 0xff, 0xff, 0xff,
    0xb1, 0x0, 0x0, 0x0, 0x38, 0xaa, 0x83, 0x0,
    0x0,

    /* U+F2D7 "" */
    0x11, 0x0, 0x0, 0x0, 0x12, 0x8, 0xef, 0xfc,
    0xcc, 0xcf, 0xf1, 0x2, 0xfc, 0x0, 0x0, 0x4f,
    0x0, 0x1f, 0xc0, 0x0, 0x0, 0xd0, 0x1, 0xfc,
    0x0, 0x4, 0x1, 0x0, 0x1f, 0xc0, 0x0, 0xd0,
    0x0, 0x0, 0xfe, 0x9a, 0xbe, 0x0, 0x0, 0x1f,
    0xc3, 0x36, 0xe0, 0x0, 0x1, 0xfb, 0x0, 0xc,
    0x0, 0x0, 0x1f, 0xb0, 0x0, 0x0, 0x7, 0x1,
    0xfb, 0x0, 0x0, 0x7, 0x80, 0x3f, 0xe1, 0x0,
    0x3, 0xe6, 0x9d, 0xdd, 0xdc, 0xdd, 0xdd, 0x40,

    /* U+F2D8 "" */
    0x15, 0x66, 0x66, 0x66, 0x66, 0x53, 0xd, 0xff,
    0xff, 0xff, 0xff, 0xff, 0xf2, 0xff, 0xff, 0xff,
    0xff, 0xff, 0xff, 0x4f, 0xff, 0xff, 0xff, 0xff,
    0xff, 0xf4, 0xff, 0xff, 0xff, 0xff, 0xff, 0xff,
    0x4f, 0xc4, 0x4, 0x41, 0x36, 0xbf, 0xf4, 0xfc,
    0x40, 0x14, 0x14, 0x42, 0x9f, 0x4f, 0xc4, 0x22,
    0x41, 0x45, 0x48, 0xf4, 0xfd, 0x99, 0x99, 0x77,
    0xa7, 0xdf, 0x4f, 0xff, 0xff, 0xff, 0xff, 0xff,
    0xf4, 0xff, 0xff, 0xff, 0xff, 0xff, 0xff, 0x4f,
    0xff, 0xff, 0xff, 0xff, 0xff, 0xf3, 0x9f, 0xff,
    0xff, 0xff, 0xff, 0xfc, 0x0,

    /* U+F2D9 "" */
    0x0, 0x0, 0x0, 0x0, 0x0, 0x0, 0x0, 0x0,
    0x0, 0x0, 0x1, 0x34, 0x20, 0x0, 0x0, 0x0,
    0x0, 0x2b, 0xfd, 0xce, 0xd5, 0x0, 0x0, 0x0,
    0xb, 0x81, 0x0, 0x4, 0xd8, 0x0, 0x0, 0x2,
    0x96, 0xac, 0x90, 0x1, 0xd3, 0x0, 0x0, 0x9f,
    0xa3, 0x0, 0x0, 0x3, 0xa0, 0x0, 0x2f, 0x70,
    0x0, 0x0, 0x0, 0xa, 0x0, 0x8, 0x97, 0x0,
    0x0, 0x0, 0x0, 0x80, 0x11, 0xd1, 0xa0, 0x0,
    0x18, 0xb0, 0x6, 0x0, 0x2d, 0x8d, 0x88, 0xaa,
    0x50, 0x0, 0x50, 0x0, 0x95, 0x5a, 0x0, 0x0,
    0x0, 0x22, 0x0, 0x6, 0x43, 0xb6, 0x0, 0x0,
    0x4, 0x0, 0x0, 0x3, 0x35, 0xba, 0x30, 0x34,
    0x0, 0x0, 0x0, 0x0, 0x5, 0x9a, 0x92, 0x0,
    0x0,

    /* U+F2DA "" */
    0x0, 0x12, 0x22, 0x22, 0x22, 0x0, 0x2, 0xdf,
    0xff, 0xff, 0xff, 0xff, 0x50, 0xcf, 0xff, 0xff,
    0xff, 0xff, 0xff, 0x1f, 0xff, 0xfc, 0x41, 0x41,
    0xff, 0xf3, 0xff, 0xfe, 0x16, 0xb5, 0x9f, 0xff,
    0x4f, 0xff, 0xa2, 0xf6, 0xdf, 0xff, 0xf4, 0xff,
    0xfb, 0x1f, 0x61, 0xdf, 0xff, 0x4f, 0xff, 0xf3,
    0x2d, 0x47, 0xff, 0xf4, 0xff, 0xff, 0xf8, 0xd6,
    0x6f, 0xff, 0x4f, 0xff, 0xc3, 0x98, 0xc, 0xff,
    0xf4, 0xff, 0xf6, 0x43, 0x3b, 0xff, 0xff, 0x3b,
    0xff, 0xff, 0xff, 0xff, 0xff, 0xf0, 0x2c, 0xff,
    0xff, 0xff, 0xff, 0xe4, 0x0, 0x0, 0x11, 0x11,
    0x11, 0x10, 0x0,

    /* U+F2DB "" */
    0x0, 0x0, 0x0, 0x0, 0x0, 0x0, 0x0, 0x0,
    0x2e, 0xff, 0xff, 0xff, 0xe2, 0x0, 0x0, 0x5f,
    0xff, 0xff, 0xff, 0xf5, 0x0, 0x69, 0x6f, 0xff,
    0xff, 0xff, 0xf6, 0x96, 0x6a, 0x6f, 0xff, 0xff,
    0xff, 0xf6, 0xa6, 0x0, 0x6f, 0xff, 0xff, 0xff,
    0xf6, 0x0, 0xbf, 0x6f, 0xff, 0xff, 0xff, 0xf6,
    0xfb, 0x14, 0x6f, 0xff, 0xff, 0xff, 0xf6, 0x41,
    0x26, 0x6f, 0xff, 0xff, 0xff, 0xf6, 0x62, 0xae,
    0x6f, 0xff, 0xff, 0xff, 0xf6, 0xea, 0x0, 0x6f,
    0xff, 0xff, 0xff, 0xf6, 0x0, 0x8b, 0x6f, 0xff,
    0xff, 0xff, 0xf6, 0xb8, 0x48, 0x6f, 0xff, 0xff,
    0xff, 0xf6, 0x84, 0x0, 0x5f, 0xff, 0xff, 0xff,
    0xf5, 0x0, 0x0, 0x1d, 0xff, 0xff, 0xff, 0xd1,
    0x0,

    /* U+F2DC "" */
    0x0, 0x0, 0x0, 0x11, 0x0, 0x0, 0x0, 0x0,
    0x0, 0x2, 0xbf, 0x10, 0x0, 0x0, 0x0, 0x0,
    0x3f, 0xef, 0xe7, 0x0, 0x0, 0x0, 0x1c, 0x8,
    0xff, 0xb0, 0xa4, 0x0, 0xb, 0xdf, 0x40, 0xcf,
    0x0, 0xfd, 0xe1, 0x9, 0xff, 0xb1, 0xcf, 0x8,
    0xff, 0xb1, 0xb, 0xfe, 0xff, 0xef, 0xef, 0xff,
    0xe0, 0x3, 0x20, 0x5e, 0xff, 0xf7, 0x1, 0x40,
    0x7, 0x73, 0x9f, 0xff, 0xfb, 0x36, 0x90, 0x8,
    0xff, 0xfc, 0xdf, 0x9f, 0xff, 0xb0, 0xc, 0xff,
    0x80, 0xcf, 0x4, 0xff, 0xe1, 0x7, 0x9f, 0x30,
    0xdf, 0x20, 0xfa, 0xa0, 0x0, 0x7, 0xb, 0xff,
    0xe2, 0x62, 0x0, 0x0, 0x0, 0x2d, 0xdf, 0xb6,
    0x0, 0x0, 0x0, 0x0, 0x0, 0x9c, 0x0, 0x0,
    0x0,

    /* U+F2DD "" */
    0x0, 0x0, 0x0, 0x0, 0x0, 0x24, 0x0, 0x0,
    0x3, 0x79, 0xbd, 0xff, 0x60, 0x0, 0x2d, 0xfe,
    0xef, 0xff, 0x60, 0x0, 0x2e, 0xc3, 0x0, 0x1a,
    0xf4, 0x0, 0xb, 0xd1, 0x0, 0x0, 0xa, 0xe0,
    0x0, 0xf6, 0x0, 0x0, 0x0, 0x2f, 0x40, 0x2f,
    0x20, 0x0, 0x0, 0x0, 0xf6, 0x2, 0xf3, 0x0,
    0x0, 0x0, 0xf, 0x50, 0xe, 0x90, 0x0, 0x0,
    0x5, 0xf2, 0x0, 0x6f, 0x50, 0x0, 0x3, 0xea,
    0x0, 0x0, 0xdf, 0xb6, 0x69, 0xfc, 0x0, 0x0,
    0x9f, 0xff, 0xff, 0xd7, 0x0, 0x0, 0x6a, 0x86,
    0x42, 0x0, 0x0, 0x0, 0x0,

    /* U+F2DE "" */
    0x0, 0x0, 0x0, 0x11, 0x0, 0x0, 0x0, 0x0,
    0x3, 0xae, 0xcc, 0xea, 0x30, 0x0, 0x0, 0x7c,
    0x40, 0x0, 0x4, 0xd7, 0x0, 0x7, 0xa0, 0x0,
    0x0, 0x0, 0xb, 0x70, 0x2d, 0x0, 0x74, 0x0,
    0x0, 0x0, 0xd2, 0x95, 0x2, 0xff, 0x91, 0x0,
    0x0, 0x59, 0xd0, 0x6, 0xff, 0x8f, 0x90, 0x0,
    0xd, 0xe0, 0x0, 0x27, 0x7f, 0x9e, 0x70, 0xd,
    0xe0, 0x0, 0x0, 0x99, 0x3b, 0x50, 0xe, 0xc2,
    0x0, 0x0, 0x66, 0x0, 0x0, 0x2c, 0x78, 0x0,
    0x4, 0x13, 0x30, 0x0, 0x87, 0xd, 0x30, 0x2,
    0x0, 0x30, 0x3, 0xd0, 0x2, 0xd3, 0x0, 0x0,
    0x0, 0x3d, 0x20, 0x0, 0x2c, 0xa5, 0x22, 0x5a,
    0xc2, 0x0, 0x0, 0x0, 0x49, 0xbb, 0x94, 0x0,
    0x0,

    /* U+F2E0 "" */
    0x0, 0x0, 0x1, 0x0, 0x0, 0x0, 0x0, 0x0,
    0x0, 0x0, 0x2, 0x0, 0x57, 0x0, 0x0, 0x0,
    0x0, 0x0, 0x0, 0x68, 0x54, 0x10, 0x0, 0x0,
    0x0, 0x6, 0x3d, 0xff, 0xff, 0xf8, 0x0, 0x0,
    0x0, 0x2, 0xaf, 0xff, 0xff, 0xff, 0x46, 0x0,
    0x0, 0x1e, 0xfc, 0x58, 0x36, 0x8f, 0x85, 0x0,
    0x0, 0x4f, 0xf2, 0x0, 0x2, 0xf, 0xf5, 0x3,
    0xd, 0x3f, 0xd0, 0xa, 0x9, 0x5f, 0xf7, 0x0,
    0x0, 0x8f, 0x80, 0x55, 0x73, 0xbf, 0xf2, 0x60,
    0x0, 0xaf, 0x40, 0xc3, 0xc0, 0xff, 0xf6, 0x0,
    0x0, 0x4f, 0xc8, 0xff, 0xf6, 0x3f, 0xf4, 0x0,
    0x0, 0x3, 0xef, 0xff, 0xff, 0xff, 0xa0, 0x0,
    0x0, 0x3, 0x8f, 0xff, 0xff, 0xc5, 0x0, 0x0,
    0x0, 0x0, 0x7, 0xb7, 0x89, 0x1d, 0x20, 0x0,
    0x0, 0x0, 0x0, 0x5, 0x10, 0x0, 0x0, 0x0,

    /* U+F2E5 "" */
    0x0, 0x0, 0x0, 0x0, 0x0, 0x32, 0x0, 0x0,
    0x0, 0x0, 0x0, 0x2b, 0xff, 0xfc, 0x10, 0x0,
    0x0, 0x0, 0x3f, 0xff, 0xff, 0xfa, 0x0, 0x0,
    0x0, 0xd, 0xff, 0xff, 0xff, 0xf0, 0x0, 0x0,
    0x3, 0xff, 0xff, 0xff, 0xfe, 0x0, 0x0, 0x0,
    0x4f, 0xff, 0xff, 0xff, 0xb0, 0x0, 0x0, 0x0,
    0xff, 0xff, 0xff, 0xf5, 0x0, 0x0, 0x0, 0xaf,
    0xff, 0xff, 0xfa, 0x0, 0x0, 0x0, 0xbf, 0xfe,
    0xdf, 0xe7, 0x0, 0x0, 0x1, 0xcf, 0xff, 0x30,
    0x0, 0x0, 0x0, 0x2, 0xdf, 0xff, 0x40, 0x0,
    0x0, 0x0, 0x3, 0xef, 0xff, 0x60, 0x0, 0x0,
    0x0, 0x0, 0xef, 0xff, 0x70, 0x0, 0x0, 0x0,
    0x0, 0x6, 0xff, 0x90, 0x0, 0x0, 0x0, 0x0,
    0x0, 0x6, 0x80, 0x0, 0x0, 0x0, 0x0, 0x0,
    0x0,

    /* U+F2E7 "" */
    0x0, 0x0, 0x0, 0x0, 0x0, 0x0, 0x8b, 0x9a,
    0x9a, 0x0, 0x1a, 0xf3, 0xbc, 0xab, 0xad, 0x0,
    0xcf, 0xf5, 0xec, 0xbc, 0xaf, 0x7, 0xff, 0xf5,
    0xfc, 0xcd, 0xaf, 0xd, 0xff, 0xf5, 0xee, 0xff,
    0xef, 0xf, 0xff, 0xf5, 0x8f, 0xff, 0xfa, 0xe,
    0xff, 0xf5, 0x8, 0xff, 0xa0, 0x8, 0xff, 0xf5,
    0x2, 0xff, 0x30, 0x0, 0xcf, 0xf5, 0x3, 0xff,
    0x40, 0x0, 0x2f, 0xf5, 0x4, 0xff, 0x50, 0x0,
    0x3f, 0xf5, 0x5, 0xff, 0x60, 0x0, 0x4f, 0xf5,
    0x5, 0xff, 0x70, 0x0, 0x6f, 0xf5, 0x6, 0xff,
    0x80, 0x0, 0x7f, 0xf5, 0x5, 0xff, 0x60, 0x0,
    0x5f, 0xe3,

    /* U+F2EA "" */
    0x0, 0x0, 0x0, 0x0, 0x0, 0x0, 0x0, 0x21,
    0x1, 0x8d, 0xff, 0xd8, 0x10, 0x0, 0xcd, 0x6f,
    0xff, 0xff, 0xff, 0xe4, 0x0, 0xcf, 0xff, 0xd6,
    0x33, 0x6d, 0xff, 0x40, 0xcf, 0xff, 0x20, 0x0,
    0x0, 0xbf, 0xe0, 0xcf, 0xff, 0xd0, 0x0, 0x0,
    0xe, 0xf5, 0x6a, 0xaa, 0x90, 0x0, 0x0, 0x9,
    0xfa, 0x0, 0x0, 0x0, 0x0, 0x0, 0x6, 0xfb,
    0x0, 0x0, 0x0, 0x0, 0x0, 0x8, 0xfb, 0x0,
    0x0, 0x0, 0x0, 0x0, 0xd, 0xf8, 0x0, 0x0,
    0x0, 0x0, 0x0, 0x7f, 0xf2, 0x0, 0x1d, 0xa2,
    0x0, 0x19, 0xff, 0x80, 0x0, 0x7f, 0xff, 0xee,
    0xff, 0xf9, 0x0, 0x0, 0x5, 0xdf, 0xff, 0xfd,
    0x50, 0x0, 0x0, 0x0, 0x2, 0x44, 0x20, 0x0,
    0x0,

    /* U+F2ED "" */
    0x0, 0x0, 0x34, 0x43, 0x0, 0x0, 0x5, 0x66,
    0x7f, 0xff, 0xf9, 0x66, 0x50, 0xff, 0xff, 0xff,
    0xff, 0xff, 0xff, 0x35, 0x66, 0x66, 0x66, 0x66,
    0x66, 0x50, 0x1c, 0xcc, 0xcc, 0xcc, 0xcc, 0xc4,
    0x2, 0xff, 0xff, 0xff, 0xff, 0xff, 0x60, 0x2f,
    0xf3, 0xfb, 0x7f, 0x6d, 0xf6, 0x2, 0xff, 0x2f,
    0xb7, 0xf5, 0xdf, 0x60, 0x2f, 0xf2, 0xfb, 0x7f,
    0x5d, 0xf6, 0x2, 0xff, 0x2f, 0xb7, 0xf5, 0xdf,
    0x60, 0x2f, 0xf2, 0xfb, 0x7f, 0x5d, 0xf6, 0x2,
    0xff, 0x2f, 0xb7, 0xf5, 0xdf, 0x60, 0x2f, 0xf3,
    0xfb, 0x7f, 0x6d, 0xf6, 0x1, 0xff, 0xff, 0xff,
    0xff, 0xff, 0x50, 0x7, 0xbc, 0xcc, 0xcc, 0xcc,
    0x90, 0x0,

    /* U+F2F1 "" */
    0x0, 0x0, 0x0, 0x0, 0x0, 0x0, 0x0, 0x0,
    0x1, 0x8d, 0xff, 0xd8, 0x10, 0x12, 0x0, 0x4e,
    0xff, 0xff, 0xff, 0xe5, 0xdc, 0x4, 0xff, 0xe7,
    0x33, 0x6d, 0xff, 0xfc, 0xe, 0xfc, 0x0, 0x0,
    0x2, 0xff, 0xfc, 0x6f, 0xf1, 0x0, 0x0, 0xd,
    0xff, 0xfc, 0x8d, 0x80, 0x0, 0x0, 0x9, 0xaa,
    0xa6, 0x0, 0x0, 0x0, 0x0, 0x0, 0x0, 0x0,
    0x25, 0x55, 0x50, 0x0, 0x0, 0x4, 0x95, 0xcf,
    0xff, 0xf1, 0x0, 0x0, 0xd, 0xf7, 0xcf, 0xff,
    0x40, 0x0, 0x0, 0x8f, 0xf1, 0xcf, 0xff, 0x92,
    0x0, 0x2a, 0xff, 0x70, 0xcf, 0xaf, 0xff, 0xee,
    0xff, 0xf9, 0x0, 0x64, 0x5, 0xdf, 0xff, 0xfd,
    0x50, 0x0, 0x0, 0x0, 0x2, 0x44, 0x20, 0x0,
    0x0,

    /* U+F2F2 "" */
    0x0, 0x0, 0x0, 0x0, 0x0, 0x0, 0x0, 0x0,
    0xff, 0xff, 0x0, 0x0, 0x0, 0x0, 0xaf, 0xfa,
    0x0, 0x0, 0x0, 0x0, 0x3f, 0xf3, 0x0, 0x0,
    0x0, 0x3d, 0xff, 0xff, 0xd5, 0xd4, 0x4, 0xff,
    0xfd, 0xdf, 0xff, 0xf7, 0x1e, 0xff, 0xf1, 0x1f,
    0xff, 0xf0, 0x7f, 0xff, 0xf1, 0x1f, 0xff, 0xf6,
    0xaf, 0xff, 0xf1, 0x1f, 0xff, 0xfa, 0xbf, 0xff,
    0xf1, 0x1f, 0xff, 0xfb, 0x9f, 0xff, 0xf7, 0x7f,
    0xff, 0xf9, 0x4f, 0xff, 0xff, 0xff, 0xff, 0xf4,
    0xa, 0xff, 0xff, 0xff, 0xff, 0xa0, 0x0, 0xbf,
    0xff, 0xff, 0xfb, 0x0, 0x0, 0x5, 0xbe, 0xeb,
    0x50, 0x0,

    /* U+F2F5 "" */
    0x6, 0xab, 0xb2, 0x0, 0x30, 0x0, 0x0, 0x8f,
    0xff, 0xf3, 0x1, 0xfb, 0x0, 0x0, 0xee, 0x10,
    0x0, 0x1, 0xff, 0xb0, 0x0, 0xfc, 0x0, 0x0,
    0x1, 0xff, 0xfb, 0x0, 0xfc, 0x4, 0xff, 0xff,
    0xff, 0xff, 0xb0, 0xfc, 0x5, 0xff, 0xff, 0xff,
    0xff, 0xfa, 0xfc, 0x5, 0xff, 0xff, 0xff, 0xff,
    0xf9, 0xfc, 0x3, 0xde, 0xee, 0xff, 0xff, 0x90,
    0xfd, 0x0, 0x0, 0x1, 0xff, 0xf9, 0x0, 0xaf,
    0xcc, 0xb2, 0x1, 0xff, 0x90, 0x0, 0x1b, 0xff,
    0xf3, 0x0, 0xf8, 0x0, 0x0, 0x0, 0x0, 0x0,
    0x0, 0x10, 0x0, 0x0,

    /* U+F2F6 "" */
    0x0, 0x0, 0x11, 0x0, 0x2b, 0xba, 0x60, 0x0,
    0x0, 0x9e, 0x20, 0x3f, 0xff, 0xf8, 0x0, 0x0,
    0xaf, 0xe2, 0x0, 0x1, 0xee, 0x0, 0x0, 0xaf,
    0xfe, 0x20, 0x0, 0xcf, 0xef, 0xff, 0xff, 0xff,
    0xe2, 0x0, 0xcf, 0xff, 0xff, 0xff, 0xff, 0xfe,
    0x10, 0xcf, 0xff, 0xff, 0xff, 0xff, 0xfe, 0x10,
    0xcf, 0xdf, 0xff, 0xff, 0xff, 0xe2, 0x0, 0xcf,
    0x0, 0x0, 0xaf, 0xfe, 0x20, 0x0, 0xdf, 0x0,
    0x0, 0xaf, 0xe2, 0x2b, 0xcc, 0xfa, 0x0, 0x0,
    0x9e, 0x20, 0x3f, 0xff, 0xb1, 0x0, 0x0, 0x1,
    0x0, 0x0, 0x0, 0x0,

    /* U+F2F9 "" */
    0x0, 0x0, 0x0, 0x0, 0x0, 0x0, 0x0, 0x0,
    0x1, 0x8d, 0xff, 0xd8, 0x10, 0x12, 0x0, 0x4f,
    0xff, 0xff, 0xff, 0xf6, 0xdc, 0x4, 0xff, 0xd6,
    0x33, 0x6d, 0xff, 0xfc, 0xe, 0xfb, 0x0, 0x0,
    0x2, 0xff, 0xfc, 0x6f, 0xe0, 0x0, 0x0, 0xd,
    0xff, 0xfc, 0xaf, 0x80, 0x0, 0x0, 0x9, 0xaa,
    0xa6, 0xcf, 0x60, 0x0, 0x0, 0x0, 0x0, 0x0,
    0xbf, 0x80, 0x0, 0x0, 0x0, 0x0, 0x0, 0x8f,
    0xd0, 0x0, 0x0, 0x0, 0x0, 0x0, 0x2f, 0xf7,
    0x0, 0x0, 0x0, 0x0, 0x0, 0x8, 0xff, 0x91,
    0x0, 0x2a, 0xd1, 0x0, 0x0, 0x9f, 0xff, 0xee,
    0xff, 0xf7, 0x0, 0x0, 0x5, 0xdf, 0xff, 0xfd,
    0x50, 0x0, 0x0, 0x0, 0x2, 0x44, 0x20, 0x0,
    0x0,

    /* U+F2FE "" */
    0x0, 0x0, 0x0, 0x25, 0x0, 0x0, 0x0, 0x0,
    0x0, 0x0, 0x1f, 0xd0, 0x0, 0x0, 0x0, 0x0,
    0x0, 0x1f, 0xf7, 0x0, 0x0, 0x0, 0x0, 0x0,
    0x9f, 0xf9, 0x0, 0x0, 0x0, 0x5, 0xac, 0xff,
    0xfc, 0x50, 0x0, 0x0, 0x3f, 0xff, 0xff, 0xff,
    0xf3, 0x0, 0x0, 0x4f, 0xff, 0xff, 0xff, 0xf4,
    0x0, 0x2, 0x9f, 0xff, 0xff, 0xff, 0xf9, 0x20,
    0xe, 0xff, 0x80, 0xff, 0x7, 0xff, 0xe0, 0xf,
    0xff, 0xfd, 0xff, 0xcf, 0xff, 0xf0, 0xa, 0xff,
    0xff, 0xff, 0xff, 0xff, 0xa0, 0x9f, 0xff, 0x80,
    0x0, 0x8, 0xff, 0xf7, 0xff, 0xff, 0xf7, 0x11,
    0x7f, 0xff, 0xff, 0xcf, 0xff, 0xff, 0xff, 0xff,
    0xff, 0xfd, 0x2a, 0xcc, 0xcc, 0xcc, 0xcc, 0xcc,
    0xa2,

    /* U+F55A "" */
    0x0, 0x0, 0x17, 0x88, 0x88, 0x88, 0x88, 0x87,
    0x40, 0x0, 0x2, 0xef, 0xff, 0xff, 0xff, 0xff,
    0xff, 0xf4, 0x0, 0x3e, 0xff, 0xff, 0xcf, 0xff,
    0xcf, 0xff, 0xf7, 0x3, 0xef, 0xff, 0xf9, 0x8,
    0xf8, 0x9, 0xff, 0xf8, 0x3e, 0xff, 0xff, 0xfe,
    0x20, 0x40, 0x2e, 0xff, 0xf8, 0xdf, 0xff, 0xff,
    0xff, 0xe1, 0x1, 0xef, 0xff, 0xf8, 0x9f, 0xff,
    0xff, 0xff, 0x80, 0x0, 0x8f, 0xff, 0xf8, 0x9,
    0xff, 0xff, 0xf9, 0x2, 0xc2, 0x9, 0xff, 0xf8,
    0x0, 0x9f, 0xff, 0xfe, 0x4e, 0xfe, 0x4e, 0xff,
    0xf8, 0x0, 0x9, 0xff, 0xff, 0xff, 0xff, 0xff,
    0xff, 0xf7, 0x0, 0x0, 0x8f, 0xff, 0xff, 0xff,
    0xff, 0xff, 0xc1,

    /* U+F6A9 "" */
    0x0, 0x0, 0x2, 0x70, 0x0, 0x0, 0x0, 0x0,
    0x0, 0x2, 0xef, 0x0, 0x0, 0x0, 0x0, 0x0,
    0x2, 0xef, 0xf0, 0x0, 0x0, 0x0, 0xd, 0xff,
    0xff, 0xff, 0x0, 0xb7, 0xa, 0x80, 0xff, 0xff,
    0xff, 0xf0, 0x1e, 0xfd, 0xfb, 0xf, 0xff, 0xff,
    0xff, 0x0, 0x2f, 0xfd, 0x0, 0xff, 0xff, 0xff,
    0xf0, 0xa, 0xff, 0xf7, 0xf, 0xff, 0xff, 0xff,
    0x1, 0xeb, 0x3e, 0xc0, 0x34, 0x47, 0xff, 0xf0,
    0x2, 0x0, 0x11, 0x0, 0x0, 0x5, 0xff, 0x0,
    0x0, 0x0, 0x0, 0x0, 0x0, 0x5, 0xc0, 0x0,
    0x0, 0x0, 0x0, 0x0, 0x0, 0x0, 0x0, 0x0,
    0x0, 0x0
};


/*---------------------
 *  GLYPH DESCRIPTION
 *--------------------*/

static const lv_font_fmt_txt_glyph_dsc_t glyph_dsc[] = {
    {.bitmap_index = 0, .adv_w = 0, .box_w = 0, .box_h = 0, .ofs_x = 0, .ofs_y = 0} /* id = 0 reserved */,
    {.bitmap_index = 0, .adv_w = 55, .box_w = 0, .box_h = 0, .ofs_x = 0, .ofs_y = 0},
    {.bitmap_index = 0, .adv_w = 58, .box_w = 2, .box_h = 11, .ofs_x = 1, .ofs_y = 0},
    {.bitmap_index = 11, .adv_w = 72, .box_w = 4, .box_h = 4, .ofs_x = 0, .ofs_y = 7},
    {.bitmap_index = 19, .adv_w = 138, .box_w = 9, .box_h = 11, .ofs_x = 0, .ofs_y = 0},
    {.bitmap_index = 69, .adv_w = 126, .box_w = 8, .box_h = 14, .ofs_x = 0, .ofs_y = -2},
    {.bitmap_index = 125, .adv_w = 164, .box_w = 10, .box_h = 11, .ofs_x = 0, .ofs_y = 0},
    {.bitmap_index = 180, .adv_w = 139, .box_w = 9, .box_h = 11, .ofs_x = 0, .ofs_y = 0},
    {.bitmap_index = 230, .adv_w = 39, .box_w = 2, .box_h = 4, .ofs_x = 0, .ofs_y = 7},
    {.bitmap_index = 234, .adv_w = 77, .box_w = 5, .box_h = 16, .ofs_x = 0, .ofs_y = -4},
    {.bitmap_index = 274, .adv_w = 78, .box_w = 4, .box_h = 16, .ofs_x = 0, .ofs_y = -4},
    {.bitmap_index = 306, .adv_w = 96, .box_w = 6, .box_h = 7, .ofs_x = 0, .ofs_y = 4},
    {.bitmap_index = 327, .adv_w = 127, .box_w = 8, .box_h = 8, .ofs_x = 0, .ofs_y = 1},
    {.bitmap_index = 359, .adv_w = 44, .box_w = 3, .box_h = 4, .ofs_x = 0, .ofs_y = -2},
    {.bitmap_index = 365, .adv_w = 62, .box_w = 4, .box_h = 2, .ofs_x = 0, .ofs_y = 3},
    {.bitmap_index = 369, .adv_w = 59, .box_w = 3, .box_h = 2, .ofs_x = 0, .ofs_y = 0},
    {.bitmap_index = 372, .adv_w = 92, .box_w = 6, .box_h = 12, .ofs_x = 0, .ofs_y = -1},
    {.bitmap_index = 408, .adv_w = 126, .box_w = 8, .box_h = 11, .ofs_x = 0, .ofs_y = 0},
    {.bitmap_index = 452, .adv_w = 126, .box_w = 4, .box_h = 11, .ofs_x = 1, .ofs_y = 0},
    {.bitmap_index = 474, .adv_w = 126, .box_w = 8, .box_h = 11, .ofs_x = 0, .ofs_y = 0},
    {.bitmap_index = 518, .adv_w = 126, .box_w = 7, .box_h = 11, .ofs_x = 0, .ofs_y = 0},
    {.bitmap_index = 557, .adv_w = 126, .box_w = 8, .box_h = 11, .ofs_x = 0, .ofs_y = 0},
    {.bitmap_index = 601, .adv_w = 126, .box_w = 7, .box_h = 11, .ofs_x = 1, .ofs_y = 0},
    {.bitmap_index = 640, .adv_w = 126, .box_w = 8, .box_h = 11, .ofs_x = 0, .ofs_y = 0},
    {.bitmap_index = 684, .adv_w = 126, .box_w = 8, .box_h = 11, .ofs_x = 0, .ofs_y = 0},
    {.bitmap_index = 728, .adv_w = 126, .box_w = 8, .box_h = 11, .ofs_x = 0, .ofs_y = 0},
    {.bitmap_index = 772, .adv_w = 126, .box_w = 7, .box_h = 11, .ofs_x = 0, .ofs_y = 0},
    {.bitmap_index = 811, .adv_w = 54, .box_w = 3, .box_h = 8, .ofs_x = 0, .ofs_y = 0},
    {.bitmap_index = 823, .adv_w = 47, .box_w = 3, .box_h = 10, .ofs_x = 0, .ofs_y = -2},
    {.bitmap_index = 838, .adv_w = 114, .box_w = 7, .box_h = 7, .ofs_x = 0, .ofs_y = 1},
    {.bitmap_index = 863, .adv_w = 123, .box_w = 6, .box_h = 5, .ofs_x = 1, .ofs_y = 2},
    {.bitmap_index = 878, .adv_w = 117, .box_w = 7, .box_h = 7, .ofs_x = 0, .ofs_y = 1},
    {.bitmap_index = 903, .adv_w = 106, .box_w = 7, .box_h = 11, .ofs_x = 0, .ofs_y = 0},
    {.bitmap_index = 942, .adv_w = 201, .box_w = 12, .box_h = 14, .ofs_x = 0, .ofs_y = -3},
    {.bitmap_index = 1026, .adv_w = 146, .box_w = 9, .box_h = 11, .ofs_x = 0, .ofs_y = 0},
    {.bitmap_index = 1076, .adv_w = 139, .box_w = 7, .box_h = 11, .ofs_x = 1, .ofs_y = 0},
    {.bitmap_index = 1115, .adv_w = 146, .box_w = 9, .box_h = 11, .ofs_x = 0, .ofs_y = 0},
    {.bitmap_index = 1165, .adv_w = 147, .box_w = 8, .box_h = 11, .ofs_x = 1, .ofs_y = 0},
    {.bitmap_index = 1209, .adv_w = 127, .box_w = 7, .box_h = 11, .ofs_x = 1, .ofs_y = 0},
    {.bitmap_index = 1248, .adv_w = 124, .box_w = 7, .box_h = 11, .ofs_x = 1, .ofs_y = 0},
    {.bitmap_index = 1287, .adv_w = 153, .box_w = 9, .box_h = 11, .ofs_x = 0, .ofs_y = 0},
    {.bitmap_index = 1337, .adv_w = 160, .box_w = 8, .box_h = 11, .ofs_x = 1, .ofs_y = 0},
    {.bitmap_index = 1381, .adv_w = 61, .box_w = 2, .box_h = 11, .ofs_x = 1, .ofs_y = 0},
    {.bitmap_index = 1392, .adv_w = 124, .box_w = 7, .box_h = 11, .ofs_x = 0, .ofs_y = 0},
    {.bitmap_index = 1431, .adv_w = 140, .box_w = 8, .box_h = 11, .ofs_x = 1, .ofs_y = 0},
    {.bitmap_index = 1475, .adv_w = 121, .box_w = 7, .box_h = 11, .ofs_x = 1, .ofs_y = 0},
    {.bitmap_index = 1514, .adv_w = 196, .box_w = 11, .box_h = 11, .ofs_x = 1, .ofs_y = 0},
    {.bitmap_index = 1575, .adv_w = 160, .box_w = 8, .box_h = 11, .ofs_x = 1, .ofs_y = 0},
    {.bitmap_index = 1619, .adv_w = 154, .box_w = 9, .box_h = 11, .ofs_x = 0, .ofs_y = 0},
    {.bitmap_index = 1669, .adv_w = 141, .box_w = 8, .box_h = 11, .ofs_x = 1, .ofs_y = 0},
    {.bitmap_index = 1713, .adv_w = 154, .box_w = 9, .box_h = 13, .ofs_x = 0, .ofs_y = -2},
    {.bitmap_index = 1772, .adv_w = 138, .box_w = 8, .box_h = 11, .ofs_x = 1, .ofs_y = 0},
    {.bitmap_index = 1816, .adv_w = 133, .box_w = 8, .box_h = 11, .ofs_x = 0, .ofs_y = 0},
    {.bitmap_index = 1860, .adv_w = 134, .box_w = 9, .box_h = 11, .ofs_x = 0, .ofs_y = 0},
    {.bitmap_index = 1910, .adv_w = 145, .box_w = 9, .box_h = 11, .ofs_x = 0, .ofs_y = 0},
    {.bitmap_index = 1960, .adv_w = 143, .box_w = 9, .box_h = 11, .ofs_x = 0, .ofs_y = 0},
    {.bitmap_index = 2010, .adv_w = 199, .box_w = 13, .box_h = 11, .ofs_x = 0, .ofs_y = 0},
    {.bitmap_index = 2082, .adv_w = 140, .box_w = 9, .box_h = 11, .ofs_x = 0, .ofs_y = 0},
    {.bitmap_index = 2132, .adv_w = 135, .box_w = 9, .box_h = 11, .ofs_x = 0, .ofs_y = 0},
    {.bitmap_index = 2182, .adv_w = 134, .box_w = 8, .box_h = 11, .ofs_x = 0, .ofs_y = 0},
    {.bitmap_index = 2226, .adv_w = 59, .box_w = 3, .box_h = 15, .ofs_x = 1, .ofs_y = -3},
    {.bitmap_index = 2249, .adv_w = 92, .box_w = 6, .box_h = 12, .ofs_x = 0, .ofs_y = -1},
    {.bitmap_index = 2285, .adv_w = 59, .box_w = 3, .box_h = 15, .ofs_x = 0, .ofs_y = -3},
    {.bitmap_index = 2308, .adv_w = 94, .box_w = 6, .box_h = 6, .ofs_x = 0, .ofs_y = 5},
    {.bitmap_index = 2326, .adv_w = 101, .box_w = 7, .box_h = 2, .ofs_x = 0, .ofs_y = -2},
    {.bitmap_index = 2333, .adv_w = 69, .box_w = 4, .box_h = 2, .ofs_x = 0, .ofs_y = 9},
    {.bitmap_index = 2337, .adv_w = 122, .box_w = 7, .box_h = 8, .ofs_x = 0, .ofs_y = 0},
    {.bitmap_index = 2365, .adv_w = 126, .box_w = 8, .box_h = 11, .ofs_x = 0, .ofs_y = 0},
    {.bitmap_index = 2409, .adv_w = 117, .box_w = 7, .box_h = 8, .ofs_x = 0, .ofs_y = 0},
    {.bitmap_index = 2437, .adv_w = 126, .box_w = 7, .box_h = 11, .ofs_x = 0, .ofs_y = 0},
    {.bitmap_index = 2476, .adv_w = 119, .box_w = 7, .box_h = 8, .ofs_x = 0, .ofs_y = 0},
    {.bitmap_index = 2504, .adv_w = 78, .box_w = 5, .box_h = 11, .ofs_x = 0, .ofs_y = 0},
    {.bitmap_index = 2532, .adv_w = 126, .box_w = 7, .box_h = 11, .ofs_x = 0, .ofs_y = -3},
    {.bitmap_index = 2571, .adv_w = 123, .box_w = 7, .box_h = 11, .ofs_x = 0, .ofs_y = 0},
    {.bitmap_index = 2610, .adv_w = 54, .box_w = 3, .box_h = 11, .ofs_x = 0, .ofs_y = 0},
    {.bitmap_index = 2627, .adv_w = 53, .box_w = 4, .box_h = 14, .ofs_x = -1, .ofs_y = -3},
    {.bitmap_index = 2655, .adv_w = 114, .box_w = 8, .box_h = 11, .ofs_x = 0, .ofs_y = 0},
    {.bitmap_index = 2699, .adv_w = 54, .box_w = 2, .box_h = 11, .ofs_x = 1, .ofs_y = 0},
    {.bitmap_index = 2710, .adv_w = 196, .box_w = 12, .box_h = 8, .ofs_x = 0, .ofs_y = 0},
    {.bitmap_index = 2758, .adv_w = 124, .box_w = 7, .box_h = 8, .ofs_x = 0, .ofs_y = 0},
    {.bitmap_index = 2786, .adv_w = 128, .box_w = 8, .box_h = 8, .ofs_x = 0, .ofs_y = 0},
    {.bitmap_index = 2818, .adv_w = 126, .box_w = 8, .box_h = 11, .ofs_x = 0, .ofs_y = -3},
    {.bitmap_index = 2862, .adv_w = 127, .box_w = 7, .box_h = 11, .ofs_x = 0, .ofs_y = -3},
    {.bitmap_index = 2901, .adv_w = 76, .box_w = 5, .box_h = 9, .ofs_x = 0, .ofs_y = 0},
    {.bitmap_index = 2924, .adv_w = 116, .box_w = 7, .box_h = 8, .ofs_x = 0, .ofs_y = 0},
    {.bitmap_index = 2952, .adv_w = 73, .box_w = 5, .box_h = 10, .ofs_x = 0, .ofs_y = 0},
    {.bitmap_index = 2977, .adv_w = 123, .box_w = 7, .box_h = 8, .ofs_x = 0, .ofs_y = 0},
    {.bitmap_index = 3005, .adv_w = 109, .box_w = 7, .box_h = 8, .ofs_x = 0, .ofs_y = 0},
    {.bitmap_index = 3033, .adv_w = 168, .box_w = 11, .box_h = 8, .ofs_x = 0, .ofs_y = 0},
    {.bitmap_index = 3077, .adv_w = 111, .box_w = 7, .box_h = 8, .ofs_x = 0, .ofs_y = 0},
    {.bitmap_index = 3105, .adv_w = 106, .box_w = 7, .box_h = 11, .ofs_x = 0, .ofs_y = -3},
    {.bitmap_index = 3144, .adv_w = 111, .box_w = 7, .box_h = 8, .ofs_x = 0, .ofs_y = 0},
    {.bitmap_index = 3172, .adv_w = 76, .box_w = 5, .box_h = 15, .ofs_x = 0, .ofs_y = -3},
    {.bitmap_index = 3210, .adv_w = 55, .box_w = 2, .box_h = 13, .ofs_x = 1, .ofs_y = -2},
    {.bitmap_index = 3223, .adv_w = 76, .box_w = 5, .box_h = 15, .ofs_x = 0, .ofs_y = -3},
    {.bitmap_index = 3261, .adv_w = 152, .box_w = 9, .box_h = 4, .ofs_x = 0, .ofs_y = 2},
    {.bitmap_index = 3279, .adv_w = 55, .box_w = 0, .box_h = 0, .ofs_x = 0, .ofs_y = 0},
    {.bitmap_index = 3279, .adv_w = 55, .box_w = 3, .box_h = 11, .ofs_x = 0, .ofs_y = -3},
    {.bitmap_index = 3296, .adv_w = 123, .box_w = 7, .box_h = 12, .ofs_x = 0, .ofs_y = -2},
    {.bitmap_index = 3338, .adv_w = 130, .box_w = 8, .box_h = 11, .ofs_x = 0, .ofs_y = 0},
    {.bitmap_index = 3382, .adv_w = 160, .box_w = 10, .box_h = 11, .ofs_x = 0, .ofs_y = -1},
    {.bitmap_index = 3437, .adv_w = 118, .box_w = 8, .box_h = 11, .ofs_x = 0, .ofs_y = 0},
    {.bitmap_index = 3481, .adv_w = 54, .box_w = 2, .box_h = 13, .ofs_x = 1, .ofs_y = -2},
    {.bitmap_index = 3494, .adv_w = 137, .box_w = 8, .box_h = 15, .ofs_x = 0, .ofs_y = -4},
    {.bitmap_index = 3554, .adv_w = 94, .box_w = 6, .box_h = 2, .ofs_x = 0, .ofs_y = 9},
    {.bitmap_index = 3560, .adv_w = 176, .box_w = 11, .box_h = 11, .ofs_x = 0, .ofs_y = 0},
    {.bitmap_index = 3621, .adv_w = 100, .box_w = 5, .box_h = 5, .ofs_x = 1, .ofs_y = 5},
    {.bitmap_index = 3634, .adv_w = 105, .box_w = 6, .box_h = 6, .ofs_x = 0, .ofs_y = 1},
    {.bitmap_index = 3652, .adv_w = 124, .box_w = 7, .box_h = 4, .ofs_x = 0, .ofs_y = 2},
    {.bitmap_index = 3666, .adv_w = 62, .box_w = 4, .box_h = 2, .ofs_x = 0, .ofs_y = 3},
    {.bitmap_index = 3670, .adv_w = 176, .box_w = 11, .box_h = 11, .ofs_x = 0, .ofs_y = 0},
    {.bitmap_index = 3731, .adv_w = 103, .box_w = 6, .box_h = 2, .ofs_x = 0, .ofs_y = 9},
    {.bitmap_index = 3737, .adv_w = 84, .box_w = 5, .box_h = 4, .ofs_x = 0, .ofs_y = 7},
    {.bitmap_index = 3747, .adv_w = 120, .box_w = 7, .box_h = 10, .ofs_x = 0, .ofs_y = 0},
    {.bitmap_index = 3782, .adv_w = 82, .box_w = 5, .box_h = 5, .ofs_x = 0, .ofs_y = 5},
    {.bitmap_index = 3795, .adv_w = 82, .box_w = 5, .box_h = 5, .ofs_x = 0, .ofs_y = 5},
    {.bitmap_index = 3808, .adv_w = 70, .box_w = 4, .box_h = 2, .ofs_x = 0, .ofs_y = 9},
    {.bitmap_index = 3812, .adv_w = 127, .box_w = 6, .box_h = 11, .ofs_x = 1, .ofs_y = -3},
    {.bitmap_index = 3845, .adv_w = 109, .box_w = 6, .box_h = 11, .ofs_x = 0, .ofs_y = 0},
    {.bitmap_index = 3878, .adv_w = 58, .box_w = 2, .box_h = 2, .ofs_x = 1, .ofs_y = 5},
    {.bitmap_index = 3880, .adv_w = 55, .box_w = 3, .box_h = 4, .ofs_x = 0, .ofs_y = -3},
    {.bitmap_index = 3886, .adv_w = 82, .box_w = 4, .box_h = 6, .ofs_x = 0, .ofs_y = 5},
    {.bitmap_index = 3898, .adv_w = 102, .box_w = 6, .box_h = 5, .ofs_x = 0, .ofs_y = 5},
    {.bitmap_index = 3913, .adv_w = 105, .box_w = 7, .box_h = 6, .ofs_x = 0, .ofs_y = 1},
    {.bitmap_index = 3934, .adv_w = 164, .box_w = 10, .box_h = 11, .ofs_x = 0, .ofs_y = 0},
    {.bitmap_index = 3989, .adv_w = 174, .box_w = 11, .box_h = 11, .ofs_x = 0, .ofs_y = 0},
    {.bitmap_index = 4050, .adv_w = 174, .box_w = 11, .box_h = 11, .ofs_x = 0, .ofs_y = 0},
    {.bitmap_index = 4111, .adv_w = 106, .box_w = 7, .box_h = 11, .ofs_x = 0, .ofs_y = -3},
    {.bitmap_index = 4150, .adv_w = 146, .box_w = 9, .box_h = 14, .ofs_x = 0, .ofs_y = 0},
    {.bitmap_index = 4213, .adv_w = 146, .box_w = 9, .box_h = 14, .ofs_x = 0, .ofs_y = 0},
    {.bitmap_index = 4276, .adv_w = 146, .box_w = 9, .box_h = 14, .ofs_x = 0, .ofs_y = 0},
    {.bitmap_index = 4339, .adv_w = 146, .box_w = 9, .box_h = 14, .ofs_x = 0, .ofs_y = 0},
    {.bitmap_index = 4402, .adv_w = 146, .box_w = 9, .box_h = 13, .ofs_x = 0, .ofs_y = 0},
    {.bitmap_index = 4461, .adv_w = 146, .box_w = 9, .box_h = 14, .ofs_x = 0, .ofs_y = 0},
    {.bitmap_index = 4524, .adv_w = 209, .box_w = 14, .box_h = 11, .ofs_x = -1, .ofs_y = 0},
    {.bitmap_index = 4601, .adv_w = 146, .box_w = 9, .box_h = 14, .ofs_x = 0, .ofs_y = -3},
    {.bitmap_index = 4664, .adv_w = 127, .box_w = 7, .box_h = 14, .ofs_x = 1, .ofs_y = 0},
    {.bitmap_index = 4713, .adv_w = 127, .box_w = 7, .box_h = 14, .ofs_x = 1, .ofs_y = 0},
    {.bitmap_index = 4762, .adv_w = 127, .box_w = 7, .box_h = 14, .ofs_x = 1, .ofs_y = 0},
    {.bitmap_index = 4811, .adv_w = 127, .box_w = 7, .box_h = 13, .ofs_x = 1, .ofs_y = 0},
    {.bitmap_index = 4857, .adv_w = 61, .box_w = 4, .box_h = 14, .ofs_x = -1, .ofs_y = 0},
    {.bitmap_index = 4885, .adv_w = 61, .box_w = 4, .box_h = 14, .ofs_x = 1, .ofs_y = 0},
    {.bitmap_index = 4913, .adv_w = 61, .box_w = 5, .box_h = 14, .ofs_x = -1, .ofs_y = 0},
    {.bitmap_index = 4948, .adv_w = 61, .box_w = 6, .box_h = 13, .ofs_x = -1, .ofs_y = 0},
    {.bitmap_index = 4987, .adv_w = 150, .box_w = 9, .box_h = 11, .ofs_x = 0, .ofs_y = 0},
    {.bitmap_index = 5037, .adv_w = 160, .box_w = 8, .box_h = 14, .ofs_x = 1, .ofs_y = 0},
    {.bitmap_index = 5093, .adv_w = 154, .box_w = 9, .box_h = 14, .ofs_x = 0, .ofs_y = 0},
    {.bitmap_index = 5156, .adv_w = 154, .box_w = 9, .box_h = 14, .ofs_x = 0, .ofs_y = 0},
    {.bitmap_index = 5219, .adv_w = 154, .box_w = 9, .box_h = 14, .ofs_x = 0, .ofs_y = 0},
    {.bitmap_index = 5282, .adv_w = 154, .box_w = 9, .box_h = 14, .ofs_x = 0, .ofs_y = 0},
    {.bitmap_index = 5345, .adv_w = 154, .box_w = 9, .box_h = 13, .ofs_x = 0, .ofs_y = 0},
    {.bitmap_index = 5404, .adv_w = 119, .box_w = 7, .box_h = 8, .ofs_x = 0, .ofs_y = 1},
    {.bitmap_index = 5432, .adv_w = 154, .box_w = 9, .box_h = 12, .ofs_x = 0, .ofs_y = -1},
    {.bitmap_index = 5486, .adv_w = 145, .box_w = 9, .box_h = 14, .ofs_x = 0, .ofs_y = 0},
    {.bitmap_index = 5549, .adv_w = 145, .box_w = 9, .box_h = 14, .ofs_x = 0, .ofs_y = 0},
    {.bitmap_index = 5612, .adv_w = 145, .box_w = 9, .box_h = 14, .ofs_x = 0, .ofs_y = 0},
    {.bitmap_index = 5675, .adv_w = 145, .box_w = 9, .box_h = 13, .ofs_x = 0, .ofs_y = 0},
    {.bitmap_index = 5734, .adv_w = 135, .box_w = 9, .box_h = 14, .ofs_x = 0, .ofs_y = 0},
    {.bitmap_index = 5797, .adv_w = 132, .box_w = 7, .box_h = 11, .ofs_x = 1, .ofs_y = 0},
    {.bitmap_index = 5836, .adv_w = 133, .box_w = 8, .box_h = 11, .ofs_x = 0, .ofs_y = 0},
    {.bitmap_index = 5880, .adv_w = 122, .box_w = 7, .box_h = 11, .ofs_x = 0, .ofs_y = 0},
    {.bitmap_index = 5919, .adv_w = 122, .box_w = 7, .box_h = 11, .ofs_x = 0, .ofs_y = 0},
    {.bitmap_index = 5958, .adv_w = 122, .box_w = 7, .box_h = 11, .ofs_x = 0, .ofs_y = 0},
    {.bitmap_index = 5997, .adv_w = 122, .box_w = 7, .box_h = 12, .ofs_x = 0, .ofs_y = 0},
    {.bitmap_index = 6039, .adv_w = 122, .box_w = 7, .box_h = 11, .ofs_x = 0, .ofs_y = 0},
    {.bitmap_index = 6078, .adv_w = 122, .box_w = 7, .box_h = 12, .ofs_x = 0, .ofs_y = 0},
    {.bitmap_index = 6120, .adv_w = 189, .box_w = 12, .box_h = 8, .ofs_x = 0, .ofs_y = 0},
    {.bitmap_index = 6168, .adv_w = 117, .box_w = 7, .box_h = 11, .ofs_x = 0, .ofs_y = -3},
    {.bitmap_index = 6207, .adv_w = 119, .box_w = 7, .box_h = 11, .ofs_x = 0, .ofs_y = 0},
    {.bitmap_index = 6246, .adv_w = 119, .box_w = 7, .box_h = 11, .ofs_x = 0, .ofs_y = 0},
    {.bitmap_index = 6285, .adv_w = 119, .box_w = 7, .box_h = 11, .ofs_x = 0, .ofs_y = 0},
    {.bitmap_index = 6324, .adv_w = 119, .box_w = 7, .box_h = 11, .ofs_x = 0, .ofs_y = 0},
    {.bitmap_index = 6363, .adv_w = 55, .box_w = 4, .box_h = 11, .ofs_x = -1, .ofs_y = 0},
    {.bitmap_index = 6385, .adv_w = 55, .box_w = 3, .box_h = 11, .ofs_x = 1, .ofs_y = 0},
    {.bitmap_index = 6402, .adv_w = 55, .box_w = 5, .box_h = 11, .ofs_x = -1, .ofs_y = 0},
    {.bitmap_index = 6430, .adv_w = 55, .box_w = 5, .box_h = 11, .ofs_x = -1, .ofs_y = 0},
    {.bitmap_index = 6458, .adv_w = 131, .box_w = 8, .box_h = 12, .ofs_x = 0, .ofs_y = 0},
    {.bitmap_index = 6506, .adv_w = 124, .box_w = 7, .box_h = 12, .ofs_x = 0, .ofs_y = 0},
    {.bitmap_index = 6548, .adv_w = 128, .box_w = 8, .box_h = 11, .ofs_x = 0, .ofs_y = 0},
    {.bitmap_index = 6592, .adv_w = 128, .box_w = 8, .box_h = 11, .ofs_x = 0, .ofs_y = 0},
    {.bitmap_index = 6636, .adv_w = 128, .box_w = 8, .box_h = 11, .ofs_x = 0, .ofs_y = 0},
    {.bitmap_index = 6680, .adv_w = 128, .box_w = 8, .box_h = 12, .ofs_x = 0, .ofs_y = 0},
    {.bitmap_index = 6728, .adv_w = 128, .box_w = 8, .box_h = 11, .ofs_x = 0, .ofs_y = 0},
    {.bitmap_index = 6772, .adv_w = 128, .box_w = 8, .box_h = 8, .ofs_x = 0, .ofs_y = 1},
    {.bitmap_index = 6804, .adv_w = 127, .box_w = 8, .box_h = 10, .ofs_x = 0, .ofs_y = -1},
    {.bitmap_index = 6844, .adv_w = 123, .box_w = 7, .box_h = 11, .ofs_x = 0, .ofs_y = 0},
    {.bitmap_index = 6883, .adv_w = 123, .box_w = 7, .box_h = 11, .ofs_x = 0, .ofs_y = 0},
    {.bitmap_index = 6922, .adv_w = 123, .box_w = 7, .box_h = 11, .ofs_x = 0, .ofs_y = 0},
    {.bitmap_index = 6961, .adv_w = 123, .box_w = 7, .box_h = 11, .ofs_x = 0, .ofs_y = 0},
    {.bitmap_index = 7000, .adv_w = 106, .box_w = 7, .box_h = 14, .ofs_x = 0, .ofs_y = -3},
    {.bitmap_index = 7049, .adv_w = 129, .box_w = 7, .box_h = 14, .ofs_x = 1, .ofs_y = -3},
    {.bitmap_index = 7098, .adv_w = 106, .box_w = 7, .box_h = 14, .ofs_x = 0, .ofs_y = -3},
    {.bitmap_index = 7147, .adv_w = 146, .box_w = 9, .box_h = 13, .ofs_x = 0, .ofs_y = 0},
    {.bitmap_index = 7206, .adv_w = 122, .box_w = 7, .box_h = 11, .ofs_x = 0, .ofs_y = 0},
    {.bitmap_index = 7245, .adv_w = 146, .box_w = 9, .box_h = 13, .ofs_x = 0, .ofs_y = 0},
    {.bitmap_index = 7304, .adv_w = 122, .box_w = 7, .box_h = 11, .ofs_x = 0, .ofs_y = 0},
    {.bitmap_index = 7343, .adv_w = 146, .box_w = 9, .box_h = 14, .ofs_x = 0, .ofs_y = -3},
    {.bitmap_index = 7406, .adv_w = 122, .box_w = 7, .box_h = 11, .ofs_x = 0, .ofs_y = -3},
    {.bitmap_index = 7445, .adv_w = 146, .box_w = 9, .box_h = 14, .ofs_x = 0, .ofs_y = 0},
    {.bitmap_index = 7508, .adv_w = 117, .box_w = 7, .box_h = 11, .ofs_x = 0, .ofs_y = 0},
    {.bitmap_index = 7547, .adv_w = 146, .box_w = 9, .box_h = 14, .ofs_x = 0, .ofs_y = 0},
    {.bitmap_index = 7610, .adv_w = 117, .box_w = 7, .box_h = 11, .ofs_x = 0, .ofs_y = 0},
    {.bitmap_index = 7649, .adv_w = 146, .box_w = 9, .box_h = 14, .ofs_x = 0, .ofs_y = 0},
    {.bitmap_index = 7712, .adv_w = 117, .box_w = 7, .box_h = 11, .ofs_x = 0, .ofs_y = 0},
    {.bitmap_index = 7751, .adv_w = 146, .box_w = 9, .box_h = 14, .ofs_x = 0, .ofs_y = 0},
    {.bitmap_index = 7814, .adv_w = 117, .box_w = 7, .box_h = 11, .ofs_x = 0, .ofs_y = 0},
    {.bitmap_index = 7853, .adv_w = 147, .box_w = 8, .box_h = 14, .ofs_x = 1, .ofs_y = 0},
    {.bitmap_index = 7909, .adv_w = 143, .box_w = 10, .box_h = 11, .ofs_x = 0, .ofs_y = 0},
    {.bitmap_index = 7964, .adv_w = 150, .box_w = 9, .box_h = 11, .ofs_x = 0, .ofs_y = 0},
    {.bitmap_index = 8014, .adv_w = 134, .box_w = 9, .box_h = 11, .ofs_x = 0, .ofs_y = 0},
    {.bitmap_index = 8064, .adv_w = 127, .box_w = 7, .box_h = 13, .ofs_x = 1, .ofs_y = 0},
    {.bitmap_index = 8110, .adv_w = 119, .box_w = 7, .box_h = 11, .ofs_x = 0, .ofs_y = 0},
    {.bitmap_index = 8149, .adv_w = 127, .box_w = 7, .box_h = 13, .ofs_x = 1, .ofs_y = 0},
    {.bitmap_index = 8195, .adv_w = 119, .box_w = 7, .box_h = 11, .ofs_x = 0, .ofs_y = 0},
    {.bitmap_index = 8234, .adv_w = 127, .box_w = 7, .box_h = 13, .ofs_x = 1, .ofs_y = 0},
    {.bitmap_index = 8280, .adv_w = 119, .box_w = 7, .box_h = 11, .ofs_x = 0, .ofs_y = 0},
    {.bitmap_index = 8319, .adv_w = 127, .box_w = 7, .box_h = 14, .ofs_x = 1, .ofs_y = -3},
    {.bitmap_index = 8368, .adv_w = 119, .box_w = 7, .box_h = 11, .ofs_x = 0, .ofs_y = -3},
    {.bitmap_index = 8407, .adv_w = 127, .box_w = 7, .box_h = 14, .ofs_x = 1, .ofs_y = 0},
    {.bitmap_index = 8456, .adv_w = 119, .box_w = 7, .box_h = 11, .ofs_x = 0, .ofs_y = 0},
    {.bitmap_index = 8495, .adv_w = 153, .box_w = 9, .box_h = 14, .ofs_x = 0, .ofs_y = 0},
    {.bitmap_index = 8558, .adv_w = 126, .box_w = 7, .box_h = 14, .ofs_x = 0, .ofs_y = -3},
    {.bitmap_index = 8607, .adv_w = 153, .box_w = 9, .box_h = 14, .ofs_x = 0, .ofs_y = 0},
    {.bitmap_index = 8670, .adv_w = 126, .box_w = 7, .box_h = 14, .ofs_x = 0, .ofs_y = -3},
    {.bitmap_index = 8719, .adv_w = 153, .box_w = 9, .box_h = 14, .ofs_x = 0, .ofs_y = 0},
    {.bitmap_index = 8782, .adv_w = 126, .box_w = 7, .box_h = 14, .ofs_x = 0, .ofs_y = -3},
    {.bitmap_index = 8831, .adv_w = 153, .box_w = 9, .box_h = 15, .ofs_x = 0, .ofs_y = -4},
    {.bitmap_index = 8899, .adv_w = 126, .box_w = 7, .box_h = 16, .ofs_x = 0, .ofs_y = -3},
    {.bitmap_index = 8955, .adv_w = 160, .box_w = 8, .box_h = 14, .ofs_x = 1, .ofs_y = 0},
    {.bitmap_index = 9011, .adv_w = 123, .box_w = 7, .box_h = 14, .ofs_x = 0, .ofs_y = 0},
    {.bitmap_index = 9060, .adv_w = 157, .box_w = 10, .box_h = 11, .ofs_x = 0, .ofs_y = 0},
    {.bitmap_index = 9115, .adv_w = 127, .box_w = 8, .box_h = 11, .ofs_x = -1, .ofs_y = 0},
    {.bitmap_index = 9159, .adv_w = 61, .box_w = 6, .box_h = 14, .ofs_x = -1, .ofs_y = 0},
    {.bitmap_index = 9201, .adv_w = 55, .box_w = 6, .box_h = 12, .ofs_x = -1, .ofs_y = 0},
    {.bitmap_index = 9237, .adv_w = 61, .box_w = 6, .box_h = 13, .ofs_x = -1, .ofs_y = 0},
    {.bitmap_index = 9276, .adv_w = 55, .box_w = 6, .box_h = 11, .ofs_x = -1, .ofs_y = 0},
    {.bitmap_index = 9309, .adv_w = 61, .box_w = 5, .box_h = 13, .ofs_x = -1, .ofs_y = 0},
    {.bitmap_index = 9342, .adv_w = 55, .box_w = 5, .box_h = 11, .ofs_x = -1, .ofs_y = 0},
    {.bitmap_index = 9370, .adv_w = 61, .box_w = 3, .box_h = 14, .ofs_x = 0, .ofs_y = -3},
    {.bitmap_index = 9391, .adv_w = 54, .box_w = 4, .box_h = 14, .ofs_x = -1, .ofs_y = -3},
    {.bitmap_index = 9419, .adv_w = 61, .box_w = 2, .box_h = 13, .ofs_x = 1, .ofs_y = 0},
    {.bitmap_index = 9432, .adv_w = 55, .box_w = 2, .box_h = 8, .ofs_x = 1, .ofs_y = 0},
    {.bitmap_index = 9440, .adv_w = 185, .box_w = 10, .box_h = 11, .ofs_x = 1, .ofs_y = 0},
    {.bitmap_index = 9495, .adv_w = 108, .box_w = 6, .box_h = 14, .ofs_x = 0, .ofs_y = -3},
    {.bitmap_index = 9537, .adv_w = 124, .box_w = 8, .box_h = 14, .ofs_x = 0, .ofs_y = 0},
    {.bitmap_index = 9593, .adv_w = 56, .box_w = 5, .box_h = 14, .ofs_x = -1, .ofs_y = -3},
    {.bitmap_index = 9628, .adv_w = 140, .box_w = 8, .box_h = 14, .ofs_x = 1, .ofs_y = -3},
    {.bitmap_index = 9684, .adv_w = 114, .box_w = 8, .box_h = 15, .ofs_x = 0, .ofs_y = -4},
    {.bitmap_index = 9744, .adv_w = 125, .box_w = 7, .box_h = 8, .ofs_x = 1, .ofs_y = 0},
    {.bitmap_index = 9772, .adv_w = 121, .box_w = 7, .box_h = 14, .ofs_x = 1, .ofs_y = 0},
    {.bitmap_index = 9821, .adv_w = 54, .box_w = 3, .box_h = 14, .ofs_x = 1, .ofs_y = 0},
    {.bitmap_index = 9842, .adv_w = 121, .box_w = 7, .box_h = 15, .ofs_x = 1, .ofs_y = -4},
    {.bitmap_index = 9895, .adv_w = 54, .box_w = 3, .box_h = 15, .ofs_x = 0, .ofs_y = -4},
    {.bitmap_index = 9918, .adv_w = 121, .box_w = 7, .box_h = 11, .ofs_x = 1, .ofs_y = 0},
    {.bitmap_index = 9957, .adv_w = 71, .box_w = 4, .box_h = 11, .ofs_x = 1, .ofs_y = 0},
    {.bitmap_index = 9979, .adv_w = 121, .box_w = 7, .box_h = 11, .ofs_x = 1, .ofs_y = 0},
    {.bitmap_index = 10018, .adv_w = 78, .box_w = 4, .box_h = 11, .ofs_x = 1, .ofs_y = 0},
    {.bitmap_index = 10040, .adv_w = 121, .box_w = 8, .box_h = 11, .ofs_x = 0, .ofs_y = 0},
    {.bitmap_index = 10084, .adv_w = 60, .box_w = 4, .box_h = 11, .ofs_x = 0, .ofs_y = 0},
    {.bitmap_index = 10106, .adv_w = 160, .box_w = 8, .box_h = 14, .ofs_x = 1, .ofs_y = 0},
    {.bitmap_index = 10162, .adv_w = 124, .box_w = 7, .box_h = 11, .ofs_x = 0, .ofs_y = 0},
    {.bitmap_index = 10201, .adv_w = 160, .box_w = 8, .box_h = 15, .ofs_x = 1, .ofs_y = -4},
    {.bitmap_index = 10261, .adv_w = 124, .box_w = 7, .box_h = 12, .ofs_x = 0, .ofs_y = -4},
    {.bitmap_index = 10303, .adv_w = 160, .box_w = 8, .box_h = 14, .ofs_x = 1, .ofs_y = 0},
    {.bitmap_index = 10359, .adv_w = 124, .box_w = 7, .box_h = 11, .ofs_x = 0, .ofs_y = 0},
    {.bitmap_index = 10398, .adv_w = 124, .box_w = 8, .box_h = 11, .ofs_x = -1, .ofs_y = 0},
    {.bitmap_index = 10442, .adv_w = 155, .box_w = 8, .box_h = 14, .ofs_x = 1, .ofs_y = -3},
    {.bitmap_index = 10498, .adv_w = 127, .box_w = 7, .box_h = 11, .ofs_x = 0, .ofs_y = -3},
    {.bitmap_index = 10537, .adv_w = 154, .box_w = 9, .box_h = 13, .ofs_x = 0, .ofs_y = 0},
    {.bitmap_index = 10596, .adv_w = 128, .box_w = 8, .box_h = 11, .ofs_x = 0, .ofs_y = 0},
    {.bitmap_index = 10640, .adv_w = 154, .box_w = 9, .box_h = 14, .ofs_x = 0, .ofs_y = 0},
    {.bitmap_index = 10703, .adv_w = 128, .box_w = 8, .box_h = 11, .ofs_x = 0, .ofs_y = 0},
    {.bitmap_index = 10747, .adv_w = 154, .box_w = 9, .box_h = 14, .ofs_x = 0, .ofs_y = 0},
    {.bitmap_index = 10810, .adv_w = 128, .box_w = 8, .box_h = 11, .ofs_x = 0, .ofs_y = 0},
    {.bitmap_index = 10854, .adv_w = 214, .box_w = 13, .box_h = 11, .ofs_x = 0, .ofs_y = 0},
    {.bitmap_index = 10926, .adv_w = 203, .box_w = 13, .box_h = 8, .ofs_x = 0, .ofs_y = 0},
    {.bitmap_index = 10978, .adv_w = 138, .box_w = 8, .box_h = 14, .ofs_x = 1, .ofs_y = 0},
    {.bitmap_index = 11034, .adv_w = 76, .box_w = 5, .box_h = 11, .ofs_x = 0, .ofs_y = 0},
    {.bitmap_index = 11062, .adv_w = 138, .box_w = 8, .box_h = 15, .ofs_x = 1, .ofs_y = -4},
    {.bitmap_index = 11122, .adv_w = 76, .box_w = 5, .box_h = 13, .ofs_x = 0, .ofs_y = -4},
    {.bitmap_index = 11155, .adv_w = 138, .box_w = 8, .box_h = 14, .ofs_x = 1, .ofs_y = 0},
    {.bitmap_index = 11211, .adv_w = 76, .box_w = 5, .box_h = 11, .ofs_x = 0, .ofs_y = 0},
    {.bitmap_index = 11239, .adv_w = 133, .box_w = 8, .box_h = 14, .ofs_x = 0, .ofs_y = 0},
    {.bitmap_index = 11295, .adv_w = 116, .box_w = 7, .box_h = 11, .ofs_x = 0, .ofs_y = 0},
    {.bitmap_index = 11334, .adv_w = 133, .box_w = 8, .box_h = 14, .ofs_x = 0, .ofs_y = 0},
    {.bitmap_index = 11390, .adv_w = 116, .box_w = 7, .box_h = 11, .ofs_x = 0, .ofs_y = 0},
    {.bitmap_index = 11429, .adv_w = 133, .box_w = 8, .box_h = 14, .ofs_x = 0, .ofs_y = -3},
    {.bitmap_index = 11485, .adv_w = 116, .box_w = 7, .box_h = 11, .ofs_x = 0, .ofs_y = -3},
    {.bitmap_index = 11524, .adv_w = 133, .box_w = 8, .box_h = 14, .ofs_x = 0, .ofs_y = 0},
    {.bitmap_index = 11580, .adv_w = 116, .box_w = 7, .box_h = 11, .ofs_x = 0, .ofs_y = 0},
    {.bitmap_index = 11619, .adv_w = 134, .box_w = 9, .box_h = 14, .ofs_x = 0, .ofs_y = -3},
    {.bitmap_index = 11682, .adv_w = 73, .box_w = 5, .box_h = 13, .ofs_x = 0, .ofs_y = -3},
    {.bitmap_index = 11715, .adv_w = 134, .box_w = 9, .box_h = 14, .ofs_x = 0, .ofs_y = 0},
    {.bitmap_index = 11778, .adv_w = 78, .box_w = 6, .box_h = 12, .ofs_x = 0, .ofs_y = 0},
    {.bitmap_index = 11814, .adv_w = 134, .box_w = 9, .box_h = 11, .ofs_x = 0, .ofs_y = 0},
    {.bitmap_index = 11864, .adv_w = 73, .box_w = 6, .box_h = 10, .ofs_x = -1, .ofs_y = 0},
    {.bitmap_index = 11894, .adv_w = 145, .box_w = 9, .box_h = 14, .ofs_x = 0, .ofs_y = 0},
    {.bitmap_index = 11957, .adv_w = 123, .box_w = 7, .box_h = 12, .ofs_x = 0, .ofs_y = 0},
    {.bitmap_index = 11999, .adv_w = 145, .box_w = 9, .box_h = 13, .ofs_x = 0, .ofs_y = 0},
    {.bitmap_index = 12058, .adv_w = 123, .box_w = 7, .box_h = 11, .ofs_x = 0, .ofs_y = 0},
    {.bitmap_index = 12097, .adv_w = 145, .box_w = 9, .box_h = 14, .ofs_x = 0, .ofs_y = 0},
    {.bitmap_index = 12160, .adv_w = 123, .box_w = 7, .box_h = 11, .ofs_x = 0, .ofs_y = 0},
    {.bitmap_index = 12199, .adv_w = 145, .box_w = 9, .box_h = 14, .ofs_x = 0, .ofs_y = 0},
    {.bitmap_index = 12262, .adv_w = 123, .box_w = 7, .box_h = 12, .ofs_x = 0, .ofs_y = 0},
    {.bitmap_index = 12304, .adv_w = 145, .box_w = 9, .box_h = 14, .ofs_x = 0, .ofs_y = 0},
    {.bitmap_index = 12367, .adv_w = 123, .box_w = 8, .box_h = 11, .ofs_x = 0, .ofs_y = 0},
    {.bitmap_index = 12411, .adv_w = 145, .box_w = 9, .box_h = 14, .ofs_x = 0, .ofs_y = -3},
    {.bitmap_index = 12474, .adv_w = 123, .box_w = 7, .box_h = 11, .ofs_x = 0, .ofs_y = -3},
    {.bitmap_index = 12513, .adv_w = 199, .box_w = 13, .box_h = 14, .ofs_x = 0, .ofs_y = 0},
    {.bitmap_index = 12604, .adv_w = 168, .box_w = 11, .box_h = 11, .ofs_x = 0, .ofs_y = 0},
    {.bitmap_index = 12665, .adv_w = 135, .box_w = 9, .box_h = 14, .ofs_x = 0, .ofs_y = 0},
    {.bitmap_index = 12728, .adv_w = 106, .box_w = 7, .box_h = 14, .ofs_x = 0, .ofs_y = -3},
    {.bitmap_index = 12777, .adv_w = 135, .box_w = 9, .box_h = 13, .ofs_x = 0, .ofs_y = 0},
    {.bitmap_index = 12836, .adv_w = 134, .box_w = 8, .box_h = 14, .ofs_x = 0, .ofs_y = 0},
    {.bitmap_index = 12892, .adv_w = 111, .box_w = 7, .box_h = 11, .ofs_x = 0, .ofs_y = 0},
    {.bitmap_index = 12931, .adv_w = 134, .box_w = 8, .box_h = 13, .ofs_x = 0, .ofs_y = 0},
    {.bitmap_index = 12983, .adv_w = 111, .box_w = 7, .box_h = 11, .ofs_x = 0, .ofs_y = 0},
    {.bitmap_index = 13022, .adv_w = 134, .box_w = 8, .box_h = 14, .ofs_x = 0, .ofs_y = 0},
    {.bitmap_index = 13078, .adv_w = 111, .box_w = 7, .box_h = 11, .ofs_x = 0, .ofs_y = 0},
    {.bitmap_index = 13117, .adv_w = 56, .box_w = 4, .box_h = 11, .ofs_x = 1, .ofs_y = 0},
    {.bitmap_index = 13139, .adv_w = 135, .box_w = 8, .box_h = 11, .ofs_x = 0, .ofs_y = 0},
    {.bitmap_index = 13183, .adv_w = 162, .box_w = 10, .box_h = 11, .ofs_x = 0, .ofs_y = 0},
    {.bitmap_index = 13238, .adv_w = 140, .box_w = 8, .box_h = 11, .ofs_x = 1, .ofs_y = 0},
    {.bitmap_index = 13282, .adv_w = 126, .box_w = 8, .box_h = 11, .ofs_x = 0, .ofs_y = 0},
    {.bitmap_index = 13326, .adv_w = 150, .box_w = 9, .box_h = 11, .ofs_x = 0, .ofs_y = 0},
    {.bitmap_index = 13376, .adv_w = 138, .box_w = 8, .box_h = 11, .ofs_x = 0, .ofs_y = 0},
    {.bitmap_index = 13420, .adv_w = 146, .box_w = 9, .box_h = 11, .ofs_x = 0, .ofs_y = 0},
    {.bitmap_index = 13470, .adv_w = 158, .box_w = 11, .box_h = 11, .ofs_x = 0, .ofs_y = 0},
    {.bitmap_index = 13531, .adv_w = 136, .box_w = 9, .box_h = 8, .ofs_x = 0, .ofs_y = 0},
    {.bitmap_index = 13567, .adv_w = 155, .box_w = 9, .box_h = 11, .ofs_x = 0, .ofs_y = 0},
    {.bitmap_index = 13617, .adv_w = 169, .box_w = 10, .box_h = 11, .ofs_x = 0, .ofs_y = 0},
    {.bitmap_index = 13672, .adv_w = 140, .box_w = 8, .box_h = 11, .ofs_x = 0, .ofs_y = 0},
    {.bitmap_index = 13716, .adv_w = 126, .box_w = 7, .box_h = 11, .ofs_x = 0, .ofs_y = 0},
    {.bitmap_index = 13755, .adv_w = 127, .box_w = 8, .box_h = 11, .ofs_x = 0, .ofs_y = -3},
    {.bitmap_index = 13799, .adv_w = 127, .box_w = 7, .box_h = 11, .ofs_x = 0, .ofs_y = 0},
    {.bitmap_index = 13838, .adv_w = 155, .box_w = 9, .box_h = 11, .ofs_x = 0, .ofs_y = 0},
    {.bitmap_index = 13888, .adv_w = 134, .box_w = 8, .box_h = 11, .ofs_x = 0, .ofs_y = 0},
    {.bitmap_index = 13932, .adv_w = 130, .box_w = 9, .box_h = 14, .ofs_x = -1, .ofs_y = -3},
    {.bitmap_index = 13995, .adv_w = 76, .box_w = 6, .box_h = 15, .ofs_x = -1, .ofs_y = -3},
    {.bitmap_index = 14040, .adv_w = 159, .box_w = 11, .box_h = 11, .ofs_x = 0, .ofs_y = 0},
    {.bitmap_index = 14101, .adv_w = 141, .box_w = 9, .box_h = 14, .ofs_x = 0, .ofs_y = -3},
    {.bitmap_index = 14164, .adv_w = 187, .box_w = 11, .box_h = 11, .ofs_x = 0, .ofs_y = 0},
    {.bitmap_index = 14225, .adv_w = 72, .box_w = 4, .box_h = 11, .ofs_x = 1, .ofs_y = 0},
    {.bitmap_index = 14247, .adv_w = 74, .box_w = 5, .box_h = 11, .ofs_x = 0, .ofs_y = 0},
    {.bitmap_index = 14275, .adv_w = 140, .box_w = 8, .box_h = 11, .ofs_x = 1, .ofs_y = 0},
    {.bitmap_index = 14319, .adv_w = 114, .box_w = 8, .box_h = 11, .ofs_x = 0, .ofs_y = 0},
    {.bitmap_index = 14363, .adv_w = 74, .box_w = 5, .box_h = 11, .ofs_x = 0, .ofs_y = 0},
    {.bitmap_index = 14391, .adv_w = 124, .box_w = 8, .box_h = 11, .ofs_x = 0, .ofs_y = 0},
    {.bitmap_index = 14435, .adv_w = 204, .box_w = 11, .box_h = 11, .ofs_x = 1, .ofs_y = 0},
    {.bitmap_index = 14496, .adv_w = 166, .box_w = 11, .box_h = 14, .ofs_x = -1, .ofs_y = -3},
    {.bitmap_index = 14573, .adv_w = 127, .box_w = 7, .box_h = 11, .ofs_x = 0, .ofs_y = -3},
    {.bitmap_index = 14612, .adv_w = 152, .box_w = 9, .box_h = 11, .ofs_x = 0, .ofs_y = 0},
    {.bitmap_index = 14662, .adv_w = 154, .box_w = 10, .box_h = 12, .ofs_x = 0, .ofs_y = 0},
    {.bitmap_index = 14722, .adv_w = 128, .box_w = 9, .box_h = 9, .ofs_x = 0, .ofs_y = 0},
    {.bitmap_index = 14763, .adv_w = 190, .box_w = 11, .box_h = 14, .ofs_x = 0, .ofs_y = -3},
    {.bitmap_index = 14840, .adv_w = 150, .box_w = 9, .box_h = 11, .ofs_x = 0, .ofs_y = -3},
    {.bitmap_index = 14890, .adv_w = 164, .box_w = 10, .box_h = 11, .ofs_x = 0, .ofs_y = 0},
    {.bitmap_index = 14945, .adv_w = 126, .box_w = 8, .box_h = 13, .ofs_x = 0, .ofs_y = -3},
    {.bitmap_index = 14997, .adv_w = 153, .box_w = 9, .box_h = 15, .ofs_x = 1, .ofs_y = -3},
    {.bitmap_index = 15065, .adv_w = 133, .box_w = 8, .box_h = 11, .ofs_x = 0, .ofs_y = 0},
    {.bitmap_index = 15109, .adv_w = 116, .box_w = 7, .box_h = 8, .ofs_x = 0, .ofs_y = 0},
    {.bitmap_index = 15137, .adv_w = 128, .box_w = 8, .box_h = 11, .ofs_x = 0, .ofs_y = 0},
    {.bitmap_index = 15181, .adv_w = 104, .box_w = 7, .box_h = 15, .ofs_x = 0, .ofs_y = -3},
    {.bitmap_index = 15234, .adv_w = 73, .box_w = 5, .box_h = 13, .ofs_x = 0, .ofs_y = -3},
    {.bitmap_index = 15267, .adv_w = 140, .box_w = 9, .box_h = 11, .ofs_x = 0, .ofs_y = 0},
    {.bitmap_index = 15317, .adv_w = 74, .box_w = 5, .box_h = 11, .ofs_x = 0, .ofs_y = 0},
    {.bitmap_index = 15345, .adv_w = 134, .box_w = 9, .box_h = 14, .ofs_x = 0, .ofs_y = -3},
    {.bitmap_index = 15408, .adv_w = 156, .box_w = 11, .box_h = 11, .ofs_x = 0, .ofs_y = 0},
    {.bitmap_index = 15469, .adv_w = 139, .box_w = 9, .box_h = 9, .ofs_x = 0, .ofs_y = 0},
    {.bitmap_index = 15510, .adv_w = 149, .box_w = 9, .box_h = 11, .ofs_x = 0, .ofs_y = 0},
    {.bitmap_index = 15560, .adv_w = 146, .box_w = 9, .box_h = 12, .ofs_x = 0, .ofs_y = 0},
    {.bitmap_index = 15614, .adv_w = 145, .box_w = 10, .box_h = 11, .ofs_x = 0, .ofs_y = 0},
    {.bitmap_index = 15669, .adv_w = 133, .box_w = 9, .box_h = 13, .ofs_x = 0, .ofs_y = -3},
    {.bitmap_index = 15728, .adv_w = 134, .box_w = 8, .box_h = 11, .ofs_x = 0, .ofs_y = 0},
    {.bitmap_index = 15772, .adv_w = 113, .box_w = 7, .box_h = 8, .ofs_x = 0, .ofs_y = 0},
    {.bitmap_index = 15800, .adv_w = 144, .box_w = 9, .box_h = 14, .ofs_x = 0, .ofs_y = -3},
    {.bitmap_index = 15863, .adv_w = 144, .box_w = 9, .box_h = 14, .ofs_x = 0, .ofs_y = -3},
    {.bitmap_index = 15926, .adv_w = 126, .box_w = 8, .box_h = 11, .ofs_x = 0, .ofs_y = -3},
    {.bitmap_index = 15970, .adv_w = 119, .box_w = 7, .box_h = 11, .ofs_x = 0, .ofs_y = -3},
    {.bitmap_index = 16009, .adv_w = 126, .box_w = 8, .box_h = 11, .ofs_x = 0, .ofs_y = 0},
    {.bitmap_index = 16053, .adv_w = 126, .box_w = 8, .box_h = 11, .ofs_x = 0, .ofs_y = 0},
    {.bitmap_index = 16097, .adv_w = 112, .box_w = 7, .box_h = 8, .ofs_x = 0, .ofs_y = 0},
    {.bitmap_index = 16125, .adv_w = 115, .box_w = 7, .box_h = 10, .ofs_x = 0, .ofs_y = 0},
    {.bitmap_index = 16160, .adv_w = 126, .box_w = 8, .box_h = 11, .ofs_x = 0, .ofs_y = -3},
    {.bitmap_index = 16204, .adv_w = 57, .box_w = 2, .box_h = 11, .ofs_x = 1, .ofs_y = 0},
    {.bitmap_index = 16215, .adv_w = 85, .box_w = 4, .box_h = 11, .ofs_x = 1, .ofs_y = 0},
    {.bitmap_index = 16237, .adv_w = 74, .box_w = 5, .box_h = 11, .ofs_x = 0, .ofs_y = 0},
    {.bitmap_index = 16265, .adv_w = 58, .box_w = 2, .box_h = 11, .ofs_x = 1, .ofs_y = 0},
    {.bitmap_index = 16276, .adv_w = 261, .box_w = 15, .box_h = 14, .ofs_x = 1, .ofs_y = 0},
    {.bitmap_index = 16381, .adv_w = 243, .box_w = 14, .box_h = 11, .ofs_x = 1, .ofs_y = 0},
    {.bitmap_index = 16458, .adv_w = 222, .box_w = 14, .box_h = 12, .ofs_x = 0, .ofs_y = 0},
    {.bitmap_index = 16542, .adv_w = 244, .box_w = 14, .box_h = 11, .ofs_x = 1, .ofs_y = 0},
    {.bitmap_index = 16619, .adv_w = 174, .box_w = 9, .box_h = 14, .ofs_x = 1, .ofs_y = -3},
    {.bitmap_index = 16682, .adv_w = 108, .box_w = 5, .box_h = 14, .ofs_x = 1, .ofs_y = -3},
    {.bitmap_index = 16717, .adv_w = 283, .box_w = 16, .box_h = 11, .ofs_x = 1, .ofs_y = 0},
    {.bitmap_index = 16805, .adv_w = 213, .box_w = 12, .box_h = 14, .ofs_x = 1, .ofs_y = -3},
    {.bitmap_index = 16889, .adv_w = 177, .box_w = 11, .box_h = 14, .ofs_x = 0, .ofs_y = -3},
    {.bitmap_index = 16966, .adv_w = 146, .box_w = 9, .box_h = 14, .ofs_x = 0, .ofs_y = 0},
    {.bitmap_index = 17029, .adv_w = 122, .box_w = 7, .box_h = 11, .ofs_x = 0, .ofs_y = 0},
    {.bitmap_index = 17068, .adv_w = 61, .box_w = 6, .box_h = 14, .ofs_x = -1, .ofs_y = 0},
    {.bitmap_index = 17110, .adv_w = 55, .box_w = 5, .box_h = 11, .ofs_x = -1, .ofs_y = 0},
    {.bitmap_index = 17138, .adv_w = 154, .box_w = 9, .box_h = 14, .ofs_x = 0, .ofs_y = 0},
    {.bitmap_index = 17201, .adv_w = 128, .box_w = 8, .box_h = 11, .ofs_x = 0, .ofs_y = 0},
    {.bitmap_index = 17245, .adv_w = 145, .box_w = 9, .box_h = 14, .ofs_x = 0, .ofs_y = 0},
    {.bitmap_index = 17308, .adv_w = 123, .box_w = 7, .box_h = 11, .ofs_x = 0, .ofs_y = 0},
    {.bitmap_index = 17347, .adv_w = 145, .box_w = 9, .box_h = 15, .ofs_x = 0, .ofs_y = 0},
    {.bitmap_index = 17415, .adv_w = 123, .box_w = 7, .box_h = 13, .ofs_x = 0, .ofs_y = 0},
    {.bitmap_index = 17461, .adv_w = 145, .box_w = 9, .box_h = 15, .ofs_x = 0, .ofs_y = 0},
    {.bitmap_index = 17529, .adv_w = 123, .box_w = 7, .box_h = 14, .ofs_x = 0, .ofs_y = 0},
    {.bitmap_index = 17578, .adv_w = 145, .box_w = 9, .box_h = 15, .ofs_x = 0, .ofs_y = 0},
    {.bitmap_index = 17646, .adv_w = 123, .box_w = 7, .box_h = 14, .ofs_x = 0, .ofs_y = 0},
    {.bitmap_index = 17695, .adv_w = 145, .box_w = 9, .box_h = 15, .ofs_x = 0, .ofs_y = 0},
    {.bitmap_index = 17763, .adv_w = 123, .box_w = 7, .box_h = 14, .ofs_x = 0, .ofs_y = 0},
    {.bitmap_index = 17812, .adv_w = 118, .box_w = 7, .box_h = 8, .ofs_x = 0, .ofs_y = 0},
    {.bitmap_index = 17840, .adv_w = 146, .box_w = 9, .box_h = 15, .ofs_x = 0, .ofs_y = 0},
    {.bitmap_index = 17908, .adv_w = 122, .box_w = 7, .box_h = 13, .ofs_x = 0, .ofs_y = 0},
    {.bitmap_index = 17954, .adv_w = 146, .box_w = 9, .box_h = 15, .ofs_x = 0, .ofs_y = 0},
    {.bitmap_index = 18022, .adv_w = 122, .box_w = 7, .box_h = 13, .ofs_x = 0, .ofs_y = 0},
    {.bitmap_index = 18068, .adv_w = 209, .box_w = 14, .box_h = 13, .ofs_x = -1, .ofs_y = 0},
    {.bitmap_index = 18159, .adv_w = 189, .box_w = 12, .box_h = 11, .ofs_x = 0, .ofs_y = 0},
    {.bitmap_index = 18225, .adv_w = 153, .box_w = 10, .box_h = 11, .ofs_x = 0, .ofs_y = 0},
    {.bitmap_index = 18280, .adv_w = 126, .box_w = 8, .box_h = 12, .ofs_x = 0, .ofs_y = -4},
    {.bitmap_index = 18328, .adv_w = 153, .box_w = 9, .box_h = 14, .ofs_x = 0, .ofs_y = 0},
    {.bitmap_index = 18391, .adv_w = 126, .box_w = 7, .box_h = 14, .ofs_x = 0, .ofs_y = -3},
    {.bitmap_index = 18440, .adv_w = 140, .box_w = 8, .box_h = 14, .ofs_x = 1, .ofs_y = 0},
    {.bitmap_index = 18496, .adv_w = 114, .box_w = 8, .box_h = 14, .ofs_x = 0, .ofs_y = 0},
    {.bitmap_index = 18552, .adv_w = 154, .box_w = 9, .box_h = 14, .ofs_x = 0, .ofs_y = -3},
    {.bitmap_index = 18615, .adv_w = 128, .box_w = 8, .box_h = 11, .ofs_x = 0, .ofs_y = -3},
    {.bitmap_index = 18659, .adv_w = 154, .box_w = 9, .box_h = 16, .ofs_x = 0, .ofs_y = -3},
    {.bitmap_index = 18731, .adv_w = 128, .box_w = 8, .box_h = 14, .ofs_x = 0, .ofs_y = -3},
    {.bitmap_index = 18787, .adv_w = 144, .box_w = 9, .box_h = 17, .ofs_x = 0, .ofs_y = -3},
    {.bitmap_index = 18864, .adv_w = 130, .box_w = 8, .box_h = 14, .ofs_x = 0, .ofs_y = -3},
    {.bitmap_index = 18920, .adv_w = 56, .box_w = 5, .box_h = 14, .ofs_x = -1, .ofs_y = -3},
    {.bitmap_index = 18955, .adv_w = 281, .box_w = 17, .box_h = 11, .ofs_x = 1, .ofs_y = 0},
    {.bitmap_index = 19049, .adv_w = 258, .box_w = 15, .box_h = 11, .ofs_x = 1, .ofs_y = 0},
    {.bitmap_index = 19132, .adv_w = 237, .box_w = 15, .box_h = 11, .ofs_x = 0, .ofs_y = 0},
    {.bitmap_index = 19215, .adv_w = 153, .box_w = 9, .box_h = 14, .ofs_x = 0, .ofs_y = 0},
    {.bitmap_index = 19278, .adv_w = 126, .box_w = 7, .box_h = 14, .ofs_x = 0, .ofs_y = -3},
    {.bitmap_index = 19327, .adv_w = 244, .box_w = 14, .box_h = 11, .ofs_x = 1, .ofs_y = 0},
    {.bitmap_index = 19404, .adv_w = 148, .box_w = 8, .box_h = 14, .ofs_x = 1, .ofs_y = -3},
    {.bitmap_index = 19460, .adv_w = 160, .box_w = 8, .box_h = 14, .ofs_x = 1, .ofs_y = 0},
    {.bitmap_index = 19516, .adv_w = 124, .box_w = 7, .box_h = 11, .ofs_x = 0, .ofs_y = 0},
    {.bitmap_index = 19555, .adv_w = 146, .box_w = 9, .box_h = 14, .ofs_x = 0, .ofs_y = 0},
    {.bitmap_index = 19618, .adv_w = 122, .box_w = 7, .box_h = 12, .ofs_x = 0, .ofs_y = 0},
    {.bitmap_index = 19660, .adv_w = 209, .box_w = 14, .box_h = 14, .ofs_x = -1, .ofs_y = 0},
    {.bitmap_index = 19758, .adv_w = 189, .box_w = 12, .box_h = 11, .ofs_x = 0, .ofs_y = 0},
    {.bitmap_index = 19824, .adv_w = 154, .box_w = 9, .box_h = 15, .ofs_x = 0, .ofs_y = -1},
    {.bitmap_index = 19892, .adv_w = 127, .box_w = 8, .box_h = 12, .ofs_x = 0, .ofs_y = -1},
    {.bitmap_index = 19940, .adv_w = 146, .box_w = 9, .box_h = 13, .ofs_x = 0, .ofs_y = 0},
    {.bitmap_index = 19999, .adv_w = 122, .box_w = 7, .box_h = 11, .ofs_x = 0, .ofs_y = 0},
    {.bitmap_index = 20038, .adv_w = 146, .box_w = 9, .box_h = 14, .ofs_x = 0, .ofs_y = 0},
    {.bitmap_index = 20101, .adv_w = 122, .box_w = 7, .box_h = 11, .ofs_x = 0, .ofs_y = 0},
    {.bitmap_index = 20140, .adv_w = 127, .box_w = 8, .box_h = 13, .ofs_x = 0, .ofs_y = 0},
    {.bitmap_index = 20192, .adv_w = 119, .box_w = 7, .box_h = 11, .ofs_x = 0, .ofs_y = 0},
    {.bitmap_index = 20231, .adv_w = 127, .box_w = 7, .box_h = 14, .ofs_x = 1, .ofs_y = 0},
    {.bitmap_index = 20280, .adv_w = 119, .box_w = 7, .box_h = 11, .ofs_x = 0, .ofs_y = 0},
    {.bitmap_index = 20319, .adv_w = 61, .box_w = 6, .box_h = 13, .ofs_x = -2, .ofs_y = 0},
    {.bitmap_index = 20358, .adv_w = 55, .box_w = 6, .box_h = 11, .ofs_x = -2, .ofs_y = 0},
    {.bitmap_index = 20391, .adv_w = 61, .box_w = 5, .box_h = 14, .ofs_x = -1, .ofs_y = 0},
    {.bitmap_index = 20426, .adv_w = 55, .box_w = 5, .box_h = 11, .ofs_x = -1, .ofs_y = 0},
    {.bitmap_index = 20454, .adv_w = 154, .box_w = 9, .box_h = 13, .ofs_x = 0, .ofs_y = 0},
    {.bitmap_index = 20513, .adv_w = 128, .box_w = 8, .box_h = 11, .ofs_x = 0, .ofs_y = 0},
    {.bitmap_index = 20557, .adv_w = 154, .box_w = 9, .box_h = 14, .ofs_x = 0, .ofs_y = 0},
    {.bitmap_index = 20620, .adv_w = 128, .box_w = 8, .box_h = 11, .ofs_x = 0, .ofs_y = 0},
    {.bitmap_index = 20664, .adv_w = 138, .box_w = 9, .box_h = 13, .ofs_x = 0, .ofs_y = 0},
    {.bitmap_index = 20723, .adv_w = 76, .box_w = 6, .box_h = 11, .ofs_x = -1, .ofs_y = 0},
    {.bitmap_index = 20756, .adv_w = 138, .box_w = 8, .box_h = 14, .ofs_x = 1, .ofs_y = 0},
    {.bitmap_index = 20812, .adv_w = 76, .box_w = 5, .box_h = 11, .ofs_x = 0, .ofs_y = 0},
    {.bitmap_index = 20840, .adv_w = 145, .box_w = 9, .box_h = 13, .ofs_x = 0, .ofs_y = 0},
    {.bitmap_index = 20899, .adv_w = 123, .box_w = 7, .box_h = 11, .ofs_x = 0, .ofs_y = 0},
    {.bitmap_index = 20938, .adv_w = 145, .box_w = 9, .box_h = 14, .ofs_x = 0, .ofs_y = 0},
    {.bitmap_index = 21001, .adv_w = 123, .box_w = 7, .box_h = 11, .ofs_x = 0, .ofs_y = 0},
    {.bitmap_index = 21040, .adv_w = 133, .box_w = 8, .box_h = 15, .ofs_x = 0, .ofs_y = -4},
    {.bitmap_index = 21100, .adv_w = 116, .box_w = 7, .box_h = 12, .ofs_x = 0, .ofs_y = -4},
    {.bitmap_index = 21142, .adv_w = 134, .box_w = 9, .box_h = 15, .ofs_x = 0, .ofs_y = -4},
    {.bitmap_index = 21210, .adv_w = 73, .box_w = 5, .box_h = 14, .ofs_x = 0, .ofs_y = -4},
    {.bitmap_index = 21245, .adv_w = 134, .box_w = 8, .box_h = 15, .ofs_x = 0, .ofs_y = -4},
    {.bitmap_index = 21305, .adv_w = 113, .box_w = 7, .box_h = 11, .ofs_x = 0, .ofs_y = -3},
    {.bitmap_index = 21344, .adv_w = 160, .box_w = 8, .box_h = 14, .ofs_x = 1, .ofs_y = 0},
    {.bitmap_index = 21400, .adv_w = 123, .box_w = 7, .box_h = 14, .ofs_x = 0, .ofs_y = 0},
    {.bitmap_index = 21449, .adv_w = 148, .box_w = 8, .box_h = 14, .ofs_x = 1, .ofs_y = -3},
    {.bitmap_index = 21505, .adv_w = 160, .box_w = 10, .box_h = 14, .ofs_x = 0, .ofs_y = -3},
    {.bitmap_index = 21575, .adv_w = 150, .box_w = 9, .box_h = 11, .ofs_x = 0, .ofs_y = 0},
    {.bitmap_index = 21625, .adv_w = 145, .box_w = 9, .box_h = 11, .ofs_x = 0, .ofs_y = 0},
    {.bitmap_index = 21675, .adv_w = 137, .box_w = 9, .box_h = 13, .ofs_x = 0, .ofs_y = -2},
    {.bitmap_index = 21734, .adv_w = 115, .box_w = 7, .box_h = 10, .ofs_x = 0, .ofs_y = -2},
    {.bitmap_index = 21769, .adv_w = 146, .box_w = 9, .box_h = 13, .ofs_x = 0, .ofs_y = 0},
    {.bitmap_index = 21828, .adv_w = 122, .box_w = 7, .box_h = 11, .ofs_x = 0, .ofs_y = 0},
    {.bitmap_index = 21867, .adv_w = 127, .box_w = 7, .box_h = 14, .ofs_x = 1, .ofs_y = -3},
    {.bitmap_index = 21916, .adv_w = 119, .box_w = 7, .box_h = 11, .ofs_x = 0, .ofs_y = -3},
    {.bitmap_index = 21955, .adv_w = 154, .box_w = 9, .box_h = 15, .ofs_x = 0, .ofs_y = 0},
    {.bitmap_index = 22023, .adv_w = 128, .box_w = 8, .box_h = 13, .ofs_x = 0, .ofs_y = 0},
    {.bitmap_index = 22075, .adv_w = 154, .box_w = 9, .box_h = 15, .ofs_x = 0, .ofs_y = 0},
    {.bitmap_index = 22143, .adv_w = 128, .box_w = 8, .box_h = 13, .ofs_x = 0, .ofs_y = 0},
    {.bitmap_index = 22195, .adv_w = 154, .box_w = 9, .box_h = 13, .ofs_x = 0, .ofs_y = 0},
    {.bitmap_index = 22254, .adv_w = 128, .box_w = 8, .box_h = 11, .ofs_x = 0, .ofs_y = 0},
    {.bitmap_index = 22298, .adv_w = 154, .box_w = 9, .box_h = 15, .ofs_x = 0, .ofs_y = 0},
    {.bitmap_index = 22366, .adv_w = 128, .box_w = 8, .box_h = 13, .ofs_x = 0, .ofs_y = 0},
    {.bitmap_index = 22418, .adv_w = 135, .box_w = 9, .box_h = 13, .ofs_x = 0, .ofs_y = 0},
    {.bitmap_index = 22477, .adv_w = 106, .box_w = 7, .box_h = 14, .ofs_x = 0, .ofs_y = -3},
    {.bitmap_index = 22526, .adv_w = 96, .box_w = 6, .box_h = 14, .ofs_x = 0, .ofs_y = -3},
    {.bitmap_index = 22568, .adv_w = 158, .box_w = 10, .box_h = 11, .ofs_x = 0, .ofs_y = -3},
    {.bitmap_index = 22623, .adv_w = 96, .box_w = 6, .box_h = 10, .ofs_x = 0, .ofs_y = 0},
    {.bitmap_index = 22653, .adv_w = 56, .box_w = 4, .box_h = 11, .ofs_x = -1, .ofs_y = -3},
    {.bitmap_index = 22675, .adv_w = 201, .box_w = 12, .box_h = 11, .ofs_x = 0, .ofs_y = 0},
    {.bitmap_index = 22741, .adv_w = 200, .box_w = 12, .box_h = 11, .ofs_x = 0, .ofs_y = -3},
    {.bitmap_index = 22807, .adv_w = 146, .box_w = 12, .box_h = 13, .ofs_x = -2, .ofs_y = -1},
    {.bitmap_index = 22885, .adv_w = 146, .box_w = 9, .box_h = 13, .ofs_x = 0, .ofs_y = -1},
    {.bitmap_index = 22944, .adv_w = 117, .box_w = 7, .box_h = 14, .ofs_x = 0, .ofs_y = -3},
    {.bitmap_index = 22993, .adv_w = 128, .box_w = 8, .box_h = 11, .ofs_x = 0, .ofs_y = 0},
    {.bitmap_index = 23037, .adv_w = 134, .box_w = 9, .box_h = 13, .ofs_x = 0, .ofs_y = -1},
    {.bitmap_index = 23096, .adv_w = 116, .box_w = 7, .box_h = 11, .ofs_x = 0, .ofs_y = -3},
    {.bitmap_index = 23135, .adv_w = 111, .box_w = 8, .box_h = 11, .ofs_x = 0, .ofs_y = -3},
    {.bitmap_index = 23179, .adv_w = 121, .box_w = 7, .box_h = 11, .ofs_x = 0, .ofs_y = 0},
    {.bitmap_index = 23218, .adv_w = 107, .box_w = 7, .box_h = 8, .ofs_x = 0, .ofs_y = 0},
    {.bitmap_index = 23246, .adv_w = 147, .box_w = 9, .box_h = 11, .ofs_x = 0, .ofs_y = 0},
    {.bitmap_index = 23296, .adv_w = 173, .box_w = 11, .box_h = 11, .ofs_x = 0, .ofs_y = 0},
    {.bitmap_index = 23357, .adv_w = 143, .box_w = 9, .box_h = 11, .ofs_x = 0, .ofs_y = 0},
    {.bitmap_index = 23407, .adv_w = 127, .box_w = 7, .box_h = 13, .ofs_x = 1, .ofs_y = -1},
    {.bitmap_index = 23453, .adv_w = 119, .box_w = 7, .box_h = 14, .ofs_x = 0, .ofs_y = -3},
    {.bitmap_index = 23502, .adv_w = 134, .box_w = 9, .box_h = 11, .ofs_x = 0, .ofs_y = 0},
    {.bitmap_index = 23552, .adv_w = 76, .box_w = 5, .box_h = 14, .ofs_x = 0, .ofs_y = -3},
    {.bitmap_index = 23587, .adv_w = 159, .box_w = 10, .box_h = 14, .ofs_x = 0, .ofs_y = -3},
    {.bitmap_index = 23657, .adv_w = 132, .box_w = 9, .box_h = 11, .ofs_x = 0, .ofs_y = -3},
    {.bitmap_index = 23707, .adv_w = 145, .box_w = 9, .box_h = 11, .ofs_x = 0, .ofs_y = 0},
    {.bitmap_index = 23757, .adv_w = 86, .box_w = 6, .box_h = 9, .ofs_x = 0, .ofs_y = 0},
    {.bitmap_index = 23784, .adv_w = 151, .box_w = 10, .box_h = 11, .ofs_x = 0, .ofs_y = 0},
    {.bitmap_index = 23839, .adv_w = 115, .box_w = 7, .box_h = 11, .ofs_x = 0, .ofs_y = -3},
    {.bitmap_index = 23878, .adv_w = 146, .box_w = 9, .box_h = 14, .ofs_x = 0, .ofs_y = -3},
    {.bitmap_index = 23941, .adv_w = 122, .box_w = 7, .box_h = 11, .ofs_x = 0, .ofs_y = -3},
    {.bitmap_index = 23980, .adv_w = 139, .box_w = 7, .box_h = 13, .ofs_x = 1, .ofs_y = 0},
    {.bitmap_index = 24026, .adv_w = 126, .box_w = 8, .box_h = 13, .ofs_x = 0, .ofs_y = 0},
    {.bitmap_index = 24078, .adv_w = 139, .box_w = 7, .box_h = 14, .ofs_x = 1, .ofs_y = -3},
    {.bitmap_index = 24127, .adv_w = 126, .box_w = 8, .box_h = 14, .ofs_x = 0, .ofs_y = -3},
    {.bitmap_index = 24183, .adv_w = 139, .box_w = 7, .box_h = 14, .ofs_x = 1, .ofs_y = -3},
    {.bitmap_index = 24232, .adv_w = 126, .box_w = 8, .box_h = 14, .ofs_x = 0, .ofs_y = -3},
    {.bitmap_index = 24288, .adv_w = 146, .box_w = 9, .box_h = 17, .ofs_x = 0, .ofs_y = -3},
    {.bitmap_index = 24365, .adv_w = 117, .box_w = 7, .box_h = 14, .ofs_x = 0, .ofs_y = -3},
    {.bitmap_index = 24414, .adv_w = 147, .box_w = 8, .box_h = 13, .ofs_x = 1, .ofs_y = 0},
    {.bitmap_index = 24466, .adv_w = 126, .box_w = 7, .box_h = 13, .ofs_x = 0, .ofs_y = 0},
    {.bitmap_index = 24512, .adv_w = 147, .box_w = 8, .box_h = 14, .ofs_x = 1, .ofs_y = -3},
    {.bitmap_index = 24568, .adv_w = 126, .box_w = 7, .box_h = 14, .ofs_x = 0, .ofs_y = -3},
    {.bitmap_index = 24617, .adv_w = 147, .box_w = 8, .box_h = 14, .ofs_x = 1, .ofs_y = -3},
    {.bitmap_index = 24673, .adv_w = 126, .box_w = 7, .box_h = 14, .ofs_x = 0, .ofs_y = -3},
    {.bitmap_index = 24722, .adv_w = 147, .box_w = 8, .box_h = 15, .ofs_x = 1, .ofs_y = -4},
    {.bitmap_index = 24782, .adv_w = 126, .box_w = 7, .box_h = 15, .ofs_x = 0, .ofs_y = -4},
    {.bitmap_index = 24835, .adv_w = 147, .box_w = 8, .box_h = 14, .ofs_x = 1, .ofs_y = -3},
    {.bitmap_index = 24891, .adv_w = 126, .box_w = 7, .box_h = 14, .ofs_x = 0, .ofs_y = -3},
    {.bitmap_index = 24940, .adv_w = 127, .box_w = 7, .box_h = 15, .ofs_x = 1, .ofs_y = 0},
    {.bitmap_index = 24993, .adv_w = 119, .box_w = 7, .box_h = 14, .ofs_x = 0, .ofs_y = 0},
    {.bitmap_index = 25042, .adv_w = 127, .box_w = 7, .box_h = 15, .ofs_x = 1, .ofs_y = 0},
    {.bitmap_index = 25095, .adv_w = 119, .box_w = 7, .box_h = 14, .ofs_x = 0, .ofs_y = 0},
    {.bitmap_index = 25144, .adv_w = 127, .box_w = 7, .box_h = 14, .ofs_x = 1, .ofs_y = -3},
    {.bitmap_index = 25193, .adv_w = 119, .box_w = 7, .box_h = 11, .ofs_x = 0, .ofs_y = -3},
    {.bitmap_index = 25232, .adv_w = 127, .box_w = 7, .box_h = 14, .ofs_x = 1, .ofs_y = -3},
    {.bitmap_index = 25281, .adv_w = 119, .box_w = 7, .box_h = 11, .ofs_x = 0, .ofs_y = -3},
    {.bitmap_index = 25320, .adv_w = 127, .box_w = 7, .box_h = 17, .ofs_x = 1, .ofs_y = -3},
    {.bitmap_index = 25380, .adv_w = 119, .box_w = 7, .box_h = 14, .ofs_x = 0, .ofs_y = -3},
    {.bitmap_index = 25429, .adv_w = 124, .box_w = 7, .box_h = 13, .ofs_x = 1, .ofs_y = 0},
    {.bitmap_index = 25475, .adv_w = 78, .box_w = 5, .box_h = 14, .ofs_x = 0, .ofs_y = 0},
    {.bitmap_index = 25510, .adv_w = 153, .box_w = 9, .box_h = 13, .ofs_x = 0, .ofs_y = 0},
    {.bitmap_index = 25569, .adv_w = 126, .box_w = 7, .box_h = 14, .ofs_x = 0, .ofs_y = -3},
    {.bitmap_index = 25618, .adv_w = 160, .box_w = 8, .box_h = 13, .ofs_x = 1, .ofs_y = 0},
    {.bitmap_index = 25670, .adv_w = 123, .box_w = 7, .box_h = 13, .ofs_x = 0, .ofs_y = 0},
    {.bitmap_index = 25716, .adv_w = 160, .box_w = 8, .box_h = 14, .ofs_x = 1, .ofs_y = -3},
    {.bitmap_index = 25772, .adv_w = 123, .box_w = 7, .box_h = 14, .ofs_x = 0, .ofs_y = -3},
    {.bitmap_index = 25821, .adv_w = 160, .box_w = 8, .box_h = 13, .ofs_x = 1, .ofs_y = 0},
    {.bitmap_index = 25873, .adv_w = 123, .box_w = 7, .box_h = 13, .ofs_x = 0, .ofs_y = 0},
    {.bitmap_index = 25919, .adv_w = 160, .box_w = 8, .box_h = 14, .ofs_x = 1, .ofs_y = -3},
    {.bitmap_index = 25975, .adv_w = 123, .box_w = 7, .box_h = 14, .ofs_x = 0, .ofs_y = -3},
    {.bitmap_index = 26024, .adv_w = 160, .box_w = 8, .box_h = 14, .ofs_x = 1, .ofs_y = -3},
    {.bitmap_index = 26080, .adv_w = 123, .box_w = 7, .box_h = 14, .ofs_x = 0, .ofs_y = -3},
    {.bitmap_index = 26129, .adv_w = 80, .box_w = 5, .box_h = 14, .ofs_x = 0, .ofs_y = -3},
    {.bitmap_index = 26164, .adv_w = 78, .box_w = 5, .box_h = 14, .ofs_x = 0, .ofs_y = -3},
    {.bitmap_index = 26199, .adv_w = 79, .box_w = 5, .box_h = 15, .ofs_x = 0, .ofs_y = 0},
    {.bitmap_index = 26237, .adv_w = 74, .box_w = 5, .box_h = 13, .ofs_x = 0, .ofs_y = 0},
    {.bitmap_index = 26270, .adv_w = 140, .box_w = 8, .box_h = 14, .ofs_x = 1, .ofs_y = 0},
    {.bitmap_index = 26326, .adv_w = 114, .box_w = 8, .box_h = 14, .ofs_x = 0, .ofs_y = 0},
    {.bitmap_index = 26382, .adv_w = 140, .box_w = 8, .box_h = 13, .ofs_x = 1, .ofs_y = -2},
    {.bitmap_index = 26434, .adv_w = 114, .box_w = 8, .box_h = 13, .ofs_x = 0, .ofs_y = -2},
    {.bitmap_index = 26486, .adv_w = 140, .box_w = 8, .box_h = 13, .ofs_x = 1, .ofs_y = -2},
    {.bitmap_index = 26538, .adv_w = 114, .box_w = 8, .box_h = 14, .ofs_x = 0, .ofs_y = -3},
    {.bitmap_index = 26594, .adv_w = 121, .box_w = 7, .box_h = 14, .ofs_x = 1, .ofs_y = -3},
    {.bitmap_index = 26643, .adv_w = 54, .box_w = 3, .box_h = 14, .ofs_x = 0, .ofs_y = -3},
    {.bitmap_index = 26664, .adv_w = 121, .box_w = 9, .box_h = 16, .ofs_x = -1, .ofs_y = -3},
    {.bitmap_index = 26736, .adv_w = 54, .box_w = 6, .box_h = 17, .ofs_x = -1, .ofs_y = -3},
    {.bitmap_index = 26787, .adv_w = 121, .box_w = 7, .box_h = 14, .ofs_x = 1, .ofs_y = -3},
    {.bitmap_index = 26836, .adv_w = 54, .box_w = 6, .box_h = 14, .ofs_x = -1, .ofs_y = -3},
    {.bitmap_index = 26878, .adv_w = 121, .box_w = 7, .box_h = 14, .ofs_x = 1, .ofs_y = -3},
    {.bitmap_index = 26927, .adv_w = 54, .box_w = 5, .box_h = 14, .ofs_x = -1, .ofs_y = -3},
    {.bitmap_index = 26962, .adv_w = 196, .box_w = 11, .box_h = 14, .ofs_x = 1, .ofs_y = 0},
    {.bitmap_index = 27039, .adv_w = 196, .box_w = 12, .box_h = 11, .ofs_x = 0, .ofs_y = 0},
    {.bitmap_index = 27105, .adv_w = 196, .box_w = 11, .box_h = 13, .ofs_x = 1, .ofs_y = 0},
    {.bitmap_index = 27177, .adv_w = 196, .box_w = 12, .box_h = 11, .ofs_x = 0, .ofs_y = 0},
    {.bitmap_index = 27243, .adv_w = 196, .box_w = 11, .box_h = 14, .ofs_x = 1, .ofs_y = -3},
    {.bitmap_index = 27320, .adv_w = 196, .box_w = 12, .box_h = 11, .ofs_x = 0, .ofs_y = -3},
    {.bitmap_index = 27386, .adv_w = 160, .box_w = 8, .box_h = 13, .ofs_x = 1, .ofs_y = 0},
    {.bitmap_index = 27438, .adv_w = 124, .box_w = 7, .box_h = 11, .ofs_x = 0, .ofs_y = 0},
    {.bitmap_index = 27477, .adv_w = 160, .box_w = 8, .box_h = 14, .ofs_x = 1, .ofs_y = -3},
    {.bitmap_index = 27533, .adv_w = 124, .box_w = 7, .box_h = 11, .ofs_x = 0, .ofs_y = -3},
    {.bitmap_index = 27572, .adv_w = 160, .box_w = 8, .box_h = 14, .ofs_x = 1, .ofs_y = -3},
    {.bitmap_index = 27628, .adv_w = 124, .box_w = 7, .box_h = 11, .ofs_x = 0, .ofs_y = -3},
    {.bitmap_index = 27667, .adv_w = 160, .box_w = 8, .box_h = 14, .ofs_x = 1, .ofs_y = -3},
    {.bitmap_index = 27723, .adv_w = 124, .box_w = 7, .box_h = 11, .ofs_x = 0, .ofs_y = -3},
    {.bitmap_index = 27762, .adv_w = 154, .box_w = 9, .box_h = 15, .ofs_x = 0, .ofs_y = 0},
    {.bitmap_index = 27830, .adv_w = 128, .box_w = 8, .box_h = 14, .ofs_x = 0, .ofs_y = 0},
    {.bitmap_index = 27886, .adv_w = 154, .box_w = 9, .box_h = 15, .ofs_x = 0, .ofs_y = 0},
    {.bitmap_index = 27954, .adv_w = 128, .box_w = 8, .box_h = 13, .ofs_x = 0, .ofs_y = 0},
    {.bitmap_index = 28006, .adv_w = 154, .box_w = 9, .box_h = 15, .ofs_x = 0, .ofs_y = 0},
    {.bitmap_index = 28074, .adv_w = 128, .box_w = 8, .box_h = 14, .ofs_x = 0, .ofs_y = 0},
    {.bitmap_index = 28130, .adv_w = 154, .box_w = 9, .box_h = 15, .ofs_x = 0, .ofs_y = 0},
    {.bitmap_index = 28198, .adv_w = 128, .box_w = 8, .box_h = 14, .ofs_x = 0, .ofs_y = 0},
    {.bitmap_index = 28254, .adv_w = 141, .box_w = 8, .box_h = 14, .ofs_x = 1, .ofs_y = 0},
    {.bitmap_index = 28310, .adv_w = 126, .box_w = 8, .box_h = 14, .ofs_x = 0, .ofs_y = -3},
    {.bitmap_index = 28366, .adv_w = 141, .box_w = 8, .box_h = 13, .ofs_x = 1, .ofs_y = 0},
    {.bitmap_index = 28418, .adv_w = 126, .box_w = 8, .box_h = 14, .ofs_x = 0, .ofs_y = -3},
    {.bitmap_index = 28474, .adv_w = 138, .box_w = 8, .box_h = 13, .ofs_x = 1, .ofs_y = 0},
    {.bitmap_index = 28526, .adv_w = 76, .box_w = 5, .box_h = 11, .ofs_x = 0, .ofs_y = 0},
    {.bitmap_index = 28554, .adv_w = 138, .box_w = 8, .box_h = 14, .ofs_x = 1, .ofs_y = -3},
    {.bitmap_index = 28610, .adv_w = 76, .box_w = 5, .box_h = 12, .ofs_x = 0, .ofs_y = -3},
    {.bitmap_index = 28640, .adv_w = 138, .box_w = 8, .box_h = 16, .ofs_x = 1, .ofs_y = -3},
    {.bitmap_index = 28704, .adv_w = 76, .box_w = 6, .box_h = 14, .ofs_x = 0, .ofs_y = -3},
    {.bitmap_index = 28746, .adv_w = 138, .box_w = 8, .box_h = 14, .ofs_x = 1, .ofs_y = -3},
    {.bitmap_index = 28802, .adv_w = 76, .box_w = 6, .box_h = 12, .ofs_x = -1, .ofs_y = -3},
    {.bitmap_index = 28838, .adv_w = 133, .box_w = 8, .box_h = 13, .ofs_x = 0, .ofs_y = 0},
    {.bitmap_index = 28890, .adv_w = 116, .box_w = 7, .box_h = 11, .ofs_x = 0, .ofs_y = 0},
    {.bitmap_index = 28929, .adv_w = 133, .box_w = 8, .box_h = 14, .ofs_x = 0, .ofs_y = -3},
    {.bitmap_index = 28985, .adv_w = 116, .box_w = 7, .box_h = 11, .ofs_x = 0, .ofs_y = -3},
    {.bitmap_index = 29024, .adv_w = 133, .box_w = 8, .box_h = 15, .ofs_x = 0, .ofs_y = 0},
    {.bitmap_index = 29084, .adv_w = 116, .box_w = 7, .box_h = 14, .ofs_x = 0, .ofs_y = 0},
    {.bitmap_index = 29133, .adv_w = 133, .box_w = 8, .box_h = 15, .ofs_x = 0, .ofs_y = 0},
    {.bitmap_index = 29193, .adv_w = 116, .box_w = 7, .box_h = 14, .ofs_x = 0, .ofs_y = 0},
    {.bitmap_index = 29242, .adv_w = 133, .box_w = 8, .box_h = 16, .ofs_x = 0, .ofs_y = -3},
    {.bitmap_index = 29306, .adv_w = 116, .box_w = 7, .box_h = 14, .ofs_x = 0, .ofs_y = -3},
    {.bitmap_index = 29355, .adv_w = 134, .box_w = 9, .box_h = 13, .ofs_x = 0, .ofs_y = 0},
    {.bitmap_index = 29414, .adv_w = 73, .box_w = 5, .box_h = 12, .ofs_x = 0, .ofs_y = 0},
    {.bitmap_index = 29444, .adv_w = 134, .box_w = 9, .box_h = 14, .ofs_x = 0, .ofs_y = -3},
    {.bitmap_index = 29507, .adv_w = 73, .box_w = 5, .box_h = 13, .ofs_x = 0, .ofs_y = -3},
    {.bitmap_index = 29540, .adv_w = 134, .box_w = 9, .box_h = 14, .ofs_x = 0, .ofs_y = -3},
    {.bitmap_index = 29603, .adv_w = 73, .box_w = 6, .box_h = 13, .ofs_x = 0, .ofs_y = -3},
    {.bitmap_index = 29642, .adv_w = 134, .box_w = 9, .box_h = 14, .ofs_x = 0, .ofs_y = -3},
    {.bitmap_index = 29705, .adv_w = 73, .box_w = 6, .box_h = 13, .ofs_x = 0, .ofs_y = -3},
    {.bitmap_index = 29744, .adv_w = 145, .box_w = 9, .box_h = 14, .ofs_x = 0, .ofs_y = -3},
    {.bitmap_index = 29807, .adv_w = 123, .box_w = 7, .box_h = 11, .ofs_x = 0, .ofs_y = -3},
    {.bitmap_index = 29846, .adv_w = 145, .box_w = 9, .box_h = 14, .ofs_x = 0, .ofs_y = -3},
    {.bitmap_index = 29909, .adv_w = 123, .box_w = 7, .box_h = 11, .ofs_x = 0, .ofs_y = -3},
    {.bitmap_index = 29948, .adv_w = 145, .box_w = 9, .box_h = 14, .ofs_x = 0, .ofs_y = -3},
    {.bitmap_index = 30011, .adv_w = 123, .box_w = 7, .box_h = 11, .ofs_x = 0, .ofs_y = -3},
    {.bitmap_index = 30050, .adv_w = 145, .box_w = 9, .box_h = 15, .ofs_x = 0, .ofs_y = 0},
    {.bitmap_index = 30118, .adv_w = 123, .box_w = 7, .box_h = 14, .ofs_x = 0, .ofs_y = 0},
    {.bitmap_index = 30167, .adv_w = 145, .box_w = 9, .box_h = 15, .ofs_x = 0, .ofs_y = 0},
    {.bitmap_index = 30235, .adv_w = 123, .box_w = 7, .box_h = 13, .ofs_x = 0, .ofs_y = 0},
    {.bitmap_index = 30281, .adv_w = 143, .box_w = 9, .box_h = 14, .ofs_x = 0, .ofs_y = 0},
    {.bitmap_index = 30344, .adv_w = 109, .box_w = 7, .box_h = 12, .ofs_x = 0, .ofs_y = 0},
    {.bitmap_index = 30386, .adv_w = 143, .box_w = 9, .box_h = 14, .ofs_x = 0, .ofs_y = -3},
    {.bitmap_index = 30449, .adv_w = 109, .box_w = 7, .box_h = 11, .ofs_x = 0, .ofs_y = -3},
    {.bitmap_index = 30488, .adv_w = 199, .box_w = 13, .box_h = 14, .ofs_x = 0, .ofs_y = 0},
    {.bitmap_index = 30579, .adv_w = 168, .box_w = 11, .box_h = 11, .ofs_x = 0, .ofs_y = 0},
    {.bitmap_index = 30640, .adv_w = 199, .box_w = 13, .box_h = 14, .ofs_x = 0, .ofs_y = 0},
    {.bitmap_index = 30731, .adv_w = 168, .box_w = 11, .box_h = 11, .ofs_x = 0, .ofs_y = 0},
    {.bitmap_index = 30792, .adv_w = 199, .box_w = 13, .box_h = 13, .ofs_x = 0, .ofs_y = 0},
    {.bitmap_index = 30877, .adv_w = 168, .box_w = 11, .box_h = 11, .ofs_x = 0, .ofs_y = 0},
    {.bitmap_index = 30938, .adv_w = 199, .box_w = 13, .box_h = 13, .ofs_x = 0, .ofs_y = 0},
    {.bitmap_index = 31023, .adv_w = 168, .box_w = 11, .box_h = 11, .ofs_x = 0, .ofs_y = 0},
    {.bitmap_index = 31084, .adv_w = 199, .box_w = 13, .box_h = 14, .ofs_x = 0, .ofs_y = -3},
    {.bitmap_index = 31175, .adv_w = 168, .box_w = 11, .box_h = 11, .ofs_x = 0, .ofs_y = -3},
    {.bitmap_index = 31236, .adv_w = 140, .box_w = 9, .box_h = 13, .ofs_x = 0, .ofs_y = 0},
    {.bitmap_index = 31295, .adv_w = 111, .box_w = 7, .box_h = 11, .ofs_x = 0, .ofs_y = 0},
    {.bitmap_index = 31334, .adv_w = 140, .box_w = 9, .box_h = 13, .ofs_x = 0, .ofs_y = 0},
    {.bitmap_index = 31393, .adv_w = 111, .box_w = 7, .box_h = 11, .ofs_x = 0, .ofs_y = 0},
    {.bitmap_index = 31432, .adv_w = 135, .box_w = 9, .box_h = 13, .ofs_x = 0, .ofs_y = 0},
    {.bitmap_index = 31491, .adv_w = 106, .box_w = 7, .box_h = 14, .ofs_x = 0, .ofs_y = -3},
    {.bitmap_index = 31540, .adv_w = 134, .box_w = 8, .box_h = 14, .ofs_x = 0, .ofs_y = 0},
    {.bitmap_index = 31596, .adv_w = 111, .box_w = 7, .box_h = 11, .ofs_x = 0, .ofs_y = 0},
    {.bitmap_index = 31635, .adv_w = 134, .box_w = 8, .box_h = 14, .ofs_x = 0, .ofs_y = -3},
    {.bitmap_index = 31691, .adv_w = 111, .box_w = 7, .box_h = 11, .ofs_x = 0, .ofs_y = -3},
    {.bitmap_index = 31730, .adv_w = 134, .box_w = 8, .box_h = 14, .ofs_x = 0, .ofs_y = -3},
    {.bitmap_index = 31786, .adv_w = 111, .box_w = 7, .box_h = 11, .ofs_x = 0, .ofs_y = -3},
    {.bitmap_index = 31825, .adv_w = 123, .box_w = 7, .box_h = 14, .ofs_x = 0, .ofs_y = -3},
    {.bitmap_index = 31874, .adv_w = 73, .box_w = 6, .box_h = 12, .ofs_x = -1, .ofs_y = 0},
    {.bitmap_index = 31910, .adv_w = 168, .box_w = 11, .box_h = 12, .ofs_x = 0, .ofs_y = 0},
    {.bitmap_index = 31976, .adv_w = 106, .box_w = 7, .box_h = 15, .ofs_x = 0, .ofs_y = -3},
    {.bitmap_index = 32029, .adv_w = 122, .box_w = 7, .box_h = 12, .ofs_x = 0, .ofs_y = 0},
    {.bitmap_index = 32071, .adv_w = 78, .box_w = 4, .box_h = 14, .ofs_x = 1, .ofs_y = 0},
    {.bitmap_index = 32099, .adv_w = 81, .box_w = 5, .box_h = 11, .ofs_x = 0, .ofs_y = 0},
    {.bitmap_index = 32127, .adv_w = 78, .box_w = 5, .box_h = 11, .ofs_x = 0, .ofs_y = 0},
    {.bitmap_index = 32155, .adv_w = 145, .box_w = 9, .box_h = 11, .ofs_x = 0, .ofs_y = 0},
    {.bitmap_index = 32205, .adv_w = 127, .box_w = 8, .box_h = 12, .ofs_x = 0, .ofs_y = 0},
    {.bitmap_index = 32253, .adv_w = 146, .box_w = 9, .box_h = 14, .ofs_x = 0, .ofs_y = -3},
    {.bitmap_index = 32316, .adv_w = 122, .box_w = 7, .box_h = 11, .ofs_x = 0, .ofs_y = -3},
    {.bitmap_index = 32355, .adv_w = 146, .box_w = 9, .box_h = 14, .ofs_x = 0, .ofs_y = 0},
    {.bitmap_index = 32418, .adv_w = 122, .box_w = 7, .box_h = 12, .ofs_x = 0, .ofs_y = 0},
    {.bitmap_index = 32460, .adv_w = 146, .box_w = 9, .box_h = 15, .ofs_x = 0, .ofs_y = 0},
    {.bitmap_index = 32528, .adv_w = 122, .box_w = 9, .box_h = 13, .ofs_x = 0, .ofs_y = 0},
    {.bitmap_index = 32587, .adv_w = 146, .box_w = 9, .box_h = 15, .ofs_x = 0, .ofs_y = 0},
    {.bitmap_index = 32655, .adv_w = 122, .box_w = 8, .box_h = 13, .ofs_x = -1, .ofs_y = 0},
    {.bitmap_index = 32707, .adv_w = 146, .box_w = 9, .box_h = 15, .ofs_x = 0, .ofs_y = 0},
    {.bitmap_index = 32775, .adv_w = 122, .box_w = 8, .box_h = 13, .ofs_x = 0, .ofs_y = 0},
    {.bitmap_index = 32827, .adv_w = 146, .box_w = 9, .box_h = 15, .ofs_x = 0, .ofs_y = 0},
    {.bitmap_index = 32895, .adv_w = 122, .box_w = 7, .box_h = 13, .ofs_x = 0, .ofs_y = 0},
    {.bitmap_index = 32941, .adv_w = 146, .box_w = 9, .box_h = 17, .ofs_x = 0, .ofs_y = -3},
    {.bitmap_index = 33018, .adv_w = 122, .box_w = 7, .box_h = 14, .ofs_x = 0, .ofs_y = -3},
    {.bitmap_index = 33067, .adv_w = 146, .box_w = 9, .box_h = 15, .ofs_x = 0, .ofs_y = 0},
    {.bitmap_index = 33135, .adv_w = 122, .box_w = 7, .box_h = 12, .ofs_x = 0, .ofs_y = 0},
    {.bitmap_index = 33177, .adv_w = 146, .box_w = 9, .box_h = 15, .ofs_x = 0, .ofs_y = 0},
    {.bitmap_index = 33245, .adv_w = 122, .box_w = 7, .box_h = 12, .ofs_x = 0, .ofs_y = 0},
    {.bitmap_index = 33287, .adv_w = 146, .box_w = 9, .box_h = 16, .ofs_x = 0, .ofs_y = 0},
    {.bitmap_index = 33359, .adv_w = 122, .box_w = 7, .box_h = 13, .ofs_x = 0, .ofs_y = 0},
    {.bitmap_index = 33405, .adv_w = 146, .box_w = 9, .box_h = 16, .ofs_x = 0, .ofs_y = 0},
    {.bitmap_index = 33477, .adv_w = 122, .box_w = 7, .box_h = 13, .ofs_x = 0, .ofs_y = 0},
    {.bitmap_index = 33523, .adv_w = 146, .box_w = 9, .box_h = 16, .ofs_x = 0, .ofs_y = -3},
    {.bitmap_index = 33595, .adv_w = 122, .box_w = 7, .box_h = 14, .ofs_x = 0, .ofs_y = -3},
    {.bitmap_index = 33644, .adv_w = 127, .box_w = 7, .box_h = 14, .ofs_x = 1, .ofs_y = -3},
    {.bitmap_index = 33693, .adv_w = 119, .box_w = 7, .box_h = 11, .ofs_x = 0, .ofs_y = -3},
    {.bitmap_index = 33732, .adv_w = 127, .box_w = 7, .box_h = 15, .ofs_x = 1, .ofs_y = 0},
    {.bitmap_index = 33785, .adv_w = 119, .box_w = 7, .box_h = 12, .ofs_x = 0, .ofs_y = 0},
    {.bitmap_index = 33827, .adv_w = 127, .box_w = 7, .box_h = 14, .ofs_x = 1, .ofs_y = 0},
    {.bitmap_index = 33876, .adv_w = 119, .box_w = 7, .box_h = 12, .ofs_x = 0, .ofs_y = 0},
    {.bitmap_index = 33918, .adv_w = 127, .box_w = 8, .box_h = 15, .ofs_x = 1, .ofs_y = 0},
    {.bitmap_index = 33978, .adv_w = 119, .box_w = 9, .box_h = 13, .ofs_x = 0, .ofs_y = 0},
    {.bitmap_index = 34037, .adv_w = 127, .box_w = 9, .box_h = 15, .ofs_x = -1, .ofs_y = 0},
    {.bitmap_index = 34105, .adv_w = 119, .box_w = 8, .box_h = 13, .ofs_x = -1, .ofs_y = 0},
    {.bitmap_index = 34157, .adv_w = 127, .box_w = 7, .box_h = 15, .ofs_x = 1, .ofs_y = 0},
    {.bitmap_index = 34210, .adv_w = 119, .box_w = 8, .box_h = 13, .ofs_x = 0, .ofs_y = 0},
    {.bitmap_index = 34262, .adv_w = 127, .box_w = 7, .box_h = 15, .ofs_x = 1, .ofs_y = 0},
    {.bitmap_index = 34315, .adv_w = 119, .box_w = 7, .box_h = 13, .ofs_x = 0, .ofs_y = 0},
    {.bitmap_index = 34361, .adv_w = 127, .box_w = 7, .box_h = 17, .ofs_x = 1, .ofs_y = -3},
    {.bitmap_index = 34421, .adv_w = 119, .box_w = 7, .box_h = 14, .ofs_x = 0, .ofs_y = -3},
    {.bitmap_index = 34470, .adv_w = 61, .box_w = 3, .box_h = 15, .ofs_x = 1, .ofs_y = 0},
    {.bitmap_index = 34493, .adv_w = 55, .box_w = 3, .box_h = 12, .ofs_x = 1, .ofs_y = 0},
    {.bitmap_index = 34511, .adv_w = 61, .box_w = 2, .box_h = 14, .ofs_x = 1, .ofs_y = -3},
    {.bitmap_index = 34525, .adv_w = 54, .box_w = 3, .box_h = 14, .ofs_x = 0, .ofs_y = -3},
    {.bitmap_index = 34546, .adv_w = 154, .box_w = 9, .box_h = 14, .ofs_x = 0, .ofs_y = -3},
    {.bitmap_index = 34609, .adv_w = 128, .box_w = 8, .box_h = 11, .ofs_x = 0, .ofs_y = -3},
    {.bitmap_index = 34653, .adv_w = 154, .box_w = 9, .box_h = 15, .ofs_x = 0, .ofs_y = 0},
    {.bitmap_index = 34721, .adv_w = 128, .box_w = 8, .box_h = 12, .ofs_x = 0, .ofs_y = 0},
    {.bitmap_index = 34769, .adv_w = 154, .box_w = 10, .box_h = 15, .ofs_x = 0, .ofs_y = 0},
    {.bitmap_index = 34844, .adv_w = 128, .box_w = 9, .box_h = 13, .ofs_x = 0, .ofs_y = 0},
    {.bitmap_index = 34903, .adv_w = 154, .box_w = 9, .box_h = 15, .ofs_x = 0, .ofs_y = 0},
    {.bitmap_index = 34971, .adv_w = 128, .box_w = 9, .box_h = 13, .ofs_x = -1, .ofs_y = 0},
    {.bitmap_index = 35030, .adv_w = 154, .box_w = 9, .box_h = 15, .ofs_x = 0, .ofs_y = 0},
    {.bitmap_index = 35098, .adv_w = 128, .box_w = 8, .box_h = 13, .ofs_x = 0, .ofs_y = 0},
    {.bitmap_index = 35150, .adv_w = 154, .box_w = 9, .box_h = 15, .ofs_x = 0, .ofs_y = 0},
    {.bitmap_index = 35218, .adv_w = 128, .box_w = 8, .box_h = 13, .ofs_x = 0, .ofs_y = 0},
    {.bitmap_index = 35270, .adv_w = 154, .box_w = 9, .box_h = 17, .ofs_x = 0, .ofs_y = -3},
    {.bitmap_index = 35347, .adv_w = 128, .box_w = 8, .box_h = 14, .ofs_x = 0, .ofs_y = -3},
    {.bitmap_index = 35403, .adv_w = 154, .box_w = 10, .box_h = 14, .ofs_x = 0, .ofs_y = 0},
    {.bitmap_index = 35473, .adv_w = 128, .box_w = 9, .box_h = 11, .ofs_x = 0, .ofs_y = 0},
    {.bitmap_index = 35523, .adv_w = 154, .box_w = 10, .box_h = 14, .ofs_x = 0, .ofs_y = 0},
    {.bitmap_index = 35593, .adv_w = 128, .box_w = 9, .box_h = 11, .ofs_x = 0, .ofs_y = 0},
    {.bitmap_index = 35643, .adv_w = 154, .box_w = 10, .box_h = 15, .ofs_x = 0, .ofs_y = 0},
    {.bitmap_index = 35718, .adv_w = 128, .box_w = 9, .box_h = 12, .ofs_x = 0, .ofs_y = 0},
    {.bitmap_index = 35772, .adv_w = 154, .box_w = 10, .box_h = 14, .ofs_x = 0, .ofs_y = 0},
    {.bitmap_index = 35842, .adv_w = 128, .box_w = 9, .box_h = 12, .ofs_x = 0, .ofs_y = 0},
    {.bitmap_index = 35896, .adv_w = 154, .box_w = 10, .box_h = 15, .ofs_x = 0, .ofs_y = -3},
    {.bitmap_index = 35971, .adv_w = 128, .box_w = 9, .box_h = 12, .ofs_x = 0, .ofs_y = -3},
    {.bitmap_index = 36025, .adv_w = 145, .box_w = 9, .box_h = 14, .ofs_x = 0, .ofs_y = -3},
    {.bitmap_index = 36088, .adv_w = 123, .box_w = 7, .box_h = 11, .ofs_x = 0, .ofs_y = -3},
    {.bitmap_index = 36127, .adv_w = 145, .box_w = 9, .box_h = 15, .ofs_x = 0, .ofs_y = 0},
    {.bitmap_index = 36195, .adv_w = 123, .box_w = 7, .box_h = 12, .ofs_x = 0, .ofs_y = 0},
    {.bitmap_index = 36237, .adv_w = 156, .box_w = 11, .box_h = 14, .ofs_x = 0, .ofs_y = 0},
    {.bitmap_index = 36314, .adv_w = 139, .box_w = 9, .box_h = 11, .ofs_x = 0, .ofs_y = 0},
    {.bitmap_index = 36364, .adv_w = 156, .box_w = 11, .box_h = 14, .ofs_x = 0, .ofs_y = 0},
    {.bitmap_index = 36441, .adv_w = 139, .box_w = 9, .box_h = 11, .ofs_x = 0, .ofs_y = 0},
    {.bitmap_index = 36491, .adv_w = 156, .box_w = 11, .box_h = 15, .ofs_x = 0, .ofs_y = 0},
    {.bitmap_index = 36574, .adv_w = 139, .box_w = 9, .box_h = 12, .ofs_x = 0, .ofs_y = 0},
    {.bitmap_index = 36628, .adv_w = 156, .box_w = 11, .box_h = 14, .ofs_x = 0, .ofs_y = 0},
    {.bitmap_index = 36705, .adv_w = 139, .box_w = 9, .box_h = 12, .ofs_x = 0, .ofs_y = 0},
    {.bitmap_index = 36759, .adv_w = 156, .box_w = 11, .box_h = 14, .ofs_x = 0, .ofs_y = -3},
    {.bitmap_index = 36836, .adv_w = 139, .box_w = 9, .box_h = 12, .ofs_x = 0, .ofs_y = -3},
    {.bitmap_index = 36890, .adv_w = 135, .box_w = 9, .box_h = 14, .ofs_x = 0, .ofs_y = 0},
    {.bitmap_index = 36953, .adv_w = 106, .box_w = 7, .box_h = 14, .ofs_x = 0, .ofs_y = -3},
    {.bitmap_index = 37002, .adv_w = 135, .box_w = 9, .box_h = 14, .ofs_x = 0, .ofs_y = -3},
    {.bitmap_index = 37065, .adv_w = 106, .box_w = 7, .box_h = 12, .ofs_x = 0, .ofs_y = -4},
    {.bitmap_index = 37107, .adv_w = 135, .box_w = 9, .box_h = 14, .ofs_x = 0, .ofs_y = 0},
    {.bitmap_index = 37170, .adv_w = 106, .box_w = 7, .box_h = 15, .ofs_x = 0, .ofs_y = -3},
    {.bitmap_index = 37223, .adv_w = 135, .box_w = 9, .box_h = 14, .ofs_x = 0, .ofs_y = 0},
    {.bitmap_index = 37286, .adv_w = 106, .box_w = 7, .box_h = 15, .ofs_x = 0, .ofs_y = -3},
    {.bitmap_index = 37339, .adv_w = 162, .box_w = 9, .box_h = 11, .ofs_x = 1, .ofs_y = 0},
    {.bitmap_index = 37389, .adv_w = 105, .box_w = 7, .box_h = 11, .ofs_x = 0, .ofs_y = 0},
    {.bitmap_index = 37428, .adv_w = 127, .box_w = 8, .box_h = 11, .ofs_x = 0, .ofs_y = 0},
    {.bitmap_index = 37472, .adv_w = 121, .box_w = 7, .box_h = 12, .ofs_x = 0, .ofs_y = 0},
    {.bitmap_index = 37514, .adv_w = 147, .box_w = 9, .box_h = 11, .ofs_x = 0, .ofs_y = 0},
    {.bitmap_index = 37564, .adv_w = 125, .box_w = 8, .box_h = 11, .ofs_x = 0, .ofs_y = -3},
    {.bitmap_index = 37608, .adv_w = 224, .box_w = 15, .box_h = 15, .ofs_x = -1, .ofs_y = -2},
    {.bitmap_index = 37721, .adv_w = 224, .box_w = 15, .box_h = 15, .ofs_x = -1, .ofs_y = -2},
    {.bitmap_index = 37834, .adv_w = 224, .box_w = 14, .box_h = 15, .ofs_x = 0, .ofs_y = -2},
    {.bitmap_index = 37939, .adv_w = 224, .box_w = 16, .box_h = 13, .ofs_x = -1, .ofs_y = -1},
    {.bitmap_index = 38043, .adv_w = 252, .box_w = 16, .box_h = 15, .ofs_x = 0, .ofs_y = -2},
    {.bitmap_index = 38163, .adv_w = 196, .box_w = 13, .box_h = 15, .ofs_x = 0, .ofs_y = -2},
    {.bitmap_index = 38261, .adv_w = 224, .box_w = 14, .box_h = 11, .ofs_x = 0, .ofs_y = 0},
    {.bitmap_index = 38338, .adv_w = 224, .box_w = 14, .box_h = 13, .ofs_x = 0, .ofs_y = -1},
    {.bitmap_index = 38429, .adv_w = 224, .box_w = 14, .box_h = 13, .ofs_x = 0, .ofs_y = -1},
    {.bitmap_index = 38520, .adv_w = 224, .box_w = 14, .box_h = 13, .ofs_x = 0, .ofs_y = -1},
    {.bitmap_index = 38611, .adv_w = 224, .box_w = 14, .box_h = 11, .ofs_x = 0, .ofs_y = 0},
    {.bitmap_index = 38688, .adv_w = 154, .box_w = 10, .box_h = 11, .ofs_x = 0, .ofs_y = 0},
    {.bitmap_index = 38743, .adv_w = 224, .box_w = 14, .box_h = 15, .ofs_x = 0, .ofs_y = -2},
    {.bitmap_index = 38848, .adv_w = 224, .box_w = 14, .box_h = 15, .ofs_x = 0, .ofs_y = -2},
    {.bitmap_index = 38953, .adv_w = 224, .box_w = 14, .box_h = 15, .ofs_x = 0, .ofs_y = -2},
    {.bitmap_index = 39058, .adv_w = 280, .box_w = 17, .box_h = 15, .ofs_x = 0, .ofs_y = -2},
    {.bitmap_index = 39186, .adv_w = 224, .box_w = 14, .box_h = 15, .ofs_x = 0, .ofs_y = -2},
    {.bitmap_index = 39291, .adv_w = 252, .box_w = 16, .box_h = 13, .ofs_x = 0, .ofs_y = -1},
    {.bitmap_index = 39395, .adv_w = 224, .box_w = 14, .box_h = 15, .ofs_x = 0, .ofs_y = -2},
    {.bitmap_index = 39500, .adv_w = 252, .box_w = 17, .box_h = 11, .ofs_x = -1, .ofs_y = 0},
    {.bitmap_index = 39594, .adv_w = 224, .box_w = 14, .box_h = 15, .ofs_x = 0, .ofs_y = -2},
    {.bitmap_index = 39699, .adv_w = 252, .box_w = 16, .box_h = 11, .ofs_x = 0, .ofs_y = 0},
    {.bitmap_index = 39787, .adv_w = 224, .box_w = 14, .box_h = 15, .ofs_x = 0, .ofs_y = -2},
    {.bitmap_index = 39892, .adv_w = 224, .box_w = 14, .box_h = 15, .ofs_x = 0, .ofs_y = -2},
    {.bitmap_index = 39997, .adv_w = 224, .box_w = 14, .box_h = 13, .ofs_x = 0, .ofs_y = -1},
    {.bitmap_index = 40088, .adv_w = 196, .box_w = 13, .box_h = 15, .ofs_x = 0, .ofs_y = -2},
    {.bitmap_index = 40186, .adv_w = 224, .box_w = 15, .box_h = 15, .ofs_x = 0, .ofs_y = -2},
    {.bitmap_index = 40299, .adv_w = 224, .box_w = 14, .box_h = 13, .ofs_x = 0, .ofs_y = -1},
    {.bitmap_index = 40390, .adv_w = 112, .box_w = 7, .box_h = 12, .ofs_x = 0, .ofs_y = -1},
    {.bitmap_index = 40432, .adv_w = 168, .box_w = 11, .box_h = 12, .ofs_x = 0, .ofs_y = -1},
    {.bitmap_index = 40498, .adv_w = 252, .box_w = 16, .box_h = 14, .ofs_x = 0, .ofs_y = -2},
    {.bitmap_index = 40610, .adv_w = 196, .box_w = 13, .box_h = 13, .ofs_x = 0, .ofs_y = -1},
    {.bitmap_index = 40695, .adv_w = 224, .box_w = 14, .box_h = 11, .ofs_x = 0, .ofs_y = 0},
    {.bitmap_index = 40772, .adv_w = 224, .box_w = 14, .box_h = 15, .ofs_x = 0, .ofs_y = -2},
    {.bitmap_index = 40877, .adv_w = 280, .box_w = 18, .box_h = 15, .ofs_x = 0, .ofs_y = -2},
    {.bitmap_index = 41012, .adv_w = 196, .box_w = 13, .box_h = 15, .ofs_x = 0, .ofs_y = -2},
    {.bitmap_index = 41110, .adv_w = 168, .box_w = 11, .box_h = 15, .ofs_x = 0, .ofs_y = -2},
    {.bitmap_index = 41193, .adv_w = 224, .box_w = 15, .box_h = 15, .ofs_x = 0, .ofs_y = -2},
    {.bitmap_index = 41306, .adv_w = 224, .box_w = 14, .box_h = 13, .ofs_x = 0, .ofs_y = -1},
    {.bitmap_index = 41397, .adv_w = 196, .box_w = 13, .box_h = 13, .ofs_x = 0, .ofs_y = -1},
    {.bitmap_index = 41482, .adv_w = 168, .box_w = 11, .box_h = 13, .ofs_x = 0, .ofs_y = -1},
    {.bitmap_index = 41554, .adv_w = 140, .box_w = 9, .box_h = 13, .ofs_x = 0, .ofs_y = -1},
    {.bitmap_index = 41613, .adv_w = 252, .box_w = 16, .box_h = 13, .ofs_x = 0, .ofs_y = -1},
    {.bitmap_index = 41717, .adv_w = 196, .box_w = 13, .box_h = 13, .ofs_x = 0, .ofs_y = -1},
    {.bitmap_index = 41802, .adv_w = 196, .box_w = 13, .box_h = 13, .ofs_x = 0, .ofs_y = -1},
    {.bitmap_index = 41887, .adv_w = 196, .box_w = 13, .box_h = 13, .ofs_x = 0, .ofs_y = -1},
    {.bitmap_index = 41972, .adv_w = 196, .box_w = 13, .box_h = 13, .ofs_x = 0, .ofs_y = -1},
    {.bitmap_index = 42057, .adv_w = 196, .box_w = 13, .box_h = 13, .ofs_x = 0, .ofs_y = -1},
    {.bitmap_index = 42142, .adv_w = 224, .box_w = 14, .box_h = 13, .ofs_x = 0, .ofs_y = -1},
    {.bitmap_index = 42233, .adv_w = 196, .box_w = 13, .box_h = 13, .ofs_x = 0, .ofs_y = -1},
    {.bitmap_index = 42318, .adv_w = 196, .box_w = 13, .box_h = 13, .ofs_x = 0, .ofs_y = -1},
    {.bitmap_index = 42403, .adv_w = 252, .box_w = 16, .box_h = 11, .ofs_x = 0, .ofs_y = 0},
    {.bitmap_index = 42491, .adv_w = 224, .box_w = 14, .box_h = 11, .ofs_x = 0, .ofs_y = 0},
    {.bitmap_index = 42568, .adv_w = 168, .box_w = 11, .box_h = 15, .ofs_x = 0, .ofs_y = -2},
    {.bitmap_index = 42651, .adv_w = 224, .box_w = 14, .box_h = 15, .ofs_x = 0, .ofs_y = -2},
    {.bitmap_index = 42756, .adv_w = 154, .box_w = 10, .box_h = 15, .ofs_x = 0, .ofs_y = -2},
    {.bitmap_index = 42831, .adv_w = 252, .box_w = 16, .box_h = 15, .ofs_x = 0, .ofs_y = -2},
    {.bitmap_index = 42951, .adv_w = 196, .box_w = 10, .box_h = 14, .ofs_x = 1, .ofs_y = -2},
    {.bitmap_index = 43021, .adv_w = 224, .box_w = 14, .box_h = 12, .ofs_x = 0, .ofs_y = -1},
    {.bitmap_index = 43105, .adv_w = 224, .box_w = 14, .box_h = 12, .ofs_x = 0, .ofs_y = -1},
    {.bitmap_index = 43189, .adv_w = 196, .box_w = 13, .box_h = 15, .ofs_x = 0, .ofs_y = -2},
    {.bitmap_index = 43287, .adv_w = 196, .box_w = 13, .box_h = 13, .ofs_x = 0, .ofs_y = -1},
    {.bitmap_index = 43372, .adv_w = 196, .box_w = 13, .box_h = 13, .ofs_x = 0, .ofs_y = -1},
    {.bitmap_index = 43457, .adv_w = 224, .box_w = 14, .box_h = 12, .ofs_x = 0, .ofs_y = -1},
    {.bitmap_index = 43541, .adv_w = 224, .box_w = 14, .box_h = 12, .ofs_x = 0, .ofs_y = -1},
    {.bitmap_index = 43625, .adv_w = 196, .box_w = 10, .box_h = 14, .ofs_x = 1, .ofs_y = -2},
    {.bitmap_index = 43695, .adv_w = 196, .box_w = 14, .box_h = 13, .ofs_x = -1, .ofs_y = -1},
    {.bitmap_index = 43786, .adv_w = 140, .box_w = 9, .box_h = 13, .ofs_x = 0, .ofs_y = -1},
    {.bitmap_index = 43845, .adv_w = 140, .box_w = 9, .box_h = 13, .ofs_x = 0, .ofs_y = -1},
    {.bitmap_index = 43904, .adv_w = 224, .box_w = 14, .box_h = 15, .ofs_x = 0, .ofs_y = -2},
    {.bitmap_index = 44009, .adv_w = 224, .box_w = 14, .box_h = 15, .ofs_x = 0, .ofs_y = -2},
    {.bitmap_index = 44114, .adv_w = 224, .box_w = 14, .box_h = 15, .ofs_x = 0, .ofs_y = -2},
    {.bitmap_index = 44219, .adv_w = 224, .box_w = 14, .box_h = 15, .ofs_x = 0, .ofs_y = -2},
    {.bitmap_index = 44324, .adv_w = 224, .box_w = 14, .box_h = 15, .ofs_x = 0, .ofs_y = -2},
    {.bitmap_index = 44429, .adv_w = 224, .box_w = 14, .box_h = 15, .ofs_x = 0, .ofs_y = -2},
    {.bitmap_index = 44534, .adv_w = 224, .box_w = 14, .box_h = 15, .ofs_x = 0, .ofs_y = -2},
    {.bitmap_index = 44639, .adv_w = 224, .box_w = 14, .box_h = 15, .ofs_x = 0, .ofs_y = -2},
    {.bitmap_index = 44744, .adv_w = 196, .box_w = 13, .box_h = 13, .ofs_x = 0, .ofs_y = -1},
    {.bitmap_index = 44829, .adv_w = 196, .box_w = 13, .box_h = 13, .ofs_x = 0, .ofs_y = -1},
    {.bitmap_index = 44914, .adv_w = 196, .box_w = 13, .box_h = 13, .ofs_x = 0, .ofs_y = -1},
    {.bitmap_index = 44999, .adv_w = 196, .box_w = 13, .box_h = 13, .ofs_x = 0, .ofs_y = -1},
    {.bitmap_index = 45084, .adv_w = 224, .box_w = 14, .box_h = 13, .ofs_x = 0, .ofs_y = -1},
    {.bitmap_index = 45175, .adv_w = 196, .box_w = 13, .box_h = 13, .ofs_x = 0, .ofs_y = -1},
    {.bitmap_index = 45260, .adv_w = 196, .box_w = 13, .box_h = 13, .ofs_x = 0, .ofs_y = -1},
    {.bitmap_index = 45345, .adv_w = 196, .box_w = 13, .box_h = 13, .ofs_x = 0, .ofs_y = -1},
    {.bitmap_index = 45430, .adv_w = 196, .box_w = 13, .box_h = 4, .ofs_x = 0, .ofs_y = 3},
    {.bitmap_index = 45456, .adv_w = 224, .box_w = 14, .box_h = 15, .ofs_x = 0, .ofs_y = -2},
    {.bitmap_index = 45561, .adv_w = 224, .box_w = 14, .box_h = 15, .ofs_x = 0, .ofs_y = -2},
    {.bitmap_index = 45666, .adv_w = 224, .box_w = 14, .box_h = 13, .ofs_x = 0, .ofs_y = -1},
    {.bitmap_index = 45757, .adv_w = 252, .box_w = 17, .box_h = 15, .ofs_x = -1, .ofs_y = -2},
    {.bitmap_index = 45885, .adv_w = 168, .box_w = 11, .box_h = 15, .ofs_x = 0, .ofs_y = -2},
    {.bitmap_index = 45968, .adv_w = 252, .box_w = 16, .box_h = 11, .ofs_x = 0, .ofs_y = 0},
    {.bitmap_index = 46056, .adv_w = 280, .box_w = 18, .box_h = 15, .ofs_x = 0, .ofs_y = -2},
    {.bitmap_index = 46191, .adv_w = 252, .box_w = 17, .box_h = 15, .ofs_x = -1, .ofs_y = -2},
    {.bitmap_index = 46319, .adv_w = 252, .box_w = 17, .box_h = 15, .ofs_x = -1, .ofs_y = -2},
    {.bitmap_index = 46447, .adv_w = 196, .box_w = 13, .box_h = 15, .ofs_x = 0, .ofs_y = -2},
    {.bitmap_index = 46545, .adv_w = 224, .box_w = 14, .box_h = 13, .ofs_x = 0, .ofs_y = -1},
    {.bitmap_index = 46636, .adv_w = 224, .box_w = 15, .box_h = 13, .ofs_x = -1, .ofs_y = -1},
    {.bitmap_index = 46734, .adv_w = 224, .box_w = 14, .box_h = 14, .ofs_x = 0, .ofs_y = -2},
    {.bitmap_index = 46832, .adv_w = 196, .box_w = 13, .box_h = 8, .ofs_x = 0, .ofs_y = 1},
    {.bitmap_index = 46884, .adv_w = 196, .box_w = 13, .box_h = 8, .ofs_x = 0, .ofs_y = 1},
    {.bitmap_index = 46936, .adv_w = 280, .box_w = 18, .box_h = 11, .ofs_x = 0, .ofs_y = 0},
    {.bitmap_index = 47035, .adv_w = 252, .box_w = 16, .box_h = 15, .ofs_x = 0, .ofs_y = -2},
    {.bitmap_index = 47155, .adv_w = 224, .box_w = 14, .box_h = 11, .ofs_x = 0, .ofs_y = 0},
    {.bitmap_index = 47232, .adv_w = 252, .box_w = 16, .box_h = 11, .ofs_x = 0, .ofs_y = 0},
    {.bitmap_index = 47320, .adv_w = 224, .box_w = 14, .box_h = 11, .ofs_x = 0, .ofs_y = 0},
    {.bitmap_index = 47397, .adv_w = 196, .box_w = 13, .box_h = 13, .ofs_x = 0, .ofs_y = -1},
    {.bitmap_index = 47482, .adv_w = 196, .box_w = 13, .box_h = 13, .ofs_x = 0, .ofs_y = -1},
    {.bitmap_index = 47567, .adv_w = 224, .box_w = 14, .box_h = 13, .ofs_x = 0, .ofs_y = -1},
    {.bitmap_index = 47658, .adv_w = 224, .box_w = 14, .box_h = 15, .ofs_x = 0, .ofs_y = -2},
    {.bitmap_index = 47763, .adv_w = 280, .box_w = 19, .box_h = 15, .ofs_x = -1, .ofs_y = -2},
    {.bitmap_index = 47906, .adv_w = 252, .box_w = 17, .box_h = 13, .ofs_x = -1, .ofs_y = -1},
    {.bitmap_index = 48017, .adv_w = 252, .box_w = 8, .box_h = 15, .ofs_x = 0, .ofs_y = -2},
    {.bitmap_index = 48077, .adv_w = 196, .box_w = 13, .box_h = 13, .ofs_x = 0, .ofs_y = -1},
    {.bitmap_index = 48162, .adv_w = 168, .box_w = 11, .box_h = 15, .ofs_x = 0, .ofs_y = -2},
    {.bitmap_index = 48245, .adv_w = 252, .box_w = 16, .box_h = 15, .ofs_x = 0, .ofs_y = -2},
    {.bitmap_index = 48365, .adv_w = 196, .box_w = 13, .box_h = 13, .ofs_x = 0, .ofs_y = -1},
    {.bitmap_index = 48450, .adv_w = 224, .box_w = 14, .box_h = 15, .ofs_x = 0, .ofs_y = -2},
    {.bitmap_index = 48555, .adv_w = 224, .box_w = 16, .box_h = 15, .ofs_x = -1, .ofs_y = -2},
    {.bitmap_index = 48675, .adv_w = 224, .box_w = 15, .box_h = 15, .ofs_x = -1, .ofs_y = -2},
    {.bitmap_index = 48788, .adv_w = 196, .box_w = 13, .box_h = 13, .ofs_x = 0, .ofs_y = -1},
    {.bitmap_index = 48873, .adv_w = 224, .box_w = 14, .box_h = 12, .ofs_x = 0, .ofs_y = -1},
    {.bitmap_index = 48957, .adv_w = 224, .box_w = 14, .box_h = 15, .ofs_x = 0, .ofs_y = -2},
    {.bitmap_index = 49062, .adv_w = 217, .box_w = 14, .box_h = 15, .ofs_x = 0, .ofs_y = -2},
    {.bitmap_index = 49167, .adv_w = 196, .box_w = 13, .box_h = 15, .ofs_x = 0, .ofs_y = -2},
    {.bitmap_index = 49265, .adv_w = 252, .box_w = 16, .box_h = 13, .ofs_x = 0, .ofs_y = -1},
    {.bitmap_index = 49369, .adv_w = 196, .box_w = 13, .box_h = 13, .ofs_x = 0, .ofs_y = -1},
    {.bitmap_index = 49454, .adv_w = 252, .box_w = 16, .box_h = 11, .ofs_x = 0, .ofs_y = 0},
    {.bitmap_index = 49542, .adv_w = 252, .box_w = 16, .box_h = 15, .ofs_x = 0, .ofs_y = -2},
    {.bitmap_index = 49662, .adv_w = 224, .box_w = 16, .box_h = 15, .ofs_x = -1, .ofs_y = -2},
    {.bitmap_index = 49782, .adv_w = 224, .box_w = 14, .box_h = 11, .ofs_x = 0, .ofs_y = 0},
    {.bitmap_index = 49859, .adv_w = 224, .box_w = 14, .box_h = 11, .ofs_x = 0, .ofs_y = 0},
    {.bitmap_index = 49936, .adv_w = 168, .box_w = 11, .box_h = 15, .ofs_x = 0, .ofs_y = -2},
    {.bitmap_index = 50019, .adv_w = 168, .box_w = 11, .box_h = 15, .ofs_x = 0, .ofs_y = -2},
    {.bitmap_index = 50102, .adv_w = 224, .box_w = 14, .box_h = 15, .ofs_x = 0, .ofs_y = -2},
    {.bitmap_index = 50207, .adv_w = 224, .box_w = 14, .box_h = 15, .ofs_x = 0, .ofs_y = -2},
    {.bitmap_index = 50312, .adv_w = 224, .box_w = 14, .box_h = 15, .ofs_x = 0, .ofs_y = -2},
    {.bitmap_index = 50417, .adv_w = 224, .box_w = 14, .box_h = 15, .ofs_x = 0, .ofs_y = -2},
    {.bitmap_index = 50522, .adv_w = 217, .box_w = 14, .box_h = 15, .ofs_x = 0, .ofs_y = -2},
    {.bitmap_index = 50627, .adv_w = 224, .box_w = 15, .box_h = 15, .ofs_x = 0, .ofs_y = -2},
    {.bitmap_index = 50740, .adv_w = 224, .box_w = 14, .box_h = 13, .ofs_x = 0, .ofs_y = -1},
    {.bitmap_index = 50831, .adv_w = 224, .box_w = 15, .box_h = 15, .ofs_x = -1, .ofs_y = -2},
    {.bitmap_index = 50944, .adv_w = 224, .box_w = 14, .box_h = 13, .ofs_x = 0, .ofs_y = -1},
    {.bitmap_index = 51035, .adv_w = 224, .box_w = 14, .box_h = 15, .ofs_x = 0, .ofs_y = -2},
    {.bitmap_index = 51140, .adv_w = 280, .box_w = 18, .box_h = 13, .ofs_x = 0, .ofs_y = -1},
    {.bitmap_index = 51257, .adv_w = 224, .box_w = 14, .box_h = 15, .ofs_x = 0, .ofs_y = -2},
    {.bitmap_index = 51362, .adv_w = 280, .box_w = 18, .box_h = 13, .ofs_x = 0, .ofs_y = -1},
    {.bitmap_index = 51479, .adv_w = 196, .box_w = 14, .box_h = 15, .ofs_x = -1, .ofs_y = -2},
    {.bitmap_index = 51584, .adv_w = 196, .box_w = 13, .box_h = 13, .ofs_x = 0, .ofs_y = -1},
    {.bitmap_index = 51669, .adv_w = 196, .box_w = 13, .box_h = 15, .ofs_x = 0, .ofs_y = -2},
    {.bitmap_index = 51767, .adv_w = 196, .box_w = 13, .box_h = 15, .ofs_x = 0, .ofs_y = -2},
    {.bitmap_index = 51865, .adv_w = 196, .box_w = 13, .box_h = 13, .ofs_x = 0, .ofs_y = -1},
    {.bitmap_index = 51950, .adv_w = 196, .box_w = 13, .box_h = 13, .ofs_x = 0, .ofs_y = -1},
    {.bitmap_index = 52035, .adv_w = 196, .box_w = 13, .box_h = 12, .ofs_x = 0, .ofs_y = -1},
    {.bitmap_index = 52113, .adv_w = 224, .box_w = 14, .box_h = 13, .ofs_x = 0, .ofs_y = -1},
    {.bitmap_index = 52204, .adv_w = 224, .box_w = 15, .box_h = 13, .ofs_x = -1, .ofs_y = -1},
    {.bitmap_index = 52302, .adv_w = 224, .box_w = 14, .box_h = 13, .ofs_x = 0, .ofs_y = -1},
    {.bitmap_index = 52393, .adv_w = 196, .box_w = 13, .box_h = 15, .ofs_x = 0, .ofs_y = -2},
    {.bitmap_index = 52491, .adv_w = 224, .box_w = 14, .box_h = 13, .ofs_x = 0, .ofs_y = -1},
    {.bitmap_index = 52582, .adv_w = 224, .box_w = 14, .box_h = 15, .ofs_x = 0, .ofs_y = -2},
    {.bitmap_index = 52687, .adv_w = 280, .box_w = 18, .box_h = 15, .ofs_x = 0, .ofs_y = -2},
    {.bitmap_index = 52822, .adv_w = 217, .box_w = 14, .box_h = 15, .ofs_x = 0, .ofs_y = -2},
    {.bitmap_index = 52927, .adv_w = 196, .box_w = 13, .box_h = 13, .ofs_x = 0, .ofs_y = -1},
    {.bitmap_index = 53012, .adv_w = 196, .box_w = 13, .box_h = 13, .ofs_x = 0, .ofs_y = -1},
    {.bitmap_index = 53097, .adv_w = 280, .box_w = 18, .box_h = 11, .ofs_x = 0, .ofs_y = 0},
    {.bitmap_index = 53196, .adv_w = 280, .box_w = 18, .box_h = 11, .ofs_x = 0, .ofs_y = 0},
    {.bitmap_index = 53295, .adv_w = 140, .box_w = 9, .box_h = 5, .ofs_x = 0, .ofs_y = 2},
    {.bitmap_index = 53318, .adv_w = 140, .box_w = 9, .box_h = 6, .ofs_x = 0, .ofs_y = 2},
    {.bitmap_index = 53345, .adv_w = 84, .box_w = 6, .box_h = 9, .ofs_x = 0, .ofs_y = 1},
    {.bitmap_index = 53372, .adv_w = 84, .box_w = 5, .box_h = 9, .ofs_x = 0, .ofs_y = 1},
    {.bitmap_index = 53395, .adv_w = 224, .box_w = 14, .box_h = 13, .ofs_x = 0, .ofs_y = -1},
    {.bitmap_index = 53486, .adv_w = 140, .box_w = 9, .box_h = 12, .ofs_x = 0, .ofs_y = -1},
    {.bitmap_index = 53540, .adv_w = 140, .box_w = 9, .box_h = 6, .ofs_x = 0, .ofs_y = -1},
    {.bitmap_index = 53567, .adv_w = 140, .box_w = 9, .box_h = 5, .ofs_x = 0, .ofs_y = 6},
    {.bitmap_index = 53590, .adv_w = 224, .box_w = 14, .box_h = 11, .ofs_x = 0, .ofs_y = 0},
    {.bitmap_index = 53667, .adv_w = 196, .box_w = 14, .box_h = 13, .ofs_x = -1, .ofs_y = 0},
    {.bitmap_index = 53758, .adv_w = 224, .box_w = 14, .box_h = 15, .ofs_x = 0, .ofs_y = -2},
    {.bitmap_index = 53863, .adv_w = 224, .box_w = 14, .box_h = 15, .ofs_x = 0, .ofs_y = -2},
    {.bitmap_index = 53968, .adv_w = 140, .box_w = 10, .box_h = 15, .ofs_x = -1, .ofs_y = -2},
    {.bitmap_index = 54043, .adv_w = 280, .box_w = 18, .box_h = 15, .ofs_x = 0, .ofs_y = -2},
    {.bitmap_index = 54178, .adv_w = 252, .box_w = 17, .box_h = 15, .ofs_x = -1, .ofs_y = -2},
    {.bitmap_index = 54306, .adv_w = 196, .box_w = 13, .box_h = 15, .ofs_x = 0, .ofs_y = -2},
    {.bitmap_index = 54404, .adv_w = 154, .box_w = 10, .box_h = 15, .ofs_x = 0, .ofs_y = -2},
    {.bitmap_index = 54479, .adv_w = 196, .box_w = 13, .box_h = 15, .ofs_x = 0, .ofs_y = -2},
    {.bitmap_index = 54577, .adv_w = 224, .box_w = 14, .box_h = 15, .ofs_x = 0, .ofs_y = -2},
    {.bitmap_index = 54682, .adv_w = 224, .box_w = 15, .box_h = 13, .ofs_x = 0, .ofs_y = -1},
    {.bitmap_index = 54780, .adv_w = 196, .box_w = 13, .box_h = 15, .ofs_x = 0, .ofs_y = -2},
    {.bitmap_index = 54878, .adv_w = 280, .box_w = 19, .box_h = 13, .ofs_x = -1, .ofs_y = -1},
    {.bitmap_index = 55002, .adv_w = 196, .box_w = 13, .box_h = 15, .ofs_x = 0, .ofs_y = -2},
    {.bitmap_index = 55100, .adv_w = 280, .box_w = 18, .box_h = 15, .ofs_x = 0, .ofs_y = -2},
    {.bitmap_index = 55235, .adv_w = 224, .box_w = 14, .box_h = 13, .ofs_x = 0, .ofs_y = -1},
    {.bitmap_index = 55326, .adv_w = 280, .box_w = 18, .box_h = 13, .ofs_x = 0, .ofs_y = -1},
    {.bitmap_index = 55443, .adv_w = 196, .box_w = 13, .box_h = 13, .ofs_x = 0, .ofs_y = -1},
    {.bitmap_index = 55528, .adv_w = 196, .box_w = 13, .box_h = 13, .ofs_x = 0, .ofs_y = -1},
    {.bitmap_index = 55613, .adv_w = 196, .box_w = 13, .box_h = 13, .ofs_x = 0, .ofs_y = -1},
    {.bitmap_index = 55698, .adv_w = 196, .box_w = 12, .box_h = 10, .ofs_x = 0, .ofs_y = 0},
    {.bitmap_index = 55758, .adv_w = 196, .box_w = 12, .box_h = 10, .ofs_x = 0, .ofs_y = 0},
    {.bitmap_index = 55818, .adv_w = 140, .box_w = 9, .box_h = 12, .ofs_x = 0, .ofs_y = -1},
    {.bitmap_index = 55872, .adv_w = 140, .box_w = 9, .box_h = 12, .ofs_x = 0, .ofs_y = -1},
    {.bitmap_index = 55926, .adv_w = 112, .box_w = 7, .box_h = 10, .ofs_x = 0, .ofs_y = 0},
    {.bitmap_index = 55961, .adv_w = 112, .box_w = 7, .box_h = 10, .ofs_x = 0, .ofs_y = 0},
    {.bitmap_index = 55996, .adv_w = 140, .box_w = 9, .box_h = 7, .ofs_x = 0, .ofs_y = 2},
    {.bitmap_index = 56028, .adv_w = 140, .box_w = 9, .box_h = 7, .ofs_x = 0, .ofs_y = 2},
    {.bitmap_index = 56060, .adv_w = 252, .box_w = 16, .box_h = 15, .ofs_x = 0, .ofs_y = -2},
    {.bitmap_index = 56180, .adv_w = 280, .box_w = 18, .box_h = 15, .ofs_x = 0, .ofs_y = -2},
    {.bitmap_index = 56315, .adv_w = 196, .box_w = 13, .box_h = 15, .ofs_x = 0, .ofs_y = -2},
    {.bitmap_index = 56413, .adv_w = 140, .box_w = 9, .box_h = 15, .ofs_x = 0, .ofs_y = -2},
    {.bitmap_index = 56481, .adv_w = 224, .box_w = 15, .box_h = 13, .ofs_x = 0, .ofs_y = -1},
    {.bitmap_index = 56579, .adv_w = 224, .box_w = 15, .box_h = 13, .ofs_x = -1, .ofs_y = -1},
    {.bitmap_index = 56677, .adv_w = 224, .box_w = 15, .box_h = 15, .ofs_x = 0, .ofs_y = -2},
    {.bitmap_index = 56790, .adv_w = 224, .box_w = 14, .box_h = 15, .ofs_x = 0, .ofs_y = -2},
    {.bitmap_index = 56895, .adv_w = 210, .box_w = 14, .box_h = 11, .ofs_x = 0, .ofs_y = 0},
    {.bitmap_index = 56972, .adv_w = 217, .box_w = 14, .box_h = 15, .ofs_x = 0, .ofs_y = -2},
    {.bitmap_index = 57077, .adv_w = 217, .box_w = 14, .box_h = 15, .ofs_x = 0, .ofs_y = -2},
    {.bitmap_index = 57182, .adv_w = 217, .box_w = 14, .box_h = 15, .ofs_x = 0, .ofs_y = -2},
    {.bitmap_index = 57287, .adv_w = 280, .box_w = 18, .box_h = 10, .ofs_x = 0, .ofs_y = 0},
    {.bitmap_index = 57377, .adv_w = 252, .box_w = 16, .box_h = 11, .ofs_x = 0, .ofs_y = 0},
    {.bitmap_index = 57465, .adv_w = 224, .box_w = 15, .box_h = 15, .ofs_x = 0, .ofs_y = -2},
    {.bitmap_index = 57578, .adv_w = 280, .box_w = 18, .box_h = 13, .ofs_x = 0, .ofs_y = -1},
    {.bitmap_index = 57695, .adv_w = 280, .box_w = 19, .box_h = 15, .ofs_x = -1, .ofs_y = -2},
    {.bitmap_index = 57838, .adv_w = 252, .box_w = 16, .box_h = 13, .ofs_x = 0, .ofs_y = -1},
    {.bitmap_index = 57942, .adv_w = 224, .box_w = 16, .box_h = 15, .ofs_x = -1, .ofs_y = -2},
    {.bitmap_index = 58062, .adv_w = 224, .box_w = 15, .box_h = 15, .ofs_x = 0, .ofs_y = -2},
    {.bitmap_index = 58175, .adv_w = 168, .box_w = 11, .box_h = 15, .ofs_x = 0, .ofs_y = -2},
    {.bitmap_index = 58258, .adv_w = 224, .box_w = 14, .box_h = 15, .ofs_x = 0, .ofs_y = -2},
    {.bitmap_index = 58363, .adv_w = 168, .box_w = 11, .box_h = 15, .ofs_x = 0, .ofs_y = -2},
    {.bitmap_index = 58446, .adv_w = 84, .box_w = 6, .box_h = 15, .ofs_x = 0, .ofs_y = -2},
    {.bitmap_index = 58491, .adv_w = 84, .box_w = 5, .box_h = 15, .ofs_x = 0, .ofs_y = -2},
    {.bitmap_index = 58529, .adv_w = 224, .box_w = 14, .box_h = 13, .ofs_x = 0, .ofs_y = 0},
    {.bitmap_index = 58620, .adv_w = 224, .box_w = 14, .box_h = 13, .ofs_x = 0, .ofs_y = -2},
    {.bitmap_index = 58711, .adv_w = 224, .box_w = 14, .box_h = 13, .ofs_x = 0, .ofs_y = -1},
    {.bitmap_index = 58802, .adv_w = 252, .box_w = 16, .box_h = 15, .ofs_x = 0, .ofs_y = -2},
    {.bitmap_index = 58922, .adv_w = 154, .box_w = 10, .box_h = 15, .ofs_x = 0, .ofs_y = -2},
    {.bitmap_index = 58997, .adv_w = 280, .box_w = 19, .box_h = 16, .ofs_x = -1, .ofs_y = -3},
    {.bitmap_index = 59149, .adv_w = 196, .box_w = 13, .box_h = 15, .ofs_x = 0, .ofs_y = -2},
    {.bitmap_index = 59247, .adv_w = 196, .box_w = 14, .box_h = 15, .ofs_x = -1, .ofs_y = -2},
    {.bitmap_index = 59352, .adv_w = 224, .box_w = 15, .box_h = 15, .ofs_x = -1, .ofs_y = -2},
    {.bitmap_index = 59465, .adv_w = 224, .box_w = 15, .box_h = 11, .ofs_x = 0, .ofs_y = 0},
    {.bitmap_index = 59548, .adv_w = 224, .box_w = 14, .box_h = 15, .ofs_x = 0, .ofs_y = -2},
    {.bitmap_index = 59653, .adv_w = 224, .box_w = 14, .box_h = 15, .ofs_x = 0, .ofs_y = -2},
    {.bitmap_index = 59758, .adv_w = 224, .box_w = 14, .box_h = 15, .ofs_x = 0, .ofs_y = -2},
    {.bitmap_index = 59863, .adv_w = 224, .box_w = 14, .box_h = 15, .ofs_x = 0, .ofs_y = -2},
    {.bitmap_index = 59968, .adv_w = 168, .box_w = 11, .box_h = 14, .ofs_x = 0, .ofs_y = -2},
    {.bitmap_index = 60045, .adv_w = 224, .box_w = 14, .box_h = 13, .ofs_x = 0, .ofs_y = -1},
    {.bitmap_index = 60136, .adv_w = 252, .box_w = 17, .box_h = 15, .ofs_x = -1, .ofs_y = -2},
    {.bitmap_index = 60264, .adv_w = 196, .box_w = 13, .box_h = 15, .ofs_x = 0, .ofs_y = -2},
    {.bitmap_index = 60362, .adv_w = 217, .box_w = 14, .box_h = 15, .ofs_x = 0, .ofs_y = -2},
    {.bitmap_index = 60467, .adv_w = 224, .box_w = 14, .box_h = 5, .ofs_x = 0, .ofs_y = 3},
    {.bitmap_index = 60502, .adv_w = 84, .box_w = 5, .box_h = 14, .ofs_x = 0, .ofs_y = -2},
    {.bitmap_index = 60537, .adv_w = 196, .box_w = 13, .box_h = 13, .ofs_x = 0, .ofs_y = -1},
    {.bitmap_index = 60622, .adv_w = 224, .box_w = 14, .box_h = 15, .ofs_x = 0, .ofs_y = -2},
    {.bitmap_index = 60727, .adv_w = 196, .box_w = 13, .box_h = 13, .ofs_x = 0, .ofs_y = -1},
    {.bitmap_index = 60812, .adv_w = 196, .box_w = 13, .box_h = 13, .ofs_x = 0, .ofs_y = -1},
    {.bitmap_index = 60897, .adv_w = 196, .box_w = 14, .box_h = 13, .ofs_x = -1, .ofs_y = -1},
    {.bitmap_index = 60988, .adv_w = 252, .box_w = 16, .box_h = 15, .ofs_x = 0, .ofs_y = -2},
    {.bitmap_index = 61108, .adv_w = 217, .box_w = 14, .box_h = 15, .ofs_x = 0, .ofs_y = -2},
    {.bitmap_index = 61213, .adv_w = 196, .box_w = 13, .box_h = 13, .ofs_x = 0, .ofs_y = -1},
    {.bitmap_index = 61298, .adv_w = 196, .box_w = 13, .box_h = 13, .ofs_x = 0, .ofs_y = -1},
    {.bitmap_index = 61383, .adv_w = 196, .box_w = 13, .box_h = 13, .ofs_x = 0, .ofs_y = -1},
    {.bitmap_index = 61468, .adv_w = 140, .box_w = 9, .box_h = 13, .ofs_x = 0, .ofs_y = -1},
    {.bitmap_index = 61527, .adv_w = 140, .box_w = 9, .box_h = 13, .ofs_x = 0, .ofs_y = -1},
    {.bitmap_index = 61586, .adv_w = 126, .box_w = 10, .box_h = 15, .ofs_x = -1, .ofs_y = -2},
    {.bitmap_index = 61661, .adv_w = 140, .box_w = 9, .box_h = 13, .ofs_x = 0, .ofs_y = -1},
    {.bitmap_index = 61720, .adv_w = 168, .box_w = 10, .box_h = 13, .ofs_x = 0, .ofs_y = -1},
    {.bitmap_index = 61785, .adv_w = 168, .box_w = 11, .box_h = 14, .ofs_x = 0, .ofs_y = -2},
    {.bitmap_index = 61862, .adv_w = 252, .box_w = 16, .box_h = 13, .ofs_x = 0, .ofs_y = -1},
    {.bitmap_index = 61966, .adv_w = 168, .box_w = 11, .box_h = 15, .ofs_x = 0, .ofs_y = -2},
    {.bitmap_index = 62049, .adv_w = 168, .box_w = 11, .box_h = 15, .ofs_x = 0, .ofs_y = -2},
    {.bitmap_index = 62132, .adv_w = 168, .box_w = 11, .box_h = 15, .ofs_x = 0, .ofs_y = -2},
    {.bitmap_index = 62215, .adv_w = 196, .box_w = 13, .box_h = 13, .ofs_x = 0, .ofs_y = -1},
    {.bitmap_index = 62300, .adv_w = 196, .box_w = 13, .box_h = 13, .ofs_x = 0, .ofs_y = -1},
    {.bitmap_index = 62385, .adv_w = 224, .box_w = 15, .box_h = 13, .ofs_x = 0, .ofs_y = -1},
    {.bitmap_index = 62483, .adv_w = 224, .box_w = 15, .box_h = 13, .ofs_x = 0, .ofs_y = -1},
    {.bitmap_index = 62581, .adv_w = 196, .box_w = 12, .box_h = 13, .ofs_x = 0, .ofs_y = -1},
    {.bitmap_index = 62659, .adv_w = 196, .box_w = 12, .box_h = 13, .ofs_x = 0, .ofs_y = -1},
    {.bitmap_index = 62737, .adv_w = 224, .box_w = 14, .box_h = 15, .ofs_x = 0, .ofs_y = -2},
    {.bitmap_index = 62842, .adv_w = 224, .box_w = 14, .box_h = 15, .ofs_x = 0, .ofs_y = -2},
    {.bitmap_index = 62947, .adv_w = 252, .box_w = 16, .box_h = 12, .ofs_x = 0, .ofs_y = -1},
    {.bitmap_index = 63043, .adv_w = 168, .box_w = 12, .box_h = 13, .ofs_x = -1, .ofs_y = -1},
    {.bitmap_index = 63121, .adv_w = 196, .box_w = 13, .box_h = 13, .ofs_x = 0, .ofs_y = -1},
    {.bitmap_index = 63206, .adv_w = 231, .box_w = 15, .box_h = 13, .ofs_x = 0, .ofs_y = -1},
    {.bitmap_index = 63304, .adv_w = 168, .box_w = 11, .box_h = 13, .ofs_x = 0, .ofs_y = -1},
    {.bitmap_index = 63376, .adv_w = 196, .box_w = 13, .box_h = 13, .ofs_x = 0, .ofs_y = -1},
    {.bitmap_index = 63461, .adv_w = 196, .box_w = 13, .box_h = 13, .ofs_x = 0, .ofs_y = -1},
    {.bitmap_index = 63546, .adv_w = 217, .box_w = 14, .box_h = 14, .ofs_x = 0, .ofs_y = -2},
    {.bitmap_index = 63644, .adv_w = 224, .box_w = 14, .box_h = 13, .ofs_x = 0, .ofs_y = -1},
    {.bitmap_index = 63735, .adv_w = 140, .box_w = 9, .box_h = 15, .ofs_x = 0, .ofs_y = -2},
    {.bitmap_index = 63803, .adv_w = 196, .box_w = 13, .box_h = 13, .ofs_x = 0, .ofs_y = -1},
    {.bitmap_index = 63888, .adv_w = 168, .box_w = 11, .box_h = 13, .ofs_x = 0, .ofs_y = -1},
    {.bitmap_index = 63960, .adv_w = 196, .box_w = 13, .box_h = 13, .ofs_x = 0, .ofs_y = -1},
    {.bitmap_index = 64045, .adv_w = 196, .box_w = 12, .box_h = 14, .ofs_x = 0, .ofs_y = -2},
    {.bitmap_index = 64129, .adv_w = 196, .box_w = 13, .box_h = 15, .ofs_x = 0, .ofs_y = -2},
    {.bitmap_index = 64227, .adv_w = 224, .box_w = 14, .box_h = 15, .ofs_x = 0, .ofs_y = -2},
    {.bitmap_index = 64332, .adv_w = 196, .box_w = 13, .box_h = 13, .ofs_x = 0, .ofs_y = -1},
    {.bitmap_index = 64417, .adv_w = 161, .box_w = 11, .box_h = 16, .ofs_x = 0, .ofs_y = -3},
    {.bitmap_index = 64505, .adv_w = 196, .box_w = 13, .box_h = 13, .ofs_x = 0, .ofs_y = -1},
    {.bitmap_index = 64590, .adv_w = 112, .box_w = 7, .box_h = 15, .ofs_x = 0, .ofs_y = -2},
    {.bitmap_index = 64643, .adv_w = 84, .box_w = 6, .box_h = 15, .ofs_x = 0, .ofs_y = -2},
    {.bitmap_index = 64688, .adv_w = 217, .box_w = 14, .box_h = 15, .ofs_x = 0, .ofs_y = -2},
    {.bitmap_index = 64793, .adv_w = 224, .box_w = 14, .box_h = 15, .ofs_x = 0, .ofs_y = -2},
    {.bitmap_index = 64898, .adv_w = 224, .box_w = 14, .box_h = 15, .ofs_x = 0, .ofs_y = -2},
    {.bitmap_index = 65003, .adv_w = 224, .box_w = 14, .box_h = 13, .ofs_x = 0, .ofs_y = -1},
    {.bitmap_index = 65094, .adv_w = 224, .box_w = 14, .box_h = 15, .ofs_x = 0, .ofs_y = -2},
    {.bitmap_index = 65199, .adv_w = 252, .box_w = 16, .box_h = 10, .ofs_x = 0, .ofs_y = 0},
    {.bitmap_index = 65279, .adv_w = 224, .box_w = 15, .box_h = 12, .ofs_x = 0, .ofs_y = 0},
    {.bitmap_index = 65369, .adv_w = 224, .box_w = 14, .box_h = 14, .ofs_x = 0, .ofs_y = -2},
    {.bitmap_index = 65467, .adv_w = 168, .box_w = 11, .box_h = 14, .ofs_x = 0, .ofs_y = -2},
    {.bitmap_index = 65544, .adv_w = 196, .box_w = 12, .box_h = 15, .ofs_x = 0, .ofs_y = -2},
    {.bitmap_index = 65634, .adv_w = 196, .box_w = 14, .box_h = 13, .ofs_x = -1, .ofs_y = -1},
    {.bitmap_index = 65725, .adv_w = 224, .box_w = 14, .box_h = 15, .ofs_x = 0, .ofs_y = -2},
    {.bitmap_index = 65830, .adv_w = 224, .box_w = 15, .box_h = 15, .ofs_x = 0, .ofs_y = -2},
    {.bitmap_index = 65943, .adv_w = 196, .box_w = 13, .box_h = 13, .ofs_x = 0, .ofs_y = -1},
    {.bitmap_index = 66028, .adv_w = 168, .box_w = 11, .box_h = 13, .ofs_x = 0, .ofs_y = -1},
    {.bitmap_index = 66100, .adv_w = 280, .box_w = 18, .box_h = 13, .ofs_x = 0, .ofs_y = -1},
    {.bitmap_index = 66217, .adv_w = 196, .box_w = 13, .box_h = 13, .ofs_x = 0, .ofs_y = -1},
    {.bitmap_index = 66302, .adv_w = 196, .box_w = 13, .box_h = 13, .ofs_x = 0, .ofs_y = -1},
    {.bitmap_index = 66387, .adv_w = 224, .box_w = 14, .box_h = 14, .ofs_x = 0, .ofs_y = -2},
    {.bitmap_index = 66485, .adv_w = 196, .box_w = 13, .box_h = 12, .ofs_x = 0, .ofs_y = -1},
    {.bitmap_index = 66563, .adv_w = 224, .box_w = 14, .box_h = 13, .ofs_x = 0, .ofs_y = -1},
    {.bitmap_index = 66654, .adv_w = 280, .box_w = 18, .box_h = 11, .ofs_x = 0, .ofs_y = 0},
    {.bitmap_index = 66753, .adv_w = 196, .box_w = 12, .box_h = 15, .ofs_x = 0, .ofs_y = -2},
    {.bitmap_index = 66843, .adv_w = 214, .box_w = 14, .box_h = 15, .ofs_x = 0, .ofs_y = -2},
    {.bitmap_index = 66948, .adv_w = 224, .box_w = 14, .box_h = 15, .ofs_x = 0, .ofs_y = -2},
    {.bitmap_index = 67053, .adv_w = 196, .box_w = 13, .box_h = 13, .ofs_x = 0, .ofs_y = -1},
    {.bitmap_index = 67138, .adv_w = 217, .box_w = 14, .box_h = 15, .ofs_x = 0, .ofs_y = -2},
    {.bitmap_index = 67243, .adv_w = 224, .box_w = 14, .box_h = 11, .ofs_x = 0, .ofs_y = 0},
    {.bitmap_index = 67320, .adv_w = 196, .box_w = 13, .box_h = 13, .ofs_x = 0, .ofs_y = -1},
    {.bitmap_index = 67405, .adv_w = 224, .box_w = 14, .box_h = 10, .ofs_x = 0, .ofs_y = 0},
    {.bitmap_index = 67475, .adv_w = 196, .box_w = 13, .box_h = 13, .ofs_x = 0, .ofs_y = -1},
    {.bitmap_index = 67560, .adv_w = 252, .box_w = 16, .box_h = 15, .ofs_x = 0, .ofs_y = -2},
    {.bitmap_index = 67680, .adv_w = 196, .box_w = 12, .box_h = 13, .ofs_x = 0, .ofs_y = -1},
    {.bitmap_index = 67758, .adv_w = 196, .box_w = 13, .box_h = 13, .ofs_x = 0, .ofs_y = -1},
    {.bitmap_index = 67843, .adv_w = 280, .box_w = 18, .box_h = 10, .ofs_x = 0, .ofs_y = 0},
    {.bitmap_index = 67933, .adv_w = 224, .box_w = 14, .box_h = 15, .ofs_x = 0, .ofs_y = -2},
    {.bitmap_index = 68038, .adv_w = 196, .box_w = 13, .box_h = 15, .ofs_x = 0, .ofs_y = -2},
    {.bitmap_index = 68136, .adv_w = 168, .box_w = 11, .box_h = 15, .ofs_x = 0, .ofs_y = -2},
    {.bitmap_index = 68219, .adv_w = 224, .box_w = 16, .box_h = 13, .ofs_x = -1, .ofs_y = -1},
    {.bitmap_index = 68323, .adv_w = 224, .box_w = 14, .box_h = 15, .ofs_x = 0, .ofs_y = -2},
    {.bitmap_index = 68428, .adv_w = 224, .box_w = 14, .box_h = 13, .ofs_x = 0, .ofs_y = -1},
    {.bitmap_index = 68519, .adv_w = 252, .box_w = 16, .box_h = 11, .ofs_x = 0, .ofs_y = 0},
    {.bitmap_index = 68607, .adv_w = 196, .box_w = 13, .box_h = 13, .ofs_x = 0, .ofs_y = -1},
    {.bitmap_index = 68692, .adv_w = 217, .box_w = 14, .box_h = 15, .ofs_x = 0, .ofs_y = -2},
    {.bitmap_index = 68797, .adv_w = 196, .box_w = 13, .box_h = 13, .ofs_x = 0, .ofs_y = -1},
    {.bitmap_index = 68882, .adv_w = 224, .box_w = 15, .box_h = 15, .ofs_x = -1, .ofs_y = -2},
    {.bitmap_index = 68995, .adv_w = 224, .box_w = 15, .box_h = 11, .ofs_x = 0, .ofs_y = 0},
    {.bitmap_index = 69078, .adv_w = 224, .box_w = 14, .box_h = 13, .ofs_x = 0, .ofs_y = -1},
    {.bitmap_index = 69169, .adv_w = 168, .box_w = 12, .box_h = 15, .ofs_x = -1, .ofs_y = -2},
    {.bitmap_index = 69259, .adv_w = 217, .box_w = 14, .box_h = 15, .ofs_x = 0, .ofs_y = -2},
    {.bitmap_index = 69364, .adv_w = 140, .box_w = 9, .box_h = 15, .ofs_x = 0, .ofs_y = -2},
    {.bitmap_index = 69432, .adv_w = 280, .box_w = 18, .box_h = 9, .ofs_x = 0, .ofs_y = 1},
    {.bitmap_index = 69513, .adv_w = 196, .box_w = 13, .box_h = 15, .ofs_x = 0, .ofs_y = -2},
    {.bitmap_index = 69611, .adv_w = 168, .box_w = 12, .box_h = 15, .ofs_x = -1, .ofs_y = -2},
    {.bitmap_index = 69701, .adv_w = 168, .box_w = 11, .box_h = 15, .ofs_x = 0, .ofs_y = -2},
    {.bitmap_index = 69784, .adv_w = 168, .box_w = 11, .box_h = 15, .ofs_x = 0, .ofs_y = -2},
    {.bitmap_index = 69867, .adv_w = 168, .box_w = 11, .box_h = 15, .ofs_x = 0, .ofs_y = -2},
    {.bitmap_index = 69950, .adv_w = 168, .box_w = 11, .box_h = 15, .ofs_x = 0, .ofs_y = -2},
    {.bitmap_index = 70033, .adv_w = 168, .box_w = 11, .box_h = 15, .ofs_x = 0, .ofs_y = -2},
    {.bitmap_index = 70116, .adv_w = 168, .box_w = 11, .box_h = 15, .ofs_x = 0, .ofs_y = -2},
    {.bitmap_index = 70199, .adv_w = 168, .box_w = 11, .box_h = 15, .ofs_x = 0, .ofs_y = -2},
    {.bitmap_index = 70282, .adv_w = 168, .box_w = 11, .box_h = 15, .ofs_x = 0, .ofs_y = -2},
    {.bitmap_index = 70365, .adv_w = 168, .box_w = 11, .box_h = 13, .ofs_x = 0, .ofs_y = -1},
    {.bitmap_index = 70437, .adv_w = 224, .box_w = 15, .box_h = 15, .ofs_x = 0, .ofs_y = -2},
    {.bitmap_index = 70550, .adv_w = 252, .box_w = 16, .box_h = 11, .ofs_x = 0, .ofs_y = 0},
    {.bitmap_index = 70638, .adv_w = 224, .box_w = 14, .box_h = 15, .ofs_x = 0, .ofs_y = -2},
    {.bitmap_index = 70743, .adv_w = 224, .box_w = 14, .box_h = 14, .ofs_x = 0, .ofs_y = -2},
    {.bitmap_index = 70841, .adv_w = 224, .box_w = 14, .box_h = 15, .ofs_x = 0, .ofs_y = -2},
    {.bitmap_index = 70946, .adv_w = 217, .box_w = 14, .box_h = 15, .ofs_x = 0, .ofs_y = -2},
    {.bitmap_index = 71051, .adv_w = 196, .box_w = 13, .box_h = 13, .ofs_x = 0, .ofs_y = -1},
    {.bitmap_index = 71136, .adv_w = 224, .box_w = 14, .box_h = 12, .ofs_x = 0, .ofs_y = -1},
    {.bitmap_index = 71220, .adv_w = 196, .box_w = 13, .box_h = 13, .ofs_x = 0, .ofs_y = -1},
    {.bitmap_index = 71305, .adv_w = 168, .box_w = 10, .box_h = 15, .ofs_x = 0, .ofs_y = -2},
    {.bitmap_index = 71380, .adv_w = 196, .box_w = 13, .box_h = 15, .ofs_x = 0, .ofs_y = -2},
    {.bitmap_index = 71478, .adv_w = 252, .box_w = 16, .box_h = 13, .ofs_x = 0, .ofs_y = -1},
    {.bitmap_index = 71582, .adv_w = 224, .box_w = 16, .box_h = 15, .ofs_x = -1, .ofs_y = -2},
    {.bitmap_index = 71702, .adv_w = 224, .box_w = 14, .box_h = 15, .ofs_x = 0, .ofs_y = -2},
    {.bitmap_index = 71807, .adv_w = 224, .box_w = 14, .box_h = 13, .ofs_x = 0, .ofs_y = -1},
    {.bitmap_index = 71898, .adv_w = 196, .box_w = 13, .box_h = 13, .ofs_x = 0, .ofs_y = -1},
    {.bitmap_index = 71983, .adv_w = 224, .box_w = 14, .box_h = 13, .ofs_x = 0, .ofs_y = -1},
    {.bitmap_index = 72074, .adv_w = 196, .box_w = 13, .box_h = 15, .ofs_x = 0, .ofs_y = -2},
    {.bitmap_index = 72172, .adv_w = 196, .box_w = 13, .box_h = 13, .ofs_x = 0, .ofs_y = -1},
    {.bitmap_index = 72257, .adv_w = 224, .box_w = 14, .box_h = 15, .ofs_x = 0, .ofs_y = -2},
    {.bitmap_index = 72362, .adv_w = 224, .box_w = 14, .box_h = 15, .ofs_x = 0, .ofs_y = -2},
    {.bitmap_index = 72467, .adv_w = 224, .box_w = 15, .box_h = 15, .ofs_x = 0, .ofs_y = -2},
    {.bitmap_index = 72580, .adv_w = 224, .box_w = 14, .box_h = 13, .ofs_x = 0, .ofs_y = -1},
    {.bitmap_index = 72671, .adv_w = 168, .box_w = 11, .box_h = 15, .ofs_x = 0, .ofs_y = -2},
    {.bitmap_index = 72754, .adv_w = 224, .box_w = 15, .box_h = 15, .ofs_x = 0, .ofs_y = -2},
    {.bitmap_index = 72867, .adv_w = 196, .box_w = 12, .box_h = 13, .ofs_x = 0, .ofs_y = -1},
    {.bitmap_index = 72945, .adv_w = 168, .box_w = 12, .box_h = 15, .ofs_x = -1, .ofs_y = -2},
    {.bitmap_index = 73035, .adv_w = 252, .box_w = 16, .box_h = 11, .ofs_x = 0, .ofs_y = 0},
    {.bitmap_index = 73123, .adv_w = 280, .box_w = 18, .box_h = 13, .ofs_x = 0, .ofs_y = -1},
    {.bitmap_index = 73240, .adv_w = 196, .box_w = 13, .box_h = 15, .ofs_x = 0, .ofs_y = -2},
    {.bitmap_index = 73338, .adv_w = 168, .box_w = 12, .box_h = 13, .ofs_x = -1, .ofs_y = -1},
    {.bitmap_index = 73416, .adv_w = 196, .box_w = 13, .box_h = 13, .ofs_x = 0, .ofs_y = -1},
    {.bitmap_index = 73501, .adv_w = 252, .box_w = 16, .box_h = 13, .ofs_x = 0, .ofs_y = -1},
    {.bitmap_index = 73605, .adv_w = 252, .box_w = 16, .box_h = 13, .ofs_x = 0, .ofs_y = -1},
    {.bitmap_index = 73709, .adv_w = 252, .box_w = 16, .box_h = 13, .ofs_x = 0, .ofs_y = -1},
    {.bitmap_index = 73813, .adv_w = 252, .box_w = 16, .box_h = 13, .ofs_x = 0, .ofs_y = -1},
    {.bitmap_index = 73917, .adv_w = 252, .box_w = 16, .box_h = 13, .ofs_x = 0, .ofs_y = -1},
    {.bitmap_index = 74021, .adv_w = 252, .box_w = 16, .box_h = 13, .ofs_x = 0, .ofs_y = -1},
    {.bitmap_index = 74125, .adv_w = 280, .box_w = 19, .box_h = 15, .ofs_x = -1, .ofs_y = -2},
    {.bitmap_index = 74268, .adv_w = 196, .box_w = 13, .box_h = 15, .ofs_x = 0, .ofs_y = -2},
    {.bitmap_index = 74366, .adv_w = 224, .box_w = 14, .box_h = 15, .ofs_x = 0, .ofs_y = -2},
    {.bitmap_index = 74471, .adv_w = 224, .box_w = 14, .box_h = 15, .ofs_x = 0, .ofs_y = -2},
    {.bitmap_index = 74576, .adv_w = 224, .box_w = 14, .box_h = 15, .ofs_x = 0, .ofs_y = -2},
    {.bitmap_index = 74681, .adv_w = 224, .box_w = 14, .box_h = 15, .ofs_x = 0, .ofs_y = -2},
    {.bitmap_index = 74786, .adv_w = 196, .box_w = 13, .box_h = 15, .ofs_x = 0, .ofs_y = -2},
    {.bitmap_index = 74884, .adv_w = 224, .box_w = 14, .box_h = 11, .ofs_x = 0, .ofs_y = 0},
    {.bitmap_index = 74961, .adv_w = 238, .box_w = 16, .box_h = 15, .ofs_x = -1, .ofs_y = -2},
    {.bitmap_index = 75081, .adv_w = 224, .box_w = 14, .box_h = 11, .ofs_x = 0, .ofs_y = 0},
    {.bitmap_index = 75158, .adv_w = 224, .box_w = 14, .box_h = 9, .ofs_x = 0, .ofs_y = 1},
    {.bitmap_index = 75221, .adv_w = 196, .box_w = 13, .box_h = 13, .ofs_x = 0, .ofs_y = -1},
    {.bitmap_index = 75306, .adv_w = 252, .box_w = 16, .box_h = 11, .ofs_x = 0, .ofs_y = 0},
    {.bitmap_index = 75394, .adv_w = 252, .box_w = 16, .box_h = 11, .ofs_x = 0, .ofs_y = 0},
    {.bitmap_index = 75482, .adv_w = 280, .box_w = 18, .box_h = 12, .ofs_x = 0, .ofs_y = -1},
    {.bitmap_index = 75590, .adv_w = 224, .box_w = 14, .box_h = 15, .ofs_x = 0, .ofs_y = -2},
    {.bitmap_index = 75695, .adv_w = 280, .box_w = 18, .box_h = 15, .ofs_x = 0, .ofs_y = -2},
    {.bitmap_index = 75830, .adv_w = 196, .box_w = 10, .box_h = 15, .ofs_x = 1, .ofs_y = -2},
    {.bitmap_index = 75905, .adv_w = 224, .box_w = 14, .box_h = 11, .ofs_x = 0, .ofs_y = 0},
    {.bitmap_index = 75982, .adv_w = 196, .box_w = 13, .box_h = 13, .ofs_x = 0, .ofs_y = -1},
    {.bitmap_index = 76067, .adv_w = 196, .box_w = 13, .box_h = 13, .ofs_x = 0, .ofs_y = -1},
    {.bitmap_index = 76152, .adv_w = 252, .box_w = 16, .box_h = 14, .ofs_x = 0, .ofs_y = -2},
    {.bitmap_index = 76264, .adv_w = 196, .box_w = 12, .box_h = 15, .ofs_x = 0, .ofs_y = -2},
    {.bitmap_index = 76354, .adv_w = 196, .box_w = 13, .box_h = 13, .ofs_x = 0, .ofs_y = -1},
    {.bitmap_index = 76439, .adv_w = 252, .box_w = 16, .box_h = 11, .ofs_x = 0, .ofs_y = 0},
    {.bitmap_index = 76527, .adv_w = 280, .box_w = 18, .box_h = 13, .ofs_x = 0, .ofs_y = -1},
    {.bitmap_index = 76644, .adv_w = 196, .box_w = 13, .box_h = 15, .ofs_x = 0, .ofs_y = -2},
    {.bitmap_index = 76742, .adv_w = 224, .box_w = 14, .box_h = 11, .ofs_x = 0, .ofs_y = 0},
    {.bitmap_index = 76819, .adv_w = 280, .box_w = 18, .box_h = 11, .ofs_x = 0, .ofs_y = 0},
    {.bitmap_index = 76918, .adv_w = 252, .box_w = 16, .box_h = 15, .ofs_x = 0, .ofs_y = -2},
    {.bitmap_index = 77038, .adv_w = 252, .box_w = 16, .box_h = 15, .ofs_x = 0, .ofs_y = -2},
    {.bitmap_index = 77158, .adv_w = 280, .box_w = 18, .box_h = 15, .ofs_x = 0, .ofs_y = -2},
    {.bitmap_index = 77293, .adv_w = 196, .box_w = 13, .box_h = 15, .ofs_x = 0, .ofs_y = -2},
    {.bitmap_index = 77391, .adv_w = 280, .box_w = 19, .box_h = 12, .ofs_x = -1, .ofs_y = -1},
    {.bitmap_index = 77505, .adv_w = 224, .box_w = 14, .box_h = 15, .ofs_x = 0, .ofs_y = -2},
    {.bitmap_index = 77610, .adv_w = 224, .box_w = 16, .box_h = 13, .ofs_x = -1, .ofs_y = -1},
    {.bitmap_index = 77714, .adv_w = 126, .box_w = 8, .box_h = 13, .ofs_x = 0, .ofs_y = -1},
    {.bitmap_index = 77766, .adv_w = 168, .box_w = 11, .box_h = 11, .ofs_x = 0, .ofs_y = 0},
    {.bitmap_index = 77827, .adv_w = 126, .box_w = 8, .box_h = 15, .ofs_x = 0, .ofs_y = -2},
    {.bitmap_index = 77887, .adv_w = 168, .box_w = 11, .box_h = 15, .ofs_x = 0, .ofs_y = -2},
    {.bitmap_index = 77970, .adv_w = 210, .box_w = 14, .box_h = 15, .ofs_x = 0, .ofs_y = -2},
    {.bitmap_index = 78075, .adv_w = 224, .box_w = 14, .box_h = 13, .ofs_x = 0, .ofs_y = -1},
    {.bitmap_index = 78166, .adv_w = 224, .box_w = 14, .box_h = 15, .ofs_x = 0, .ofs_y = -2},
    {.bitmap_index = 78271, .adv_w = 252, .box_w = 16, .box_h = 15, .ofs_x = 0, .ofs_y = -2},
    {.bitmap_index = 78391, .adv_w = 168, .box_w = 11, .box_h = 11, .ofs_x = 0, .ofs_y = 0},
    {.bitmap_index = 78452, .adv_w = 126, .box_w = 8, .box_h = 14, .ofs_x = 0, .ofs_y = -1},
    {.bitmap_index = 78508, .adv_w = 210, .box_w = 14, .box_h = 9, .ofs_x = 0, .ofs_y = 1},
    {.bitmap_index = 78571, .adv_w = 126, .box_w = 8, .box_h = 13, .ofs_x = 0, .ofs_y = -1},
    {.bitmap_index = 78623, .adv_w = 126, .box_w = 8, .box_h = 9, .ofs_x = 0, .ofs_y = 1},
    {.bitmap_index = 78659, .adv_w = 168, .box_w = 11, .box_h = 15, .ofs_x = 0, .ofs_y = -2},
    {.bitmap_index = 78742, .adv_w = 196, .box_w = 13, .box_h = 13, .ofs_x = 0, .ofs_y = -1},
    {.bitmap_index = 78827, .adv_w = 224, .box_w = 14, .box_h = 13, .ofs_x = 0, .ofs_y = -1},
    {.bitmap_index = 78918, .adv_w = 280, .box_w = 18, .box_h = 15, .ofs_x = 0, .ofs_y = -2},
    {.bitmap_index = 79053, .adv_w = 280, .box_w = 18, .box_h = 15, .ofs_x = 0, .ofs_y = -2},
    {.bitmap_index = 79188, .adv_w = 280, .box_w = 18, .box_h = 11, .ofs_x = 0, .ofs_y = 0},
    {.bitmap_index = 79287, .adv_w = 168, .box_w = 11, .box_h = 13, .ofs_x = 0, .ofs_y = -1},
    {.bitmap_index = 79359, .adv_w = 196, .box_w = 13, .box_h = 15, .ofs_x = 0, .ofs_y = -2},
    {.bitmap_index = 79457, .adv_w = 196, .box_w = 13, .box_h = 15, .ofs_x = 0, .ofs_y = -2},
    {.bitmap_index = 79555, .adv_w = 196, .box_w = 13, .box_h = 13, .ofs_x = 0, .ofs_y = -1},
    {.bitmap_index = 79640, .adv_w = 196, .box_w = 13, .box_h = 13, .ofs_x = 0, .ofs_y = -1},
    {.bitmap_index = 79725, .adv_w = 252, .box_w = 17, .box_h = 14, .ofs_x = -1, .ofs_y = -2},
    {.bitmap_index = 79844, .adv_w = 280, .box_w = 18, .box_h = 14, .ofs_x = 0, .ofs_y = -2},
    {.bitmap_index = 79970, .adv_w = 217, .box_w = 14, .box_h = 15, .ofs_x = 0, .ofs_y = -2},
    {.bitmap_index = 80075, .adv_w = 280, .box_w = 18, .box_h = 10, .ofs_x = 0, .ofs_y = 0},
    {.bitmap_index = 80165, .adv_w = 280, .box_w = 18, .box_h = 10, .ofs_x = 0, .ofs_y = 0},
    {.bitmap_index = 80255, .adv_w = 280, .box_w = 18, .box_h = 10, .ofs_x = 0, .ofs_y = 0},
    {.bitmap_index = 80345, .adv_w = 280, .box_w = 18, .box_h = 10, .ofs_x = 0, .ofs_y = 0},
    {.bitmap_index = 80435, .adv_w = 280, .box_w = 18, .box_h = 10, .ofs_x = 0, .ofs_y = 0},
    {.bitmap_index = 80525, .adv_w = 140, .box_w = 9, .box_h = 15, .ofs_x = 0, .ofs_y = -2},
    {.bitmap_index = 80593, .adv_w = 112, .box_w = 7, .box_h = 15, .ofs_x = 0, .ofs_y = -2},
    {.bitmap_index = 80646, .adv_w = 224, .box_w = 14, .box_h = 13, .ofs_x = 0, .ofs_y = -1},
    {.bitmap_index = 80737, .adv_w = 252, .box_w = 16, .box_h = 13, .ofs_x = 0, .ofs_y = -1},
    {.bitmap_index = 80841, .adv_w = 196, .box_w = 13, .box_h = 13, .ofs_x = 0, .ofs_y = -1},
    {.bitmap_index = 80926, .adv_w = 252, .box_w = 16, .box_h = 13, .ofs_x = 0, .ofs_y = -1},
    {.bitmap_index = 81030, .adv_w = 252, .box_w = 16, .box_h = 13, .ofs_x = 0, .ofs_y = -1},
    {.bitmap_index = 81134, .adv_w = 224, .box_w = 14, .box_h = 15, .ofs_x = 0, .ofs_y = -2},
    {.bitmap_index = 81239, .adv_w = 280, .box_w = 18, .box_h = 15, .ofs_x = 0, .ofs_y = -2},
    {.bitmap_index = 81374, .adv_w = 168, .box_w = 11, .box_h = 15, .ofs_x = 0, .ofs_y = -2},
    {.bitmap_index = 81457, .adv_w = 168, .box_w = 11, .box_h = 15, .ofs_x = 0, .ofs_y = -2},
    {.bitmap_index = 81540, .adv_w = 168, .box_w = 11, .box_h = 15, .ofs_x = 0, .ofs_y = -2},
    {.bitmap_index = 81623, .adv_w = 168, .box_w = 11, .box_h = 15, .ofs_x = 0, .ofs_y = -2},
    {.bitmap_index = 81706, .adv_w = 224, .box_w = 14, .box_h = 13, .ofs_x = 0, .ofs_y = -1},
    {.bitmap_index = 81797, .adv_w = 196, .box_w = 14, .box_h = 15, .ofs_x = -1, .ofs_y = -2},
    {.bitmap_index = 81902, .adv_w = 224, .box_w = 14, .box_h = 13, .ofs_x = 0, .ofs_y = -1},
    {.bitmap_index = 81993, .adv_w = 252, .box_w = 16, .box_h = 13, .ofs_x = 0, .ofs_y = -1},
    {.bitmap_index = 82097, .adv_w = 224, .box_w = 15, .box_h = 15, .ofs_x = 0, .ofs_y = -2},
    {.bitmap_index = 82210, .adv_w = 196, .box_w = 14, .box_h = 15, .ofs_x = -1, .ofs_y = -2},
    {.bitmap_index = 82315, .adv_w = 196, .box_w = 13, .box_h = 15, .ofs_x = 0, .ofs_y = -2},
    {.bitmap_index = 82413, .adv_w = 280, .box_w = 18, .box_h = 10, .ofs_x = 0, .ofs_y = 0},
    {.bitmap_index = 82503, .adv_w = 224, .box_w = 14, .box_h = 15, .ofs_x = 0, .ofs_y = -2},
    {.bitmap_index = 82608, .adv_w = 217, .box_w = 14, .box_h = 15, .ofs_x = 0, .ofs_y = -2},
    {.bitmap_index = 82713, .adv_w = 224, .box_w = 14, .box_h = 11, .ofs_x = 0, .ofs_y = 0},
    {.bitmap_index = 82790, .adv_w = 224, .box_w = 14, .box_h = 15, .ofs_x = 0, .ofs_y = -2},
    {.bitmap_index = 82895, .adv_w = 252, .box_w = 17, .box_h = 11, .ofs_x = -1, .ofs_y = 0},
    {.bitmap_index = 82989, .adv_w = 140, .box_w = 9, .box_h = 15, .ofs_x = 0, .ofs_y = -2},
    {.bitmap_index = 83057, .adv_w = 196, .box_w = 13, .box_h = 14, .ofs_x = 0, .ofs_y = -2},
    {.bitmap_index = 83148, .adv_w = 196, .box_w = 13, .box_h = 12, .ofs_x = 0, .ofs_y = -1},
    {.bitmap_index = 83226, .adv_w = 280, .box_w = 18, .box_h = 12, .ofs_x = 0, .ofs_y = -1},
    {.bitmap_index = 83334, .adv_w = 224, .box_w = 14, .box_h = 14, .ofs_x = 0, .ofs_y = -2},
    {.bitmap_index = 83432, .adv_w = 217, .box_w = 14, .box_h = 15, .ofs_x = 0, .ofs_y = -2},
    {.bitmap_index = 83537, .adv_w = 210, .box_w = 14, .box_h = 15, .ofs_x = 0, .ofs_y = -2},
    {.bitmap_index = 83642, .adv_w = 217, .box_w = 15, .box_h = 15, .ofs_x = -1, .ofs_y = -2},
    {.bitmap_index = 83755, .adv_w = 224, .box_w = 15, .box_h = 15, .ofs_x = 0, .ofs_y = -2},
    {.bitmap_index = 83868, .adv_w = 280, .box_w = 18, .box_h = 15, .ofs_x = 0, .ofs_y = -2},
    {.bitmap_index = 84003, .adv_w = 224, .box_w = 14, .box_h = 13, .ofs_x = 0, .ofs_y = -1},
    {.bitmap_index = 84094, .adv_w = 196, .box_w = 11, .box_h = 14, .ofs_x = 1, .ofs_y = -2},
    {.bitmap_index = 84171, .adv_w = 196, .box_w = 13, .box_h = 13, .ofs_x = 0, .ofs_y = -1},
    {.bitmap_index = 84256, .adv_w = 196, .box_w = 13, .box_h = 15, .ofs_x = 0, .ofs_y = -2},
    {.bitmap_index = 84354, .adv_w = 196, .box_w = 13, .box_h = 15, .ofs_x = 0, .ofs_y = -2},
    {.bitmap_index = 84452, .adv_w = 196, .box_w = 13, .box_h = 15, .ofs_x = 0, .ofs_y = -2},
    {.bitmap_index = 84550, .adv_w = 196, .box_w = 13, .box_h = 15, .ofs_x = 0, .ofs_y = -2},
    {.bitmap_index = 84648, .adv_w = 224, .box_w = 14, .box_h = 13, .ofs_x = 0, .ofs_y = -1},
    {.bitmap_index = 84739, .adv_w = 126, .box_w = 8, .box_h = 15, .ofs_x = 0, .ofs_y = -2},
    {.bitmap_index = 84799, .adv_w = 224, .box_w = 16, .box_h = 15, .ofs_x = -1, .ofs_y = -2},
    {.bitmap_index = 84919, .adv_w = 252, .box_w = 16, .box_h = 13, .ofs_x = 0, .ofs_y = -1},
    {.bitmap_index = 85023, .adv_w = 224, .box_w = 14, .box_h = 15, .ofs_x = 0, .ofs_y = -2},
    {.bitmap_index = 85128, .adv_w = 196, .box_w = 12, .box_h = 13, .ofs_x = 0, .ofs_y = -1},
    {.bitmap_index = 85206, .adv_w = 196, .box_w = 13, .box_h = 12, .ofs_x = 0, .ofs_y = -1},
    {.bitmap_index = 85284, .adv_w = 196, .box_w = 13, .box_h = 13, .ofs_x = 0, .ofs_y = -1},
    {.bitmap_index = 85369, .adv_w = 196, .box_w = 13, .box_h = 13, .ofs_x = 0, .ofs_y = -1},
    {.bitmap_index = 85454, .adv_w = 224, .box_w = 14, .box_h = 13, .ofs_x = 0, .ofs_y = -1},
    {.bitmap_index = 85545, .adv_w = 224, .box_w = 14, .box_h = 15, .ofs_x = 0, .ofs_y = -2},
    {.bitmap_index = 85650, .adv_w = 207, .box_w = 13, .box_h = 14, .ofs_x = 0, .ofs_y = -2},
    {.bitmap_index = 85741, .adv_w = 196, .box_w = 13, .box_h = 13, .ofs_x = 0, .ofs_y = -1},
    {.bitmap_index = 85826, .adv_w = 224, .box_w = 14, .box_h = 15, .ofs_x = 0, .ofs_y = -2},
    {.bitmap_index = 85931, .adv_w = 280, .box_w = 18, .box_h = 12, .ofs_x = 0, .ofs_y = -1},
    {.bitmap_index = 86039, .adv_w = 224, .box_w = 14, .box_h = 15, .ofs_x = 0, .ofs_y = -2},
    {.bitmap_index = 86144, .adv_w = 280, .box_w = 18, .box_h = 11, .ofs_x = 0, .ofs_y = 0},
    {.bitmap_index = 86243, .adv_w = 168, .box_w = 11, .box_h = 14, .ofs_x = 0, .ofs_y = -2},
    {.bitmap_index = 86320, .adv_w = 224, .box_w = 14, .box_h = 15, .ofs_x = 0, .ofs_y = -2},
    {.bitmap_index = 86425, .adv_w = 224, .box_w = 14, .box_h = 15, .ofs_x = 0, .ofs_y = -2},
    {.bitmap_index = 86530, .adv_w = 196, .box_w = 13, .box_h = 15, .ofs_x = 0, .ofs_y = -2},
    {.bitmap_index = 86628, .adv_w = 252, .box_w = 16, .box_h = 13, .ofs_x = 0, .ofs_y = -1},
    {.bitmap_index = 86732, .adv_w = 196, .box_w = 14, .box_h = 13, .ofs_x = -1, .ofs_y = -1},
    {.bitmap_index = 86823, .adv_w = 196, .box_w = 12, .box_h = 15, .ofs_x = 0, .ofs_y = -2},
    {.bitmap_index = 86913, .adv_w = 140, .box_w = 9, .box_h = 15, .ofs_x = 0, .ofs_y = -2},
    {.bitmap_index = 86981, .adv_w = 196, .box_w = 14, .box_h = 15, .ofs_x = -1, .ofs_y = -2},
    {.bitmap_index = 87086, .adv_w = 224, .box_w = 16, .box_h = 14, .ofs_x = -1, .ofs_y = -2},
    {.bitmap_index = 87198, .adv_w = 224, .box_w = 14, .box_h = 13, .ofs_x = 0, .ofs_y = -1},
    {.bitmap_index = 87289, .adv_w = 196, .box_w = 13, .box_h = 13, .ofs_x = 0, .ofs_y = -1},
    {.bitmap_index = 87374, .adv_w = 196, .box_w = 13, .box_h = 13, .ofs_x = 0, .ofs_y = -1},
    {.bitmap_index = 87459, .adv_w = 224, .box_w = 14, .box_h = 14, .ofs_x = 0, .ofs_y = -2},
    {.bitmap_index = 87557, .adv_w = 168, .box_w = 11, .box_h = 15, .ofs_x = 0, .ofs_y = -2},
    {.bitmap_index = 87640, .adv_w = 224, .box_w = 14, .box_h = 11, .ofs_x = 0, .ofs_y = 0},
    {.bitmap_index = 87717, .adv_w = 168, .box_w = 12, .box_h = 15, .ofs_x = -1, .ofs_y = -2},
    {.bitmap_index = 87807, .adv_w = 280, .box_w = 18, .box_h = 12, .ofs_x = 0, .ofs_y = 0},
    {.bitmap_index = 87915, .adv_w = 224, .box_w = 14, .box_h = 15, .ofs_x = 0, .ofs_y = -2},
    {.bitmap_index = 88020, .adv_w = 280, .box_w = 19, .box_h = 15, .ofs_x = -1, .ofs_y = -2},
    {.bitmap_index = 88163, .adv_w = 224, .box_w = 16, .box_h = 15, .ofs_x = -1, .ofs_y = -2},
    {.bitmap_index = 88283, .adv_w = 196, .box_w = 13, .box_h = 13, .ofs_x = 0, .ofs_y = -1},
    {.bitmap_index = 88368, .adv_w = 196, .box_w = 13, .box_h = 15, .ofs_x = 0, .ofs_y = -2},
    {.bitmap_index = 88466, .adv_w = 196, .box_w = 13, .box_h = 15, .ofs_x = 0, .ofs_y = -2},
    {.bitmap_index = 88564, .adv_w = 252, .box_w = 17, .box_h = 15, .ofs_x = -1, .ofs_y = -2},
    {.bitmap_index = 88692, .adv_w = 196, .box_w = 14, .box_h = 15, .ofs_x = -1, .ofs_y = -2},
    {.bitmap_index = 88797, .adv_w = 196, .box_w = 13, .box_h = 13, .ofs_x = 0, .ofs_y = -1},
    {.bitmap_index = 88882, .adv_w = 217, .box_w = 14, .box_h = 15, .ofs_x = 0, .ofs_y = -2},
    {.bitmap_index = 88987, .adv_w = 224, .box_w = 15, .box_h = 14, .ofs_x = 0, .ofs_y = -2},
    {.bitmap_index = 89092, .adv_w = 196, .box_w = 13, .box_h = 13, .ofs_x = 0, .ofs_y = -1},
    {.bitmap_index = 89177, .adv_w = 196, .box_w = 13, .box_h = 13, .ofs_x = 0, .ofs_y = -1},
    {.bitmap_index = 89262, .adv_w = 196, .box_w = 12, .box_h = 15, .ofs_x = 0, .ofs_y = -2},
    {.bitmap_index = 89352, .adv_w = 196, .box_w = 13, .box_h = 14, .ofs_x = 0, .ofs_y = -2},
    {.bitmap_index = 89443, .adv_w = 224, .box_w = 14, .box_h = 15, .ofs_x = 0, .ofs_y = -2},
    {.bitmap_index = 89548, .adv_w = 217, .box_w = 14, .box_h = 15, .ofs_x = 0, .ofs_y = -2},
    {.bitmap_index = 89653, .adv_w = 196, .box_w = 13, .box_h = 13, .ofs_x = 0, .ofs_y = -1},
    {.bitmap_index = 89738, .adv_w = 280, .box_w = 18, .box_h = 11, .ofs_x = 0, .ofs_y = 0},
    {.bitmap_index = 89837, .adv_w = 224, .box_w = 14, .box_h = 15, .ofs_x = 0, .ofs_y = -2},
    {.bitmap_index = 89942, .adv_w = 196, .box_w = 12, .box_h = 15, .ofs_x = 0, .ofs_y = -2},
    {.bitmap_index = 90032, .adv_w = 196, .box_w = 13, .box_h = 15, .ofs_x = 0, .ofs_y = -2},
    {.bitmap_index = 90130, .adv_w = 252, .box_w = 16, .box_h = 13, .ofs_x = 0, .ofs_y = -1},
    {.bitmap_index = 90234, .adv_w = 217, .box_w = 14, .box_h = 15, .ofs_x = 0, .ofs_y = -2},
    {.bitmap_index = 90339, .adv_w = 168, .box_w = 11, .box_h = 15, .ofs_x = 0, .ofs_y = -2},
    {.bitmap_index = 90422, .adv_w = 252, .box_w = 16, .box_h = 13, .ofs_x = 0, .ofs_y = -1},
    {.bitmap_index = 90526, .adv_w = 196, .box_w = 13, .box_h = 13, .ofs_x = 0, .ofs_y = -1},
    {.bitmap_index = 90611, .adv_w = 252, .box_w = 16, .box_h = 12, .ofs_x = 0, .ofs_y = -1},
    {.bitmap_index = 90707, .adv_w = 217, .box_w = 14, .box_h = 15, .ofs_x = 0, .ofs_y = -2},
    {.bitmap_index = 90812, .adv_w = 112, .box_w = 7, .box_h = 15, .ofs_x = 0, .ofs_y = -2},
    {.bitmap_index = 90865, .adv_w = 112, .box_w = 7, .box_h = 15, .ofs_x = 0, .ofs_y = -2},
    {.bitmap_index = 90918, .adv_w = 112, .box_w = 7, .box_h = 15, .ofs_x = 0, .ofs_y = -2},
    {.bitmap_index = 90971, .adv_w = 112, .box_w = 7, .box_h = 15, .ofs_x = 0, .ofs_y = -2},
    {.bitmap_index = 91024, .adv_w = 112, .box_w = 7, .box_h = 15, .ofs_x = 0, .ofs_y = -2},
    {.bitmap_index = 91077, .adv_w = 224, .box_w = 14, .box_h = 13, .ofs_x = 0, .ofs_y = -1},
    {.bitmap_index = 91168, .adv_w = 224, .box_w = 14, .box_h = 13, .ofs_x = 0, .ofs_y = -1},
    {.bitmap_index = 91259, .adv_w = 196, .box_w = 13, .box_h = 15, .ofs_x = 0, .ofs_y = -2},
    {.bitmap_index = 91357, .adv_w = 224, .box_w = 14, .box_h = 13, .ofs_x = 0, .ofs_y = -1},
    {.bitmap_index = 91448, .adv_w = 224, .box_w = 14, .box_h = 4, .ofs_x = 0, .ofs_y = -1},
    {.bitmap_index = 91476, .adv_w = 224, .box_w = 15, .box_h = 15, .ofs_x = 0, .ofs_y = -2},
    {.bitmap_index = 91589, .adv_w = 217, .box_w = 14, .box_h = 15, .ofs_x = 0, .ofs_y = -2},
    {.bitmap_index = 91694, .adv_w = 224, .box_w = 14, .box_h = 15, .ofs_x = 0, .ofs_y = -2},
    {.bitmap_index = 91799, .adv_w = 168, .box_w = 11, .box_h = 13, .ofs_x = 0, .ofs_y = -1},
    {.bitmap_index = 91871, .adv_w = 196, .box_w = 13, .box_h = 13, .ofs_x = 0, .ofs_y = -1},
    {.bitmap_index = 91956, .adv_w = 224, .box_w = 15, .box_h = 14, .ofs_x = 0, .ofs_y = -1},
    {.bitmap_index = 92061, .adv_w = 196, .box_w = 13, .box_h = 14, .ofs_x = 0, .ofs_y = -2},
    {.bitmap_index = 92152, .adv_w = 224, .box_w = 14, .box_h = 15, .ofs_x = 0, .ofs_y = -2},
    {.bitmap_index = 92257, .adv_w = 196, .box_w = 14, .box_h = 15, .ofs_x = -1, .ofs_y = -2},
    {.bitmap_index = 92362, .adv_w = 196, .box_w = 13, .box_h = 13, .ofs_x = 0, .ofs_y = -1},
    {.bitmap_index = 92447, .adv_w = 224, .box_w = 14, .box_h = 15, .ofs_x = 0, .ofs_y = -2},
    {.bitmap_index = 92552, .adv_w = 224, .box_w = 16, .box_h = 15, .ofs_x = -1, .ofs_y = -2},
    {.bitmap_index = 92672, .adv_w = 224, .box_w = 15, .box_h = 15, .ofs_x = 0, .ofs_y = -2},
    {.bitmap_index = 92785, .adv_w = 182, .box_w = 12, .box_h = 15, .ofs_x = 0, .ofs_y = -2},
    {.bitmap_index = 92875, .adv_w = 224, .box_w = 14, .box_h = 15, .ofs_x = 0, .ofs_y = -2},
    {.bitmap_index = 92980, .adv_w = 196, .box_w = 13, .box_h = 15, .ofs_x = 0, .ofs_y = -2},
    {.bitmap_index = 93078, .adv_w = 224, .box_w = 14, .box_h = 15, .ofs_x = 0, .ofs_y = -2},
    {.bitmap_index = 93183, .adv_w = 196, .box_w = 12, .box_h = 15, .ofs_x = 0, .ofs_y = -2},
    {.bitmap_index = 93273, .adv_w = 224, .box_w = 14, .box_h = 12, .ofs_x = 0, .ofs_y = -1},
    {.bitmap_index = 93357, .adv_w = 224, .box_w = 14, .box_h = 12, .ofs_x = 0, .ofs_y = -1},
    {.bitmap_index = 93441, .adv_w = 224, .box_w = 14, .box_h = 15, .ofs_x = 0, .ofs_y = -2},
    {.bitmap_index = 93546, .adv_w = 224, .box_w = 14, .box_h = 15, .ofs_x = 0, .ofs_y = -2},
    {.bitmap_index = 93651, .adv_w = 280, .box_w = 18, .box_h = 11, .ofs_x = 0, .ofs_y = 0},
    {.bitmap_index = 93750, .adv_w = 224, .box_w = 15, .box_h = 12, .ofs_x = 0, .ofs_y = -1}
};

/*---------------------
 *  CHARACTER MAPPING
 *--------------------*/

static const uint8_t glyph_id_ofs_list_4[] = {
    0, 1, 2, 0, 3, 4, 0, 5,
    6, 7, 8, 9, 10, 11, 12, 0,
    13, 14, 15, 16, 0, 17, 0, 18,
    19, 20, 0, 0, 21, 0, 22
};

static const uint8_t glyph_id_ofs_list_6[] = {
    0, 1, 2, 3, 0, 0, 0, 4,
    5, 6, 7, 8, 9, 10, 0, 11,
    12, 13, 14, 15, 16, 17, 18, 19,
    20, 21, 22, 0, 0, 23, 0, 24,
    25, 26, 27, 28, 29, 30, 31, 32,
    33, 34, 35, 36, 37, 38, 0, 39,
    40, 41, 42, 43, 44, 45, 46, 47,
    48, 49, 50, 51, 0, 0, 0, 52,
    53, 54, 55, 56, 57, 58, 0, 0,
    59, 0, 0, 60, 61, 0, 0, 0,
    62, 63, 64, 65, 66, 0, 0, 67,
    68, 69, 70, 71, 72, 73, 0, 74,
    75, 0, 76, 77, 78, 79, 80, 81,
    82, 83, 84, 85, 86, 87, 0, 88,
    89, 90
};

static const uint8_t glyph_id_ofs_list_9[] = {
    0, 1, 2, 3, 0, 0, 0, 4,
    5, 6, 7, 8, 0, 0, 0, 0,
    9, 10, 11, 12, 13, 0, 0, 0,
    14, 15, 16, 17, 18, 19, 20, 0,
    21, 22, 23, 24, 25, 26, 27, 28,
    29, 30, 31, 32, 0, 33, 34, 0,
    35, 36, 0, 37, 0, 0, 0, 0,
    38, 39, 40, 41, 42, 0, 43, 0,
    44, 45, 46, 0, 47, 48, 49, 50,
    51, 52, 53, 54, 55, 56, 57, 0,
    58, 59, 0, 60, 61, 62, 63, 64,
    65, 66, 67, 68, 69, 70, 71, 0,
    72, 73, 74, 75, 76, 0, 77, 0,
    0, 0, 78, 79, 0, 80, 81, 0,
    82, 83, 84, 85, 86, 87, 88, 89,
    90, 91, 92, 93, 94, 95, 96, 0,
    97, 98, 99, 100, 101, 102, 0, 103,
    104, 105, 0, 106, 107, 108, 109, 0,
    110, 111, 0, 112, 113, 0, 0, 0,
    0, 114, 115, 116, 117, 118, 119, 0,
    120, 121, 122, 123, 124, 125, 126, 127,
    128, 129, 130, 131, 132, 133, 0, 0,
    0, 134, 135, 136, 137, 138, 0, 139,
    140, 141, 142, 143, 144, 145, 146, 0,
    147, 148, 149, 150, 151, 152, 153, 154,
    155, 156, 157, 158, 159, 160, 161, 0,
    162, 0, 163, 164, 165, 166, 167, 168,
    169, 170, 171, 172, 173, 174, 175, 0,
    176, 177, 178, 179, 180, 181, 182, 183,
    184, 185, 186, 187, 188, 189, 190, 0,
    191, 192, 193, 194, 195, 196, 197, 198,
    199, 0, 200, 0, 201, 202, 203
};

static const uint8_t glyph_id_ofs_list_10[] = {
    0, 1, 2, 3, 4, 5, 6, 7,
    8, 9, 10, 11, 12, 13, 14, 0,
    15, 16, 17, 18, 19, 20, 21, 0,
    22, 23, 24, 25, 26, 27, 28, 0,
    29, 30, 31, 32, 33, 34, 35, 36,
    37, 38, 39, 40, 0, 41, 42, 0,
    43, 44, 45, 46, 47, 48, 49, 50,
    51, 0, 52, 53, 54, 55, 56, 0,
    0, 57, 58, 59, 60, 61, 62, 63,
    64, 65, 66, 67, 68, 69, 0, 0,
    0, 70, 71, 72, 73, 74, 75, 76,
    77, 78, 79, 80, 81, 82, 83, 0,
    84, 85, 86, 87, 88, 89, 90, 91,
    92, 93, 0, 94, 95, 96, 97, 0,
    0, 98, 99, 100, 101, 102, 103, 104,
    105, 106, 107, 108, 109, 110, 111, 0,
    112, 113, 114, 115, 116, 117, 118, 119,
    120, 121, 122, 123, 124, 125, 126, 0,
    127, 128, 129, 130, 131, 132, 133, 134,
    0, 135, 136, 0, 137, 138, 139, 0,
    140, 141, 142, 0, 143, 144, 145, 146,
    147, 148, 149, 150, 0, 151, 0, 0,
    152, 153, 154, 155, 156, 157, 158, 159,
    160, 161, 162, 0, 0, 163, 164, 0,
    165, 166, 167, 168, 169, 170, 171, 172,
    173, 174, 175, 176, 177, 178, 179, 0,
    180, 181, 182, 183, 184, 185, 186, 0,
    187, 188, 0, 189, 0, 190, 0, 0,
    0, 191, 192, 0, 193, 194, 195, 196,
    197, 198, 199, 200, 201, 202, 203, 0,
    204, 205, 206, 0, 0, 207, 208, 209,
    210, 211, 212, 213, 214, 215, 216
};

static const uint16_t unicode_list_11[] = {
    0x0, 0x5, 0x7, 0xa, 0xd, 0x11, 0x12, 0x15,
    0x16, 0x19, 0x1e, 0x27a, 0x3c9
};

/*Collect the unicode lists and glyph_id offsets*/
static const lv_font_fmt_txt_cmap_t cmaps[] =
{
    {
        .range_start = 32, .range_length = 95, .glyph_id_start = 1,
        .unicode_list = NULL, .glyph_id_ofs_list = NULL, .list_length = 0, .type = LV_FONT_FMT_TXT_CMAP_FORMAT0_TINY
    },
    {
        .range_start = 160, .range_length = 176, .glyph_id_start = 96,
        .unicode_list = NULL, .glyph_id_ofs_list = NULL, .list_length = 0, .type = LV_FONT_FMT_TXT_CMAP_FORMAT0_TINY
    },
    {
        .range_start = 336, .range_length = 256, .glyph_id_start = 272,
        .unicode_list = NULL, .glyph_id_ofs_list = NULL, .list_length = 0, .type = LV_FONT_FMT_TXT_CMAP_FORMAT0_TINY
    },
    {
        .range_start = 7680, .range_length = 256, .glyph_id_start = 528,
        .unicode_list = NULL, .glyph_id_ofs_list = NULL, .list_length = 0, .type = LV_FONT_FMT_TXT_CMAP_FORMAT0_TINY
    },
    {
        .range_start = 61440, .range_length = 31, .glyph_id_start = 784,
        .unicode_list = NULL, .glyph_id_ofs_list = glyph_id_ofs_list_4, .list_length = 31, .type = LV_FONT_FMT_TXT_CMAP_FORMAT0_FULL
    },
    {
        .range_start = 61473, .range_length = 30, .glyph_id_start = 807,
        .unicode_list = NULL, .glyph_id_ofs_list = NULL, .list_length = 0, .type = LV_FONT_FMT_TXT_CMAP_FORMAT0_TINY
    },
    {
        .range_start = 61505, .range_length = 114, .glyph_id_start = 837,
        .unicode_list = NULL, .glyph_id_ofs_list = glyph_id_ofs_list_6, .list_length = 114, .type = LV_FONT_FMT_TXT_CMAP_FORMAT0_FULL
    },
    {
        .range_start = 61632, .range_length = 15, .glyph_id_start = 928,
        .unicode_list = NULL, .glyph_id_ofs_list = NULL, .list_length = 0, .type = LV_FONT_FMT_TXT_CMAP_FORMAT0_TINY
    },
    {
        .range_start = 61648, .range_length = 15, .glyph_id_start = 943,
        .unicode_list = NULL, .glyph_id_ofs_list = NULL, .list_length = 0, .type = LV_FONT_FMT_TXT_CMAP_FORMAT0_TINY
    },
    {
        .range_start = 61664, .range_length = 255, .glyph_id_start = 958,
        .unicode_list = NULL, .glyph_id_ofs_list = glyph_id_ofs_list_9, .list_length = 255, .type = LV_FONT_FMT_TXT_CMAP_FORMAT0_FULL
    },
    {
        .range_start = 61920, .range_length = 255, .glyph_id_start = 1162,
        .unicode_list = NULL, .glyph_id_ofs_list = glyph_id_ofs_list_10, .list_length = 255, .type = LV_FONT_FMT_TXT_CMAP_FORMAT0_FULL
    },
    {
        .range_start = 62176, .range_length = 970, .glyph_id_start = 1379,
        .unicode_list = unicode_list_11, .glyph_id_ofs_list = NULL, .list_length = 13, .type = LV_FONT_FMT_TXT_CMAP_SPARSE_TINY
    }
};

/*-----------------
 *    KERNING
 *----------------*/


/*Pair left and right glyphs for kerning*/
static const uint16_t kern_pair_glyph_ids[] =
{
    1, 53,
    3, 3,
    3, 8,
    3, 34,
    3, 66,
    3, 68,
    3, 79,
    3, 80,
    3, 84,
    3, 88,
    8, 3,
    8, 8,
    8, 34,
    8, 66,
    8, 68,
    8, 79,
    8, 80,
    8, 84,
    8, 88,
    9, 55,
    9, 56,
    9, 58,
    13, 3,
    13, 8,
    15, 3,
    15, 8,
    16, 16,
    34, 3,
    34, 8,
    34, 32,
    34, 48,
    34, 53,
    34, 54,
    34, 55,
    34, 56,
    34, 58,
    34, 80,
    34, 85,
    34, 86,
    34, 87,
    34, 88,
    34, 91,
    34, 367,
    35, 53,
    35, 55,
    35, 58,
    36, 10,
    36, 53,
    36, 62,
    36, 94,
    38, 53,
    38, 68,
    38, 71,
    38, 80,
    38, 86,
    38, 87,
    38, 88,
    39, 13,
    39, 15,
    39, 34,
    39, 43,
    39, 53,
    39, 66,
    39, 68,
    39, 80,
    39, 83,
    39, 86,
    39, 87,
    41, 34,
    41, 53,
    41, 57,
    41, 58,
    44, 14,
    44, 48,
    44, 68,
    44, 79,
    44, 80,
    44, 86,
    44, 87,
    44, 88,
    44, 109,
    45, 3,
    45, 8,
    45, 34,
    45, 48,
    45, 53,
    45, 54,
    45, 55,
    45, 56,
    45, 58,
    45, 86,
    45, 87,
    45, 88,
    48, 13,
    48, 15,
    48, 34,
    48, 53,
    48, 55,
    48, 57,
    48, 58,
    48, 59,
    48, 134,
    49, 13,
    49, 15,
    49, 34,
    49, 43,
    49, 57,
    49, 59,
    49, 66,
    49, 68,
    49, 80,
    49, 85,
    49, 87,
    49, 134,
    50, 53,
    50, 55,
    50, 56,
    50, 58,
    51, 53,
    51, 55,
    51, 58,
    53, 1,
    53, 13,
    53, 14,
    53, 15,
    53, 34,
    53, 43,
    53, 48,
    53, 52,
    53, 53,
    53, 55,
    53, 56,
    53, 58,
    53, 66,
    53, 68,
    53, 79,
    53, 80,
    53, 83,
    53, 84,
    53, 86,
    53, 87,
    53, 88,
    53, 89,
    53, 91,
    53, 107,
    53, 109,
    53, 123,
    53, 134,
    53, 166,
    53, 184,
    54, 34,
    55, 10,
    55, 13,
    55, 14,
    55, 15,
    55, 34,
    55, 48,
    55, 62,
    55, 66,
    55, 68,
    55, 80,
    55, 83,
    55, 86,
    55, 87,
    55, 94,
    55, 109,
    56, 10,
    56, 13,
    56, 14,
    56, 15,
    56, 34,
    56, 53,
    56, 62,
    56, 66,
    56, 68,
    56, 80,
    56, 83,
    56, 86,
    56, 94,
    56, 109,
    57, 14,
    57, 48,
    57, 55,
    57, 68,
    57, 80,
    57, 86,
    57, 87,
    57, 109,
    58, 7,
    58, 10,
    58, 11,
    58, 13,
    58, 14,
    58, 15,
    58, 34,
    58, 43,
    58, 48,
    58, 52,
    58, 53,
    58, 54,
    58, 55,
    58, 56,
    58, 57,
    58, 58,
    58, 62,
    58, 66,
    58, 68,
    58, 71,
    58, 79,
    58, 80,
    58, 83,
    58, 84,
    58, 85,
    58, 86,
    58, 87,
    58, 89,
    58, 91,
    58, 94,
    58, 107,
    58, 109,
    58, 123,
    58, 134,
    58, 166,
    58, 184,
    59, 34,
    59, 48,
    59, 68,
    59, 80,
    59, 86,
    59, 87,
    59, 88,
    60, 43,
    60, 54,
    66, 3,
    66, 8,
    66, 87,
    67, 3,
    67, 8,
    67, 87,
    67, 89,
    67, 91,
    68, 3,
    68, 8,
    70, 3,
    70, 8,
    70, 87,
    71, 3,
    71, 8,
    71, 10,
    71, 62,
    71, 68,
    71, 94,
    76, 68,
    79, 3,
    79, 8,
    80, 3,
    80, 8,
    80, 87,
    80, 89,
    80, 91,
    83, 3,
    83, 8,
    83, 13,
    83, 15,
    83, 66,
    83, 68,
    83, 71,
    83, 80,
    83, 85,
    83, 87,
    83, 88,
    85, 80,
    87, 3,
    87, 8,
    87, 13,
    87, 15,
    87, 66,
    87, 68,
    87, 71,
    87, 80,
    88, 13,
    88, 15,
    89, 68,
    89, 80,
    91, 68,
    91, 80,
    92, 43,
    92, 54
};

/* Kerning between the respective left and right glyphs
 * 4.4 format which needs to scaled with `kern_scale`*/
static const int8_t kern_pair_values[] =
{
    -4, -12, -12, -13, -5, -6, -2, -7,
    -9, 1, -12, -12, -13, -5, -6, -2,
    -7, -9, 1, 2, 2, 2, -19, -19,
    -19, -19, -24, -13, -13, -7, -1, -14,
    -2, -10, -8, -10, -1, -2, -1, -5,
    -4, 1, -2, -3, -3, -6, -3, -3,
    -1, -2, 2, -2, -2, -2, -2, -3,
    -2, -26, -26, -19, -29, 2, -4, -2,
    -2, -3, -2, -3, 2, -3, 2, -3,
    -7, -3, -3, -3, -3, -3, -4, -7,
    -7, -37, -37, 2, -7, -30, -6, -19,
    -16, -26, -5, -15, -10, -11, -11, -2,
    -3, -2, -2, -5, -3, -4, -35, -35,
    -15, -22, -3, -3, -1, -1, -1, 2,
    2, -11, -5, -3, -2, -4, -9, -2,
    -5, -4, -24, -25, -24, -9, -26, -3,
    -2, 2, 2, 2, 2, -12, -11, -12,
    -11, -8, -13, -10, -8, -6, -8, -7,
    -36, -25, -24, -20, -12, -10, -2, 2,
    -25, -4, -25, -8, -1, 2, -5, -5,
    -5, -3, -3, -1, 2, -4, 2, -13,
    -7, -13, -5, 2, 1, -4, -3, -3,
    -2, -2, 2, -7, -5, -3, 2, -3,
    -2, -2, -3, -5, -3, 2, -5, -23,
    -6, -23, -10, -10, -3, -2, 2, -10,
    2, 2, 1, 2, 2, -8, -7, -2,
    -4, -7, -4, -6, -2, -4, -2, -3,
    -3, 2, -9, -6, -6, -10, -7, -7,
    1, -3, -2, -2, -2, -3, -3, -2,
    -2, -7, -7, -2, -3, -3, -1, -2,
    -2, -1, -1, -2, -2, -1, 2, 2,
    2, 2, -3, 2, -2, -11, -11, -15,
    -15, -2, -2, -2, 2, 2, -13, -13,
    -4, -2, 2, -2, 5, 2, 2, -2,
    2, 2, -12, -12, -2, -1, 1, -2,
    -14, -14, -2, -2, -2, -2, -2, -2
};

/*Collect the kern pair's data in one place*/
static const lv_font_fmt_txt_kern_pair_t kern_pairs =
{
    .glyph_ids = kern_pair_glyph_ids,
    .values = kern_pair_values,
    .pair_cnt = 288,
    .glyph_ids_size = 1
};

/*--------------------
 *  ALL CUSTOM DATA
 *--------------------*/

#if LVGL_VERSION_MAJOR == 8
/*Store all the custom data of the font*/
static  lv_font_fmt_txt_glyph_cache_t cache;
#endif

#if LVGL_VERSION_MAJOR >= 8
static const lv_font_fmt_txt_dsc_t font_dsc = {
#else
static lv_font_fmt_txt_dsc_t font_dsc = {
#endif
    .glyph_bitmap = glyph_bitmap,
    .glyph_dsc = glyph_dsc,
    .cmaps = cmaps,
    .kern_dsc = &kern_pairs,
    .kern_scale = 16,
    .cmap_num = 12,
    .bpp = 4,
    .kern_classes = 0,
    .bitmap_format = 0,
#if LVGL_VERSION_MAJOR == 8
    .cache = &cache
#endif
};



/*-----------------
 *  PUBLIC FONT
 *----------------*/

/*Initialize a public general font descriptor*/
#if LVGL_VERSION_MAJOR >= 8
const lv_font_t lv_font_roboto_14 = {
#else
lv_font_t lv_font_roboto_14 = {
#endif
    .get_glyph_dsc = lv_font_get_glyph_dsc_fmt_txt,    /*Function pointer to get glyph's data*/
    .get_glyph_bitmap = lv_font_get_bitmap_fmt_txt,    /*Function pointer to get glyph's bitmap*/
    .line_height = 20,          /*The maximum line height required by the font*/
    .base_line = 4,             /*Baseline measured from the bottom of the line*/
#if !(LVGL_VERSION_MAJOR == 6 && LVGL_VERSION_MINOR == 0)
    .subpx = LV_FONT_SUBPX_NONE,
#endif
#if LV_VERSION_CHECK(7, 4, 0) || LVGL_VERSION_MAJOR >= 8
    .underline_position = -1,
    .underline_thickness = 1,
#endif
    .dsc = &font_dsc,          /*The custom font data. Will be accessed by `get_glyph_bitmap/dsc` */
#if LV_VERSION_CHECK(8, 2, 0) || LVGL_VERSION_MAJOR >= 9
    .fallback = NULL,
#endif
    .user_data = NULL,
};



#endif /*#if LV_FONT_ROBOTO_14*/

